ISO-10303-21;
HEADER;
/* Generated by software containing ST-Developer
 * from STEP Tools, Inc. (www.steptools.com) 
 */
/* OPTION: using custom renumber hook */

FILE_DESCRIPTION(
/* description */ ('STEP AP242',
'CAx-IF Rec.Pracs.---Representation and Presentation of Product Manufa
cturing Information (PMI)---4.0---2014-10-13',
'CAx-IF Rec.Pracs.---3D Tessellated Geometry---0.4---2014-09-14','2;1'),

/* implementation_level */ '2;1');

FILE_NAME(
/* name */ 'CUS-13TB',
/* time_stamp */ '2025-10-08T15:40:50+02:00',
/* author */ ('License CC BY-ND 4.0'),
/* organization */ ('CADENAS'),
/* preprocessor_version */ 'ST-DEVELOPER v19.3',
/* originating_system */ 'PARTsolutions',
/* authorisation */ '  ');

FILE_SCHEMA (('AP242_MANAGED_MODEL_BASED_3D_ENGINEERING_MIM_LF { 1 0 10303 442 1 1 4 }'));
ENDSEC;

DATA;
#10=DRAUGHTING_PRE_DEFINED_COLOUR('white');
#11=CONTEXT_DEPENDENT_SHAPE_REPRESENTATION(#15,#7512);
#12=CONTEXT_DEPENDENT_SHAPE_REPRESENTATION(#16,#7514);
#13=NEXT_ASSEMBLY_USAGE_OCCURRENCE('NAUO1','CUS-13-body','CUS-13-body',
#7515,#7516,'');
#14=NEXT_ASSEMBLY_USAGE_OCCURRENCE('NAUO2','CUS-13-slider',
'CUS-13-slider',#7515,#7517,'');
#15=(
REPRESENTATION_RELATIONSHIP(' ',' ',#5054,#5053)
REPRESENTATION_RELATIONSHIP_WITH_TRANSFORMATION(#17)
SHAPE_REPRESENTATION_RELATIONSHIP()
);
#16=(
REPRESENTATION_RELATIONSHIP(' ',' ',#5055,#5053)
REPRESENTATION_RELATIONSHIP_WITH_TRANSFORMATION(#18)
SHAPE_REPRESENTATION_RELATIONSHIP()
);
#17=ITEM_DEFINED_TRANSFORMATION(' ',' ',#5056,#5337);
#18=ITEM_DEFINED_TRANSFORMATION(' ',' ',#5056,#5355);
#19=SHAPE_REPRESENTATION_RELATIONSHIP('','',#5054,#21);
#20=SHAPE_REPRESENTATION_RELATIONSHIP('','',#5055,#22);
#21=ADVANCED_BREP_SHAPE_REPRESENTATION('',(#5048),#7502);
#22=ADVANCED_BREP_SHAPE_REPRESENTATION('',(#5049),#7503);
#23=CONICAL_SURFACE('',#5256,0.3,0.785398163397447);
#24=CONICAL_SURFACE('',#5261,0.3,0.785398163397447);
#25=B_SPLINE_CURVE_WITH_KNOTS('',3,(#6770,#6771,#6772,#6773),
 .UNSPECIFIED.,.F.,.F.,(4,4),(0.,0.000104455817501949),.UNSPECIFIED.);
#26=B_SPLINE_CURVE_WITH_KNOTS('',3,(#6775,#6776,#6777,#6778),
 .UNSPECIFIED.,.F.,.F.,(4,4),(0.,0.000104406257941599),.UNSPECIFIED.);
#27=B_SPLINE_CURVE_WITH_KNOTS('',3,(#6780,#6781,#6782,#6783),
 .UNSPECIFIED.,.F.,.F.,(4,4),(5.42101086242752E-20,0.000105681655766334),
 .UNSPECIFIED.);
#28=B_SPLINE_CURVE_WITH_KNOTS('',3,(#6787,#6788,#6789,#6790),
 .UNSPECIFIED.,.F.,.F.,(4,4),(0.,0.000105473296856541),.UNSPECIFIED.);
#29=B_SPLINE_CURVE_WITH_KNOTS('',3,(#6798,#6799,#6800,#6801),
 .UNSPECIFIED.,.F.,.F.,(4,4),(0.,0.000104405808954705),.UNSPECIFIED.);
#30=B_SPLINE_CURVE_WITH_KNOTS('',3,(#6803,#6804,#6805,#6806),
 .UNSPECIFIED.,.F.,.F.,(4,4),(2.71050543121376E-20,0.000105681655766334),
 .UNSPECIFIED.);
#31=B_SPLINE_CURVE_WITH_KNOTS('',3,(#6810,#6811,#6812,#6813),
 .UNSPECIFIED.,.F.,.F.,(4,4),(0.,0.000105473296856541),.UNSPECIFIED.);
#32=B_SPLINE_CURVE_WITH_KNOTS('',3,(#6815,#6816,#6817,#6818),
 .UNSPECIFIED.,.F.,.F.,(4,4),(0.,0.000104455817501949),.UNSPECIFIED.);
#33=CYLINDRICAL_SURFACE('',#5110,0.25);
#34=CYLINDRICAL_SURFACE('',#5111,0.25);
#35=CYLINDRICAL_SURFACE('',#5114,0.25);
#36=CYLINDRICAL_SURFACE('',#5115,0.25);
#37=CYLINDRICAL_SURFACE('',#5128,0.0499999999999996);
#38=CYLINDRICAL_SURFACE('',#5131,0.0500000000000006);
#39=CYLINDRICAL_SURFACE('',#5146,0.25);
#40=CYLINDRICAL_SURFACE('',#5149,0.25);
#41=CYLINDRICAL_SURFACE('',#5156,0.0499999999999996);
#42=CYLINDRICAL_SURFACE('',#5169,0.250000000000002);
#43=CYLINDRICAL_SURFACE('',#5179,0.250000000000001);
#44=CYLINDRICAL_SURFACE('',#5191,0.0500000000000006);
#45=CYLINDRICAL_SURFACE('',#5195,0.0999999999999989);
#46=CYLINDRICAL_SURFACE('',#5196,0.1);
#47=CYLINDRICAL_SURFACE('',#5198,0.1);
#48=CYLINDRICAL_SURFACE('',#5200,0.0999999999999994);
#49=CYLINDRICAL_SURFACE('',#5201,0.0999999999999989);
#50=CYLINDRICAL_SURFACE('',#5202,0.1);
#51=CYLINDRICAL_SURFACE('',#5204,0.1);
#52=CYLINDRICAL_SURFACE('',#5206,0.0999999999999994);
#53=CYLINDRICAL_SURFACE('',#5209,0.1);
#54=CYLINDRICAL_SURFACE('',#5210,0.1);
#55=CYLINDRICAL_SURFACE('',#5211,0.1);
#56=CYLINDRICAL_SURFACE('',#5212,0.1);
#57=CYLINDRICAL_SURFACE('',#5215,0.100000000000001);
#58=CYLINDRICAL_SURFACE('',#5216,0.1);
#59=CYLINDRICAL_SURFACE('',#5217,0.0999999999999997);
#60=CYLINDRICAL_SURFACE('',#5218,0.0999999999999996);
#61=CYLINDRICAL_SURFACE('',#5220,0.1);
#62=CYLINDRICAL_SURFACE('',#5221,0.100000000000001);
#63=CYLINDRICAL_SURFACE('',#5223,0.100000000000001);
#64=CYLINDRICAL_SURFACE('',#5224,0.100000000000001);
#65=CYLINDRICAL_SURFACE('',#5226,0.1);
#66=CYLINDRICAL_SURFACE('',#5227,0.1);
#67=CYLINDRICAL_SURFACE('',#5230,0.100000000000001);
#68=CYLINDRICAL_SURFACE('',#5231,0.1);
#69=CYLINDRICAL_SURFACE('',#5232,0.0999999999999997);
#70=CYLINDRICAL_SURFACE('',#5233,0.0999999999999996);
#71=CYLINDRICAL_SURFACE('',#5235,0.1);
#72=CYLINDRICAL_SURFACE('',#5236,0.100000000000001);
#73=CYLINDRICAL_SURFACE('',#5238,0.100000000000001);
#74=CYLINDRICAL_SURFACE('',#5239,0.100000000000001);
#75=CYLINDRICAL_SURFACE('',#5241,0.1);
#76=CYLINDRICAL_SURFACE('',#5242,0.1);
#77=CYLINDRICAL_SURFACE('',#5258,0.4);
#78=CYLINDRICAL_SURFACE('',#5263,0.4);
#79=CYLINDRICAL_SURFACE('',#5280,0.0999999999999989);
#80=CYLINDRICAL_SURFACE('',#5285,0.0999999999999994);
#81=CYLINDRICAL_SURFACE('',#5289,0.0999999999999994);
#82=CYLINDRICAL_SURFACE('',#5292,0.0999999999999989);
#83=CYLINDRICAL_SURFACE('',#5346,0.2);
#84=CYLINDRICAL_SURFACE('',#5353,0.2);
#85=CYLINDRICAL_SURFACE('',#5354,0.2);
#86=CIRCLE('',#5058,0.1);
#87=CIRCLE('',#5059,0.0999999999999989);
#88=CIRCLE('',#5060,0.0999999999999994);
#89=CIRCLE('',#5062,0.4);
#90=CIRCLE('',#5063,0.4);
#91=CIRCLE('',#5066,0.0999999999999989);
#92=CIRCLE('',#5067,0.0999999999999994);
#93=CIRCLE('',#5068,0.1);
#94=CIRCLE('',#5070,0.0999999999999989);
#95=CIRCLE('',#5071,0.0999999999999994);
#96=CIRCLE('',#5072,0.1);
#97=CIRCLE('',#5073,0.1);
#98=CIRCLE('',#5074,0.0999999999999989);
#99=CIRCLE('',#5075,0.0999999999999994);
#100=CIRCLE('',#5080,0.100000000000001);
#101=CIRCLE('',#5083,0.100000000000001);
#102=CIRCLE('',#5085,0.100000000000001);
#103=CIRCLE('',#5086,0.1);
#104=CIRCLE('',#5087,0.0999999999999997);
#105=CIRCLE('',#5088,0.0999999999999996);
#106=CIRCLE('',#5089,0.1);
#107=CIRCLE('',#5090,0.100000000000001);
#108=CIRCLE('',#5092,0.100000000000001);
#109=CIRCLE('',#5093,0.1);
#110=CIRCLE('',#5094,0.0999999999999996);
#111=CIRCLE('',#5095,0.0999999999999997);
#112=CIRCLE('',#5096,0.1);
#113=CIRCLE('',#5097,0.100000000000001);
#114=CIRCLE('',#5099,0.250000000000002);
#115=CIRCLE('',#5100,0.250000000000002);
#116=CIRCLE('',#5102,0.250000000000001);
#117=CIRCLE('',#5103,0.250000000000001);
#118=CIRCLE('',#5105,0.250000000000001);
#119=CIRCLE('',#5106,0.250000000000001);
#120=CIRCLE('',#5108,0.250000000000002);
#121=CIRCLE('',#5109,0.250000000000002);
#122=CIRCLE('',#5112,0.25);
#123=CIRCLE('',#5113,0.25);
#124=CIRCLE('',#5116,0.25);
#125=CIRCLE('',#5117,0.25);
#126=CIRCLE('',#5119,0.1);
#127=CIRCLE('',#5122,0.1);
#128=CIRCLE('',#5124,0.1);
#129=CIRCLE('',#5127,0.1);
#130=CIRCLE('',#5129,0.0499999999999996);
#131=CIRCLE('',#5130,0.0499999999999996);
#132=CIRCLE('',#5132,0.0500000000000006);
#133=CIRCLE('',#5133,0.0500000000000006);
#134=CIRCLE('',#5136,0.0499999999999996);
#135=CIRCLE('',#5137,0.25);
#136=CIRCLE('',#5139,0.0500000000000006);
#137=CIRCLE('',#5142,0.1);
#138=CIRCLE('',#5145,0.1);
#139=CIRCLE('',#5147,0.25);
#140=CIRCLE('',#5148,0.25);
#141=CIRCLE('',#5150,0.25);
#142=CIRCLE('',#5152,0.1);
#143=CIRCLE('',#5155,0.1);
#144=CIRCLE('',#5157,0.0499999999999996);
#145=CIRCLE('',#5159,0.0999999999999997);
#146=CIRCLE('',#5160,0.1);
#147=CIRCLE('',#5161,0.1);
#148=CIRCLE('',#5162,0.100000000000001);
#149=CIRCLE('',#5163,0.100000000000001);
#150=CIRCLE('',#5164,0.0999999999999996);
#151=CIRCLE('',#5165,0.1);
#152=CIRCLE('',#5166,0.100000000000001);
#153=CIRCLE('',#5167,0.100000000000001);
#154=CIRCLE('',#5168,0.1);
#155=CIRCLE('',#5171,0.0999999999999994);
#156=CIRCLE('',#5172,0.0999999999999989);
#157=CIRCLE('',#5173,0.1);
#158=CIRCLE('',#5174,0.1);
#159=CIRCLE('',#5175,0.0999999999999994);
#160=CIRCLE('',#5176,0.0999999999999989);
#161=CIRCLE('',#5177,0.1);
#162=CIRCLE('',#5178,0.1);
#163=CIRCLE('',#5181,0.0999999999999997);
#164=CIRCLE('',#5182,0.1);
#165=CIRCLE('',#5183,0.100000000000001);
#166=CIRCLE('',#5184,0.100000000000001);
#167=CIRCLE('',#5185,0.1);
#168=CIRCLE('',#5186,0.0999999999999996);
#169=CIRCLE('',#5187,0.100000000000001);
#170=CIRCLE('',#5188,0.100000000000001);
#171=CIRCLE('',#5189,0.1);
#172=CIRCLE('',#5190,0.1);
#173=CIRCLE('',#5192,0.0500000000000006);
#174=CIRCLE('',#5222,0.100000000000001);
#175=CIRCLE('',#5237,0.100000000000001);
#176=CIRCLE('',#5255,0.3);
#177=CIRCLE('',#5257,0.4);
#178=CIRCLE('',#5260,0.3);
#179=CIRCLE('',#5262,0.4);
#180=CIRCLE('',#5281,0.0999999999999989);
#181=CIRCLE('',#5286,0.0999999999999994);
#182=CIRCLE('',#5290,0.0999999999999994);
#183=CIRCLE('',#5293,0.0999999999999989);
#184=CIRCLE('',#5340,0.2);
#185=CIRCLE('',#5341,0.2);
#186=CIRCLE('',#5343,0.2);
#187=CIRCLE('',#5344,0.2);
#188=CIRCLE('',#5347,0.2);
#189=CIRCLE('',#5348,0.2);
#190=ORIENTED_EDGE('',*,*,#1272,.F.);
#191=ORIENTED_EDGE('',*,*,#1273,.F.);
#192=ORIENTED_EDGE('',*,*,#1274,.T.);
#193=ORIENTED_EDGE('',*,*,#1275,.T.);
#194=ORIENTED_EDGE('',*,*,#1276,.F.);
#195=ORIENTED_EDGE('',*,*,#1277,.T.);
#196=ORIENTED_EDGE('',*,*,#1278,.F.);
#197=ORIENTED_EDGE('',*,*,#1279,.F.);
#198=ORIENTED_EDGE('',*,*,#1280,.F.);
#199=ORIENTED_EDGE('',*,*,#1281,.F.);
#200=ORIENTED_EDGE('',*,*,#1282,.F.);
#201=ORIENTED_EDGE('',*,*,#1283,.T.);
#202=ORIENTED_EDGE('',*,*,#1284,.T.);
#203=ORIENTED_EDGE('',*,*,#1285,.T.);
#204=ORIENTED_EDGE('',*,*,#1286,.T.);
#205=ORIENTED_EDGE('',*,*,#1287,.T.);
#206=ORIENTED_EDGE('',*,*,#1288,.T.);
#207=ORIENTED_EDGE('',*,*,#1289,.T.);
#208=ORIENTED_EDGE('',*,*,#1290,.T.);
#209=ORIENTED_EDGE('',*,*,#1291,.F.);
#210=ORIENTED_EDGE('',*,*,#1292,.T.);
#211=ORIENTED_EDGE('',*,*,#1293,.F.);
#212=ORIENTED_EDGE('',*,*,#1294,.F.);
#213=ORIENTED_EDGE('',*,*,#1295,.T.);
#214=ORIENTED_EDGE('',*,*,#1296,.T.);
#215=ORIENTED_EDGE('',*,*,#1297,.F.);
#216=ORIENTED_EDGE('',*,*,#1298,.F.);
#217=ORIENTED_EDGE('',*,*,#1299,.F.);
#218=ORIENTED_EDGE('',*,*,#1300,.T.);
#219=ORIENTED_EDGE('',*,*,#1301,.F.);
#220=ORIENTED_EDGE('',*,*,#1302,.F.);
#221=ORIENTED_EDGE('',*,*,#1303,.F.);
#222=ORIENTED_EDGE('',*,*,#1304,.T.);
#223=ORIENTED_EDGE('',*,*,#1305,.F.);
#224=ORIENTED_EDGE('',*,*,#1306,.F.);
#225=ORIENTED_EDGE('',*,*,#1307,.F.);
#226=ORIENTED_EDGE('',*,*,#1308,.T.);
#227=ORIENTED_EDGE('',*,*,#1309,.F.);
#228=ORIENTED_EDGE('',*,*,#1310,.F.);
#229=ORIENTED_EDGE('',*,*,#1311,.F.);
#230=ORIENTED_EDGE('',*,*,#1312,.F.);
#231=ORIENTED_EDGE('',*,*,#1313,.T.);
#232=ORIENTED_EDGE('',*,*,#1314,.T.);
#233=ORIENTED_EDGE('',*,*,#1315,.T.);
#234=ORIENTED_EDGE('',*,*,#1316,.T.);
#235=ORIENTED_EDGE('',*,*,#1317,.T.);
#236=ORIENTED_EDGE('',*,*,#1318,.T.);
#237=ORIENTED_EDGE('',*,*,#1319,.T.);
#238=ORIENTED_EDGE('',*,*,#1320,.T.);
#239=ORIENTED_EDGE('',*,*,#1321,.F.);
#240=ORIENTED_EDGE('',*,*,#1308,.F.);
#241=ORIENTED_EDGE('',*,*,#1322,.F.);
#242=ORIENTED_EDGE('',*,*,#1323,.T.);
#243=ORIENTED_EDGE('',*,*,#1324,.F.);
#244=ORIENTED_EDGE('',*,*,#1304,.F.);
#245=ORIENTED_EDGE('',*,*,#1325,.F.);
#246=ORIENTED_EDGE('',*,*,#1326,.T.);
#247=ORIENTED_EDGE('',*,*,#1327,.F.);
#248=ORIENTED_EDGE('',*,*,#1300,.F.);
#249=ORIENTED_EDGE('',*,*,#1328,.F.);
#250=ORIENTED_EDGE('',*,*,#1329,.T.);
#251=ORIENTED_EDGE('',*,*,#1330,.F.);
#252=ORIENTED_EDGE('',*,*,#1296,.F.);
#253=ORIENTED_EDGE('',*,*,#1331,.F.);
#254=ORIENTED_EDGE('',*,*,#1332,.F.);
#255=ORIENTED_EDGE('',*,*,#1333,.F.);
#256=ORIENTED_EDGE('',*,*,#1334,.F.);
#257=ORIENTED_EDGE('',*,*,#1335,.T.);
#258=ORIENTED_EDGE('',*,*,#1336,.F.);
#259=ORIENTED_EDGE('',*,*,#1337,.F.);
#260=ORIENTED_EDGE('',*,*,#1338,.F.);
#261=ORIENTED_EDGE('',*,*,#1339,.F.);
#262=ORIENTED_EDGE('',*,*,#1340,.F.);
#263=ORIENTED_EDGE('',*,*,#1341,.F.);
#264=ORIENTED_EDGE('',*,*,#1292,.F.);
#265=ORIENTED_EDGE('',*,*,#1342,.F.);
#266=ORIENTED_EDGE('',*,*,#1343,.T.);
#267=ORIENTED_EDGE('',*,*,#1344,.F.);
#268=ORIENTED_EDGE('',*,*,#1345,.T.);
#269=ORIENTED_EDGE('',*,*,#1346,.F.);
#270=ORIENTED_EDGE('',*,*,#1347,.F.);
#271=ORIENTED_EDGE('',*,*,#1348,.F.);
#272=ORIENTED_EDGE('',*,*,#1349,.F.);
#273=ORIENTED_EDGE('',*,*,#1350,.T.);
#274=ORIENTED_EDGE('',*,*,#1351,.T.);
#275=ORIENTED_EDGE('',*,*,#1352,.F.);
#276=ORIENTED_EDGE('',*,*,#1353,.T.);
#277=ORIENTED_EDGE('',*,*,#1354,.T.);
#278=ORIENTED_EDGE('',*,*,#1355,.F.);
#279=ORIENTED_EDGE('',*,*,#1336,.T.);
#280=ORIENTED_EDGE('',*,*,#1356,.F.);
#281=ORIENTED_EDGE('',*,*,#1357,.F.);
#282=ORIENTED_EDGE('',*,*,#1358,.F.);
#283=ORIENTED_EDGE('',*,*,#1359,.F.);
#284=ORIENTED_EDGE('',*,*,#1360,.T.);
#285=ORIENTED_EDGE('',*,*,#1361,.F.);
#286=ORIENTED_EDGE('',*,*,#1362,.T.);
#287=ORIENTED_EDGE('',*,*,#1363,.T.);
#288=ORIENTED_EDGE('',*,*,#1364,.T.);
#289=ORIENTED_EDGE('',*,*,#1365,.T.);
#290=ORIENTED_EDGE('',*,*,#1366,.T.);
#291=ORIENTED_EDGE('',*,*,#1367,.F.);
#292=ORIENTED_EDGE('',*,*,#1368,.T.);
#293=ORIENTED_EDGE('',*,*,#1369,.T.);
#294=ORIENTED_EDGE('',*,*,#1370,.F.);
#295=ORIENTED_EDGE('',*,*,#1371,.F.);
#296=ORIENTED_EDGE('',*,*,#1372,.F.);
#297=ORIENTED_EDGE('',*,*,#1373,.T.);
#298=ORIENTED_EDGE('',*,*,#1339,.T.);
#299=ORIENTED_EDGE('',*,*,#1374,.F.);
#300=ORIENTED_EDGE('',*,*,#1375,.F.);
#301=ORIENTED_EDGE('',*,*,#1376,.T.);
#302=ORIENTED_EDGE('',*,*,#1377,.F.);
#303=ORIENTED_EDGE('',*,*,#1333,.T.);
#304=ORIENTED_EDGE('',*,*,#1378,.T.);
#305=ORIENTED_EDGE('',*,*,#1379,.F.);
#306=ORIENTED_EDGE('',*,*,#1380,.T.);
#307=ORIENTED_EDGE('',*,*,#1381,.T.);
#308=ORIENTED_EDGE('',*,*,#1382,.T.);
#309=ORIENTED_EDGE('',*,*,#1383,.T.);
#310=ORIENTED_EDGE('',*,*,#1384,.F.);
#311=ORIENTED_EDGE('',*,*,#1385,.F.);
#312=ORIENTED_EDGE('',*,*,#1350,.F.);
#313=ORIENTED_EDGE('',*,*,#1386,.T.);
#314=ORIENTED_EDGE('',*,*,#1387,.F.);
#315=ORIENTED_EDGE('',*,*,#1388,.T.);
#316=ORIENTED_EDGE('',*,*,#1389,.F.);
#317=ORIENTED_EDGE('',*,*,#1390,.T.);
#318=ORIENTED_EDGE('',*,*,#1278,.T.);
#319=ORIENTED_EDGE('',*,*,#1391,.T.);
#320=ORIENTED_EDGE('',*,*,#1392,.T.);
#321=ORIENTED_EDGE('',*,*,#1393,.F.);
#322=ORIENTED_EDGE('',*,*,#1394,.F.);
#323=ORIENTED_EDGE('',*,*,#1395,.T.);
#324=ORIENTED_EDGE('',*,*,#1396,.F.);
#325=ORIENTED_EDGE('',*,*,#1387,.T.);
#326=ORIENTED_EDGE('',*,*,#1397,.T.);
#327=ORIENTED_EDGE('',*,*,#1398,.F.);
#328=ORIENTED_EDGE('',*,*,#1399,.F.);
#329=ORIENTED_EDGE('',*,*,#1400,.T.);
#330=ORIENTED_EDGE('',*,*,#1401,.T.);
#331=ORIENTED_EDGE('',*,*,#1402,.F.);
#332=ORIENTED_EDGE('',*,*,#1403,.T.);
#333=ORIENTED_EDGE('',*,*,#1404,.T.);
#334=ORIENTED_EDGE('',*,*,#1405,.T.);
#335=ORIENTED_EDGE('',*,*,#1406,.T.);
#336=ORIENTED_EDGE('',*,*,#1407,.T.);
#337=ORIENTED_EDGE('',*,*,#1408,.T.);
#338=ORIENTED_EDGE('',*,*,#1409,.T.);
#339=ORIENTED_EDGE('',*,*,#1410,.F.);
#340=ORIENTED_EDGE('',*,*,#1411,.T.);
#341=ORIENTED_EDGE('',*,*,#1412,.F.);
#342=ORIENTED_EDGE('',*,*,#1413,.F.);
#343=ORIENTED_EDGE('',*,*,#1414,.T.);
#344=ORIENTED_EDGE('',*,*,#1415,.F.);
#345=ORIENTED_EDGE('',*,*,#1416,.T.);
#346=ORIENTED_EDGE('',*,*,#1417,.T.);
#347=ORIENTED_EDGE('',*,*,#1418,.F.);
#348=ORIENTED_EDGE('',*,*,#1419,.T.);
#349=ORIENTED_EDGE('',*,*,#1420,.F.);
#350=ORIENTED_EDGE('',*,*,#1421,.F.);
#351=ORIENTED_EDGE('',*,*,#1422,.T.);
#352=ORIENTED_EDGE('',*,*,#1423,.T.);
#353=ORIENTED_EDGE('',*,*,#1424,.T.);
#354=ORIENTED_EDGE('',*,*,#1425,.F.);
#355=ORIENTED_EDGE('',*,*,#1426,.T.);
#356=ORIENTED_EDGE('',*,*,#1427,.F.);
#357=ORIENTED_EDGE('',*,*,#1428,.F.);
#358=ORIENTED_EDGE('',*,*,#1429,.F.);
#359=ORIENTED_EDGE('',*,*,#1430,.F.);
#360=ORIENTED_EDGE('',*,*,#1431,.F.);
#361=ORIENTED_EDGE('',*,*,#1432,.F.);
#362=ORIENTED_EDGE('',*,*,#1433,.F.);
#363=ORIENTED_EDGE('',*,*,#1434,.F.);
#364=ORIENTED_EDGE('',*,*,#1435,.F.);
#365=ORIENTED_EDGE('',*,*,#1436,.T.);
#366=ORIENTED_EDGE('',*,*,#1437,.T.);
#367=ORIENTED_EDGE('',*,*,#1381,.F.);
#368=ORIENTED_EDGE('',*,*,#1438,.T.);
#369=ORIENTED_EDGE('',*,*,#1439,.F.);
#370=ORIENTED_EDGE('',*,*,#1440,.T.);
#371=ORIENTED_EDGE('',*,*,#1368,.F.);
#372=ORIENTED_EDGE('',*,*,#1441,.F.);
#373=ORIENTED_EDGE('',*,*,#1442,.F.);
#374=ORIENTED_EDGE('',*,*,#1443,.F.);
#375=ORIENTED_EDGE('',*,*,#1444,.F.);
#376=ORIENTED_EDGE('',*,*,#1445,.F.);
#377=ORIENTED_EDGE('',*,*,#1446,.T.);
#378=ORIENTED_EDGE('',*,*,#1360,.F.);
#379=ORIENTED_EDGE('',*,*,#1447,.F.);
#380=ORIENTED_EDGE('',*,*,#1448,.T.);
#381=ORIENTED_EDGE('',*,*,#1449,.F.);
#382=ORIENTED_EDGE('',*,*,#1450,.F.);
#383=ORIENTED_EDGE('',*,*,#1451,.F.);
#384=ORIENTED_EDGE('',*,*,#1452,.F.);
#385=ORIENTED_EDGE('',*,*,#1453,.T.);
#386=ORIENTED_EDGE('',*,*,#1391,.F.);
#387=ORIENTED_EDGE('',*,*,#1277,.F.);
#388=ORIENTED_EDGE('',*,*,#1454,.F.);
#389=ORIENTED_EDGE('',*,*,#1455,.F.);
#390=ORIENTED_EDGE('',*,*,#1456,.F.);
#391=ORIENTED_EDGE('',*,*,#1457,.F.);
#392=ORIENTED_EDGE('',*,*,#1458,.F.);
#393=ORIENTED_EDGE('',*,*,#1459,.F.);
#394=ORIENTED_EDGE('',*,*,#1351,.F.);
#395=ORIENTED_EDGE('',*,*,#1385,.T.);
#396=ORIENTED_EDGE('',*,*,#1460,.F.);
#397=ORIENTED_EDGE('',*,*,#1461,.F.);
#398=ORIENTED_EDGE('',*,*,#1462,.F.);
#399=ORIENTED_EDGE('',*,*,#1463,.F.);
#400=ORIENTED_EDGE('',*,*,#1464,.F.);
#401=ORIENTED_EDGE('',*,*,#1465,.T.);
#402=ORIENTED_EDGE('',*,*,#1466,.F.);
#403=ORIENTED_EDGE('',*,*,#1405,.F.);
#404=ORIENTED_EDGE('',*,*,#1467,.F.);
#405=ORIENTED_EDGE('',*,*,#1468,.T.);
#406=ORIENTED_EDGE('',*,*,#1469,.T.);
#407=ORIENTED_EDGE('',*,*,#1470,.T.);
#408=ORIENTED_EDGE('',*,*,#1407,.F.);
#409=ORIENTED_EDGE('',*,*,#1471,.T.);
#410=ORIENTED_EDGE('',*,*,#1472,.T.);
#411=ORIENTED_EDGE('',*,*,#1473,.T.);
#412=ORIENTED_EDGE('',*,*,#1474,.F.);
#413=ORIENTED_EDGE('',*,*,#1475,.T.);
#414=ORIENTED_EDGE('',*,*,#1476,.T.);
#415=ORIENTED_EDGE('',*,*,#1477,.T.);
#416=ORIENTED_EDGE('',*,*,#1478,.F.);
#417=ORIENTED_EDGE('',*,*,#1429,.T.);
#418=ORIENTED_EDGE('',*,*,#1479,.T.);
#419=ORIENTED_EDGE('',*,*,#1427,.T.);
#420=ORIENTED_EDGE('',*,*,#1480,.T.);
#421=ORIENTED_EDGE('',*,*,#1481,.F.);
#422=ORIENTED_EDGE('',*,*,#1482,.T.);
#423=ORIENTED_EDGE('',*,*,#1483,.T.);
#424=ORIENTED_EDGE('',*,*,#1484,.F.);
#425=ORIENTED_EDGE('',*,*,#1485,.F.);
#426=ORIENTED_EDGE('',*,*,#1486,.T.);
#427=ORIENTED_EDGE('',*,*,#1487,.T.);
#428=ORIENTED_EDGE('',*,*,#1488,.F.);
#429=ORIENTED_EDGE('',*,*,#1489,.F.);
#430=ORIENTED_EDGE('',*,*,#1484,.T.);
#431=ORIENTED_EDGE('',*,*,#1490,.F.);
#432=ORIENTED_EDGE('',*,*,#1491,.F.);
#433=ORIENTED_EDGE('',*,*,#1488,.T.);
#434=ORIENTED_EDGE('',*,*,#1492,.F.);
#435=ORIENTED_EDGE('',*,*,#1493,.F.);
#436=ORIENTED_EDGE('',*,*,#1494,.F.);
#437=ORIENTED_EDGE('',*,*,#1495,.F.);
#438=ORIENTED_EDGE('',*,*,#1481,.T.);
#439=ORIENTED_EDGE('',*,*,#1496,.T.);
#440=ORIENTED_EDGE('',*,*,#1497,.F.);
#441=ORIENTED_EDGE('',*,*,#1498,.T.);
#442=ORIENTED_EDGE('',*,*,#1497,.T.);
#443=ORIENTED_EDGE('',*,*,#1499,.T.);
#444=ORIENTED_EDGE('',*,*,#1500,.F.);
#445=ORIENTED_EDGE('',*,*,#1501,.T.);
#446=ORIENTED_EDGE('',*,*,#1502,.T.);
#447=ORIENTED_EDGE('',*,*,#1500,.T.);
#448=ORIENTED_EDGE('',*,*,#1503,.T.);
#449=ORIENTED_EDGE('',*,*,#1504,.F.);
#450=ORIENTED_EDGE('',*,*,#1505,.F.);
#451=ORIENTED_EDGE('',*,*,#1504,.T.);
#452=ORIENTED_EDGE('',*,*,#1506,.F.);
#453=ORIENTED_EDGE('',*,*,#1507,.F.);
#454=ORIENTED_EDGE('',*,*,#1508,.F.);
#455=ORIENTED_EDGE('',*,*,#1486,.F.);
#456=ORIENTED_EDGE('',*,*,#1509,.T.);
#457=ORIENTED_EDGE('',*,*,#1510,.T.);
#458=ORIENTED_EDGE('',*,*,#1273,.T.);
#459=ORIENTED_EDGE('',*,*,#1511,.T.);
#460=ORIENTED_EDGE('',*,*,#1344,.T.);
#461=ORIENTED_EDGE('',*,*,#1512,.F.);
#462=ORIENTED_EDGE('',*,*,#1513,.T.);
#463=ORIENTED_EDGE('',*,*,#1514,.T.);
#464=ORIENTED_EDGE('',*,*,#1515,.T.);
#465=ORIENTED_EDGE('',*,*,#1516,.F.);
#466=ORIENTED_EDGE('',*,*,#1517,.T.);
#467=ORIENTED_EDGE('',*,*,#1518,.T.);
#468=ORIENTED_EDGE('',*,*,#1432,.T.);
#469=ORIENTED_EDGE('',*,*,#1519,.T.);
#470=ORIENTED_EDGE('',*,*,#1520,.T.);
#471=ORIENTED_EDGE('',*,*,#1521,.T.);
#472=ORIENTED_EDGE('',*,*,#1522,.F.);
#473=ORIENTED_EDGE('',*,*,#1523,.F.);
#474=ORIENTED_EDGE('',*,*,#1408,.F.);
#475=ORIENTED_EDGE('',*,*,#1473,.F.);
#476=ORIENTED_EDGE('',*,*,#1524,.F.);
#477=ORIENTED_EDGE('',*,*,#1525,.F.);
#478=ORIENTED_EDGE('',*,*,#1526,.F.);
#479=ORIENTED_EDGE('',*,*,#1527,.T.);
#480=ORIENTED_EDGE('',*,*,#1364,.F.);
#481=ORIENTED_EDGE('',*,*,#1528,.F.);
#482=ORIENTED_EDGE('',*,*,#1529,.F.);
#483=ORIENTED_EDGE('',*,*,#1530,.T.);
#484=ORIENTED_EDGE('',*,*,#1531,.T.);
#485=ORIENTED_EDGE('',*,*,#1532,.T.);
#486=ORIENTED_EDGE('',*,*,#1533,.T.);
#487=ORIENTED_EDGE('',*,*,#1526,.T.);
#488=ORIENTED_EDGE('',*,*,#1534,.F.);
#489=ORIENTED_EDGE('',*,*,#1535,.F.);
#490=ORIENTED_EDGE('',*,*,#1536,.F.);
#491=ORIENTED_EDGE('',*,*,#1534,.T.);
#492=ORIENTED_EDGE('',*,*,#1525,.T.);
#493=ORIENTED_EDGE('',*,*,#1472,.F.);
#494=ORIENTED_EDGE('',*,*,#1537,.F.);
#495=ORIENTED_EDGE('',*,*,#1538,.F.);
#496=ORIENTED_EDGE('',*,*,#1535,.T.);
#497=ORIENTED_EDGE('',*,*,#1524,.T.);
#498=ORIENTED_EDGE('',*,*,#1539,.T.);
#499=ORIENTED_EDGE('',*,*,#1403,.F.);
#500=ORIENTED_EDGE('',*,*,#1540,.F.);
#501=ORIENTED_EDGE('',*,*,#1490,.T.);
#502=ORIENTED_EDGE('',*,*,#1431,.T.);
#503=ORIENTED_EDGE('',*,*,#1541,.T.);
#504=ORIENTED_EDGE('',*,*,#1542,.F.);
#505=ORIENTED_EDGE('',*,*,#1519,.F.);
#506=ORIENTED_EDGE('',*,*,#1543,.F.);
#507=ORIENTED_EDGE('',*,*,#1520,.F.);
#508=ORIENTED_EDGE('',*,*,#1542,.T.);
#509=ORIENTED_EDGE('',*,*,#1544,.F.);
#510=ORIENTED_EDGE('',*,*,#1545,.F.);
#511=ORIENTED_EDGE('',*,*,#1543,.T.);
#512=ORIENTED_EDGE('',*,*,#1546,.F.);
#513=ORIENTED_EDGE('',*,*,#1547,.F.);
#514=ORIENTED_EDGE('',*,*,#1521,.F.);
#515=ORIENTED_EDGE('',*,*,#1548,.T.);
#516=ORIENTED_EDGE('',*,*,#1549,.T.);
#517=ORIENTED_EDGE('',*,*,#1550,.F.);
#518=ORIENTED_EDGE('',*,*,#1515,.F.);
#519=ORIENTED_EDGE('',*,*,#1547,.T.);
#520=ORIENTED_EDGE('',*,*,#1551,.F.);
#521=ORIENTED_EDGE('',*,*,#1552,.F.);
#522=ORIENTED_EDGE('',*,*,#1516,.T.);
#523=ORIENTED_EDGE('',*,*,#1550,.T.);
#524=ORIENTED_EDGE('',*,*,#1379,.T.);
#525=ORIENTED_EDGE('',*,*,#1553,.T.);
#526=ORIENTED_EDGE('',*,*,#1554,.F.);
#527=ORIENTED_EDGE('',*,*,#1555,.F.);
#528=ORIENTED_EDGE('',*,*,#1556,.T.);
#529=ORIENTED_EDGE('',*,*,#1557,.T.);
#530=ORIENTED_EDGE('',*,*,#1517,.F.);
#531=ORIENTED_EDGE('',*,*,#1552,.T.);
#532=ORIENTED_EDGE('',*,*,#1558,.T.);
#533=ORIENTED_EDGE('',*,*,#1559,.F.);
#534=ORIENTED_EDGE('',*,*,#1560,.T.);
#535=ORIENTED_EDGE('',*,*,#1561,.T.);
#536=ORIENTED_EDGE('',*,*,#1562,.T.);
#537=ORIENTED_EDGE('',*,*,#1563,.F.);
#538=ORIENTED_EDGE('',*,*,#1564,.T.);
#539=ORIENTED_EDGE('',*,*,#1507,.T.);
#540=ORIENTED_EDGE('',*,*,#1565,.T.);
#541=ORIENTED_EDGE('',*,*,#1566,.T.);
#542=ORIENTED_EDGE('',*,*,#1567,.F.);
#543=ORIENTED_EDGE('',*,*,#1568,.T.);
#544=ORIENTED_EDGE('',*,*,#1569,.T.);
#545=ORIENTED_EDGE('',*,*,#1570,.F.);
#546=ORIENTED_EDGE('',*,*,#1571,.T.);
#547=ORIENTED_EDGE('',*,*,#1572,.F.);
#548=ORIENTED_EDGE('',*,*,#1573,.T.);
#549=ORIENTED_EDGE('',*,*,#1445,.T.);
#550=ORIENTED_EDGE('',*,*,#1574,.F.);
#551=ORIENTED_EDGE('',*,*,#1461,.T.);
#552=ORIENTED_EDGE('',*,*,#1575,.T.);
#553=ORIENTED_EDGE('',*,*,#1576,.F.);
#554=ORIENTED_EDGE('',*,*,#1463,.T.);
#555=ORIENTED_EDGE('',*,*,#1462,.T.);
#556=ORIENTED_EDGE('',*,*,#1574,.T.);
#557=ORIENTED_EDGE('',*,*,#1444,.T.);
#558=ORIENTED_EDGE('',*,*,#1443,.T.);
#559=ORIENTED_EDGE('',*,*,#1577,.F.);
#560=ORIENTED_EDGE('',*,*,#1578,.F.);
#561=ORIENTED_EDGE('',*,*,#1452,.T.);
#562=ORIENTED_EDGE('',*,*,#1579,.F.);
#563=ORIENTED_EDGE('',*,*,#1455,.T.);
#564=ORIENTED_EDGE('',*,*,#1580,.F.);
#565=ORIENTED_EDGE('',*,*,#1581,.T.);
#566=ORIENTED_EDGE('',*,*,#1582,.T.);
#567=ORIENTED_EDGE('',*,*,#1513,.F.);
#568=ORIENTED_EDGE('',*,*,#1583,.T.);
#569=ORIENTED_EDGE('',*,*,#1584,.T.);
#570=ORIENTED_EDGE('',*,*,#1585,.F.);
#571=ORIENTED_EDGE('',*,*,#1464,.T.);
#572=ORIENTED_EDGE('',*,*,#1577,.T.);
#573=ORIENTED_EDGE('',*,*,#1442,.T.);
#574=ORIENTED_EDGE('',*,*,#1586,.F.);
#575=ORIENTED_EDGE('',*,*,#1587,.T.);
#576=ORIENTED_EDGE('',*,*,#1588,.T.);
#577=ORIENTED_EDGE('',*,*,#1529,.T.);
#578=ORIENTED_EDGE('',*,*,#1589,.T.);
#579=ORIENTED_EDGE('',*,*,#1590,.T.);
#580=ORIENTED_EDGE('',*,*,#1591,.F.);
#581=ORIENTED_EDGE('',*,*,#1457,.T.);
#582=ORIENTED_EDGE('',*,*,#1456,.T.);
#583=ORIENTED_EDGE('',*,*,#1579,.T.);
#584=ORIENTED_EDGE('',*,*,#1451,.T.);
#585=ORIENTED_EDGE('',*,*,#1450,.T.);
#586=ORIENTED_EDGE('',*,*,#1592,.F.);
#587=ORIENTED_EDGE('',*,*,#1593,.T.);
#588=ORIENTED_EDGE('',*,*,#1594,.F.);
#589=ORIENTED_EDGE('',*,*,#1595,.F.);
#590=ORIENTED_EDGE('',*,*,#1596,.T.);
#591=ORIENTED_EDGE('',*,*,#1597,.T.);
#592=ORIENTED_EDGE('',*,*,#1389,.T.);
#593=ORIENTED_EDGE('',*,*,#1598,.F.);
#594=ORIENTED_EDGE('',*,*,#1599,.T.);
#595=ORIENTED_EDGE('',*,*,#1458,.T.);
#596=ORIENTED_EDGE('',*,*,#1591,.T.);
#597=ORIENTED_EDGE('',*,*,#1449,.T.);
#598=ORIENTED_EDGE('',*,*,#1600,.T.);
#599=ORIENTED_EDGE('',*,*,#1601,.F.);
#600=ORIENTED_EDGE('',*,*,#1602,.T.);
#601=ORIENTED_EDGE('',*,*,#1603,.F.);
#602=ORIENTED_EDGE('',*,*,#1604,.F.);
#603=ORIENTED_EDGE('',*,*,#1605,.T.);
#604=ORIENTED_EDGE('',*,*,#1606,.T.);
#605=ORIENTED_EDGE('',*,*,#1607,.T.);
#606=ORIENTED_EDGE('',*,*,#1522,.T.);
#607=ORIENTED_EDGE('',*,*,#1608,.F.);
#608=ORIENTED_EDGE('',*,*,#1609,.T.);
#609=ORIENTED_EDGE('',*,*,#1610,.F.);
#610=ORIENTED_EDGE('',*,*,#1611,.T.);
#611=ORIENTED_EDGE('',*,*,#1612,.T.);
#612=ORIENTED_EDGE('',*,*,#1613,.T.);
#613=ORIENTED_EDGE('',*,*,#1614,.F.);
#614=ORIENTED_EDGE('',*,*,#1615,.T.);
#615=ORIENTED_EDGE('',*,*,#1510,.F.);
#616=ORIENTED_EDGE('',*,*,#1616,.F.);
#617=ORIENTED_EDGE('',*,*,#1608,.T.);
#618=ORIENTED_EDGE('',*,*,#1527,.F.);
#619=ORIENTED_EDGE('',*,*,#1533,.F.);
#620=ORIENTED_EDGE('',*,*,#1617,.T.);
#621=ORIENTED_EDGE('',*,*,#1592,.T.);
#622=ORIENTED_EDGE('',*,*,#1509,.F.);
#623=ORIENTED_EDGE('',*,*,#1485,.T.);
#624=ORIENTED_EDGE('',*,*,#1489,.T.);
#625=ORIENTED_EDGE('',*,*,#1491,.T.);
#626=ORIENTED_EDGE('',*,*,#1540,.T.);
#627=ORIENTED_EDGE('',*,*,#1402,.T.);
#628=ORIENTED_EDGE('',*,*,#1499,.F.);
#629=ORIENTED_EDGE('',*,*,#1496,.F.);
#630=ORIENTED_EDGE('',*,*,#1480,.F.);
#631=ORIENTED_EDGE('',*,*,#1426,.F.);
#632=ORIENTED_EDGE('',*,*,#1618,.T.);
#633=ORIENTED_EDGE('',*,*,#1565,.F.);
#634=ORIENTED_EDGE('',*,*,#1506,.T.);
#635=ORIENTED_EDGE('',*,*,#1503,.F.);
#636=ORIENTED_EDGE('',*,*,#1367,.T.);
#637=ORIENTED_EDGE('',*,*,#1619,.F.);
#638=ORIENTED_EDGE('',*,*,#1586,.T.);
#639=ORIENTED_EDGE('',*,*,#1441,.T.);
#640=ORIENTED_EDGE('',*,*,#1530,.F.);
#641=ORIENTED_EDGE('',*,*,#1588,.F.);
#642=ORIENTED_EDGE('',*,*,#1620,.T.);
#643=ORIENTED_EDGE('',*,*,#1365,.F.);
#644=ORIENTED_EDGE('',*,*,#1620,.F.);
#645=ORIENTED_EDGE('',*,*,#1587,.F.);
#646=ORIENTED_EDGE('',*,*,#1619,.T.);
#647=ORIENTED_EDGE('',*,*,#1366,.F.);
#648=ORIENTED_EDGE('',*,*,#1621,.F.);
#649=ORIENTED_EDGE('',*,*,#1589,.F.);
#650=ORIENTED_EDGE('',*,*,#1528,.T.);
#651=ORIENTED_EDGE('',*,*,#1363,.F.);
#652=ORIENTED_EDGE('',*,*,#1622,.F.);
#653=ORIENTED_EDGE('',*,*,#1590,.F.);
#654=ORIENTED_EDGE('',*,*,#1621,.T.);
#655=ORIENTED_EDGE('',*,*,#1362,.F.);
#656=ORIENTED_EDGE('',*,*,#1361,.T.);
#657=ORIENTED_EDGE('',*,*,#1453,.F.);
#658=ORIENTED_EDGE('',*,*,#1578,.T.);
#659=ORIENTED_EDGE('',*,*,#1622,.T.);
#660=ORIENTED_EDGE('',*,*,#1276,.T.);
#661=ORIENTED_EDGE('',*,*,#1623,.F.);
#662=ORIENTED_EDGE('',*,*,#1580,.T.);
#663=ORIENTED_EDGE('',*,*,#1454,.T.);
#664=ORIENTED_EDGE('',*,*,#1514,.F.);
#665=ORIENTED_EDGE('',*,*,#1582,.F.);
#666=ORIENTED_EDGE('',*,*,#1624,.T.);
#667=ORIENTED_EDGE('',*,*,#1274,.F.);
#668=ORIENTED_EDGE('',*,*,#1624,.F.);
#669=ORIENTED_EDGE('',*,*,#1581,.F.);
#670=ORIENTED_EDGE('',*,*,#1623,.T.);
#671=ORIENTED_EDGE('',*,*,#1275,.F.);
#672=ORIENTED_EDGE('',*,*,#1625,.F.);
#673=ORIENTED_EDGE('',*,*,#1583,.F.);
#674=ORIENTED_EDGE('',*,*,#1512,.T.);
#675=ORIENTED_EDGE('',*,*,#1354,.F.);
#676=ORIENTED_EDGE('',*,*,#1626,.F.);
#677=ORIENTED_EDGE('',*,*,#1584,.F.);
#678=ORIENTED_EDGE('',*,*,#1625,.T.);
#679=ORIENTED_EDGE('',*,*,#1353,.F.);
#680=ORIENTED_EDGE('',*,*,#1352,.T.);
#681=ORIENTED_EDGE('',*,*,#1465,.F.);
#682=ORIENTED_EDGE('',*,*,#1585,.T.);
#683=ORIENTED_EDGE('',*,*,#1626,.T.);
#684=ORIENTED_EDGE('',*,*,#1616,.T.);
#685=ORIENTED_EDGE('',*,*,#1532,.F.);
#686=ORIENTED_EDGE('',*,*,#1627,.T.);
#687=ORIENTED_EDGE('',*,*,#1537,.T.);
#688=ORIENTED_EDGE('',*,*,#1471,.F.);
#689=ORIENTED_EDGE('',*,*,#1628,.T.);
#690=ORIENTED_EDGE('',*,*,#1493,.T.);
#691=ORIENTED_EDGE('',*,*,#1629,.F.);
#692=ORIENTED_EDGE('',*,*,#1482,.F.);
#693=ORIENTED_EDGE('',*,*,#1508,.T.);
#694=ORIENTED_EDGE('',*,*,#1630,.F.);
#695=ORIENTED_EDGE('',*,*,#1539,.F.);
#696=ORIENTED_EDGE('',*,*,#1536,.T.);
#697=ORIENTED_EDGE('',*,*,#1538,.T.);
#698=ORIENTED_EDGE('',*,*,#1627,.F.);
#699=ORIENTED_EDGE('',*,*,#1531,.F.);
#700=ORIENTED_EDGE('',*,*,#1629,.T.);
#701=ORIENTED_EDGE('',*,*,#1492,.T.);
#702=ORIENTED_EDGE('',*,*,#1487,.F.);
#703=ORIENTED_EDGE('',*,*,#1483,.F.);
#704=ORIENTED_EDGE('',*,*,#1631,.T.);
#705=ORIENTED_EDGE('',*,*,#1494,.T.);
#706=ORIENTED_EDGE('',*,*,#1498,.F.);
#707=ORIENTED_EDGE('',*,*,#1502,.F.);
#708=ORIENTED_EDGE('',*,*,#1546,.T.);
#709=ORIENTED_EDGE('',*,*,#1545,.T.);
#710=ORIENTED_EDGE('',*,*,#1632,.F.);
#711=ORIENTED_EDGE('',*,*,#1548,.F.);
#712=ORIENTED_EDGE('',*,*,#1631,.F.);
#713=ORIENTED_EDGE('',*,*,#1501,.F.);
#714=ORIENTED_EDGE('',*,*,#1505,.T.);
#715=ORIENTED_EDGE('',*,*,#1633,.T.);
#716=ORIENTED_EDGE('',*,*,#1479,.F.);
#717=ORIENTED_EDGE('',*,*,#1495,.T.);
#718=ORIENTED_EDGE('',*,*,#1544,.T.);
#719=ORIENTED_EDGE('',*,*,#1541,.F.);
#720=ORIENTED_EDGE('',*,*,#1634,.F.);
#721=ORIENTED_EDGE('',*,*,#1551,.T.);
#722=ORIENTED_EDGE('',*,*,#1549,.F.);
#723=ORIENTED_EDGE('',*,*,#1632,.T.);
#724=ORIENTED_EDGE('',*,*,#1460,.T.);
#725=ORIENTED_EDGE('',*,*,#1384,.T.);
#726=ORIENTED_EDGE('',*,*,#1439,.T.);
#727=ORIENTED_EDGE('',*,*,#1635,.F.);
#728=ORIENTED_EDGE('',*,*,#1575,.F.);
#729=ORIENTED_EDGE('',*,*,#1576,.T.);
#730=ORIENTED_EDGE('',*,*,#1635,.T.);
#731=ORIENTED_EDGE('',*,*,#1438,.F.);
#732=ORIENTED_EDGE('',*,*,#1380,.F.);
#733=ORIENTED_EDGE('',*,*,#1636,.T.);
#734=ORIENTED_EDGE('',*,*,#1433,.T.);
#735=ORIENTED_EDGE('',*,*,#1518,.F.);
#736=ORIENTED_EDGE('',*,*,#1557,.F.);
#737=ORIENTED_EDGE('',*,*,#1618,.F.);
#738=ORIENTED_EDGE('',*,*,#1425,.T.);
#739=ORIENTED_EDGE('',*,*,#1637,.F.);
#740=ORIENTED_EDGE('',*,*,#1566,.F.);
#741=ORIENTED_EDGE('',*,*,#1571,.F.);
#742=ORIENTED_EDGE('',*,*,#1638,.F.);
#743=ORIENTED_EDGE('',*,*,#1420,.T.);
#744=ORIENTED_EDGE('',*,*,#1639,.F.);
#745=ORIENTED_EDGE('',*,*,#1572,.T.);
#746=ORIENTED_EDGE('',*,*,#1639,.T.);
#747=ORIENTED_EDGE('',*,*,#1419,.F.);
#748=ORIENTED_EDGE('',*,*,#1640,.F.);
#749=ORIENTED_EDGE('',*,*,#1640,.T.);
#750=ORIENTED_EDGE('',*,*,#1418,.T.);
#751=ORIENTED_EDGE('',*,*,#1641,.T.);
#752=ORIENTED_EDGE('',*,*,#1446,.F.);
#753=ORIENTED_EDGE('',*,*,#1573,.F.);
#754=ORIENTED_EDGE('',*,*,#1474,.T.);
#755=ORIENTED_EDGE('',*,*,#1642,.F.);
#756=ORIENTED_EDGE('',*,*,#1563,.T.);
#757=ORIENTED_EDGE('',*,*,#1643,.T.);
#758=ORIENTED_EDGE('',*,*,#1643,.F.);
#759=ORIENTED_EDGE('',*,*,#1562,.F.);
#760=ORIENTED_EDGE('',*,*,#1644,.T.);
#761=ORIENTED_EDGE('',*,*,#1475,.F.);
#762=ORIENTED_EDGE('',*,*,#1644,.F.);
#763=ORIENTED_EDGE('',*,*,#1561,.F.);
#764=ORIENTED_EDGE('',*,*,#1645,.T.);
#765=ORIENTED_EDGE('',*,*,#1476,.F.);
#766=ORIENTED_EDGE('',*,*,#1645,.F.);
#767=ORIENTED_EDGE('',*,*,#1560,.F.);
#768=ORIENTED_EDGE('',*,*,#1646,.T.);
#769=ORIENTED_EDGE('',*,*,#1477,.F.);
#770=ORIENTED_EDGE('',*,*,#1478,.T.);
#771=ORIENTED_EDGE('',*,*,#1646,.F.);
#772=ORIENTED_EDGE('',*,*,#1559,.T.);
#773=ORIENTED_EDGE('',*,*,#1647,.T.);
#774=ORIENTED_EDGE('',*,*,#1642,.T.);
#775=ORIENTED_EDGE('',*,*,#1428,.T.);
#776=ORIENTED_EDGE('',*,*,#1633,.F.);
#777=ORIENTED_EDGE('',*,*,#1564,.F.);
#778=ORIENTED_EDGE('',*,*,#1634,.T.);
#779=ORIENTED_EDGE('',*,*,#1430,.T.);
#780=ORIENTED_EDGE('',*,*,#1647,.F.);
#781=ORIENTED_EDGE('',*,*,#1558,.F.);
#782=ORIENTED_EDGE('',*,*,#1648,.F.);
#783=ORIENTED_EDGE('',*,*,#1395,.F.);
#784=ORIENTED_EDGE('',*,*,#1392,.F.);
#785=ORIENTED_EDGE('',*,*,#1459,.T.);
#786=ORIENTED_EDGE('',*,*,#1599,.F.);
#787=ORIENTED_EDGE('',*,*,#1598,.T.);
#788=ORIENTED_EDGE('',*,*,#1388,.F.);
#789=ORIENTED_EDGE('',*,*,#1396,.T.);
#790=ORIENTED_EDGE('',*,*,#1648,.T.);
#791=ORIENTED_EDGE('',*,*,#1617,.F.);
#792=ORIENTED_EDGE('',*,*,#1401,.F.);
#793=ORIENTED_EDGE('',*,*,#1649,.T.);
#794=ORIENTED_EDGE('',*,*,#1593,.F.);
#795=ORIENTED_EDGE('',*,*,#1650,.F.);
#796=ORIENTED_EDGE('',*,*,#1409,.F.);
#797=ORIENTED_EDGE('',*,*,#1523,.T.);
#798=ORIENTED_EDGE('',*,*,#1607,.F.);
#799=ORIENTED_EDGE('',*,*,#1414,.F.);
#800=ORIENTED_EDGE('',*,*,#1651,.F.);
#801=ORIENTED_EDGE('',*,*,#1602,.F.);
#802=ORIENTED_EDGE('',*,*,#1652,.F.);
#803=ORIENTED_EDGE('',*,*,#1601,.T.);
#804=ORIENTED_EDGE('',*,*,#1653,.F.);
#805=ORIENTED_EDGE('',*,*,#1415,.T.);
#806=ORIENTED_EDGE('',*,*,#1652,.T.);
#807=ORIENTED_EDGE('',*,*,#1448,.F.);
#808=ORIENTED_EDGE('',*,*,#1654,.F.);
#809=ORIENTED_EDGE('',*,*,#1416,.F.);
#810=ORIENTED_EDGE('',*,*,#1653,.T.);
#811=ORIENTED_EDGE('',*,*,#1600,.F.);
#812=ORIENTED_EDGE('',*,*,#1466,.T.);
#813=ORIENTED_EDGE('',*,*,#1655,.T.);
#814=ORIENTED_EDGE('',*,*,#1610,.T.);
#815=ORIENTED_EDGE('',*,*,#1656,.F.);
#816=ORIENTED_EDGE('',*,*,#1657,.T.);
#817=ORIENTED_EDGE('',*,*,#1611,.F.);
#818=ORIENTED_EDGE('',*,*,#1655,.F.);
#819=ORIENTED_EDGE('',*,*,#1470,.F.);
#820=ORIENTED_EDGE('',*,*,#1658,.T.);
#821=ORIENTED_EDGE('',*,*,#1612,.F.);
#822=ORIENTED_EDGE('',*,*,#1657,.F.);
#823=ORIENTED_EDGE('',*,*,#1469,.F.);
#824=ORIENTED_EDGE('',*,*,#1659,.T.);
#825=ORIENTED_EDGE('',*,*,#1613,.F.);
#826=ORIENTED_EDGE('',*,*,#1658,.F.);
#827=ORIENTED_EDGE('',*,*,#1468,.F.);
#828=ORIENTED_EDGE('',*,*,#1467,.T.);
#829=ORIENTED_EDGE('',*,*,#1660,.T.);
#830=ORIENTED_EDGE('',*,*,#1614,.T.);
#831=ORIENTED_EDGE('',*,*,#1659,.F.);
#832=ORIENTED_EDGE('',*,*,#1628,.F.);
#833=ORIENTED_EDGE('',*,*,#1406,.F.);
#834=ORIENTED_EDGE('',*,*,#1656,.T.);
#835=ORIENTED_EDGE('',*,*,#1609,.F.);
#836=ORIENTED_EDGE('',*,*,#1660,.F.);
#837=ORIENTED_EDGE('',*,*,#1404,.F.);
#838=ORIENTED_EDGE('',*,*,#1630,.T.);
#839=ORIENTED_EDGE('',*,*,#1615,.F.);
#840=ORIENTED_EDGE('',*,*,#1661,.T.);
#841=ORIENTED_EDGE('',*,*,#1662,.F.);
#842=ORIENTED_EDGE('',*,*,#1663,.F.);
#843=ORIENTED_EDGE('',*,*,#1664,.F.);
#844=ORIENTED_EDGE('',*,*,#1359,.T.);
#845=ORIENTED_EDGE('',*,*,#1665,.F.);
#846=ORIENTED_EDGE('',*,*,#1666,.F.);
#847=ORIENTED_EDGE('',*,*,#1654,.T.);
#848=ORIENTED_EDGE('',*,*,#1447,.T.);
#849=ORIENTED_EDGE('',*,*,#1667,.F.);
#850=ORIENTED_EDGE('',*,*,#1668,.F.);
#851=ORIENTED_EDGE('',*,*,#1669,.F.);
#852=ORIENTED_EDGE('',*,*,#1670,.F.);
#853=ORIENTED_EDGE('',*,*,#1332,.T.);
#854=ORIENTED_EDGE('',*,*,#1671,.F.);
#855=ORIENTED_EDGE('',*,*,#1672,.F.);
#856=ORIENTED_EDGE('',*,*,#1670,.T.);
#857=ORIENTED_EDGE('',*,*,#1398,.T.);
#858=ORIENTED_EDGE('',*,*,#1393,.T.);
#859=ORIENTED_EDGE('',*,*,#1394,.T.);
#860=ORIENTED_EDGE('',*,*,#1666,.T.);
#861=ORIENTED_EDGE('',*,*,#1412,.T.);
#862=ORIENTED_EDGE('',*,*,#1375,.T.);
#863=ORIENTED_EDGE('',*,*,#1331,.T.);
#864=ORIENTED_EDGE('',*,*,#1295,.F.);
#865=ORIENTED_EDGE('',*,*,#1673,.F.);
#866=ORIENTED_EDGE('',*,*,#1671,.T.);
#867=ORIENTED_EDGE('',*,*,#1341,.T.);
#868=ORIENTED_EDGE('',*,*,#1674,.F.);
#869=ORIENTED_EDGE('',*,*,#1675,.F.);
#870=ORIENTED_EDGE('',*,*,#1293,.T.);
#871=ORIENTED_EDGE('',*,*,#1340,.T.);
#872=ORIENTED_EDGE('',*,*,#1373,.F.);
#873=ORIENTED_EDGE('',*,*,#1422,.F.);
#874=ORIENTED_EDGE('',*,*,#1676,.F.);
#875=ORIENTED_EDGE('',*,*,#1417,.F.);
#876=ORIENTED_EDGE('',*,*,#1383,.F.);
#877=ORIENTED_EDGE('',*,*,#1436,.F.);
#878=ORIENTED_EDGE('',*,*,#1661,.F.);
#879=ORIENTED_EDGE('',*,*,#1677,.F.);
#880=ORIENTED_EDGE('',*,*,#1674,.T.);
#881=ORIENTED_EDGE('',*,*,#1676,.T.);
#882=ORIENTED_EDGE('',*,*,#1678,.T.);
#883=ORIENTED_EDGE('',*,*,#1369,.F.);
#884=ORIENTED_EDGE('',*,*,#1440,.F.);
#885=ORIENTED_EDGE('',*,*,#1641,.F.);
#886=ORIENTED_EDGE('',*,*,#1679,.T.);
#887=ORIENTED_EDGE('',*,*,#1680,.T.);
#888=ORIENTED_EDGE('',*,*,#1681,.F.);
#889=ORIENTED_EDGE('',*,*,#1282,.T.);
#890=ORIENTED_EDGE('',*,*,#1682,.F.);
#891=ORIENTED_EDGE('',*,*,#1683,.F.);
#892=ORIENTED_EDGE('',*,*,#1667,.T.);
#893=ORIENTED_EDGE('',*,*,#1672,.T.);
#894=ORIENTED_EDGE('',*,*,#1673,.T.);
#895=ORIENTED_EDGE('',*,*,#1294,.T.);
#896=ORIENTED_EDGE('',*,*,#1675,.T.);
#897=ORIENTED_EDGE('',*,*,#1677,.T.);
#898=ORIENTED_EDGE('',*,*,#1664,.T.);
#899=ORIENTED_EDGE('',*,*,#1684,.F.);
#900=ORIENTED_EDGE('',*,*,#1685,.T.);
#901=ORIENTED_EDGE('',*,*,#1346,.T.);
#902=ORIENTED_EDGE('',*,*,#1686,.F.);
#903=ORIENTED_EDGE('',*,*,#1687,.F.);
#904=ORIENTED_EDGE('',*,*,#1686,.T.);
#905=ORIENTED_EDGE('',*,*,#1312,.T.);
#906=ORIENTED_EDGE('',*,*,#1687,.T.);
#907=ORIENTED_EDGE('',*,*,#1688,.F.);
#908=ORIENTED_EDGE('',*,*,#1689,.F.);
#909=ORIENTED_EDGE('',*,*,#1688,.T.);
#910=ORIENTED_EDGE('',*,*,#1311,.T.);
#911=ORIENTED_EDGE('',*,*,#1689,.T.);
#912=ORIENTED_EDGE('',*,*,#1690,.T.);
#913=ORIENTED_EDGE('',*,*,#1596,.F.);
#914=ORIENTED_EDGE('',*,*,#1691,.F.);
#915=ORIENTED_EDGE('',*,*,#1692,.T.);
#916=ORIENTED_EDGE('',*,*,#1649,.F.);
#917=ORIENTED_EDGE('',*,*,#1400,.F.);
#918=ORIENTED_EDGE('',*,*,#1693,.F.);
#919=ORIENTED_EDGE('',*,*,#1594,.T.);
#920=ORIENTED_EDGE('',*,*,#1691,.T.);
#921=ORIENTED_EDGE('',*,*,#1595,.T.);
#922=ORIENTED_EDGE('',*,*,#1693,.T.);
#923=ORIENTED_EDGE('',*,*,#1399,.T.);
#924=ORIENTED_EDGE('',*,*,#1669,.T.);
#925=ORIENTED_EDGE('',*,*,#1690,.F.);
#926=ORIENTED_EDGE('',*,*,#1694,.F.);
#927=ORIENTED_EDGE('',*,*,#1695,.T.);
#928=ORIENTED_EDGE('',*,*,#1279,.T.);
#929=ORIENTED_EDGE('',*,*,#1390,.F.);
#930=ORIENTED_EDGE('',*,*,#1397,.F.);
#931=ORIENTED_EDGE('',*,*,#1386,.F.);
#932=ORIENTED_EDGE('',*,*,#1597,.F.);
#933=ORIENTED_EDGE('',*,*,#1636,.F.);
#934=ORIENTED_EDGE('',*,*,#1556,.F.);
#935=ORIENTED_EDGE('',*,*,#1696,.F.);
#936=ORIENTED_EDGE('',*,*,#1434,.T.);
#937=ORIENTED_EDGE('',*,*,#1697,.T.);
#938=ORIENTED_EDGE('',*,*,#1698,.F.);
#939=ORIENTED_EDGE('',*,*,#1699,.F.);
#940=ORIENTED_EDGE('',*,*,#1554,.T.);
#941=ORIENTED_EDGE('',*,*,#1662,.T.);
#942=ORIENTED_EDGE('',*,*,#1435,.T.);
#943=ORIENTED_EDGE('',*,*,#1696,.T.);
#944=ORIENTED_EDGE('',*,*,#1555,.T.);
#945=ORIENTED_EDGE('',*,*,#1699,.T.);
#946=ORIENTED_EDGE('',*,*,#1382,.F.);
#947=ORIENTED_EDGE('',*,*,#1349,.T.);
#948=ORIENTED_EDGE('',*,*,#1700,.F.);
#949=ORIENTED_EDGE('',*,*,#1701,.F.);
#950=ORIENTED_EDGE('',*,*,#1697,.F.);
#951=ORIENTED_EDGE('',*,*,#1553,.F.);
#952=ORIENTED_EDGE('',*,*,#1378,.F.);
#953=ORIENTED_EDGE('',*,*,#1437,.F.);
#954=ORIENTED_EDGE('',*,*,#1702,.F.);
#955=ORIENTED_EDGE('',*,*,#1703,.F.);
#956=ORIENTED_EDGE('',*,*,#1704,.T.);
#957=ORIENTED_EDGE('',*,*,#1604,.T.);
#958=ORIENTED_EDGE('',*,*,#1410,.T.);
#959=ORIENTED_EDGE('',*,*,#1650,.T.);
#960=ORIENTED_EDGE('',*,*,#1606,.F.);
#961=ORIENTED_EDGE('',*,*,#1705,.T.);
#962=ORIENTED_EDGE('',*,*,#1704,.F.);
#963=ORIENTED_EDGE('',*,*,#1376,.F.);
#964=ORIENTED_EDGE('',*,*,#1411,.F.);
#965=ORIENTED_EDGE('',*,*,#1705,.F.);
#966=ORIENTED_EDGE('',*,*,#1605,.F.);
#967=ORIENTED_EDGE('',*,*,#1702,.T.);
#968=ORIENTED_EDGE('',*,*,#1603,.T.);
#969=ORIENTED_EDGE('',*,*,#1651,.T.);
#970=ORIENTED_EDGE('',*,*,#1413,.T.);
#971=ORIENTED_EDGE('',*,*,#1665,.T.);
#972=ORIENTED_EDGE('',*,*,#1358,.T.);
#973=ORIENTED_EDGE('',*,*,#1706,.F.);
#974=ORIENTED_EDGE('',*,*,#1707,.F.);
#975=ORIENTED_EDGE('',*,*,#1567,.T.);
#976=ORIENTED_EDGE('',*,*,#1637,.T.);
#977=ORIENTED_EDGE('',*,*,#1424,.F.);
#978=ORIENTED_EDGE('',*,*,#1708,.T.);
#979=ORIENTED_EDGE('',*,*,#1709,.F.);
#980=ORIENTED_EDGE('',*,*,#1569,.F.);
#981=ORIENTED_EDGE('',*,*,#1710,.T.);
#982=ORIENTED_EDGE('',*,*,#1711,.T.);
#983=ORIENTED_EDGE('',*,*,#1372,.T.);
#984=ORIENTED_EDGE('',*,*,#1710,.F.);
#985=ORIENTED_EDGE('',*,*,#1568,.F.);
#986=ORIENTED_EDGE('',*,*,#1708,.F.);
#987=ORIENTED_EDGE('',*,*,#1423,.F.);
#988=ORIENTED_EDGE('',*,*,#1709,.T.);
#989=ORIENTED_EDGE('',*,*,#1712,.F.);
#990=ORIENTED_EDGE('',*,*,#1713,.T.);
#991=ORIENTED_EDGE('',*,*,#1370,.T.);
#992=ORIENTED_EDGE('',*,*,#1678,.F.);
#993=ORIENTED_EDGE('',*,*,#1421,.T.);
#994=ORIENTED_EDGE('',*,*,#1638,.T.);
#995=ORIENTED_EDGE('',*,*,#1570,.T.);
#996=ORIENTED_EDGE('',*,*,#1357,.T.);
#997=ORIENTED_EDGE('',*,*,#1714,.F.);
#998=ORIENTED_EDGE('',*,*,#1715,.F.);
#999=ORIENTED_EDGE('',*,*,#1706,.T.);
#1000=ORIENTED_EDGE('',*,*,#1356,.T.);
#1001=ORIENTED_EDGE('',*,*,#1335,.F.);
#1002=ORIENTED_EDGE('',*,*,#1716,.F.);
#1003=ORIENTED_EDGE('',*,*,#1714,.T.);
#1004=ORIENTED_EDGE('',*,*,#1377,.T.);
#1005=ORIENTED_EDGE('',*,*,#1703,.T.);
#1006=ORIENTED_EDGE('',*,*,#1707,.T.);
#1007=ORIENTED_EDGE('',*,*,#1715,.T.);
#1008=ORIENTED_EDGE('',*,*,#1716,.T.);
#1009=ORIENTED_EDGE('',*,*,#1334,.T.);
#1010=ORIENTED_EDGE('',*,*,#1281,.T.);
#1011=ORIENTED_EDGE('',*,*,#1717,.F.);
#1012=ORIENTED_EDGE('',*,*,#1718,.F.);
#1013=ORIENTED_EDGE('',*,*,#1682,.T.);
#1014=ORIENTED_EDGE('',*,*,#1280,.T.);
#1015=ORIENTED_EDGE('',*,*,#1695,.F.);
#1016=ORIENTED_EDGE('',*,*,#1719,.F.);
#1017=ORIENTED_EDGE('',*,*,#1717,.T.);
#1018=ORIENTED_EDGE('',*,*,#1694,.T.);
#1019=ORIENTED_EDGE('',*,*,#1692,.F.);
#1020=ORIENTED_EDGE('',*,*,#1668,.T.);
#1021=ORIENTED_EDGE('',*,*,#1683,.T.);
#1022=ORIENTED_EDGE('',*,*,#1718,.T.);
#1023=ORIENTED_EDGE('',*,*,#1719,.T.);
#1024=ORIENTED_EDGE('',*,*,#1355,.T.);
#1025=ORIENTED_EDGE('',*,*,#1720,.F.);
#1026=ORIENTED_EDGE('',*,*,#1721,.F.);
#1027=ORIENTED_EDGE('',*,*,#1337,.T.);
#1028=ORIENTED_EDGE('',*,*,#1371,.T.);
#1029=ORIENTED_EDGE('',*,*,#1713,.F.);
#1030=ORIENTED_EDGE('',*,*,#1722,.F.);
#1031=ORIENTED_EDGE('',*,*,#1720,.T.);
#1032=ORIENTED_EDGE('',*,*,#1721,.T.);
#1033=ORIENTED_EDGE('',*,*,#1722,.T.);
#1034=ORIENTED_EDGE('',*,*,#1712,.T.);
#1035=ORIENTED_EDGE('',*,*,#1711,.F.);
#1036=ORIENTED_EDGE('',*,*,#1374,.T.);
#1037=ORIENTED_EDGE('',*,*,#1338,.T.);
#1038=ORIENTED_EDGE('',*,*,#1348,.T.);
#1039=ORIENTED_EDGE('',*,*,#1723,.F.);
#1040=ORIENTED_EDGE('',*,*,#1724,.F.);
#1041=ORIENTED_EDGE('',*,*,#1700,.T.);
#1042=ORIENTED_EDGE('',*,*,#1347,.T.);
#1043=ORIENTED_EDGE('',*,*,#1685,.F.);
#1044=ORIENTED_EDGE('',*,*,#1725,.F.);
#1045=ORIENTED_EDGE('',*,*,#1723,.T.);
#1046=ORIENTED_EDGE('',*,*,#1724,.T.);
#1047=ORIENTED_EDGE('',*,*,#1725,.T.);
#1048=ORIENTED_EDGE('',*,*,#1684,.T.);
#1049=ORIENTED_EDGE('',*,*,#1663,.T.);
#1050=ORIENTED_EDGE('',*,*,#1698,.T.);
#1051=ORIENTED_EDGE('',*,*,#1701,.T.);
#1052=ORIENTED_EDGE('',*,*,#1301,.T.);
#1053=ORIENTED_EDGE('',*,*,#1327,.T.);
#1054=ORIENTED_EDGE('',*,*,#1726,.F.);
#1055=ORIENTED_EDGE('',*,*,#1727,.T.);
#1056=ORIENTED_EDGE('',*,*,#1728,.F.);
#1057=ORIENTED_EDGE('',*,*,#1325,.T.);
#1058=ORIENTED_EDGE('',*,*,#1303,.T.);
#1059=ORIENTED_EDGE('',*,*,#1729,.F.);
#1060=ORIENTED_EDGE('',*,*,#1326,.F.);
#1061=ORIENTED_EDGE('',*,*,#1728,.T.);
#1062=ORIENTED_EDGE('',*,*,#1730,.T.);
#1063=ORIENTED_EDGE('',*,*,#1726,.T.);
#1064=ORIENTED_EDGE('',*,*,#1302,.T.);
#1065=ORIENTED_EDGE('',*,*,#1727,.F.);
#1066=ORIENTED_EDGE('',*,*,#1730,.F.);
#1067=ORIENTED_EDGE('',*,*,#1729,.T.);
#1068=ORIENTED_EDGE('',*,*,#1305,.T.);
#1069=ORIENTED_EDGE('',*,*,#1324,.T.);
#1070=ORIENTED_EDGE('',*,*,#1731,.F.);
#1071=ORIENTED_EDGE('',*,*,#1732,.T.);
#1072=ORIENTED_EDGE('',*,*,#1733,.F.);
#1073=ORIENTED_EDGE('',*,*,#1322,.T.);
#1074=ORIENTED_EDGE('',*,*,#1307,.T.);
#1075=ORIENTED_EDGE('',*,*,#1734,.F.);
#1076=ORIENTED_EDGE('',*,*,#1323,.F.);
#1077=ORIENTED_EDGE('',*,*,#1733,.T.);
#1078=ORIENTED_EDGE('',*,*,#1735,.T.);
#1079=ORIENTED_EDGE('',*,*,#1731,.T.);
#1080=ORIENTED_EDGE('',*,*,#1306,.T.);
#1081=ORIENTED_EDGE('',*,*,#1732,.F.);
#1082=ORIENTED_EDGE('',*,*,#1735,.F.);
#1083=ORIENTED_EDGE('',*,*,#1734,.T.);
#1084=ORIENTED_EDGE('',*,*,#1297,.T.);
#1085=ORIENTED_EDGE('',*,*,#1330,.T.);
#1086=ORIENTED_EDGE('',*,*,#1736,.F.);
#1087=ORIENTED_EDGE('',*,*,#1737,.T.);
#1088=ORIENTED_EDGE('',*,*,#1738,.F.);
#1089=ORIENTED_EDGE('',*,*,#1328,.T.);
#1090=ORIENTED_EDGE('',*,*,#1299,.T.);
#1091=ORIENTED_EDGE('',*,*,#1739,.F.);
#1092=ORIENTED_EDGE('',*,*,#1329,.F.);
#1093=ORIENTED_EDGE('',*,*,#1738,.T.);
#1094=ORIENTED_EDGE('',*,*,#1740,.T.);
#1095=ORIENTED_EDGE('',*,*,#1736,.T.);
#1096=ORIENTED_EDGE('',*,*,#1298,.T.);
#1097=ORIENTED_EDGE('',*,*,#1737,.F.);
#1098=ORIENTED_EDGE('',*,*,#1740,.F.);
#1099=ORIENTED_EDGE('',*,*,#1739,.T.);
#1100=ORIENTED_EDGE('',*,*,#1309,.T.);
#1101=ORIENTED_EDGE('',*,*,#1321,.T.);
#1102=ORIENTED_EDGE('',*,*,#1741,.F.);
#1103=ORIENTED_EDGE('',*,*,#1742,.T.);
#1104=ORIENTED_EDGE('',*,*,#1743,.F.);
#1105=ORIENTED_EDGE('',*,*,#1342,.T.);
#1106=ORIENTED_EDGE('',*,*,#1291,.T.);
#1107=ORIENTED_EDGE('',*,*,#1744,.F.);
#1108=ORIENTED_EDGE('',*,*,#1343,.F.);
#1109=ORIENTED_EDGE('',*,*,#1743,.T.);
#1110=ORIENTED_EDGE('',*,*,#1745,.T.);
#1111=ORIENTED_EDGE('',*,*,#1741,.T.);
#1112=ORIENTED_EDGE('',*,*,#1310,.T.);
#1113=ORIENTED_EDGE('',*,*,#1742,.F.);
#1114=ORIENTED_EDGE('',*,*,#1745,.F.);
#1115=ORIENTED_EDGE('',*,*,#1744,.T.);
#1116=ORIENTED_EDGE('',*,*,#1287,.F.);
#1117=ORIENTED_EDGE('',*,*,#1746,.F.);
#1118=ORIENTED_EDGE('',*,*,#1747,.T.);
#1119=ORIENTED_EDGE('',*,*,#1748,.T.);
#1120=ORIENTED_EDGE('',*,*,#1288,.F.);
#1121=ORIENTED_EDGE('',*,*,#1748,.F.);
#1122=ORIENTED_EDGE('',*,*,#1749,.T.);
#1123=ORIENTED_EDGE('',*,*,#1750,.T.);
#1124=ORIENTED_EDGE('',*,*,#1289,.F.);
#1125=ORIENTED_EDGE('',*,*,#1750,.F.);
#1126=ORIENTED_EDGE('',*,*,#1751,.T.);
#1127=ORIENTED_EDGE('',*,*,#1752,.T.);
#1128=ORIENTED_EDGE('',*,*,#1290,.F.);
#1129=ORIENTED_EDGE('',*,*,#1752,.F.);
#1130=ORIENTED_EDGE('',*,*,#1753,.T.);
#1131=ORIENTED_EDGE('',*,*,#1746,.T.);
#1132=ORIENTED_EDGE('',*,*,#1747,.F.);
#1133=ORIENTED_EDGE('',*,*,#1753,.F.);
#1134=ORIENTED_EDGE('',*,*,#1751,.F.);
#1135=ORIENTED_EDGE('',*,*,#1749,.F.);
#1136=ORIENTED_EDGE('',*,*,#1313,.F.);
#1137=ORIENTED_EDGE('',*,*,#1754,.F.);
#1138=ORIENTED_EDGE('',*,*,#1755,.T.);
#1139=ORIENTED_EDGE('',*,*,#1756,.T.);
#1140=ORIENTED_EDGE('',*,*,#1314,.F.);
#1141=ORIENTED_EDGE('',*,*,#1756,.F.);
#1142=ORIENTED_EDGE('',*,*,#1757,.T.);
#1143=ORIENTED_EDGE('',*,*,#1758,.T.);
#1144=ORIENTED_EDGE('',*,*,#1315,.F.);
#1145=ORIENTED_EDGE('',*,*,#1758,.F.);
#1146=ORIENTED_EDGE('',*,*,#1759,.T.);
#1147=ORIENTED_EDGE('',*,*,#1760,.T.);
#1148=ORIENTED_EDGE('',*,*,#1316,.F.);
#1149=ORIENTED_EDGE('',*,*,#1760,.F.);
#1150=ORIENTED_EDGE('',*,*,#1761,.T.);
#1151=ORIENTED_EDGE('',*,*,#1754,.T.);
#1152=ORIENTED_EDGE('',*,*,#1755,.F.);
#1153=ORIENTED_EDGE('',*,*,#1761,.F.);
#1154=ORIENTED_EDGE('',*,*,#1759,.F.);
#1155=ORIENTED_EDGE('',*,*,#1757,.F.);
#1156=ORIENTED_EDGE('',*,*,#1283,.F.);
#1157=ORIENTED_EDGE('',*,*,#1762,.F.);
#1158=ORIENTED_EDGE('',*,*,#1763,.T.);
#1159=ORIENTED_EDGE('',*,*,#1764,.T.);
#1160=ORIENTED_EDGE('',*,*,#1284,.F.);
#1161=ORIENTED_EDGE('',*,*,#1764,.F.);
#1162=ORIENTED_EDGE('',*,*,#1765,.T.);
#1163=ORIENTED_EDGE('',*,*,#1766,.T.);
#1164=ORIENTED_EDGE('',*,*,#1285,.F.);
#1165=ORIENTED_EDGE('',*,*,#1766,.F.);
#1166=ORIENTED_EDGE('',*,*,#1767,.T.);
#1167=ORIENTED_EDGE('',*,*,#1768,.T.);
#1168=ORIENTED_EDGE('',*,*,#1286,.F.);
#1169=ORIENTED_EDGE('',*,*,#1768,.F.);
#1170=ORIENTED_EDGE('',*,*,#1769,.T.);
#1171=ORIENTED_EDGE('',*,*,#1762,.T.);
#1172=ORIENTED_EDGE('',*,*,#1763,.F.);
#1173=ORIENTED_EDGE('',*,*,#1769,.F.);
#1174=ORIENTED_EDGE('',*,*,#1767,.F.);
#1175=ORIENTED_EDGE('',*,*,#1765,.F.);
#1176=ORIENTED_EDGE('',*,*,#1317,.F.);
#1177=ORIENTED_EDGE('',*,*,#1770,.F.);
#1178=ORIENTED_EDGE('',*,*,#1771,.T.);
#1179=ORIENTED_EDGE('',*,*,#1772,.T.);
#1180=ORIENTED_EDGE('',*,*,#1318,.F.);
#1181=ORIENTED_EDGE('',*,*,#1772,.F.);
#1182=ORIENTED_EDGE('',*,*,#1773,.T.);
#1183=ORIENTED_EDGE('',*,*,#1774,.T.);
#1184=ORIENTED_EDGE('',*,*,#1319,.F.);
#1185=ORIENTED_EDGE('',*,*,#1774,.F.);
#1186=ORIENTED_EDGE('',*,*,#1775,.T.);
#1187=ORIENTED_EDGE('',*,*,#1776,.T.);
#1188=ORIENTED_EDGE('',*,*,#1320,.F.);
#1189=ORIENTED_EDGE('',*,*,#1776,.F.);
#1190=ORIENTED_EDGE('',*,*,#1777,.T.);
#1191=ORIENTED_EDGE('',*,*,#1770,.T.);
#1192=ORIENTED_EDGE('',*,*,#1771,.F.);
#1193=ORIENTED_EDGE('',*,*,#1777,.F.);
#1194=ORIENTED_EDGE('',*,*,#1775,.F.);
#1195=ORIENTED_EDGE('',*,*,#1773,.F.);
#1196=ORIENTED_EDGE('',*,*,#1778,.F.);
#1197=ORIENTED_EDGE('',*,*,#1680,.F.);
#1198=ORIENTED_EDGE('',*,*,#1779,.T.);
#1199=ORIENTED_EDGE('',*,*,#1780,.T.);
#1200=ORIENTED_EDGE('',*,*,#1781,.F.);
#1201=ORIENTED_EDGE('',*,*,#1780,.F.);
#1202=ORIENTED_EDGE('',*,*,#1782,.T.);
#1203=ORIENTED_EDGE('',*,*,#1783,.T.);
#1204=ORIENTED_EDGE('',*,*,#1784,.F.);
#1205=ORIENTED_EDGE('',*,*,#1783,.F.);
#1206=ORIENTED_EDGE('',*,*,#1785,.T.);
#1207=ORIENTED_EDGE('',*,*,#1511,.F.);
#1208=ORIENTED_EDGE('',*,*,#1679,.F.);
#1209=ORIENTED_EDGE('',*,*,#1345,.F.);
#1210=ORIENTED_EDGE('',*,*,#1785,.F.);
#1211=ORIENTED_EDGE('',*,*,#1782,.F.);
#1212=ORIENTED_EDGE('',*,*,#1779,.F.);
#1213=ORIENTED_EDGE('',*,*,#1681,.T.);
#1214=ORIENTED_EDGE('',*,*,#1778,.T.);
#1215=ORIENTED_EDGE('',*,*,#1781,.T.);
#1216=ORIENTED_EDGE('',*,*,#1784,.T.);
#1217=ORIENTED_EDGE('',*,*,#1272,.T.);
#1218=ORIENTED_EDGE('',*,*,#1786,.F.);
#1219=ORIENTED_EDGE('',*,*,#1787,.T.);
#1220=ORIENTED_EDGE('',*,*,#1788,.T.);
#1221=ORIENTED_EDGE('',*,*,#1789,.F.);
#1222=ORIENTED_EDGE('',*,*,#1790,.F.);
#1223=ORIENTED_EDGE('',*,*,#1786,.T.);
#1224=ORIENTED_EDGE('',*,*,#1791,.F.);
#1225=ORIENTED_EDGE('',*,*,#1792,.T.);
#1226=ORIENTED_EDGE('',*,*,#1793,.F.);
#1227=ORIENTED_EDGE('',*,*,#1794,.F.);
#1228=ORIENTED_EDGE('',*,*,#1795,.T.);
#1229=ORIENTED_EDGE('',*,*,#1796,.F.);
#1230=ORIENTED_EDGE('',*,*,#1797,.T.);
#1231=ORIENTED_EDGE('',*,*,#1798,.T.);
#1232=ORIENTED_EDGE('',*,*,#1799,.T.);
#1233=ORIENTED_EDGE('',*,*,#1788,.F.);
#1234=ORIENTED_EDGE('',*,*,#1800,.T.);
#1235=ORIENTED_EDGE('',*,*,#1801,.F.);
#1236=ORIENTED_EDGE('',*,*,#1802,.F.);
#1237=ORIENTED_EDGE('',*,*,#1793,.T.);
#1238=ORIENTED_EDGE('',*,*,#1803,.F.);
#1239=ORIENTED_EDGE('',*,*,#1804,.F.);
#1240=ORIENTED_EDGE('',*,*,#1805,.T.);
#1241=ORIENTED_EDGE('',*,*,#1801,.T.);
#1242=ORIENTED_EDGE('',*,*,#1806,.T.);
#1243=ORIENTED_EDGE('',*,*,#1807,.F.);
#1244=ORIENTED_EDGE('',*,*,#1808,.F.);
#1245=ORIENTED_EDGE('',*,*,#1804,.T.);
#1246=ORIENTED_EDGE('',*,*,#1809,.T.);
#1247=ORIENTED_EDGE('',*,*,#1797,.F.);
#1248=ORIENTED_EDGE('',*,*,#1810,.F.);
#1249=ORIENTED_EDGE('',*,*,#1807,.T.);
#1250=ORIENTED_EDGE('',*,*,#1796,.T.);
#1251=ORIENTED_EDGE('',*,*,#1811,.F.);
#1252=ORIENTED_EDGE('',*,*,#1794,.T.);
#1253=ORIENTED_EDGE('',*,*,#1802,.T.);
#1254=ORIENTED_EDGE('',*,*,#1805,.F.);
#1255=ORIENTED_EDGE('',*,*,#1808,.T.);
#1256=ORIENTED_EDGE('',*,*,#1810,.T.);
#1257=ORIENTED_EDGE('',*,*,#1800,.F.);
#1258=ORIENTED_EDGE('',*,*,#1792,.F.);
#1259=ORIENTED_EDGE('',*,*,#1812,.T.);
#1260=ORIENTED_EDGE('',*,*,#1798,.F.);
#1261=ORIENTED_EDGE('',*,*,#1809,.F.);
#1262=ORIENTED_EDGE('',*,*,#1806,.F.);
#1263=ORIENTED_EDGE('',*,*,#1803,.T.);
#1264=ORIENTED_EDGE('',*,*,#1791,.T.);
#1265=ORIENTED_EDGE('',*,*,#1789,.T.);
#1266=ORIENTED_EDGE('',*,*,#1799,.F.);
#1267=ORIENTED_EDGE('',*,*,#1812,.F.);
#1268=ORIENTED_EDGE('',*,*,#1790,.T.);
#1269=ORIENTED_EDGE('',*,*,#1811,.T.);
#1270=ORIENTED_EDGE('',*,*,#1795,.F.);
#1271=ORIENTED_EDGE('',*,*,#1787,.F.);
#1272=EDGE_CURVE('',#1813,#1814,#2167,.T.);
#1273=EDGE_CURVE('',#1815,#1813,#2168,.T.);
#1274=EDGE_CURVE('',#1815,#1816,#86,.F.);
#1275=EDGE_CURVE('',#1816,#1817,#2169,.T.);
#1276=EDGE_CURVE('',#1818,#1817,#87,.F.);
#1277=EDGE_CURVE('',#1818,#1819,#2170,.T.);
#1278=EDGE_CURVE('',#1820,#1819,#2171,.T.);
#1279=EDGE_CURVE('',#1821,#1820,#2172,.T.);
#1280=EDGE_CURVE('',#1822,#1821,#88,.T.);
#1281=EDGE_CURVE('',#1823,#1822,#2173,.T.);
#1282=EDGE_CURVE('',#1814,#1823,#2174,.T.);
#1283=EDGE_CURVE('',#1824,#1825,#2175,.T.);
#1284=EDGE_CURVE('',#1825,#1826,#2176,.T.);
#1285=EDGE_CURVE('',#1826,#1827,#2177,.T.);
#1286=EDGE_CURVE('',#1827,#1824,#2178,.T.);
#1287=EDGE_CURVE('',#1828,#1829,#2179,.T.);
#1288=EDGE_CURVE('',#1829,#1830,#2180,.T.);
#1289=EDGE_CURVE('',#1830,#1831,#2181,.T.);
#1290=EDGE_CURVE('',#1831,#1828,#2182,.T.);
#1291=EDGE_CURVE('',#1832,#1833,#2183,.T.);
#1292=EDGE_CURVE('',#1832,#1834,#2184,.T.);
#1293=EDGE_CURVE('',#1835,#1834,#2185,.T.);
#1294=EDGE_CURVE('',#1836,#1835,#2186,.T.);
#1295=EDGE_CURVE('',#1836,#1837,#2187,.T.);
#1296=EDGE_CURVE('',#1837,#1838,#2188,.T.);
#1297=EDGE_CURVE('',#1839,#1838,#2189,.T.);
#1298=EDGE_CURVE('',#1840,#1839,#2190,.T.);
#1299=EDGE_CURVE('',#1841,#1840,#2191,.T.);
#1300=EDGE_CURVE('',#1841,#1842,#2192,.T.);
#1301=EDGE_CURVE('',#1843,#1842,#2193,.T.);
#1302=EDGE_CURVE('',#1844,#1843,#2194,.T.);
#1303=EDGE_CURVE('',#1845,#1844,#2195,.T.);
#1304=EDGE_CURVE('',#1845,#1846,#2196,.T.);
#1305=EDGE_CURVE('',#1847,#1846,#2197,.T.);
#1306=EDGE_CURVE('',#1848,#1847,#2198,.T.);
#1307=EDGE_CURVE('',#1849,#1848,#2199,.T.);
#1308=EDGE_CURVE('',#1849,#1850,#2200,.T.);
#1309=EDGE_CURVE('',#1851,#1850,#2201,.T.);
#1310=EDGE_CURVE('',#1833,#1851,#2202,.T.);
#1311=EDGE_CURVE('',#1852,#1852,#89,.F.);
#1312=EDGE_CURVE('',#1853,#1853,#90,.F.);
#1313=EDGE_CURVE('',#1854,#1855,#2203,.T.);
#1314=EDGE_CURVE('',#1855,#1856,#2204,.T.);
#1315=EDGE_CURVE('',#1856,#1857,#2205,.T.);
#1316=EDGE_CURVE('',#1857,#1854,#2206,.T.);
#1317=EDGE_CURVE('',#1858,#1859,#2207,.T.);
#1318=EDGE_CURVE('',#1859,#1860,#2208,.T.);
#1319=EDGE_CURVE('',#1860,#1861,#2209,.T.);
#1320=EDGE_CURVE('',#1861,#1858,#2210,.T.);
#1321=EDGE_CURVE('',#1850,#1862,#2211,.T.);
#1322=EDGE_CURVE('',#1863,#1849,#2212,.T.);
#1323=EDGE_CURVE('',#1863,#1864,#2213,.T.);
#1324=EDGE_CURVE('',#1846,#1864,#2214,.T.);
#1325=EDGE_CURVE('',#1865,#1845,#2215,.T.);
#1326=EDGE_CURVE('',#1865,#1866,#2216,.T.);
#1327=EDGE_CURVE('',#1842,#1866,#2217,.T.);
#1328=EDGE_CURVE('',#1867,#1841,#2218,.T.);
#1329=EDGE_CURVE('',#1867,#1868,#2219,.T.);
#1330=EDGE_CURVE('',#1838,#1868,#2220,.T.);
#1331=EDGE_CURVE('',#1869,#1837,#2221,.T.);
#1332=EDGE_CURVE('',#1870,#1869,#2222,.T.);
#1333=EDGE_CURVE('',#1871,#1870,#2223,.T.);
#1334=EDGE_CURVE('',#1872,#1871,#2224,.T.);
#1335=EDGE_CURVE('',#1872,#1873,#2225,.T.);
#1336=EDGE_CURVE('',#1874,#1873,#2226,.T.);
#1337=EDGE_CURVE('',#1875,#1874,#2227,.T.);
#1338=EDGE_CURVE('',#1876,#1875,#2228,.T.);
#1339=EDGE_CURVE('',#1877,#1876,#2229,.T.);
#1340=EDGE_CURVE('',#1878,#1877,#2230,.T.);
#1341=EDGE_CURVE('',#1834,#1878,#2231,.T.);
#1342=EDGE_CURVE('',#1879,#1832,#2232,.T.);
#1343=EDGE_CURVE('',#1879,#1862,#2233,.T.);
#1344=EDGE_CURVE('',#1880,#1881,#2234,.T.);
#1345=EDGE_CURVE('',#1880,#1882,#2235,.T.);
#1346=EDGE_CURVE('',#1883,#1882,#2236,.T.);
#1347=EDGE_CURVE('',#1884,#1883,#2237,.T.);
#1348=EDGE_CURVE('',#1885,#1884,#91,.T.);
#1349=EDGE_CURVE('',#1886,#1885,#2238,.T.);
#1350=EDGE_CURVE('',#1886,#1887,#2239,.T.);
#1351=EDGE_CURVE('',#1887,#1888,#2240,.T.);
#1352=EDGE_CURVE('',#1889,#1888,#92,.F.);
#1353=EDGE_CURVE('',#1889,#1890,#2241,.T.);
#1354=EDGE_CURVE('',#1890,#1881,#93,.F.);
#1355=EDGE_CURVE('',#1874,#1891,#2242,.T.);
#1356=EDGE_CURVE('',#1892,#1873,#2243,.T.);
#1357=EDGE_CURVE('',#1893,#1892,#94,.T.);
#1358=EDGE_CURVE('',#1894,#1893,#2244,.T.);
#1359=EDGE_CURVE('',#1895,#1894,#2245,.T.);
#1360=EDGE_CURVE('',#1895,#1896,#2246,.T.);
#1361=EDGE_CURVE('',#1897,#1896,#95,.F.);
#1362=EDGE_CURVE('',#1897,#1898,#2247,.T.);
#1363=EDGE_CURVE('',#1898,#1899,#96,.F.);
#1364=EDGE_CURVE('',#1899,#1900,#2248,.T.);
#1365=EDGE_CURVE('',#1900,#1901,#97,.F.);
#1366=EDGE_CURVE('',#1901,#1902,#2249,.T.);
#1367=EDGE_CURVE('',#1903,#1902,#98,.F.);
#1368=EDGE_CURVE('',#1903,#1904,#2250,.T.);
#1369=EDGE_CURVE('',#1904,#1905,#2251,.T.);
#1370=EDGE_CURVE('',#1906,#1905,#2252,.T.);
#1371=EDGE_CURVE('',#1891,#1906,#99,.T.);
#1372=EDGE_CURVE('',#1907,#1908,#2253,.T.);
#1373=EDGE_CURVE('',#1907,#1877,#2254,.T.);
#1374=EDGE_CURVE('',#1908,#1876,#2255,.T.);
#1375=EDGE_CURVE('',#1909,#1870,#2256,.T.);
#1376=EDGE_CURVE('',#1909,#1910,#2257,.T.);
#1377=EDGE_CURVE('',#1871,#1910,#2258,.T.);
#1378=EDGE_CURVE('',#1911,#1912,#2259,.T.);
#1379=EDGE_CURVE('',#1913,#1912,#2260,.T.);
#1380=EDGE_CURVE('',#1913,#1914,#2261,.T.);
#1381=EDGE_CURVE('',#1914,#1911,#2262,.T.);
#1382=EDGE_CURVE('',#1886,#1915,#2263,.T.);
#1383=EDGE_CURVE('',#1915,#1916,#2264,.T.);
#1384=EDGE_CURVE('',#1917,#1916,#100,.T.);
#1385=EDGE_CURVE('',#1887,#1917,#2265,.T.);
#1386=EDGE_CURVE('',#1918,#1919,#2266,.T.);
#1387=EDGE_CURVE('',#1920,#1919,#2267,.T.);
#1388=EDGE_CURVE('',#1920,#1921,#2268,.T.);
#1389=EDGE_CURVE('',#1918,#1921,#2269,.T.);
#1390=EDGE_CURVE('',#1922,#1820,#2270,.T.);
#1391=EDGE_CURVE('',#1819,#1923,#2271,.T.);
#1392=EDGE_CURVE('',#1923,#1924,#101,.T.);
#1393=EDGE_CURVE('',#1922,#1924,#2272,.T.);
#1394=EDGE_CURVE('',#1924,#1925,#2273,.T.);
#1395=EDGE_CURVE('',#1924,#1926,#102,.T.);
#1396=EDGE_CURVE('',#1920,#1926,#103,.T.);
#1397=EDGE_CURVE('',#1919,#1922,#2274,.T.);
#1398=EDGE_CURVE('',#1927,#1922,#2275,.T.);
#1399=EDGE_CURVE('',#1928,#1927,#2276,.T.);
#1400=EDGE_CURVE('',#1928,#1929,#2277,.T.);
#1401=EDGE_CURVE('',#1929,#1930,#104,.T.);
#1402=EDGE_CURVE('',#1931,#1930,#2278,.T.);
#1403=EDGE_CURVE('',#1931,#1932,#2279,.T.);
#1404=EDGE_CURVE('',#1932,#1933,#2280,.T.);
#1405=EDGE_CURVE('',#1933,#1934,#2281,.T.);
#1406=EDGE_CURVE('',#1934,#1935,#2282,.T.);
#1407=EDGE_CURVE('',#1935,#1936,#2283,.T.);
#1408=EDGE_CURVE('',#1936,#1937,#2284,.T.);
#1409=EDGE_CURVE('',#1937,#1938,#105,.T.);
#1410=EDGE_CURVE('',#1939,#1938,#2285,.T.);
#1411=EDGE_CURVE('',#1939,#1909,#2286,.T.);
#1412=EDGE_CURVE('',#1940,#1909,#2287,.T.);
#1413=EDGE_CURVE('',#1941,#1940,#2288,.T.);
#1414=EDGE_CURVE('',#1941,#1942,#2289,.T.);
#1415=EDGE_CURVE('',#1943,#1942,#106,.T.);
#1416=EDGE_CURVE('',#1943,#1925,#107,.T.);
#1417=EDGE_CURVE('',#1916,#1944,#2290,.T.);
#1418=EDGE_CURVE('',#1945,#1944,#108,.T.);
#1419=EDGE_CURVE('',#1945,#1946,#109,.T.);
#1420=EDGE_CURVE('',#1947,#1946,#2291,.T.);
#1421=EDGE_CURVE('',#1948,#1947,#2292,.T.);
#1422=EDGE_CURVE('',#1948,#1907,#2293,.T.);
#1423=EDGE_CURVE('',#1907,#1949,#2294,.T.);
#1424=EDGE_CURVE('',#1949,#1950,#2295,.T.);
#1425=EDGE_CURVE('',#1951,#1950,#110,.T.);
#1426=EDGE_CURVE('',#1951,#1952,#2296,.T.);
#1427=EDGE_CURVE('',#1953,#1952,#2297,.T.);
#1428=EDGE_CURVE('',#1954,#1953,#2298,.T.);
#1429=EDGE_CURVE('',#1955,#1954,#2299,.T.);
#1430=EDGE_CURVE('',#1956,#1955,#2300,.T.);
#1431=EDGE_CURVE('',#1957,#1956,#2301,.T.);
#1432=EDGE_CURVE('',#1958,#1957,#2302,.T.);
#1433=EDGE_CURVE('',#1959,#1958,#111,.T.);
#1434=EDGE_CURVE('',#1960,#1959,#2303,.T.);
#1435=EDGE_CURVE('',#1961,#1960,#2304,.T.);
#1436=EDGE_CURVE('',#1961,#1915,#2305,.T.);
#1437=EDGE_CURVE('',#1915,#1911,#2306,.T.);
#1438=EDGE_CURVE('',#1914,#1962,#112,.T.);
#1439=EDGE_CURVE('',#1916,#1962,#113,.T.);
#1440=EDGE_CURVE('',#1963,#1904,#2307,.T.);
#1441=EDGE_CURVE('',#1964,#1903,#2308,.T.);
#1442=EDGE_CURVE('',#1965,#1964,#2309,.T.);
#1443=EDGE_CURVE('',#1966,#1965,#114,.T.);
#1444=EDGE_CURVE('',#1967,#1966,#115,.T.);
#1445=EDGE_CURVE('',#1968,#1967,#2310,.T.);
#1446=EDGE_CURVE('',#1968,#1963,#2311,.T.);
#1447=EDGE_CURVE('',#1969,#1895,#2312,.T.);
#1448=EDGE_CURVE('',#1969,#1970,#2313,.T.);
#1449=EDGE_CURVE('',#1971,#1970,#2314,.T.);
#1450=EDGE_CURVE('',#1972,#1971,#116,.T.);
#1451=EDGE_CURVE('',#1973,#1972,#117,.T.);
#1452=EDGE_CURVE('',#1974,#1973,#2315,.T.);
#1453=EDGE_CURVE('',#1974,#1896,#2316,.T.);
#1454=EDGE_CURVE('',#1975,#1818,#2317,.T.);
#1455=EDGE_CURVE('',#1976,#1975,#2318,.T.);
#1456=EDGE_CURVE('',#1977,#1976,#118,.T.);
#1457=EDGE_CURVE('',#1978,#1977,#119,.T.);
#1458=EDGE_CURVE('',#1979,#1978,#2319,.T.);
#1459=EDGE_CURVE('',#1923,#1979,#2320,.T.);
#1460=EDGE_CURVE('',#1980,#1917,#2321,.T.);
#1461=EDGE_CURVE('',#1981,#1980,#2322,.T.);
#1462=EDGE_CURVE('',#1982,#1981,#120,.T.);
#1463=EDGE_CURVE('',#1983,#1982,#121,.T.);
#1464=EDGE_CURVE('',#1984,#1983,#2323,.T.);
#1465=EDGE_CURVE('',#1984,#1888,#2324,.T.);
#1466=EDGE_CURVE('',#1934,#1985,#25,.T.);
#1467=EDGE_CURVE('',#1986,#1933,#26,.T.);
#1468=EDGE_CURVE('',#1986,#1987,#27,.T.);
#1469=EDGE_CURVE('',#1987,#1988,#2325,.T.);
#1470=EDGE_CURVE('',#1988,#1985,#28,.T.);
#1471=EDGE_CURVE('',#1935,#1989,#122,.T.);
#1472=EDGE_CURVE('',#1989,#1990,#2326,.T.);
#1473=EDGE_CURVE('',#1990,#1936,#123,.T.);
#1474=EDGE_CURVE('',#1991,#1954,#29,.T.);
#1475=EDGE_CURVE('',#1991,#1992,#30,.T.);
#1476=EDGE_CURVE('',#1992,#1993,#2327,.F.);
#1477=EDGE_CURVE('',#1993,#1994,#31,.T.);
#1478=EDGE_CURVE('',#1955,#1994,#32,.T.);
#1479=EDGE_CURVE('',#1995,#1953,#124,.T.);
#1480=EDGE_CURVE('',#1952,#1996,#125,.T.);
#1481=EDGE_CURVE('',#1995,#1996,#2328,.T.);
#1482=EDGE_CURVE('',#1997,#1998,#2329,.T.);
#1483=EDGE_CURVE('',#1998,#1999,#126,.F.);
#1484=EDGE_CURVE('',#2000,#1999,#2330,.T.);
#1485=EDGE_CURVE('',#2001,#2000,#2331,.T.);
#1486=EDGE_CURVE('',#2001,#1997,#2332,.T.);
#1487=EDGE_CURVE('',#1999,#2002,#2333,.T.);
#1488=EDGE_CURVE('',#2003,#2002,#2334,.T.);
#1489=EDGE_CURVE('',#2000,#2003,#2335,.T.);
#1490=EDGE_CURVE('',#2004,#2005,#2336,.T.);
#1491=EDGE_CURVE('',#2003,#2004,#2337,.T.);
#1492=EDGE_CURVE('',#2006,#2002,#127,.T.);
#1493=EDGE_CURVE('',#2005,#2006,#2338,.T.);
#1494=EDGE_CURVE('',#2007,#2008,#128,.T.);
#1495=EDGE_CURVE('',#1995,#2007,#2339,.T.);
#1496=EDGE_CURVE('',#1996,#2009,#2340,.T.);
#1497=EDGE_CURVE('',#2008,#2009,#2341,.T.);
#1498=EDGE_CURVE('',#2010,#2008,#2342,.T.);
#1499=EDGE_CURVE('',#2009,#2011,#2343,.T.);
#1500=EDGE_CURVE('',#2010,#2011,#2344,.T.);
#1501=EDGE_CURVE('',#2012,#2013,#2345,.T.);
#1502=EDGE_CURVE('',#2013,#2010,#129,.F.);
#1503=EDGE_CURVE('',#2011,#2014,#2346,.T.);
#1504=EDGE_CURVE('',#2012,#2014,#2347,.T.);
#1505=EDGE_CURVE('',#2012,#2015,#130,.T.);
#1506=EDGE_CURVE('',#2016,#2014,#131,.T.);
#1507=EDGE_CURVE('',#2015,#2016,#2348,.T.);
#1508=EDGE_CURVE('',#1997,#2017,#132,.T.);
#1509=EDGE_CURVE('',#2001,#2018,#133,.T.);
#1510=EDGE_CURVE('',#2018,#2017,#2349,.T.);
#1511=EDGE_CURVE('',#1813,#1880,#2350,.T.);
#1512=EDGE_CURVE('',#2019,#1881,#2351,.T.);
#1513=EDGE_CURVE('',#2019,#2020,#2352,.T.);
#1514=EDGE_CURVE('',#2020,#1815,#2353,.T.);
#1515=EDGE_CURVE('',#2021,#2022,#2354,.T.);
#1516=EDGE_CURVE('',#2023,#2022,#134,.T.);
#1517=EDGE_CURVE('',#2023,#2024,#2355,.T.);
#1518=EDGE_CURVE('',#2024,#1958,#2356,.T.);
#1519=EDGE_CURVE('',#1957,#2025,#135,.T.);
#1520=EDGE_CURVE('',#2025,#2026,#2357,.T.);
#1521=EDGE_CURVE('',#2026,#2021,#2358,.T.);
#1522=EDGE_CURVE('',#2027,#2028,#2359,.T.);
#1523=EDGE_CURVE('',#1937,#2027,#2360,.T.);
#1524=EDGE_CURVE('',#2029,#1990,#2361,.T.);
#1525=EDGE_CURVE('',#2030,#2029,#2362,.T.);
#1526=EDGE_CURVE('',#2031,#2030,#2363,.T.);
#1527=EDGE_CURVE('',#2031,#2028,#136,.T.);
#1528=EDGE_CURVE('',#2032,#1899,#2364,.T.);
#1529=EDGE_CURVE('',#2033,#2032,#2365,.T.);
#1530=EDGE_CURVE('',#2033,#1900,#2366,.T.);
#1531=EDGE_CURVE('',#2034,#2035,#137,.F.);
#1532=EDGE_CURVE('',#2035,#2036,#2367,.T.);
#1533=EDGE_CURVE('',#2036,#2031,#2368,.T.);
#1534=EDGE_CURVE('',#2034,#2030,#2369,.T.);
#1535=EDGE_CURVE('',#2037,#2029,#2370,.T.);
#1536=EDGE_CURVE('',#2034,#2037,#2371,.T.);
#1537=EDGE_CURVE('',#2038,#1989,#2372,.T.);
#1538=EDGE_CURVE('',#2037,#2038,#138,.T.);
#1539=EDGE_CURVE('',#2005,#1932,#139,.T.);
#1540=EDGE_CURVE('',#2004,#1931,#140,.T.);
#1541=EDGE_CURVE('',#1956,#2039,#141,.T.);
#1542=EDGE_CURVE('',#2025,#2039,#2373,.T.);
#1543=EDGE_CURVE('',#2026,#2040,#2374,.T.);
#1544=EDGE_CURVE('',#2041,#2039,#2375,.T.);
#1545=EDGE_CURVE('',#2040,#2041,#142,.T.);
#1546=EDGE_CURVE('',#2042,#2040,#2376,.T.);
#1547=EDGE_CURVE('',#2021,#2042,#2377,.T.);
#1548=EDGE_CURVE('',#2042,#2043,#143,.F.);
#1549=EDGE_CURVE('',#2043,#2044,#2378,.T.);
#1550=EDGE_CURVE('',#2022,#2044,#2379,.T.);
#1551=EDGE_CURVE('',#2045,#2044,#144,.T.);
#1552=EDGE_CURVE('',#2023,#2045,#2380,.T.);
#1553=EDGE_CURVE('',#1912,#2046,#2381,.T.);
#1554=EDGE_CURVE('',#2047,#2046,#2382,.T.);
#1555=EDGE_CURVE('',#2048,#2047,#2383,.T.);
#1556=EDGE_CURVE('',#2048,#2049,#2384,.T.);
#1557=EDGE_CURVE('',#2049,#2024,#145,.F.);
#1558=EDGE_CURVE('',#2045,#2050,#2385,.T.);
#1559=EDGE_CURVE('',#2051,#2050,#146,.F.);
#1560=EDGE_CURVE('',#2051,#2052,#147,.F.);
#1561=EDGE_CURVE('',#2052,#2053,#2386,.T.);
#1562=EDGE_CURVE('',#2053,#2054,#148,.F.);
#1563=EDGE_CURVE('',#2055,#2054,#149,.F.);
#1564=EDGE_CURVE('',#2055,#2015,#2387,.T.);
#1565=EDGE_CURVE('',#2016,#2056,#2388,.T.);
#1566=EDGE_CURVE('',#2056,#2057,#150,.F.);
#1567=EDGE_CURVE('',#2058,#2057,#2389,.T.);
#1568=EDGE_CURVE('',#2058,#2059,#2390,.T.);
#1569=EDGE_CURVE('',#2059,#2060,#2391,.T.);
#1570=EDGE_CURVE('',#2061,#2060,#2392,.T.);
#1571=EDGE_CURVE('',#2061,#2062,#2393,.T.);
#1572=EDGE_CURVE('',#2063,#2062,#151,.F.);
#1573=EDGE_CURVE('',#2063,#1968,#152,.F.);
#1574=EDGE_CURVE('',#1981,#1967,#2394,.T.);
#1575=EDGE_CURVE('',#1980,#2064,#153,.F.);
#1576=EDGE_CURVE('',#1913,#2064,#154,.F.);
#1577=EDGE_CURVE('',#1983,#1965,#2395,.T.);
#1578=EDGE_CURVE('',#1974,#2065,#155,.T.);
#1579=EDGE_CURVE('',#1976,#1973,#2396,.T.);
#1580=EDGE_CURVE('',#2066,#1975,#156,.T.);
#1581=EDGE_CURVE('',#2066,#2067,#2397,.T.);
#1582=EDGE_CURVE('',#2067,#2020,#157,.T.);
#1583=EDGE_CURVE('',#2019,#2068,#158,.T.);
#1584=EDGE_CURVE('',#2068,#2069,#2398,.T.);
#1585=EDGE_CURVE('',#1984,#2069,#159,.T.);
#1586=EDGE_CURVE('',#2070,#1964,#160,.T.);
#1587=EDGE_CURVE('',#2070,#2071,#2399,.T.);
#1588=EDGE_CURVE('',#2071,#2033,#161,.T.);
#1589=EDGE_CURVE('',#2032,#2072,#162,.T.);
#1590=EDGE_CURVE('',#2072,#2065,#2400,.T.);
#1591=EDGE_CURVE('',#1978,#1971,#2401,.T.);
#1592=EDGE_CURVE('',#2073,#2018,#2402,.T.);
#1593=EDGE_CURVE('',#2073,#2074,#163,.F.);
#1594=EDGE_CURVE('',#2075,#2074,#2403,.T.);
#1595=EDGE_CURVE('',#2076,#2075,#2404,.T.);
#1596=EDGE_CURVE('',#2076,#2077,#2405,.T.);
#1597=EDGE_CURVE('',#2077,#1918,#2406,.T.);
#1598=EDGE_CURVE('',#2078,#1921,#164,.F.);
#1599=EDGE_CURVE('',#2078,#1979,#165,.F.);
#1600=EDGE_CURVE('',#1970,#2079,#166,.F.);
#1601=EDGE_CURVE('',#2080,#2079,#167,.F.);
#1602=EDGE_CURVE('',#2080,#2081,#2407,.T.);
#1603=EDGE_CURVE('',#2082,#2081,#2408,.T.);
#1604=EDGE_CURVE('',#2083,#2082,#2409,.T.);
#1605=EDGE_CURVE('',#2083,#2084,#2410,.T.);
#1606=EDGE_CURVE('',#2084,#2085,#2411,.T.);
#1607=EDGE_CURVE('',#2085,#2027,#168,.F.);
#1608=EDGE_CURVE('',#2086,#2028,#2412,.T.);
#1609=EDGE_CURVE('',#2086,#2087,#2413,.T.);
#1610=EDGE_CURVE('',#2088,#2087,#169,.F.);
#1611=EDGE_CURVE('',#2088,#2089,#170,.F.);
#1612=EDGE_CURVE('',#2089,#2090,#2414,.T.);
#1613=EDGE_CURVE('',#2090,#2091,#171,.F.);
#1614=EDGE_CURVE('',#2092,#2091,#172,.F.);
#1615=EDGE_CURVE('',#2092,#2017,#2415,.T.);
#1616=EDGE_CURVE('',#2086,#2036,#173,.T.);
#1617=EDGE_CURVE('',#1930,#2073,#2416,.T.);
#1618=EDGE_CURVE('',#1951,#2056,#2417,.F.);
#1619=EDGE_CURVE('',#2070,#1902,#2418,.T.);
#1620=EDGE_CURVE('',#2071,#1901,#2419,.T.);
#1621=EDGE_CURVE('',#2072,#1898,#2420,.T.);
#1622=EDGE_CURVE('',#2065,#1897,#2421,.T.);
#1623=EDGE_CURVE('',#2066,#1817,#2422,.T.);
#1624=EDGE_CURVE('',#2067,#1816,#2423,.T.);
#1625=EDGE_CURVE('',#2068,#1890,#2424,.T.);
#1626=EDGE_CURVE('',#2069,#1889,#2425,.T.);
#1627=EDGE_CURVE('',#2035,#2038,#2426,.T.);
#1628=EDGE_CURVE('',#1935,#2086,#2427,.T.);
#1629=EDGE_CURVE('',#1998,#2006,#2428,.T.);
#1630=EDGE_CURVE('',#1932,#2017,#2429,.T.);
#1631=EDGE_CURVE('',#2013,#2007,#2430,.T.);
#1632=EDGE_CURVE('',#2043,#2041,#2431,.T.);
#1633=EDGE_CURVE('',#2015,#1953,#2432,.T.);
#1634=EDGE_CURVE('',#2045,#1956,#2433,.T.);
#1635=EDGE_CURVE('',#2064,#1962,#2434,.T.);
#1636=EDGE_CURVE('',#2049,#1959,#2435,.T.);
#1637=EDGE_CURVE('',#2057,#1950,#2436,.T.);
#1638=EDGE_CURVE('',#1947,#2061,#2437,.T.);
#1639=EDGE_CURVE('',#2062,#1946,#2438,.T.);
#1640=EDGE_CURVE('',#2063,#1945,#2439,.T.);
#1641=EDGE_CURVE('',#1944,#1963,#174,.T.);
#1642=EDGE_CURVE('',#2055,#1954,#2440,.T.);
#1643=EDGE_CURVE('',#2054,#1991,#2441,.T.);
#1644=EDGE_CURVE('',#2053,#1992,#2442,.T.);
#1645=EDGE_CURVE('',#2052,#1993,#2443,.T.);
#1646=EDGE_CURVE('',#2051,#1994,#2444,.T.);
#1647=EDGE_CURVE('',#2050,#1955,#2445,.T.);
#1648=EDGE_CURVE('',#1926,#2078,#2446,.T.);
#1649=EDGE_CURVE('',#1929,#2074,#2447,.T.);
#1650=EDGE_CURVE('',#1938,#2085,#2448,.T.);
#1651=EDGE_CURVE('',#2081,#1941,#2449,.T.);
#1652=EDGE_CURVE('',#1942,#2080,#2450,.T.);
#1653=EDGE_CURVE('',#1943,#2079,#2451,.T.);
#1654=EDGE_CURVE('',#1925,#1969,#175,.T.);
#1655=EDGE_CURVE('',#1985,#2088,#2452,.T.);
#1656=EDGE_CURVE('',#1934,#2087,#2453,.T.);
#1657=EDGE_CURVE('',#1988,#2089,#2454,.T.);
#1658=EDGE_CURVE('',#1987,#2090,#2455,.T.);
#1659=EDGE_CURVE('',#1986,#2091,#2456,.T.);
#1660=EDGE_CURVE('',#1933,#2092,#2457,.T.);
#1661=EDGE_CURVE('',#2093,#1961,#2458,.T.);
#1662=EDGE_CURVE('',#2094,#1961,#2459,.T.);
#1663=EDGE_CURVE('',#2095,#2094,#2460,.T.);
#1664=EDGE_CURVE('',#2093,#2095,#2461,.T.);
#1665=EDGE_CURVE('',#1940,#1894,#2462,.T.);
#1666=EDGE_CURVE('',#1925,#1940,#2463,.T.);
#1667=EDGE_CURVE('',#2096,#2097,#2464,.T.);
#1668=EDGE_CURVE('',#2098,#2096,#2465,.T.);
#1669=EDGE_CURVE('',#1927,#2098,#2466,.T.);
#1670=EDGE_CURVE('',#2097,#1927,#2467,.T.);
#1671=EDGE_CURVE('',#2099,#1869,#2468,.T.);
#1672=EDGE_CURVE('',#2097,#2099,#2469,.T.);
#1673=EDGE_CURVE('',#2099,#1836,#2470,.T.);
#1674=EDGE_CURVE('',#2100,#1878,#2471,.T.);
#1675=EDGE_CURVE('',#1835,#2100,#2472,.T.);
#1676=EDGE_CURVE('',#1944,#1948,#2473,.T.);
#1677=EDGE_CURVE('',#2100,#2093,#2474,.T.);
#1678=EDGE_CURVE('',#1948,#1905,#2475,.T.);
#1679=EDGE_CURVE('',#1882,#2101,#2476,.T.);
#1680=EDGE_CURVE('',#2101,#2102,#2477,.T.);
#1681=EDGE_CURVE('',#1814,#2102,#2478,.T.);
#1682=EDGE_CURVE('',#2103,#1823,#2479,.T.);
#1683=EDGE_CURVE('',#2096,#2103,#2480,.T.);
#1684=EDGE_CURVE('',#2104,#2095,#2481,.T.);
#1685=EDGE_CURVE('',#2104,#1883,#2482,.T.);
#1686=EDGE_CURVE('',#2105,#2105,#176,.T.);
#1687=EDGE_CURVE('',#2106,#2106,#177,.T.);
#1688=EDGE_CURVE('',#2107,#2107,#178,.T.);
#1689=EDGE_CURVE('',#2108,#2108,#179,.T.);
#1690=EDGE_CURVE('',#2109,#2077,#2483,.T.);
#1691=EDGE_CURVE('',#2098,#2076,#2484,.T.);
#1692=EDGE_CURVE('',#2098,#2109,#2485,.T.);
#1693=EDGE_CURVE('',#2075,#1928,#2486,.T.);
#1694=EDGE_CURVE('',#2110,#2109,#2487,.T.);
#1695=EDGE_CURVE('',#2110,#1821,#2488,.T.);
#1696=EDGE_CURVE('',#1960,#2048,#2489,.T.);
#1697=EDGE_CURVE('',#2046,#2111,#2490,.T.);
#1698=EDGE_CURVE('',#2094,#2111,#2491,.T.);
#1699=EDGE_CURVE('',#2047,#2094,#2492,.T.);
#1700=EDGE_CURVE('',#2112,#1885,#2493,.T.);
#1701=EDGE_CURVE('',#2111,#2112,#2494,.T.);
#1702=EDGE_CURVE('',#2113,#2082,#2495,.T.);
#1703=EDGE_CURVE('',#1910,#2113,#2496,.T.);
#1704=EDGE_CURVE('',#1910,#2083,#2497,.T.);
#1705=EDGE_CURVE('',#2084,#1939,#2498,.T.);
#1706=EDGE_CURVE('',#2114,#1893,#2499,.T.);
#1707=EDGE_CURVE('',#2113,#2114,#2500,.T.);
#1708=EDGE_CURVE('',#1949,#2058,#2501,.T.);
#1709=EDGE_CURVE('',#2060,#2115,#2502,.T.);
#1710=EDGE_CURVE('',#2059,#1908,#2503,.T.);
#1711=EDGE_CURVE('',#1908,#2115,#2504,.T.);
#1712=EDGE_CURVE('',#2116,#2115,#2505,.T.);
#1713=EDGE_CURVE('',#2116,#1906,#2506,.T.);
#1714=EDGE_CURVE('',#2117,#1892,#2507,.T.);
#1715=EDGE_CURVE('',#2114,#2117,#180,.T.);
#1716=EDGE_CURVE('',#2117,#1872,#2508,.T.);
#1717=EDGE_CURVE('',#2118,#1822,#2509,.T.);
#1718=EDGE_CURVE('',#2103,#2118,#2510,.T.);
#1719=EDGE_CURVE('',#2118,#2110,#181,.T.);
#1720=EDGE_CURVE('',#2119,#1891,#2511,.T.);
#1721=EDGE_CURVE('',#1875,#2119,#2512,.T.);
#1722=EDGE_CURVE('',#2119,#2116,#182,.T.);
#1723=EDGE_CURVE('',#2120,#1884,#2513,.T.);
#1724=EDGE_CURVE('',#2112,#2120,#183,.T.);
#1725=EDGE_CURVE('',#2120,#2104,#2514,.T.);
#1726=EDGE_CURVE('',#2121,#1866,#2515,.T.);
#1727=EDGE_CURVE('',#2121,#1843,#2516,.T.);
#1728=EDGE_CURVE('',#1865,#2122,#2517,.T.);
#1729=EDGE_CURVE('',#2122,#1844,#2518,.T.);
#1730=EDGE_CURVE('',#2122,#2121,#2519,.T.);
#1731=EDGE_CURVE('',#2123,#1864,#2520,.T.);
#1732=EDGE_CURVE('',#2123,#1847,#2521,.T.);
#1733=EDGE_CURVE('',#1863,#2124,#2522,.T.);
#1734=EDGE_CURVE('',#2124,#1848,#2523,.T.);
#1735=EDGE_CURVE('',#2124,#2123,#2524,.T.);
#1736=EDGE_CURVE('',#2125,#1868,#2525,.T.);
#1737=EDGE_CURVE('',#2125,#1839,#2526,.T.);
#1738=EDGE_CURVE('',#1867,#2126,#2527,.T.);
#1739=EDGE_CURVE('',#2126,#1840,#2528,.T.);
#1740=EDGE_CURVE('',#2126,#2125,#2529,.T.);
#1741=EDGE_CURVE('',#2127,#1862,#2530,.T.);
#1742=EDGE_CURVE('',#2127,#1851,#2531,.T.);
#1743=EDGE_CURVE('',#1879,#2128,#2532,.T.);
#1744=EDGE_CURVE('',#2128,#1833,#2533,.T.);
#1745=EDGE_CURVE('',#2128,#2127,#2534,.T.);
#1746=EDGE_CURVE('',#2129,#1828,#2535,.T.);
#1747=EDGE_CURVE('',#2129,#2130,#2536,.T.);
#1748=EDGE_CURVE('',#2130,#1829,#2537,.T.);
#1749=EDGE_CURVE('',#2130,#2131,#2538,.T.);
#1750=EDGE_CURVE('',#2131,#1830,#2539,.T.);
#1751=EDGE_CURVE('',#2131,#2132,#2540,.T.);
#1752=EDGE_CURVE('',#2132,#1831,#2541,.T.);
#1753=EDGE_CURVE('',#2132,#2129,#2542,.T.);
#1754=EDGE_CURVE('',#2133,#1854,#2543,.T.);
#1755=EDGE_CURVE('',#2133,#2134,#2544,.T.);
#1756=EDGE_CURVE('',#2134,#1855,#2545,.T.);
#1757=EDGE_CURVE('',#2134,#2135,#2546,.T.);
#1758=EDGE_CURVE('',#2135,#1856,#2547,.T.);
#1759=EDGE_CURVE('',#2135,#2136,#2548,.T.);
#1760=EDGE_CURVE('',#2136,#1857,#2549,.T.);
#1761=EDGE_CURVE('',#2136,#2133,#2550,.T.);
#1762=EDGE_CURVE('',#2137,#1824,#2551,.T.);
#1763=EDGE_CURVE('',#2137,#2138,#2552,.T.);
#1764=EDGE_CURVE('',#2138,#1825,#2553,.T.);
#1765=EDGE_CURVE('',#2138,#2139,#2554,.T.);
#1766=EDGE_CURVE('',#2139,#1826,#2555,.T.);
#1767=EDGE_CURVE('',#2139,#2140,#2556,.T.);
#1768=EDGE_CURVE('',#2140,#1827,#2557,.T.);
#1769=EDGE_CURVE('',#2140,#2137,#2558,.T.);
#1770=EDGE_CURVE('',#2141,#1858,#2559,.T.);
#1771=EDGE_CURVE('',#2141,#2142,#2560,.T.);
#1772=EDGE_CURVE('',#2142,#1859,#2561,.T.);
#1773=EDGE_CURVE('',#2142,#2143,#2562,.T.);
#1774=EDGE_CURVE('',#2143,#1860,#2563,.T.);
#1775=EDGE_CURVE('',#2143,#2144,#2564,.T.);
#1776=EDGE_CURVE('',#2144,#1861,#2565,.T.);
#1777=EDGE_CURVE('',#2144,#2141,#2566,.T.);
#1778=EDGE_CURVE('',#2102,#2145,#2567,.T.);
#1779=EDGE_CURVE('',#2101,#2146,#2568,.T.);
#1780=EDGE_CURVE('',#2146,#2145,#2569,.T.);
#1781=EDGE_CURVE('',#2145,#2147,#2570,.T.);
#1782=EDGE_CURVE('',#2146,#2148,#2571,.T.);
#1783=EDGE_CURVE('',#2148,#2147,#2572,.T.);
#1784=EDGE_CURVE('',#2147,#1813,#2573,.T.);
#1785=EDGE_CURVE('',#2148,#1880,#2574,.T.);
#1786=EDGE_CURVE('',#2149,#2150,#2575,.T.);
#1787=EDGE_CURVE('',#2149,#2151,#2576,.T.);
#1788=EDGE_CURVE('',#2151,#2152,#2577,.T.);
#1789=EDGE_CURVE('',#2150,#2152,#2578,.T.);
#1790=EDGE_CURVE('',#2149,#2153,#184,.T.);
#1791=EDGE_CURVE('',#2154,#2150,#185,.T.);
#1792=EDGE_CURVE('',#2154,#2155,#2579,.T.);
#1793=EDGE_CURVE('',#2156,#2155,#2580,.T.);
#1794=EDGE_CURVE('',#2153,#2156,#2581,.T.);
#1795=EDGE_CURVE('',#2151,#2157,#186,.T.);
#1796=EDGE_CURVE('',#2158,#2157,#2582,.T.);
#1797=EDGE_CURVE('',#2158,#2159,#2583,.T.);
#1798=EDGE_CURVE('',#2159,#2160,#2584,.T.);
#1799=EDGE_CURVE('',#2160,#2152,#187,.T.);
#1800=EDGE_CURVE('',#2155,#2161,#2585,.T.);
#1801=EDGE_CURVE('',#2162,#2161,#2586,.T.);
#1802=EDGE_CURVE('',#2156,#2162,#2587,.T.);
#1803=EDGE_CURVE('',#2163,#2161,#188,.T.);
#1804=EDGE_CURVE('',#2164,#2163,#2588,.T.);
#1805=EDGE_CURVE('',#2164,#2162,#189,.T.);
#1806=EDGE_CURVE('',#2163,#2165,#2589,.T.);
#1807=EDGE_CURVE('',#2166,#2165,#2590,.T.);
#1808=EDGE_CURVE('',#2164,#2166,#2591,.T.);
#1809=EDGE_CURVE('',#2165,#2159,#2592,.T.);
#1810=EDGE_CURVE('',#2166,#2158,#2593,.T.);
#1811=EDGE_CURVE('',#2153,#2157,#2594,.T.);
#1812=EDGE_CURVE('',#2154,#2160,#2595,.T.);
#1813=VERTEX_POINT('',#6388);
#1814=VERTEX_POINT('',#6389);
#1815=VERTEX_POINT('',#6391);
#1816=VERTEX_POINT('',#6393);
#1817=VERTEX_POINT('',#6395);
#1818=VERTEX_POINT('',#6397);
#1819=VERTEX_POINT('',#6399);
#1820=VERTEX_POINT('',#6401);
#1821=VERTEX_POINT('',#6403);
#1822=VERTEX_POINT('',#6405);
#1823=VERTEX_POINT('',#6407);
#1824=VERTEX_POINT('',#6411);
#1825=VERTEX_POINT('',#6412);
#1826=VERTEX_POINT('',#6414);
#1827=VERTEX_POINT('',#6416);
#1828=VERTEX_POINT('',#6419);
#1829=VERTEX_POINT('',#6420);
#1830=VERTEX_POINT('',#6422);
#1831=VERTEX_POINT('',#6424);
#1832=VERTEX_POINT('',#6427);
#1833=VERTEX_POINT('',#6428);
#1834=VERTEX_POINT('',#6430);
#1835=VERTEX_POINT('',#6432);
#1836=VERTEX_POINT('',#6434);
#1837=VERTEX_POINT('',#6436);
#1838=VERTEX_POINT('',#6438);
#1839=VERTEX_POINT('',#6440);
#1840=VERTEX_POINT('',#6442);
#1841=VERTEX_POINT('',#6444);
#1842=VERTEX_POINT('',#6446);
#1843=VERTEX_POINT('',#6448);
#1844=VERTEX_POINT('',#6450);
#1845=VERTEX_POINT('',#6452);
#1846=VERTEX_POINT('',#6454);
#1847=VERTEX_POINT('',#6456);
#1848=VERTEX_POINT('',#6458);
#1849=VERTEX_POINT('',#6460);
#1850=VERTEX_POINT('',#6462);
#1851=VERTEX_POINT('',#6464);
#1852=VERTEX_POINT('',#6467);
#1853=VERTEX_POINT('',#6469);
#1854=VERTEX_POINT('',#6471);
#1855=VERTEX_POINT('',#6472);
#1856=VERTEX_POINT('',#6474);
#1857=VERTEX_POINT('',#6476);
#1858=VERTEX_POINT('',#6479);
#1859=VERTEX_POINT('',#6480);
#1860=VERTEX_POINT('',#6482);
#1861=VERTEX_POINT('',#6484);
#1862=VERTEX_POINT('',#6488);
#1863=VERTEX_POINT('',#6490);
#1864=VERTEX_POINT('',#6492);
#1865=VERTEX_POINT('',#6495);
#1866=VERTEX_POINT('',#6497);
#1867=VERTEX_POINT('',#6500);
#1868=VERTEX_POINT('',#6502);
#1869=VERTEX_POINT('',#6505);
#1870=VERTEX_POINT('',#6507);
#1871=VERTEX_POINT('',#6509);
#1872=VERTEX_POINT('',#6511);
#1873=VERTEX_POINT('',#6513);
#1874=VERTEX_POINT('',#6515);
#1875=VERTEX_POINT('',#6517);
#1876=VERTEX_POINT('',#6519);
#1877=VERTEX_POINT('',#6521);
#1878=VERTEX_POINT('',#6523);
#1879=VERTEX_POINT('',#6526);
#1880=VERTEX_POINT('',#6530);
#1881=VERTEX_POINT('',#6531);
#1882=VERTEX_POINT('',#6533);
#1883=VERTEX_POINT('',#6535);
#1884=VERTEX_POINT('',#6537);
#1885=VERTEX_POINT('',#6539);
#1886=VERTEX_POINT('',#6541);
#1887=VERTEX_POINT('',#6543);
#1888=VERTEX_POINT('',#6545);
#1889=VERTEX_POINT('',#6547);
#1890=VERTEX_POINT('',#6549);
#1891=VERTEX_POINT('',#6553);
#1892=VERTEX_POINT('',#6555);
#1893=VERTEX_POINT('',#6557);
#1894=VERTEX_POINT('',#6559);
#1895=VERTEX_POINT('',#6561);
#1896=VERTEX_POINT('',#6563);
#1897=VERTEX_POINT('',#6565);
#1898=VERTEX_POINT('',#6567);
#1899=VERTEX_POINT('',#6569);
#1900=VERTEX_POINT('',#6571);
#1901=VERTEX_POINT('',#6573);
#1902=VERTEX_POINT('',#6575);
#1903=VERTEX_POINT('',#6577);
#1904=VERTEX_POINT('',#6579);
#1905=VERTEX_POINT('',#6581);
#1906=VERTEX_POINT('',#6583);
#1907=VERTEX_POINT('',#6587);
#1908=VERTEX_POINT('',#6588);
#1909=VERTEX_POINT('',#6593);
#1910=VERTEX_POINT('',#6595);
#1911=VERTEX_POINT('',#6599);
#1912=VERTEX_POINT('',#6600);
#1913=VERTEX_POINT('',#6602);
#1914=VERTEX_POINT('',#6604);
#1915=VERTEX_POINT('',#6608);
#1916=VERTEX_POINT('',#6610);
#1917=VERTEX_POINT('',#6612);
#1918=VERTEX_POINT('',#6616);
#1919=VERTEX_POINT('',#6617);
#1920=VERTEX_POINT('',#6619);
#1921=VERTEX_POINT('',#6621);
#1922=VERTEX_POINT('',#6625);
#1923=VERTEX_POINT('',#6627);
#1924=VERTEX_POINT('',#6629);
#1925=VERTEX_POINT('',#6633);
#1926=VERTEX_POINT('',#6635);
#1927=VERTEX_POINT('',#6639);
#1928=VERTEX_POINT('',#6641);
#1929=VERTEX_POINT('',#6643);
#1930=VERTEX_POINT('',#6645);
#1931=VERTEX_POINT('',#6647);
#1932=VERTEX_POINT('',#6649);
#1933=VERTEX_POINT('',#6651);
#1934=VERTEX_POINT('',#6653);
#1935=VERTEX_POINT('',#6655);
#1936=VERTEX_POINT('',#6657);
#1937=VERTEX_POINT('',#6659);
#1938=VERTEX_POINT('',#6661);
#1939=VERTEX_POINT('',#6663);
#1940=VERTEX_POINT('',#6666);
#1941=VERTEX_POINT('',#6668);
#1942=VERTEX_POINT('',#6670);
#1943=VERTEX_POINT('',#6672);
#1944=VERTEX_POINT('',#6676);
#1945=VERTEX_POINT('',#6678);
#1946=VERTEX_POINT('',#6680);
#1947=VERTEX_POINT('',#6682);
#1948=VERTEX_POINT('',#6684);
#1949=VERTEX_POINT('',#6687);
#1950=VERTEX_POINT('',#6689);
#1951=VERTEX_POINT('',#6691);
#1952=VERTEX_POINT('',#6693);
#1953=VERTEX_POINT('',#6695);
#1954=VERTEX_POINT('',#6697);
#1955=VERTEX_POINT('',#6699);
#1956=VERTEX_POINT('',#6701);
#1957=VERTEX_POINT('',#6703);
#1958=VERTEX_POINT('',#6705);
#1959=VERTEX_POINT('',#6707);
#1960=VERTEX_POINT('',#6709);
#1961=VERTEX_POINT('',#6711);
#1962=VERTEX_POINT('',#6715);
#1963=VERTEX_POINT('',#6719);
#1964=VERTEX_POINT('',#6721);
#1965=VERTEX_POINT('',#6723);
#1966=VERTEX_POINT('',#6725);
#1967=VERTEX_POINT('',#6727);
#1968=VERTEX_POINT('',#6729);
#1969=VERTEX_POINT('',#6733);
#1970=VERTEX_POINT('',#6735);
#1971=VERTEX_POINT('',#6737);
#1972=VERTEX_POINT('',#6739);
#1973=VERTEX_POINT('',#6741);
#1974=VERTEX_POINT('',#6743);
#1975=VERTEX_POINT('',#6747);
#1976=VERTEX_POINT('',#6749);
#1977=VERTEX_POINT('',#6751);
#1978=VERTEX_POINT('',#6753);
#1979=VERTEX_POINT('',#6755);
#1980=VERTEX_POINT('',#6759);
#1981=VERTEX_POINT('',#6761);
#1982=VERTEX_POINT('',#6763);
#1983=VERTEX_POINT('',#6765);
#1984=VERTEX_POINT('',#6767);
#1985=VERTEX_POINT('',#6774);
#1986=VERTEX_POINT('',#6779);
#1987=VERTEX_POINT('',#6784);
#1988=VERTEX_POINT('',#6786);
#1989=VERTEX_POINT('',#6793);
#1990=VERTEX_POINT('',#6795);
#1991=VERTEX_POINT('',#6802);
#1992=VERTEX_POINT('',#6807);
#1993=VERTEX_POINT('',#6809);
#1994=VERTEX_POINT('',#6814);
#1995=VERTEX_POINT('',#6821);
#1996=VERTEX_POINT('',#6823);
#1997=VERTEX_POINT('',#6827);
#1998=VERTEX_POINT('',#6828);
#1999=VERTEX_POINT('',#6830);
#2000=VERTEX_POINT('',#6832);
#2001=VERTEX_POINT('',#6834);
#2002=VERTEX_POINT('',#6838);
#2003=VERTEX_POINT('',#6840);
#2004=VERTEX_POINT('',#6844);
#2005=VERTEX_POINT('',#6845);
#2006=VERTEX_POINT('',#6848);
#2007=VERTEX_POINT('',#6852);
#2008=VERTEX_POINT('',#6853);
#2009=VERTEX_POINT('',#6856);
#2010=VERTEX_POINT('',#6860);
#2011=VERTEX_POINT('',#6862);
#2012=VERTEX_POINT('',#6866);
#2013=VERTEX_POINT('',#6867);
#2014=VERTEX_POINT('',#6870);
#2015=VERTEX_POINT('',#6874);
#2016=VERTEX_POINT('',#6876);
#2017=VERTEX_POINT('',#6880);
#2018=VERTEX_POINT('',#6882);
#2019=VERTEX_POINT('',#6887);
#2020=VERTEX_POINT('',#6889);
#2021=VERTEX_POINT('',#6893);
#2022=VERTEX_POINT('',#6894);
#2023=VERTEX_POINT('',#6896);
#2024=VERTEX_POINT('',#6898);
#2025=VERTEX_POINT('',#6901);
#2026=VERTEX_POINT('',#6903);
#2027=VERTEX_POINT('',#6907);
#2028=VERTEX_POINT('',#6908);
#2029=VERTEX_POINT('',#6911);
#2030=VERTEX_POINT('',#6913);
#2031=VERTEX_POINT('',#6915);
#2032=VERTEX_POINT('',#6919);
#2033=VERTEX_POINT('',#6921);
#2034=VERTEX_POINT('',#6925);
#2035=VERTEX_POINT('',#6926);
#2036=VERTEX_POINT('',#6928);
#2037=VERTEX_POINT('',#6933);
#2038=VERTEX_POINT('',#6937);
#2039=VERTEX_POINT('',#6944);
#2040=VERTEX_POINT('',#6948);
#2041=VERTEX_POINT('',#6950);
#2042=VERTEX_POINT('',#6954);
#2043=VERTEX_POINT('',#6958);
#2044=VERTEX_POINT('',#6960);
#2045=VERTEX_POINT('',#6964);
#2046=VERTEX_POINT('',#6968);
#2047=VERTEX_POINT('',#6970);
#2048=VERTEX_POINT('',#6972);
#2049=VERTEX_POINT('',#6974);
#2050=VERTEX_POINT('',#6977);
#2051=VERTEX_POINT('',#6979);
#2052=VERTEX_POINT('',#6981);
#2053=VERTEX_POINT('',#6983);
#2054=VERTEX_POINT('',#6985);
#2055=VERTEX_POINT('',#6987);
#2056=VERTEX_POINT('',#6990);
#2057=VERTEX_POINT('',#6992);
#2058=VERTEX_POINT('',#6994);
#2059=VERTEX_POINT('',#6996);
#2060=VERTEX_POINT('',#6998);
#2061=VERTEX_POINT('',#7000);
#2062=VERTEX_POINT('',#7002);
#2063=VERTEX_POINT('',#7004);
#2064=VERTEX_POINT('',#7008);
#2065=VERTEX_POINT('',#7014);
#2066=VERTEX_POINT('',#7017);
#2067=VERTEX_POINT('',#7019);
#2068=VERTEX_POINT('',#7022);
#2069=VERTEX_POINT('',#7024);
#2070=VERTEX_POINT('',#7027);
#2071=VERTEX_POINT('',#7029);
#2072=VERTEX_POINT('',#7032);
#2073=VERTEX_POINT('',#7038);
#2074=VERTEX_POINT('',#7040);
#2075=VERTEX_POINT('',#7042);
#2076=VERTEX_POINT('',#7044);
#2077=VERTEX_POINT('',#7046);
#2078=VERTEX_POINT('',#7049);
#2079=VERTEX_POINT('',#7052);
#2080=VERTEX_POINT('',#7054);
#2081=VERTEX_POINT('',#7056);
#2082=VERTEX_POINT('',#7058);
#2083=VERTEX_POINT('',#7060);
#2084=VERTEX_POINT('',#7062);
#2085=VERTEX_POINT('',#7064);
#2086=VERTEX_POINT('',#7067);
#2087=VERTEX_POINT('',#7069);
#2088=VERTEX_POINT('',#7071);
#2089=VERTEX_POINT('',#7073);
#2090=VERTEX_POINT('',#7075);
#2091=VERTEX_POINT('',#7077);
#2092=VERTEX_POINT('',#7079);
#2093=VERTEX_POINT('',#7179);
#2094=VERTEX_POINT('',#7181);
#2095=VERTEX_POINT('',#7183);
#2096=VERTEX_POINT('',#7190);
#2097=VERTEX_POINT('',#7191);
#2098=VERTEX_POINT('',#7193);
#2099=VERTEX_POINT('',#7198);
#2100=VERTEX_POINT('',#7204);
#2101=VERTEX_POINT('',#7213);
#2102=VERTEX_POINT('',#7215);
#2103=VERTEX_POINT('',#7218);
#2104=VERTEX_POINT('',#7221);
#2105=VERTEX_POINT('',#7225);
#2106=VERTEX_POINT('',#7228);
#2107=VERTEX_POINT('',#7232);
#2108=VERTEX_POINT('',#7235);
#2109=VERTEX_POINT('',#7239);
#2110=VERTEX_POINT('',#7247);
#2111=VERTEX_POINT('',#7253);
#2112=VERTEX_POINT('',#7259);
#2113=VERTEX_POINT('',#7263);
#2114=VERTEX_POINT('',#7271);
#2115=VERTEX_POINT('',#7277);
#2116=VERTEX_POINT('',#7283);
#2117=VERTEX_POINT('',#7287);
#2118=VERTEX_POINT('',#7294);
#2119=VERTEX_POINT('',#7301);
#2120=VERTEX_POINT('',#7308);
#2121=VERTEX_POINT('',#7315);
#2122=VERTEX_POINT('',#7319);
#2123=VERTEX_POINT('',#7326);
#2124=VERTEX_POINT('',#7330);
#2125=VERTEX_POINT('',#7337);
#2126=VERTEX_POINT('',#7341);
#2127=VERTEX_POINT('',#7348);
#2128=VERTEX_POINT('',#7352);
#2129=VERTEX_POINT('',#7359);
#2130=VERTEX_POINT('',#7361);
#2131=VERTEX_POINT('',#7365);
#2132=VERTEX_POINT('',#7369);
#2133=VERTEX_POINT('',#7376);
#2134=VERTEX_POINT('',#7378);
#2135=VERTEX_POINT('',#7382);
#2136=VERTEX_POINT('',#7386);
#2137=VERTEX_POINT('',#7393);
#2138=VERTEX_POINT('',#7395);
#2139=VERTEX_POINT('',#7399);
#2140=VERTEX_POINT('',#7403);
#2141=VERTEX_POINT('',#7410);
#2142=VERTEX_POINT('',#7412);
#2143=VERTEX_POINT('',#7416);
#2144=VERTEX_POINT('',#7420);
#2145=VERTEX_POINT('',#7427);
#2146=VERTEX_POINT('',#7429);
#2147=VERTEX_POINT('',#7433);
#2148=VERTEX_POINT('',#7435);
#2149=VERTEX_POINT('',#7445);
#2150=VERTEX_POINT('',#7446);
#2151=VERTEX_POINT('',#7448);
#2152=VERTEX_POINT('',#7450);
#2153=VERTEX_POINT('',#7454);
#2154=VERTEX_POINT('',#7456);
#2155=VERTEX_POINT('',#7458);
#2156=VERTEX_POINT('',#7460);
#2157=VERTEX_POINT('',#7464);
#2158=VERTEX_POINT('',#7466);
#2159=VERTEX_POINT('',#7468);
#2160=VERTEX_POINT('',#7470);
#2161=VERTEX_POINT('',#7474);
#2162=VERTEX_POINT('',#7476);
#2163=VERTEX_POINT('',#7480);
#2164=VERTEX_POINT('',#7482);
#2165=VERTEX_POINT('',#7486);
#2166=VERTEX_POINT('',#7488);
#2167=LINE('',#6387,#2596);
#2168=LINE('',#6390,#2597);
#2169=LINE('',#6394,#2598);
#2170=LINE('',#6398,#2599);
#2171=LINE('',#6400,#2600);
#2172=LINE('',#6402,#2601);
#2173=LINE('',#6406,#2602);
#2174=LINE('',#6408,#2603);
#2175=LINE('',#6410,#2604);
#2176=LINE('',#6413,#2605);
#2177=LINE('',#6415,#2606);
#2178=LINE('',#6417,#2607);
#2179=LINE('',#6418,#2608);
#2180=LINE('',#6421,#2609);
#2181=LINE('',#6423,#2610);
#2182=LINE('',#6425,#2611);
#2183=LINE('',#6426,#2612);
#2184=LINE('',#6429,#2613);
#2185=LINE('',#6431,#2614);
#2186=LINE('',#6433,#2615);
#2187=LINE('',#6435,#2616);
#2188=LINE('',#6437,#2617);
#2189=LINE('',#6439,#2618);
#2190=LINE('',#6441,#2619);
#2191=LINE('',#6443,#2620);
#2192=LINE('',#6445,#2621);
#2193=LINE('',#6447,#2622);
#2194=LINE('',#6449,#2623);
#2195=LINE('',#6451,#2624);
#2196=LINE('',#6453,#2625);
#2197=LINE('',#6455,#2626);
#2198=LINE('',#6457,#2627);
#2199=LINE('',#6459,#2628);
#2200=LINE('',#6461,#2629);
#2201=LINE('',#6463,#2630);
#2202=LINE('',#6465,#2631);
#2203=LINE('',#6470,#2632);
#2204=LINE('',#6473,#2633);
#2205=LINE('',#6475,#2634);
#2206=LINE('',#6477,#2635);
#2207=LINE('',#6478,#2636);
#2208=LINE('',#6481,#2637);
#2209=LINE('',#6483,#2638);
#2210=LINE('',#6485,#2639);
#2211=LINE('',#6487,#2640);
#2212=LINE('',#6489,#2641);
#2213=LINE('',#6491,#2642);
#2214=LINE('',#6493,#2643);
#2215=LINE('',#6494,#2644);
#2216=LINE('',#6496,#2645);
#2217=LINE('',#6498,#2646);
#2218=LINE('',#6499,#2647);
#2219=LINE('',#6501,#2648);
#2220=LINE('',#6503,#2649);
#2221=LINE('',#6504,#2650);
#2222=LINE('',#6506,#2651);
#2223=LINE('',#6508,#2652);
#2224=LINE('',#6510,#2653);
#2225=LINE('',#6512,#2654);
#2226=LINE('',#6514,#2655);
#2227=LINE('',#6516,#2656);
#2228=LINE('',#6518,#2657);
#2229=LINE('',#6520,#2658);
#2230=LINE('',#6522,#2659);
#2231=LINE('',#6524,#2660);
#2232=LINE('',#6525,#2661);
#2233=LINE('',#6527,#2662);
#2234=LINE('',#6529,#2663);
#2235=LINE('',#6532,#2664);
#2236=LINE('',#6534,#2665);
#2237=LINE('',#6536,#2666);
#2238=LINE('',#6540,#2667);
#2239=LINE('',#6542,#2668);
#2240=LINE('',#6544,#2669);
#2241=LINE('',#6548,#2670);
#2242=LINE('',#6552,#2671);
#2243=LINE('',#6554,#2672);
#2244=LINE('',#6558,#2673);
#2245=LINE('',#6560,#2674);
#2246=LINE('',#6562,#2675);
#2247=LINE('',#6566,#2676);
#2248=LINE('',#6570,#2677);
#2249=LINE('',#6574,#2678);
#2250=LINE('',#6578,#2679);
#2251=LINE('',#6580,#2680);
#2252=LINE('',#6582,#2681);
#2253=LINE('',#6586,#2682);
#2254=LINE('',#6589,#2683);
#2255=LINE('',#6590,#2684);
#2256=LINE('',#6592,#2685);
#2257=LINE('',#6594,#2686);
#2258=LINE('',#6596,#2687);
#2259=LINE('',#6598,#2688);
#2260=LINE('',#6601,#2689);
#2261=LINE('',#6603,#2690);
#2262=LINE('',#6605,#2691);
#2263=LINE('',#6607,#2692);
#2264=LINE('',#6609,#2693);
#2265=LINE('',#6613,#2694);
#2266=LINE('',#6615,#2695);
#2267=LINE('',#6618,#2696);
#2268=LINE('',#6620,#2697);
#2269=LINE('',#6622,#2698);
#2270=LINE('',#6624,#2699);
#2271=LINE('',#6626,#2700);
#2272=LINE('',#6630,#2701);
#2273=LINE('',#6632,#2702);
#2274=LINE('',#6637,#2703);
#2275=LINE('',#6638,#2704);
#2276=LINE('',#6640,#2705);
#2277=LINE('',#6642,#2706);
#2278=LINE('',#6646,#2707);
#2279=LINE('',#6648,#2708);
#2280=LINE('',#6650,#2709);
#2281=LINE('',#6652,#2710);
#2282=LINE('',#6654,#2711);
#2283=LINE('',#6656,#2712);
#2284=LINE('',#6658,#2713);
#2285=LINE('',#6662,#2714);
#2286=LINE('',#6664,#2715);
#2287=LINE('',#6665,#2716);
#2288=LINE('',#6667,#2717);
#2289=LINE('',#6669,#2718);
#2290=LINE('',#6675,#2719);
#2291=LINE('',#6681,#2720);
#2292=LINE('',#6683,#2721);
#2293=LINE('',#6685,#2722);
#2294=LINE('',#6686,#2723);
#2295=LINE('',#6688,#2724);
#2296=LINE('',#6692,#2725);
#2297=LINE('',#6694,#2726);
#2298=LINE('',#6696,#2727);
#2299=LINE('',#6698,#2728);
#2300=LINE('',#6700,#2729);
#2301=LINE('',#6702,#2730);
#2302=LINE('',#6704,#2731);
#2303=LINE('',#6708,#2732);
#2304=LINE('',#6710,#2733);
#2305=LINE('',#6712,#2734);
#2306=LINE('',#6713,#2735);
#2307=LINE('',#6718,#2736);
#2308=LINE('',#6720,#2737);
#2309=LINE('',#6722,#2738);
#2310=LINE('',#6728,#2739);
#2311=LINE('',#6730,#2740);
#2312=LINE('',#6732,#2741);
#2313=LINE('',#6734,#2742);
#2314=LINE('',#6736,#2743);
#2315=LINE('',#6742,#2744);
#2316=LINE('',#6744,#2745);
#2317=LINE('',#6746,#2746);
#2318=LINE('',#6748,#2747);
#2319=LINE('',#6754,#2748);
#2320=LINE('',#6756,#2749);
#2321=LINE('',#6758,#2750);
#2322=LINE('',#6760,#2751);
#2323=LINE('',#6766,#2752);
#2324=LINE('',#6768,#2753);
#2325=LINE('',#6785,#2754);
#2326=LINE('',#6794,#2755);
#2327=LINE('',#6808,#2756);
#2328=LINE('',#6824,#2757);
#2329=LINE('',#6826,#2758);
#2330=LINE('',#6831,#2759);
#2331=LINE('',#6833,#2760);
#2332=LINE('',#6835,#2761);
#2333=LINE('',#6837,#2762);
#2334=LINE('',#6839,#2763);
#2335=LINE('',#6841,#2764);
#2336=LINE('',#6843,#2765);
#2337=LINE('',#6846,#2766);
#2338=LINE('',#6849,#2767);
#2339=LINE('',#6854,#2768);
#2340=LINE('',#6855,#2769);
#2341=LINE('',#6857,#2770);
#2342=LINE('',#6859,#2771);
#2343=LINE('',#6861,#2772);
#2344=LINE('',#6863,#2773);
#2345=LINE('',#6865,#2774);
#2346=LINE('',#6869,#2775);
#2347=LINE('',#6871,#2776);
#2348=LINE('',#6877,#2777);
#2349=LINE('',#6883,#2778);
#2350=LINE('',#6885,#2779);
#2351=LINE('',#6886,#2780);
#2352=LINE('',#6888,#2781);
#2353=LINE('',#6890,#2782);
#2354=LINE('',#6892,#2783);
#2355=LINE('',#6897,#2784);
#2356=LINE('',#6899,#2785);
#2357=LINE('',#6902,#2786);
#2358=LINE('',#6904,#2787);
#2359=LINE('',#6906,#2788);
#2360=LINE('',#6909,#2789);
#2361=LINE('',#6910,#2790);
#2362=LINE('',#6912,#2791);
#2363=LINE('',#6914,#2792);
#2364=LINE('',#6918,#2793);
#2365=LINE('',#6920,#2794);
#2366=LINE('',#6922,#2795);
#2367=LINE('',#6927,#2796);
#2368=LINE('',#6929,#2797);
#2369=LINE('',#6930,#2798);
#2370=LINE('',#6932,#2799);
#2371=LINE('',#6934,#2800);
#2372=LINE('',#6936,#2801);
#2373=LINE('',#6945,#2802);
#2374=LINE('',#6947,#2803);
#2375=LINE('',#6949,#2804);
#2376=LINE('',#6953,#2805);
#2377=LINE('',#6955,#2806);
#2378=LINE('',#6959,#2807);
#2379=LINE('',#6961,#2808);
#2380=LINE('',#6965,#2809);
#2381=LINE('',#6967,#2810);
#2382=LINE('',#6969,#2811);
#2383=LINE('',#6971,#2812);
#2384=LINE('',#6973,#2813);
#2385=LINE('',#6976,#2814);
#2386=LINE('',#6982,#2815);
#2387=LINE('',#6988,#2816);
#2388=LINE('',#6989,#2817);
#2389=LINE('',#6993,#2818);
#2390=LINE('',#6995,#2819);
#2391=LINE('',#6997,#2820);
#2392=LINE('',#6999,#2821);
#2393=LINE('',#7001,#2822);
#2394=LINE('',#7006,#2823);
#2395=LINE('',#7011,#2824);
#2396=LINE('',#7015,#2825);
#2397=LINE('',#7018,#2826);
#2398=LINE('',#7023,#2827);
#2399=LINE('',#7028,#2828);
#2400=LINE('',#7033,#2829);
#2401=LINE('',#7035,#2830);
#2402=LINE('',#7037,#2831);
#2403=LINE('',#7041,#2832);
#2404=LINE('',#7043,#2833);
#2405=LINE('',#7045,#2834);
#2406=LINE('',#7047,#2835);
#2407=LINE('',#7055,#2836);
#2408=LINE('',#7057,#2837);
#2409=LINE('',#7059,#2838);
#2410=LINE('',#7061,#2839);
#2411=LINE('',#7063,#2840);
#2412=LINE('',#7066,#2841);
#2413=LINE('',#7068,#2842);
#2414=LINE('',#7074,#2843);
#2415=LINE('',#7080,#2844);
#2416=LINE('',#7084,#2845);
#2417=LINE('',#7086,#2846);
#2418=LINE('',#7088,#2847);
#2419=LINE('',#7090,#2848);
#2420=LINE('',#7093,#2849);
#2421=LINE('',#7095,#2850);
#2422=LINE('',#7098,#2851);
#2423=LINE('',#7100,#2852);
#2424=LINE('',#7103,#2853);
#2425=LINE('',#7105,#2854);
#2426=LINE('',#7108,#2855);
#2427=LINE('',#7109,#2856);
#2428=LINE('',#7111,#2857);
#2429=LINE('',#7112,#2858);
#2430=LINE('',#7116,#2859);
#2431=LINE('',#7118,#2860);
#2432=LINE('',#7120,#2861);
#2433=LINE('',#7122,#2862);
#2434=LINE('',#7124,#2863);
#2435=LINE('',#7127,#2864);
#2436=LINE('',#7129,#2865);
#2437=LINE('',#7131,#2866);
#2438=LINE('',#7132,#2867);
#2439=LINE('',#7134,#2868);
#2440=LINE('',#7138,#2869);
#2441=LINE('',#7139,#2870);
#2442=LINE('',#7141,#2871);
#2443=LINE('',#7143,#2872);
#2444=LINE('',#7145,#2873);
#2445=LINE('',#7147,#2874);
#2446=LINE('',#7151,#2875);
#2447=LINE('',#7154,#2876);
#2448=LINE('',#7156,#2877);
#2449=LINE('',#7158,#2878);
#2450=LINE('',#7159,#2879);
#2451=LINE('',#7161,#2880);
#2452=LINE('',#7165,#2881);
#2453=LINE('',#7166,#2882);
#2454=LINE('',#7168,#2883);
#2455=LINE('',#7170,#2884);
#2456=LINE('',#7172,#2885);
#2457=LINE('',#7174,#2886);
#2458=LINE('',#7178,#2887);
#2459=LINE('',#7180,#2888);
#2460=LINE('',#7182,#2889);
#2461=LINE('',#7184,#2890);
#2462=LINE('',#7186,#2891);
#2463=LINE('',#7187,#2892);
#2464=LINE('',#7189,#2893);
#2465=LINE('',#7192,#2894);
#2466=LINE('',#7194,#2895);
#2467=LINE('',#7195,#2896);
#2468=LINE('',#7197,#2897);
#2469=LINE('',#7199,#2898);
#2470=LINE('',#7201,#2899);
#2471=LINE('',#7203,#2900);
#2472=LINE('',#7205,#2901);
#2473=LINE('',#7207,#2902);
#2474=LINE('',#7208,#2903);
#2475=LINE('',#7210,#2904);
#2476=LINE('',#7212,#2905);
#2477=LINE('',#7214,#2906);
#2478=LINE('',#7216,#2907);
#2479=LINE('',#7217,#2908);
#2480=LINE('',#7219,#2909);
#2481=LINE('',#7220,#2910);
#2482=LINE('',#7222,#2911);
#2483=LINE('',#7238,#2912);
#2484=LINE('',#7240,#2913);
#2485=LINE('',#7241,#2914);
#2486=LINE('',#7243,#2915);
#2487=LINE('',#7246,#2916);
#2488=LINE('',#7248,#2917);
#2489=LINE('',#7250,#2918);
#2490=LINE('',#7252,#2919);
#2491=LINE('',#7254,#2920);
#2492=LINE('',#7255,#2921);
#2493=LINE('',#7258,#2922);
#2494=LINE('',#7260,#2923);
#2495=LINE('',#7262,#2924);
#2496=LINE('',#7264,#2925);
#2497=LINE('',#7265,#2926);
#2498=LINE('',#7267,#2927);
#2499=LINE('',#7270,#2928);
#2500=LINE('',#7272,#2929);
#2501=LINE('',#7274,#2930);
#2502=LINE('',#7276,#2931);
#2503=LINE('',#7278,#2932);
#2504=LINE('',#7279,#2933);
#2505=LINE('',#7282,#2934);
#2506=LINE('',#7284,#2935);
#2507=LINE('',#7286,#2936);
#2508=LINE('',#7290,#2937);
#2509=LINE('',#7293,#2938);
#2510=LINE('',#7295,#2939);
#2511=LINE('',#7300,#2940);
#2512=LINE('',#7302,#2941);
#2513=LINE('',#7307,#2942);
#2514=LINE('',#7311,#2943);
#2515=LINE('',#7314,#2944);
#2516=LINE('',#7316,#2945);
#2517=LINE('',#7318,#2946);
#2518=LINE('',#7320,#2947);
#2519=LINE('',#7322,#2948);
#2520=LINE('',#7325,#2949);
#2521=LINE('',#7327,#2950);
#2522=LINE('',#7329,#2951);
#2523=LINE('',#7331,#2952);
#2524=LINE('',#7333,#2953);
#2525=LINE('',#7336,#2954);
#2526=LINE('',#7338,#2955);
#2527=LINE('',#7340,#2956);
#2528=LINE('',#7342,#2957);
#2529=LINE('',#7344,#2958);
#2530=LINE('',#7347,#2959);
#2531=LINE('',#7349,#2960);
#2532=LINE('',#7351,#2961);
#2533=LINE('',#7353,#2962);
#2534=LINE('',#7355,#2963);
#2535=LINE('',#7358,#2964);
#2536=LINE('',#7360,#2965);
#2537=LINE('',#7362,#2966);
#2538=LINE('',#7364,#2967);
#2539=LINE('',#7366,#2968);
#2540=LINE('',#7368,#2969);
#2541=LINE('',#7370,#2970);
#2542=LINE('',#7372,#2971);
#2543=LINE('',#7375,#2972);
#2544=LINE('',#7377,#2973);
#2545=LINE('',#7379,#2974);
#2546=LINE('',#7381,#2975);
#2547=LINE('',#7383,#2976);
#2548=LINE('',#7385,#2977);
#2549=LINE('',#7387,#2978);
#2550=LINE('',#7389,#2979);
#2551=LINE('',#7392,#2980);
#2552=LINE('',#7394,#2981);
#2553=LINE('',#7396,#2982);
#2554=LINE('',#7398,#2983);
#2555=LINE('',#7400,#2984);
#2556=LINE('',#7402,#2985);
#2557=LINE('',#7404,#2986);
#2558=LINE('',#7406,#2987);
#2559=LINE('',#7409,#2988);
#2560=LINE('',#7411,#2989);
#2561=LINE('',#7413,#2990);
#2562=LINE('',#7415,#2991);
#2563=LINE('',#7417,#2992);
#2564=LINE('',#7419,#2993);
#2565=LINE('',#7421,#2994);
#2566=LINE('',#7423,#2995);
#2567=LINE('',#7426,#2996);
#2568=LINE('',#7428,#2997);
#2569=LINE('',#7430,#2998);
#2570=LINE('',#7432,#2999);
#2571=LINE('',#7434,#3000);
#2572=LINE('',#7436,#3001);
#2573=LINE('',#7438,#3002);
#2574=LINE('',#7439,#3003);
#2575=LINE('',#7444,#3004);
#2576=LINE('',#7447,#3005);
#2577=LINE('',#7449,#3006);
#2578=LINE('',#7451,#3007);
#2579=LINE('',#7457,#3008);
#2580=LINE('',#7459,#3009);
#2581=LINE('',#7461,#3010);
#2582=LINE('',#7465,#3011);
#2583=LINE('',#7467,#3012);
#2584=LINE('',#7469,#3013);
#2585=LINE('',#7473,#3014);
#2586=LINE('',#7475,#3015);
#2587=LINE('',#7477,#3016);
#2588=LINE('',#7481,#3017);
#2589=LINE('',#7485,#3018);
#2590=LINE('',#7487,#3019);
#2591=LINE('',#7489,#3020);
#2592=LINE('',#7491,#3021);
#2593=LINE('',#7492,#3022);
#2594=LINE('',#7494,#3023);
#2595=LINE('',#7496,#3024);
#2596=VECTOR('',#5360,1000.);
#2597=VECTOR('',#5361,1000.);
#2598=VECTOR('',#5364,1000.);
#2599=VECTOR('',#5367,1000.);
#2600=VECTOR('',#5368,1000.);
#2601=VECTOR('',#5369,1000.);
#2602=VECTOR('',#5372,1000.);
#2603=VECTOR('',#5373,1000.);
#2604=VECTOR('',#5376,1000.);
#2605=VECTOR('',#5377,1000.);
#2606=VECTOR('',#5378,1000.);
#2607=VECTOR('',#5379,1000.);
#2608=VECTOR('',#5380,1000.);
#2609=VECTOR('',#5381,1000.);
#2610=VECTOR('',#5382,1000.);
#2611=VECTOR('',#5383,1000.);
#2612=VECTOR('',#5384,1000.);
#2613=VECTOR('',#5385,1000.);
#2614=VECTOR('',#5386,1000.);
#2615=VECTOR('',#5387,1000.);
#2616=VECTOR('',#5388,1000.);
#2617=VECTOR('',#5389,1000.);
#2618=VECTOR('',#5390,1000.);
#2619=VECTOR('',#5391,1000.);
#2620=VECTOR('',#5392,1000.);
#2621=VECTOR('',#5393,1000.);
#2622=VECTOR('',#5394,1000.);
#2623=VECTOR('',#5395,1000.);
#2624=VECTOR('',#5396,1000.);
#2625=VECTOR('',#5397,1000.);
#2626=VECTOR('',#5398,1000.);
#2627=VECTOR('',#5399,1000.);
#2628=VECTOR('',#5400,1000.);
#2629=VECTOR('',#5401,1000.);
#2630=VECTOR('',#5402,1000.);
#2631=VECTOR('',#5403,1000.);
#2632=VECTOR('',#5408,1000.);
#2633=VECTOR('',#5409,1000.);
#2634=VECTOR('',#5410,1000.);
#2635=VECTOR('',#5411,1000.);
#2636=VECTOR('',#5412,1000.);
#2637=VECTOR('',#5413,1000.);
#2638=VECTOR('',#5414,1000.);
#2639=VECTOR('',#5415,1000.);
#2640=VECTOR('',#5418,1000.);
#2641=VECTOR('',#5419,1000.);
#2642=VECTOR('',#5420,1000.);
#2643=VECTOR('',#5421,1000.);
#2644=VECTOR('',#5422,1000.);
#2645=VECTOR('',#5423,1000.);
#2646=VECTOR('',#5424,1000.);
#2647=VECTOR('',#5425,1000.);
#2648=VECTOR('',#5426,1000.);
#2649=VECTOR('',#5427,1000.);
#2650=VECTOR('',#5428,1000.);
#2651=VECTOR('',#5429,1000.);
#2652=VECTOR('',#5430,1000.);
#2653=VECTOR('',#5431,1000.);
#2654=VECTOR('',#5432,1000.);
#2655=VECTOR('',#5433,1000.);
#2656=VECTOR('',#5434,1000.);
#2657=VECTOR('',#5435,1000.);
#2658=VECTOR('',#5436,1000.);
#2659=VECTOR('',#5437,1000.);
#2660=VECTOR('',#5438,1000.);
#2661=VECTOR('',#5439,1000.);
#2662=VECTOR('',#5440,1000.);
#2663=VECTOR('',#5443,1000.);
#2664=VECTOR('',#5444,1000.);
#2665=VECTOR('',#5445,1000.);
#2666=VECTOR('',#5446,1000.);
#2667=VECTOR('',#5449,1000.);
#2668=VECTOR('',#5450,1000.);
#2669=VECTOR('',#5451,1000.);
#2670=VECTOR('',#5454,1000.);
#2671=VECTOR('',#5459,1000.);
#2672=VECTOR('',#5460,1000.);
#2673=VECTOR('',#5463,1000.);
#2674=VECTOR('',#5464,1000.);
#2675=VECTOR('',#5465,1000.);
#2676=VECTOR('',#5468,1000.);
#2677=VECTOR('',#5471,1000.);
#2678=VECTOR('',#5474,1000.);
#2679=VECTOR('',#5477,1000.);
#2680=VECTOR('',#5478,1000.);
#2681=VECTOR('',#5479,1000.);
#2682=VECTOR('',#5484,1000.);
#2683=VECTOR('',#5485,1000.);
#2684=VECTOR('',#5486,1000.);
#2685=VECTOR('',#5489,1000.);
#2686=VECTOR('',#5490,1000.);
#2687=VECTOR('',#5491,1000.);
#2688=VECTOR('',#5494,1000.);
#2689=VECTOR('',#5495,1000.);
#2690=VECTOR('',#5496,1000.);
#2691=VECTOR('',#5497,1000.);
#2692=VECTOR('',#5500,1000.);
#2693=VECTOR('',#5501,1000.);
#2694=VECTOR('',#5504,1000.);
#2695=VECTOR('',#5507,1000.);
#2696=VECTOR('',#5508,1000.);
#2697=VECTOR('',#5509,1000.);
#2698=VECTOR('',#5510,1000.);
#2699=VECTOR('',#5513,1000.);
#2700=VECTOR('',#5514,1000.);
#2701=VECTOR('',#5517,1000.);
#2702=VECTOR('',#5520,1000.);
#2703=VECTOR('',#5525,1000.);
#2704=VECTOR('',#5526,1000.);
#2705=VECTOR('',#5527,1000.);
#2706=VECTOR('',#5528,1000.);
#2707=VECTOR('',#5531,1000.);
#2708=VECTOR('',#5532,1000.);
#2709=VECTOR('',#5533,1000.);
#2710=VECTOR('',#5534,1000.);
#2711=VECTOR('',#5535,1000.);
#2712=VECTOR('',#5536,1000.);
#2713=VECTOR('',#5537,1000.);
#2714=VECTOR('',#5540,1000.);
#2715=VECTOR('',#5541,1000.);
#2716=VECTOR('',#5542,1000.);
#2717=VECTOR('',#5543,1000.);
#2718=VECTOR('',#5544,1000.);
#2719=VECTOR('',#5551,1000.);
#2720=VECTOR('',#5556,1000.);
#2721=VECTOR('',#5557,1000.);
#2722=VECTOR('',#5558,1000.);
#2723=VECTOR('',#5559,1000.);
#2724=VECTOR('',#5560,1000.);
#2725=VECTOR('',#5563,1000.);
#2726=VECTOR('',#5564,1000.);
#2727=VECTOR('',#5565,1000.);
#2728=VECTOR('',#5566,1000.);
#2729=VECTOR('',#5567,1000.);
#2730=VECTOR('',#5568,1000.);
#2731=VECTOR('',#5569,1000.);
#2732=VECTOR('',#5572,1000.);
#2733=VECTOR('',#5573,1000.);
#2734=VECTOR('',#5574,1000.);
#2735=VECTOR('',#5575,1000.);
#2736=VECTOR('',#5582,1000.);
#2737=VECTOR('',#5583,1000.);
#2738=VECTOR('',#5584,1000.);
#2739=VECTOR('',#5589,1000.);
#2740=VECTOR('',#5590,1000.);
#2741=VECTOR('',#5593,1000.);
#2742=VECTOR('',#5594,1000.);
#2743=VECTOR('',#5595,1000.);
#2744=VECTOR('',#5600,1000.);
#2745=VECTOR('',#5601,1000.);
#2746=VECTOR('',#5604,1000.);
#2747=VECTOR('',#5605,1000.);
#2748=VECTOR('',#5610,1000.);
#2749=VECTOR('',#5611,1000.);
#2750=VECTOR('',#5614,1000.);
#2751=VECTOR('',#5615,1000.);
#2752=VECTOR('',#5620,1000.);
#2753=VECTOR('',#5621,1000.);
#2754=VECTOR('',#5624,1000.);
#2755=VECTOR('',#5629,1000.);
#2756=VECTOR('',#5634,1000.);
#2757=VECTOR('',#5641,1000.);
#2758=VECTOR('',#5644,1000.);
#2759=VECTOR('',#5647,1000.);
#2760=VECTOR('',#5648,1000.);
#2761=VECTOR('',#5649,1000.);
#2762=VECTOR('',#5652,1000.);
#2763=VECTOR('',#5653,1000.);
#2764=VECTOR('',#5654,1000.);
#2765=VECTOR('',#5657,1000.);
#2766=VECTOR('',#5658,1000.);
#2767=VECTOR('',#5661,1000.);
#2768=VECTOR('',#5666,1000.);
#2769=VECTOR('',#5667,1000.);
#2770=VECTOR('',#5668,1000.);
#2771=VECTOR('',#5671,1000.);
#2772=VECTOR('',#5672,1000.);
#2773=VECTOR('',#5673,1000.);
#2774=VECTOR('',#5676,1000.);
#2775=VECTOR('',#5679,1000.);
#2776=VECTOR('',#5680,1000.);
#2777=VECTOR('',#5687,1000.);
#2778=VECTOR('',#5694,1000.);
#2779=VECTOR('',#5697,1000.);
#2780=VECTOR('',#5698,1000.);
#2781=VECTOR('',#5699,1000.);
#2782=VECTOR('',#5700,1000.);
#2783=VECTOR('',#5703,1000.);
#2784=VECTOR('',#5706,1000.);
#2785=VECTOR('',#5707,1000.);
#2786=VECTOR('',#5710,1000.);
#2787=VECTOR('',#5711,1000.);
#2788=VECTOR('',#5714,1000.);
#2789=VECTOR('',#5715,1000.);
#2790=VECTOR('',#5716,1000.);
#2791=VECTOR('',#5717,1000.);
#2792=VECTOR('',#5718,1000.);
#2793=VECTOR('',#5723,1000.);
#2794=VECTOR('',#5724,1000.);
#2795=VECTOR('',#5725,1000.);
#2796=VECTOR('',#5730,1000.);
#2797=VECTOR('',#5731,1000.);
#2798=VECTOR('',#5732,1000.);
#2799=VECTOR('',#5735,1000.);
#2800=VECTOR('',#5736,1000.);
#2801=VECTOR('',#5739,1000.);
#2802=VECTOR('',#5752,1000.);
#2803=VECTOR('',#5755,1000.);
#2804=VECTOR('',#5756,1000.);
#2805=VECTOR('',#5761,1000.);
#2806=VECTOR('',#5762,1000.);
#2807=VECTOR('',#5767,1000.);
#2808=VECTOR('',#5768,1000.);
#2809=VECTOR('',#5773,1000.);
#2810=VECTOR('',#5776,1000.);
#2811=VECTOR('',#5777,1000.);
#2812=VECTOR('',#5778,1000.);
#2813=VECTOR('',#5779,1000.);
#2814=VECTOR('',#5782,1000.);
#2815=VECTOR('',#5787,1000.);
#2816=VECTOR('',#5792,1000.);
#2817=VECTOR('',#5793,1000.);
#2818=VECTOR('',#5796,1000.);
#2819=VECTOR('',#5797,1000.);
#2820=VECTOR('',#5798,1000.);
#2821=VECTOR('',#5799,1000.);
#2822=VECTOR('',#5800,1000.);
#2823=VECTOR('',#5805,1000.);
#2824=VECTOR('',#5812,1000.);
#2825=VECTOR('',#5817,1000.);
#2826=VECTOR('',#5820,1000.);
#2827=VECTOR('',#5825,1000.);
#2828=VECTOR('',#5830,1000.);
#2829=VECTOR('',#5835,1000.);
#2830=VECTOR('',#5838,1000.);
#2831=VECTOR('',#5841,1000.);
#2832=VECTOR('',#5844,1000.);
#2833=VECTOR('',#5845,1000.);
#2834=VECTOR('',#5846,1000.);
#2835=VECTOR('',#5847,1000.);
#2836=VECTOR('',#5856,1000.);
#2837=VECTOR('',#5857,1000.);
#2838=VECTOR('',#5858,1000.);
#2839=VECTOR('',#5859,1000.);
#2840=VECTOR('',#5860,1000.);
#2841=VECTOR('',#5863,1000.);
#2842=VECTOR('',#5864,1000.);
#2843=VECTOR('',#5869,1000.);
#2844=VECTOR('',#5874,1000.);
#2845=VECTOR('',#5881,1000.);
#2846=VECTOR('',#5884,1000.);
#2847=VECTOR('',#5887,1000.);
#2848=VECTOR('',#5890,1000.);
#2849=VECTOR('',#5895,1000.);
#2850=VECTOR('',#5898,1000.);
#2851=VECTOR('',#5903,1000.);
#2852=VECTOR('',#5906,1000.);
#2853=VECTOR('',#5911,1000.);
#2854=VECTOR('',#5914,1000.);
#2855=VECTOR('',#5919,1000.);
#2856=VECTOR('',#5920,1000.);
#2857=VECTOR('',#5923,1000.);
#2858=VECTOR('',#5924,1000.);
#2859=VECTOR('',#5931,1000.);
#2860=VECTOR('',#5934,1000.);
#2861=VECTOR('',#5937,1000.);
#2862=VECTOR('',#5940,1000.);
#2863=VECTOR('',#5943,1000.);
#2864=VECTOR('',#5948,1000.);
#2865=VECTOR('',#5951,1000.);
#2866=VECTOR('',#5954,1000.);
#2867=VECTOR('',#5955,1000.);
#2868=VECTOR('',#5958,1000.);
#2869=VECTOR('',#5965,1000.);
#2870=VECTOR('',#5966,1000.);
#2871=VECTOR('',#5969,1000.);
#2872=VECTOR('',#5972,1000.);
#2873=VECTOR('',#5975,1000.);
#2874=VECTOR('',#5978,1000.);
#2875=VECTOR('',#5985,1000.);
#2876=VECTOR('',#5990,1000.);
#2877=VECTOR('',#5993,1000.);
#2878=VECTOR('',#5996,1000.);
#2879=VECTOR('',#5997,1000.);
#2880=VECTOR('',#6000,1000.);
#2881=VECTOR('',#6007,1000.);
#2882=VECTOR('',#6008,1000.);
#2883=VECTOR('',#6011,1000.);
#2884=VECTOR('',#6014,1000.);
#2885=VECTOR('',#6017,1000.);
#2886=VECTOR('',#6020,1000.);
#2887=VECTOR('',#6027,1000.);
#2888=VECTOR('',#6028,1000.);
#2889=VECTOR('',#6029,1000.);
#2890=VECTOR('',#6030,1000.);
#2891=VECTOR('',#6033,1000.);
#2892=VECTOR('',#6034,1000.);
#2893=VECTOR('',#6037,1000.);
#2894=VECTOR('',#6038,1000.);
#2895=VECTOR('',#6039,1000.);
#2896=VECTOR('',#6040,1000.);
#2897=VECTOR('',#6043,1000.);
#2898=VECTOR('',#6044,1000.);
#2899=VECTOR('',#6047,1000.);
#2900=VECTOR('',#6050,1000.);
#2901=VECTOR('',#6051,1000.);
#2902=VECTOR('',#6054,1000.);
#2903=VECTOR('',#6055,1000.);
#2904=VECTOR('',#6058,1000.);
#2905=VECTOR('',#6061,1000.);
#2906=VECTOR('',#6062,1000.);
#2907=VECTOR('',#6063,1000.);
#2908=VECTOR('',#6064,1000.);
#2909=VECTOR('',#6065,1000.);
#2910=VECTOR('',#6066,1000.);
#2911=VECTOR('',#6067,1000.);
#2912=VECTOR('',#6090,1000.);
#2913=VECTOR('',#6091,1000.);
#2914=VECTOR('',#6092,1000.);
#2915=VECTOR('',#6095,1000.);
#2916=VECTOR('',#6100,1000.);
#2917=VECTOR('',#6101,1000.);
#2918=VECTOR('',#6104,1000.);
#2919=VECTOR('',#6107,1000.);
#2920=VECTOR('',#6108,1000.);
#2921=VECTOR('',#6109,1000.);
#2922=VECTOR('',#6114,1000.);
#2923=VECTOR('',#6115,1000.);
#2924=VECTOR('',#6118,1000.);
#2925=VECTOR('',#6119,1000.);
#2926=VECTOR('',#6120,1000.);
#2927=VECTOR('',#6123,1000.);
#2928=VECTOR('',#6128,1000.);
#2929=VECTOR('',#6129,1000.);
#2930=VECTOR('',#6132,1000.);
#2931=VECTOR('',#6135,1000.);
#2932=VECTOR('',#6136,1000.);
#2933=VECTOR('',#6137,1000.);
#2934=VECTOR('',#6142,1000.);
#2935=VECTOR('',#6143,1000.);
#2936=VECTOR('',#6146,1000.);
#2937=VECTOR('',#6151,1000.);
#2938=VECTOR('',#6156,1000.);
#2939=VECTOR('',#6157,1000.);
#2940=VECTOR('',#6166,1000.);
#2941=VECTOR('',#6167,1000.);
#2942=VECTOR('',#6176,1000.);
#2943=VECTOR('',#6181,1000.);
#2944=VECTOR('',#6186,1000.);
#2945=VECTOR('',#6187,1000.);
#2946=VECTOR('',#6190,1000.);
#2947=VECTOR('',#6191,1000.);
#2948=VECTOR('',#6194,1000.);
#2949=VECTOR('',#6199,1000.);
#2950=VECTOR('',#6200,1000.);
#2951=VECTOR('',#6203,1000.);
#2952=VECTOR('',#6204,1000.);
#2953=VECTOR('',#6207,1000.);
#2954=VECTOR('',#6212,1000.);
#2955=VECTOR('',#6213,1000.);
#2956=VECTOR('',#6216,1000.);
#2957=VECTOR('',#6217,1000.);
#2958=VECTOR('',#6220,1000.);
#2959=VECTOR('',#6225,1000.);
#2960=VECTOR('',#6226,1000.);
#2961=VECTOR('',#6229,1000.);
#2962=VECTOR('',#6230,1000.);
#2963=VECTOR('',#6233,1000.);
#2964=VECTOR('',#6238,1000.);
#2965=VECTOR('',#6239,1000.);
#2966=VECTOR('',#6240,1000.);
#2967=VECTOR('',#6243,1000.);
#2968=VECTOR('',#6244,1000.);
#2969=VECTOR('',#6247,1000.);
#2970=VECTOR('',#6248,1000.);
#2971=VECTOR('',#6251,1000.);
#2972=VECTOR('',#6256,1000.);
#2973=VECTOR('',#6257,1000.);
#2974=VECTOR('',#6258,1000.);
#2975=VECTOR('',#6261,1000.);
#2976=VECTOR('',#6262,1000.);
#2977=VECTOR('',#6265,1000.);
#2978=VECTOR('',#6266,1000.);
#2979=VECTOR('',#6269,1000.);
#2980=VECTOR('',#6274,1000.);
#2981=VECTOR('',#6275,1000.);
#2982=VECTOR('',#6276,1000.);
#2983=VECTOR('',#6279,1000.);
#2984=VECTOR('',#6280,1000.);
#2985=VECTOR('',#6283,1000.);
#2986=VECTOR('',#6284,1000.);
#2987=VECTOR('',#6287,1000.);
#2988=VECTOR('',#6292,1000.);
#2989=VECTOR('',#6293,1000.);
#2990=VECTOR('',#6294,1000.);
#2991=VECTOR('',#6297,1000.);
#2992=VECTOR('',#6298,1000.);
#2993=VECTOR('',#6301,1000.);
#2994=VECTOR('',#6302,1000.);
#2995=VECTOR('',#6305,1000.);
#2996=VECTOR('',#6310,1000.);
#2997=VECTOR('',#6311,1000.);
#2998=VECTOR('',#6312,1000.);
#2999=VECTOR('',#6315,1000.);
#3000=VECTOR('',#6316,1000.);
#3001=VECTOR('',#6317,1000.);
#3002=VECTOR('',#6320,1000.);
#3003=VECTOR('',#6321,1000.);
#3004=VECTOR('',#6330,1000.);
#3005=VECTOR('',#6331,1000.);
#3006=VECTOR('',#6332,1000.);
#3007=VECTOR('',#6333,1000.);
#3008=VECTOR('',#6340,1000.);
#3009=VECTOR('',#6341,1000.);
#3010=VECTOR('',#6342,1000.);
#3011=VECTOR('',#6347,1000.);
#3012=VECTOR('',#6348,1000.);
#3013=VECTOR('',#6349,1000.);
#3014=VECTOR('',#6354,1000.);
#3015=VECTOR('',#6355,1000.);
#3016=VECTOR('',#6356,1000.);
#3017=VECTOR('',#6361,1000.);
#3018=VECTOR('',#6366,1000.);
#3019=VECTOR('',#6367,1000.);
#3020=VECTOR('',#6368,1000.);
#3021=VECTOR('',#6371,1000.);
#3022=VECTOR('',#6372,1000.);
#3023=VECTOR('',#6375,1000.);
#3024=VECTOR('',#6378,1000.);
#3025=EDGE_LOOP('',(#190,#191,#192,#193,#194,#195,#196,#197,#198,#199,#200));
#3026=EDGE_LOOP('',(#201,#202,#203,#204));
#3027=EDGE_LOOP('',(#205,#206,#207,#208));
#3028=EDGE_LOOP('',(#209,#210,#211,#212,#213,#214,#215,#216,#217,#218,#219,
#220,#221,#222,#223,#224,#225,#226,#227,#228));
#3029=EDGE_LOOP('',(#229));
#3030=EDGE_LOOP('',(#230));
#3031=EDGE_LOOP('',(#231,#232,#233,#234));
#3032=EDGE_LOOP('',(#235,#236,#237,#238));
#3033=EDGE_LOOP('',(#239,#240,#241,#242,#243,#244,#245,#246,#247,#248,#249,
#250,#251,#252,#253,#254,#255,#256,#257,#258,#259,#260,#261,#262,#263,#264,
#265,#266));
#3034=EDGE_LOOP('',(#267,#268,#269,#270,#271,#272,#273,#274,#275,#276,#277));
#3035=EDGE_LOOP('',(#278,#279,#280,#281,#282,#283,#284,#285,#286,#287,#288,
#289,#290,#291,#292,#293,#294,#295));
#3036=EDGE_LOOP('',(#296,#297,#298,#299));
#3037=EDGE_LOOP('',(#300,#301,#302,#303));
#3038=EDGE_LOOP('',(#304,#305,#306,#307));
#3039=EDGE_LOOP('',(#308,#309,#310,#311,#312));
#3040=EDGE_LOOP('',(#313,#314,#315,#316));
#3041=EDGE_LOOP('',(#317,#318,#319,#320,#321));
#3042=EDGE_LOOP('',(#322,#323,#324,#325,#326,#327,#328,#329,#330,#331,#332,
#333,#334,#335,#336,#337,#338,#339,#340,#341,#342,#343,#344,#345));
#3043=EDGE_LOOP('',(#346,#347,#348,#349,#350,#351,#352,#353,#354,#355,#356,
#357,#358,#359,#360,#361,#362,#363,#364,#365,#366,#367,#368,#369));
#3044=EDGE_LOOP('',(#370,#371,#372,#373,#374,#375,#376,#377));
#3045=EDGE_LOOP('',(#378,#379,#380,#381,#382,#383,#384,#385));
#3046=EDGE_LOOP('',(#386,#387,#388,#389,#390,#391,#392,#393));
#3047=EDGE_LOOP('',(#394,#395,#396,#397,#398,#399,#400,#401));
#3048=EDGE_LOOP('',(#402,#403,#404,#405,#406,#407));
#3049=EDGE_LOOP('',(#408,#409,#410,#411));
#3050=EDGE_LOOP('',(#412,#413,#414,#415,#416,#417));
#3051=EDGE_LOOP('',(#418,#419,#420,#421));
#3052=EDGE_LOOP('',(#422,#423,#424,#425,#426));
#3053=EDGE_LOOP('',(#427,#428,#429,#430));
#3054=EDGE_LOOP('',(#431,#432,#433,#434,#435));
#3055=EDGE_LOOP('',(#436,#437,#438,#439,#440));
#3056=EDGE_LOOP('',(#441,#442,#443,#444));
#3057=EDGE_LOOP('',(#445,#446,#447,#448,#449));
#3058=EDGE_LOOP('',(#450,#451,#452,#453));
#3059=EDGE_LOOP('',(#454,#455,#456,#457));
#3060=EDGE_LOOP('',(#458,#459,#460,#461,#462,#463));
#3061=EDGE_LOOP('',(#464,#465,#466,#467,#468,#469,#470,#471));
#3062=EDGE_LOOP('',(#472,#473,#474,#475,#476,#477,#478,#479));
#3063=EDGE_LOOP('',(#480,#481,#482,#483));
#3064=EDGE_LOOP('',(#484,#485,#486,#487,#488));
#3065=EDGE_LOOP('',(#489,#490,#491,#492));
#3066=EDGE_LOOP('',(#493,#494,#495,#496,#497));
#3067=EDGE_LOOP('',(#498,#499,#500,#501));
#3068=EDGE_LOOP('',(#502,#503,#504,#505));
#3069=EDGE_LOOP('',(#506,#507,#508,#509,#510));
#3070=EDGE_LOOP('',(#511,#512,#513,#514));
#3071=EDGE_LOOP('',(#515,#516,#517,#518,#519));
#3072=EDGE_LOOP('',(#520,#521,#522,#523));
#3073=EDGE_LOOP('',(#524,#525,#526,#527,#528,#529,#530,#531,#532,#533,#534,
#535,#536,#537,#538,#539,#540,#541,#542,#543,#544,#545,#546,#547,#548,#549,
#550,#551,#552,#553));
#3074=EDGE_LOOP('',(#554,#555,#556,#557,#558,#559));
#3075=EDGE_LOOP('',(#560,#561,#562,#563,#564,#565,#566,#567,#568,#569,#570,
#571,#572,#573,#574,#575,#576,#577,#578,#579));
#3076=EDGE_LOOP('',(#580,#581,#582,#583,#584,#585));
#3077=EDGE_LOOP('',(#586,#587,#588,#589,#590,#591,#592,#593,#594,#595,#596,
#597,#598,#599,#600,#601,#602,#603,#604,#605,#606,#607,#608,#609,#610,#611,
#612,#613,#614,#615));
#3078=EDGE_LOOP('',(#616,#617,#618,#619));
#3079=EDGE_LOOP('',(#620,#621,#622,#623,#624,#625,#626,#627));
#3080=EDGE_LOOP('',(#628,#629,#630,#631,#632,#633,#634,#635));
#3081=EDGE_LOOP('',(#636,#637,#638,#639));
#3082=EDGE_LOOP('',(#640,#641,#642,#643));
#3083=EDGE_LOOP('',(#644,#645,#646,#647));
#3084=EDGE_LOOP('',(#648,#649,#650,#651));
#3085=EDGE_LOOP('',(#652,#653,#654,#655));
#3086=EDGE_LOOP('',(#656,#657,#658,#659));
#3087=EDGE_LOOP('',(#660,#661,#662,#663));
#3088=EDGE_LOOP('',(#664,#665,#666,#667));
#3089=EDGE_LOOP('',(#668,#669,#670,#671));
#3090=EDGE_LOOP('',(#672,#673,#674,#675));
#3091=EDGE_LOOP('',(#676,#677,#678,#679));
#3092=EDGE_LOOP('',(#680,#681,#682,#683));
#3093=EDGE_LOOP('',(#684,#685,#686,#687,#688,#689));
#3094=EDGE_LOOP('',(#690,#691,#692,#693,#694,#695));
#3095=EDGE_LOOP('',(#696,#697,#698,#699));
#3096=EDGE_LOOP('',(#700,#701,#702,#703));
#3097=EDGE_LOOP('',(#704,#705,#706,#707));
#3098=EDGE_LOOP('',(#708,#709,#710,#711));
#3099=EDGE_LOOP('',(#712,#713,#714,#715,#716,#717));
#3100=EDGE_LOOP('',(#718,#719,#720,#721,#722,#723));
#3101=EDGE_LOOP('',(#724,#725,#726,#727,#728));
#3102=EDGE_LOOP('',(#729,#730,#731,#732));
#3103=EDGE_LOOP('',(#733,#734,#735,#736));
#3104=EDGE_LOOP('',(#737,#738,#739,#740));
#3105=EDGE_LOOP('',(#741,#742,#743,#744));
#3106=EDGE_LOOP('',(#745,#746,#747,#748));
#3107=EDGE_LOOP('',(#749,#750,#751,#752,#753));
#3108=EDGE_LOOP('',(#754,#755,#756,#757));
#3109=EDGE_LOOP('',(#758,#759,#760,#761));
#3110=EDGE_LOOP('',(#762,#763,#764,#765));
#3111=EDGE_LOOP('',(#766,#767,#768,#769));
#3112=EDGE_LOOP('',(#770,#771,#772,#773));
#3113=EDGE_LOOP('',(#774,#775,#776,#777));
#3114=EDGE_LOOP('',(#778,#779,#780,#781));
#3115=EDGE_LOOP('',(#782,#783,#784,#785,#786));
#3116=EDGE_LOOP('',(#787,#788,#789,#790));
#3117=EDGE_LOOP('',(#791,#792,#793,#794));
#3118=EDGE_LOOP('',(#795,#796,#797,#798));
#3119=EDGE_LOOP('',(#799,#800,#801,#802));
#3120=EDGE_LOOP('',(#803,#804,#805,#806));
#3121=EDGE_LOOP('',(#807,#808,#809,#810,#811));
#3122=EDGE_LOOP('',(#812,#813,#814,#815));
#3123=EDGE_LOOP('',(#816,#817,#818,#819));
#3124=EDGE_LOOP('',(#820,#821,#822,#823));
#3125=EDGE_LOOP('',(#824,#825,#826,#827));
#3126=EDGE_LOOP('',(#828,#829,#830,#831));
#3127=EDGE_LOOP('',(#832,#833,#834,#835));
#3128=EDGE_LOOP('',(#836,#837,#838,#839));
#3129=EDGE_LOOP('',(#840,#841,#842,#843));
#3130=EDGE_LOOP('',(#844,#845,#846,#847,#848));
#3131=EDGE_LOOP('',(#849,#850,#851,#852));
#3132=EDGE_LOOP('',(#853,#854,#855,#856,#857,#858,#859,#860,#861,#862));
#3133=EDGE_LOOP('',(#863,#864,#865,#866));
#3134=EDGE_LOOP('',(#867,#868,#869,#870));
#3135=EDGE_LOOP('',(#871,#872,#873,#874,#875,#876,#877,#878,#879,#880));
#3136=EDGE_LOOP('',(#881,#882,#883,#884,#885));
#3137=EDGE_LOOP('',(#886,#887,#888,#889,#890,#891,#892,#893,#894,#895,#896,
#897,#898,#899,#900,#901));
#3138=EDGE_LOOP('',(#902));
#3139=EDGE_LOOP('',(#903));
#3140=EDGE_LOOP('',(#904));
#3141=EDGE_LOOP('',(#905));
#3142=EDGE_LOOP('',(#906));
#3143=EDGE_LOOP('',(#907));
#3144=EDGE_LOOP('',(#908));
#3145=EDGE_LOOP('',(#909));
#3146=EDGE_LOOP('',(#910));
#3147=EDGE_LOOP('',(#911));
#3148=EDGE_LOOP('',(#912,#913,#914,#915));
#3149=EDGE_LOOP('',(#916,#917,#918,#919));
#3150=EDGE_LOOP('',(#920,#921,#922,#923,#924));
#3151=EDGE_LOOP('',(#925,#926,#927,#928,#929,#930,#931,#932));
#3152=EDGE_LOOP('',(#933,#934,#935,#936));
#3153=EDGE_LOOP('',(#937,#938,#939,#940));
#3154=EDGE_LOOP('',(#941,#942,#943,#944,#945));
#3155=EDGE_LOOP('',(#946,#947,#948,#949,#950,#951,#952,#953));
#3156=EDGE_LOOP('',(#954,#955,#956,#957));
#3157=EDGE_LOOP('',(#958,#959,#960,#961));
#3158=EDGE_LOOP('',(#962,#963,#964,#965,#966));
#3159=EDGE_LOOP('',(#967,#968,#969,#970,#971,#972,#973,#974));
#3160=EDGE_LOOP('',(#975,#976,#977,#978));
#3161=EDGE_LOOP('',(#979,#980,#981,#982));
#3162=EDGE_LOOP('',(#983,#984,#985,#986,#987));
#3163=EDGE_LOOP('',(#988,#989,#990,#991,#992,#993,#994,#995));
#3164=EDGE_LOOP('',(#996,#997,#998,#999));
#3165=EDGE_LOOP('',(#1000,#1001,#1002,#1003));
#3166=EDGE_LOOP('',(#1004,#1005,#1006,#1007,#1008,#1009));
#3167=EDGE_LOOP('',(#1010,#1011,#1012,#1013));
#3168=EDGE_LOOP('',(#1014,#1015,#1016,#1017));
#3169=EDGE_LOOP('',(#1018,#1019,#1020,#1021,#1022,#1023));
#3170=EDGE_LOOP('',(#1024,#1025,#1026,#1027));
#3171=EDGE_LOOP('',(#1028,#1029,#1030,#1031));
#3172=EDGE_LOOP('',(#1032,#1033,#1034,#1035,#1036,#1037));
#3173=EDGE_LOOP('',(#1038,#1039,#1040,#1041));
#3174=EDGE_LOOP('',(#1042,#1043,#1044,#1045));
#3175=EDGE_LOOP('',(#1046,#1047,#1048,#1049,#1050,#1051));
#3176=EDGE_LOOP('',(#1052,#1053,#1054,#1055));
#3177=EDGE_LOOP('',(#1056,#1057,#1058,#1059));
#3178=EDGE_LOOP('',(#1060,#1061,#1062,#1063));
#3179=EDGE_LOOP('',(#1064,#1065,#1066,#1067));
#3180=EDGE_LOOP('',(#1068,#1069,#1070,#1071));
#3181=EDGE_LOOP('',(#1072,#1073,#1074,#1075));
#3182=EDGE_LOOP('',(#1076,#1077,#1078,#1079));
#3183=EDGE_LOOP('',(#1080,#1081,#1082,#1083));
#3184=EDGE_LOOP('',(#1084,#1085,#1086,#1087));
#3185=EDGE_LOOP('',(#1088,#1089,#1090,#1091));
#3186=EDGE_LOOP('',(#1092,#1093,#1094,#1095));
#3187=EDGE_LOOP('',(#1096,#1097,#1098,#1099));
#3188=EDGE_LOOP('',(#1100,#1101,#1102,#1103));
#3189=EDGE_LOOP('',(#1104,#1105,#1106,#1107));
#3190=EDGE_LOOP('',(#1108,#1109,#1110,#1111));
#3191=EDGE_LOOP('',(#1112,#1113,#1114,#1115));
#3192=EDGE_LOOP('',(#1116,#1117,#1118,#1119));
#3193=EDGE_LOOP('',(#1120,#1121,#1122,#1123));
#3194=EDGE_LOOP('',(#1124,#1125,#1126,#1127));
#3195=EDGE_LOOP('',(#1128,#1129,#1130,#1131));
#3196=EDGE_LOOP('',(#1132,#1133,#1134,#1135));
#3197=EDGE_LOOP('',(#1136,#1137,#1138,#1139));
#3198=EDGE_LOOP('',(#1140,#1141,#1142,#1143));
#3199=EDGE_LOOP('',(#1144,#1145,#1146,#1147));
#3200=EDGE_LOOP('',(#1148,#1149,#1150,#1151));
#3201=EDGE_LOOP('',(#1152,#1153,#1154,#1155));
#3202=EDGE_LOOP('',(#1156,#1157,#1158,#1159));
#3203=EDGE_LOOP('',(#1160,#1161,#1162,#1163));
#3204=EDGE_LOOP('',(#1164,#1165,#1166,#1167));
#3205=EDGE_LOOP('',(#1168,#1169,#1170,#1171));
#3206=EDGE_LOOP('',(#1172,#1173,#1174,#1175));
#3207=EDGE_LOOP('',(#1176,#1177,#1178,#1179));
#3208=EDGE_LOOP('',(#1180,#1181,#1182,#1183));
#3209=EDGE_LOOP('',(#1184,#1185,#1186,#1187));
#3210=EDGE_LOOP('',(#1188,#1189,#1190,#1191));
#3211=EDGE_LOOP('',(#1192,#1193,#1194,#1195));
#3212=EDGE_LOOP('',(#1196,#1197,#1198,#1199));
#3213=EDGE_LOOP('',(#1200,#1201,#1202,#1203));
#3214=EDGE_LOOP('',(#1204,#1205,#1206,#1207));
#3215=EDGE_LOOP('',(#1208,#1209,#1210,#1211,#1212));
#3216=EDGE_LOOP('',(#1213,#1214,#1215,#1216,#1217));
#3217=EDGE_LOOP('',(#1218,#1219,#1220,#1221));
#3218=EDGE_LOOP('',(#1222,#1223,#1224,#1225,#1226,#1227));
#3219=EDGE_LOOP('',(#1228,#1229,#1230,#1231,#1232,#1233));
#3220=EDGE_LOOP('',(#1234,#1235,#1236,#1237));
#3221=EDGE_LOOP('',(#1238,#1239,#1240,#1241));
#3222=EDGE_LOOP('',(#1242,#1243,#1244,#1245));
#3223=EDGE_LOOP('',(#1246,#1247,#1248,#1249));
#3224=EDGE_LOOP('',(#1250,#1251,#1252,#1253,#1254,#1255,#1256));
#3225=EDGE_LOOP('',(#1257,#1258,#1259,#1260,#1261,#1262,#1263));
#3226=EDGE_LOOP('',(#1264,#1265,#1266,#1267));
#3227=EDGE_LOOP('',(#1268,#1269,#1270,#1271));
#3228=FACE_BOUND('',#3025,.T.);
#3229=FACE_BOUND('',#3026,.T.);
#3230=FACE_BOUND('',#3027,.T.);
#3231=FACE_BOUND('',#3028,.T.);
#3232=FACE_BOUND('',#3029,.T.);
#3233=FACE_BOUND('',#3030,.T.);
#3234=FACE_BOUND('',#3031,.T.);
#3235=FACE_BOUND('',#3032,.T.);
#3236=FACE_BOUND('',#3033,.T.);
#3237=FACE_BOUND('',#3034,.T.);
#3238=FACE_BOUND('',#3035,.T.);
#3239=FACE_BOUND('',#3036,.T.);
#3240=FACE_BOUND('',#3037,.T.);
#3241=FACE_BOUND('',#3038,.T.);
#3242=FACE_BOUND('',#3039,.T.);
#3243=FACE_BOUND('',#3040,.T.);
#3244=FACE_BOUND('',#3041,.T.);
#3245=FACE_BOUND('',#3042,.T.);
#3246=FACE_BOUND('',#3043,.T.);
#3247=FACE_BOUND('',#3044,.T.);
#3248=FACE_BOUND('',#3045,.T.);
#3249=FACE_BOUND('',#3046,.T.);
#3250=FACE_BOUND('',#3047,.T.);
#3251=FACE_BOUND('',#3048,.T.);
#3252=FACE_BOUND('',#3049,.T.);
#3253=FACE_BOUND('',#3050,.T.);
#3254=FACE_BOUND('',#3051,.T.);
#3255=FACE_BOUND('',#3052,.T.);
#3256=FACE_BOUND('',#3053,.T.);
#3257=FACE_BOUND('',#3054,.T.);
#3258=FACE_BOUND('',#3055,.T.);
#3259=FACE_BOUND('',#3056,.T.);
#3260=FACE_BOUND('',#3057,.T.);
#3261=FACE_BOUND('',#3058,.T.);
#3262=FACE_BOUND('',#3059,.T.);
#3263=FACE_BOUND('',#3060,.T.);
#3264=FACE_BOUND('',#3061,.T.);
#3265=FACE_BOUND('',#3062,.T.);
#3266=FACE_BOUND('',#3063,.T.);
#3267=FACE_BOUND('',#3064,.T.);
#3268=FACE_BOUND('',#3065,.T.);
#3269=FACE_BOUND('',#3066,.T.);
#3270=FACE_BOUND('',#3067,.T.);
#3271=FACE_BOUND('',#3068,.T.);
#3272=FACE_BOUND('',#3069,.T.);
#3273=FACE_BOUND('',#3070,.T.);
#3274=FACE_BOUND('',#3071,.T.);
#3275=FACE_BOUND('',#3072,.T.);
#3276=FACE_BOUND('',#3073,.T.);
#3277=FACE_BOUND('',#3074,.T.);
#3278=FACE_BOUND('',#3075,.T.);
#3279=FACE_BOUND('',#3076,.T.);
#3280=FACE_BOUND('',#3077,.T.);
#3281=FACE_BOUND('',#3078,.T.);
#3282=FACE_BOUND('',#3079,.T.);
#3283=FACE_BOUND('',#3080,.T.);
#3284=FACE_BOUND('',#3081,.T.);
#3285=FACE_BOUND('',#3082,.T.);
#3286=FACE_BOUND('',#3083,.T.);
#3287=FACE_BOUND('',#3084,.T.);
#3288=FACE_BOUND('',#3085,.T.);
#3289=FACE_BOUND('',#3086,.T.);
#3290=FACE_BOUND('',#3087,.T.);
#3291=FACE_BOUND('',#3088,.T.);
#3292=FACE_BOUND('',#3089,.T.);
#3293=FACE_BOUND('',#3090,.T.);
#3294=FACE_BOUND('',#3091,.T.);
#3295=FACE_BOUND('',#3092,.T.);
#3296=FACE_BOUND('',#3093,.T.);
#3297=FACE_BOUND('',#3094,.T.);
#3298=FACE_BOUND('',#3095,.T.);
#3299=FACE_BOUND('',#3096,.T.);
#3300=FACE_BOUND('',#3097,.T.);
#3301=FACE_BOUND('',#3098,.T.);
#3302=FACE_BOUND('',#3099,.T.);
#3303=FACE_BOUND('',#3100,.T.);
#3304=FACE_BOUND('',#3101,.T.);
#3305=FACE_BOUND('',#3102,.T.);
#3306=FACE_BOUND('',#3103,.T.);
#3307=FACE_BOUND('',#3104,.T.);
#3308=FACE_BOUND('',#3105,.T.);
#3309=FACE_BOUND('',#3106,.T.);
#3310=FACE_BOUND('',#3107,.T.);
#3311=FACE_BOUND('',#3108,.T.);
#3312=FACE_BOUND('',#3109,.T.);
#3313=FACE_BOUND('',#3110,.T.);
#3314=FACE_BOUND('',#3111,.T.);
#3315=FACE_BOUND('',#3112,.T.);
#3316=FACE_BOUND('',#3113,.T.);
#3317=FACE_BOUND('',#3114,.T.);
#3318=FACE_BOUND('',#3115,.T.);
#3319=FACE_BOUND('',#3116,.T.);
#3320=FACE_BOUND('',#3117,.T.);
#3321=FACE_BOUND('',#3118,.T.);
#3322=FACE_BOUND('',#3119,.T.);
#3323=FACE_BOUND('',#3120,.T.);
#3324=FACE_BOUND('',#3121,.T.);
#3325=FACE_BOUND('',#3122,.T.);
#3326=FACE_BOUND('',#3123,.T.);
#3327=FACE_BOUND('',#3124,.T.);
#3328=FACE_BOUND('',#3125,.T.);
#3329=FACE_BOUND('',#3126,.T.);
#3330=FACE_BOUND('',#3127,.T.);
#3331=FACE_BOUND('',#3128,.T.);
#3332=FACE_BOUND('',#3129,.T.);
#3333=FACE_BOUND('',#3130,.T.);
#3334=FACE_BOUND('',#3131,.T.);
#3335=FACE_BOUND('',#3132,.T.);
#3336=FACE_BOUND('',#3133,.T.);
#3337=FACE_BOUND('',#3134,.T.);
#3338=FACE_BOUND('',#3135,.T.);
#3339=FACE_BOUND('',#3136,.T.);
#3340=FACE_BOUND('',#3137,.T.);
#3341=FACE_BOUND('',#3138,.T.);
#3342=FACE_BOUND('',#3139,.T.);
#3343=FACE_BOUND('',#3140,.T.);
#3344=FACE_BOUND('',#3141,.T.);
#3345=FACE_BOUND('',#3142,.T.);
#3346=FACE_BOUND('',#3143,.T.);
#3347=FACE_BOUND('',#3144,.T.);
#3348=FACE_BOUND('',#3145,.T.);
#3349=FACE_BOUND('',#3146,.T.);
#3350=FACE_BOUND('',#3147,.T.);
#3351=FACE_BOUND('',#3148,.T.);
#3352=FACE_BOUND('',#3149,.T.);
#3353=FACE_BOUND('',#3150,.T.);
#3354=FACE_BOUND('',#3151,.T.);
#3355=FACE_BOUND('',#3152,.T.);
#3356=FACE_BOUND('',#3153,.T.);
#3357=FACE_BOUND('',#3154,.T.);
#3358=FACE_BOUND('',#3155,.T.);
#3359=FACE_BOUND('',#3156,.T.);
#3360=FACE_BOUND('',#3157,.T.);
#3361=FACE_BOUND('',#3158,.T.);
#3362=FACE_BOUND('',#3159,.T.);
#3363=FACE_BOUND('',#3160,.T.);
#3364=FACE_BOUND('',#3161,.T.);
#3365=FACE_BOUND('',#3162,.T.);
#3366=FACE_BOUND('',#3163,.T.);
#3367=FACE_BOUND('',#3164,.T.);
#3368=FACE_BOUND('',#3165,.T.);
#3369=FACE_BOUND('',#3166,.T.);
#3370=FACE_BOUND('',#3167,.T.);
#3371=FACE_BOUND('',#3168,.T.);
#3372=FACE_BOUND('',#3169,.T.);
#3373=FACE_BOUND('',#3170,.T.);
#3374=FACE_BOUND('',#3171,.T.);
#3375=FACE_BOUND('',#3172,.T.);
#3376=FACE_BOUND('',#3173,.T.);
#3377=FACE_BOUND('',#3174,.T.);
#3378=FACE_BOUND('',#3175,.T.);
#3379=FACE_BOUND('',#3176,.T.);
#3380=FACE_BOUND('',#3177,.T.);
#3381=FACE_BOUND('',#3178,.T.);
#3382=FACE_BOUND('',#3179,.T.);
#3383=FACE_BOUND('',#3180,.T.);
#3384=FACE_BOUND('',#3181,.T.);
#3385=FACE_BOUND('',#3182,.T.);
#3386=FACE_BOUND('',#3183,.T.);
#3387=FACE_BOUND('',#3184,.T.);
#3388=FACE_BOUND('',#3185,.T.);
#3389=FACE_BOUND('',#3186,.T.);
#3390=FACE_BOUND('',#3187,.T.);
#3391=FACE_BOUND('',#3188,.T.);
#3392=FACE_BOUND('',#3189,.T.);
#3393=FACE_BOUND('',#3190,.T.);
#3394=FACE_BOUND('',#3191,.T.);
#3395=FACE_BOUND('',#3192,.T.);
#3396=FACE_BOUND('',#3193,.T.);
#3397=FACE_BOUND('',#3194,.T.);
#3398=FACE_BOUND('',#3195,.T.);
#3399=FACE_BOUND('',#3196,.T.);
#3400=FACE_BOUND('',#3197,.T.);
#3401=FACE_BOUND('',#3198,.T.);
#3402=FACE_BOUND('',#3199,.T.);
#3403=FACE_BOUND('',#3200,.T.);
#3404=FACE_BOUND('',#3201,.T.);
#3405=FACE_BOUND('',#3202,.T.);
#3406=FACE_BOUND('',#3203,.T.);
#3407=FACE_BOUND('',#3204,.T.);
#3408=FACE_BOUND('',#3205,.T.);
#3409=FACE_BOUND('',#3206,.T.);
#3410=FACE_BOUND('',#3207,.T.);
#3411=FACE_BOUND('',#3208,.T.);
#3412=FACE_BOUND('',#3209,.T.);
#3413=FACE_BOUND('',#3210,.T.);
#3414=FACE_BOUND('',#3211,.T.);
#3415=FACE_BOUND('',#3212,.T.);
#3416=FACE_BOUND('',#3213,.T.);
#3417=FACE_BOUND('',#3214,.T.);
#3418=FACE_BOUND('',#3215,.T.);
#3419=FACE_BOUND('',#3216,.T.);
#3420=FACE_BOUND('',#3217,.T.);
#3421=FACE_BOUND('',#3218,.T.);
#3422=FACE_BOUND('',#3219,.T.);
#3423=FACE_BOUND('',#3220,.T.);
#3424=FACE_BOUND('',#3221,.T.);
#3425=FACE_BOUND('',#3222,.T.);
#3426=FACE_BOUND('',#3223,.T.);
#3427=FACE_BOUND('',#3224,.T.);
#3428=FACE_BOUND('',#3225,.T.);
#3429=FACE_BOUND('',#3226,.T.);
#3430=FACE_BOUND('',#3227,.T.);
#3431=PLANE('',#5057);
#3432=PLANE('',#5061);
#3433=PLANE('',#5064);
#3434=PLANE('',#5065);
#3435=PLANE('',#5069);
#3436=PLANE('',#5076);
#3437=PLANE('',#5077);
#3438=PLANE('',#5078);
#3439=PLANE('',#5079);
#3440=PLANE('',#5081);
#3441=PLANE('',#5082);
#3442=PLANE('',#5084);
#3443=PLANE('',#5091);
#3444=PLANE('',#5098);
#3445=PLANE('',#5101);
#3446=PLANE('',#5104);
#3447=PLANE('',#5107);
#3448=PLANE('',#5118);
#3449=PLANE('',#5120);
#3450=PLANE('',#5121);
#3451=PLANE('',#5123);
#3452=PLANE('',#5125);
#3453=PLANE('',#5126);
#3454=PLANE('',#5134);
#3455=PLANE('',#5135);
#3456=PLANE('',#5138);
#3457=PLANE('',#5140);
#3458=PLANE('',#5141);
#3459=PLANE('',#5143);
#3460=PLANE('',#5144);
#3461=PLANE('',#5151);
#3462=PLANE('',#5153);
#3463=PLANE('',#5154);
#3464=PLANE('',#5158);
#3465=PLANE('',#5170);
#3466=PLANE('',#5180);
#3467=PLANE('',#5193);
#3468=PLANE('',#5194);
#3469=PLANE('',#5197);
#3470=PLANE('',#5199);
#3471=PLANE('',#5203);
#3472=PLANE('',#5205);
#3473=PLANE('',#5207);
#3474=PLANE('',#5208);
#3475=PLANE('',#5213);
#3476=PLANE('',#5214);
#3477=PLANE('',#5219);
#3478=PLANE('',#5225);
#3479=PLANE('',#5228);
#3480=PLANE('',#5229);
#3481=PLANE('',#5234);
#3482=PLANE('',#5240);
#3483=PLANE('',#5243);
#3484=PLANE('',#5244);
#3485=PLANE('',#5245);
#3486=PLANE('',#5246);
#3487=PLANE('',#5247);
#3488=PLANE('',#5248);
#3489=PLANE('',#5249);
#3490=PLANE('',#5250);
#3491=PLANE('',#5251);
#3492=PLANE('',#5252);
#3493=PLANE('',#5253);
#3494=PLANE('',#5254);
#3495=PLANE('',#5259);
#3496=PLANE('',#5264);
#3497=PLANE('',#5265);
#3498=PLANE('',#5266);
#3499=PLANE('',#5267);
#3500=PLANE('',#5268);
#3501=PLANE('',#5269);
#3502=PLANE('',#5270);
#3503=PLANE('',#5271);
#3504=PLANE('',#5272);
#3505=PLANE('',#5273);
#3506=PLANE('',#5274);
#3507=PLANE('',#5275);
#3508=PLANE('',#5276);
#3509=PLANE('',#5277);
#3510=PLANE('',#5278);
#3511=PLANE('',#5279);
#3512=PLANE('',#5282);
#3513=PLANE('',#5283);
#3514=PLANE('',#5284);
#3515=PLANE('',#5287);
#3516=PLANE('',#5288);
#3517=PLANE('',#5291);
#3518=PLANE('',#5294);
#3519=PLANE('',#5295);
#3520=PLANE('',#5296);
#3521=PLANE('',#5297);
#3522=PLANE('',#5298);
#3523=PLANE('',#5299);
#3524=PLANE('',#5300);
#3525=PLANE('',#5301);
#3526=PLANE('',#5302);
#3527=PLANE('',#5303);
#3528=PLANE('',#5304);
#3529=PLANE('',#5305);
#3530=PLANE('',#5306);
#3531=PLANE('',#5307);
#3532=PLANE('',#5308);
#3533=PLANE('',#5309);
#3534=PLANE('',#5310);
#3535=PLANE('',#5311);
#3536=PLANE('',#5312);
#3537=PLANE('',#5313);
#3538=PLANE('',#5314);
#3539=PLANE('',#5315);
#3540=PLANE('',#5316);
#3541=PLANE('',#5317);
#3542=PLANE('',#5318);
#3543=PLANE('',#5319);
#3544=PLANE('',#5320);
#3545=PLANE('',#5321);
#3546=PLANE('',#5322);
#3547=PLANE('',#5323);
#3548=PLANE('',#5324);
#3549=PLANE('',#5325);
#3550=PLANE('',#5326);
#3551=PLANE('',#5327);
#3552=PLANE('',#5328);
#3553=PLANE('',#5329);
#3554=PLANE('',#5330);
#3555=PLANE('',#5331);
#3556=PLANE('',#5332);
#3557=PLANE('',#5333);
#3558=PLANE('',#5334);
#3559=PLANE('',#5335);
#3560=PLANE('',#5336);
#3561=PLANE('',#5338);
#3562=PLANE('',#5339);
#3563=PLANE('',#5342);
#3564=PLANE('',#5345);
#3565=PLANE('',#5349);
#3566=PLANE('',#5350);
#3567=PLANE('',#5351);
#3568=PLANE('',#5352);
#3569=STYLED_ITEM('',(#3752),#4853);
#3570=STYLED_ITEM('',(#3753),#4854);
#3571=STYLED_ITEM('',(#3754),#4855);
#3572=STYLED_ITEM('',(#3755),#4856);
#3573=STYLED_ITEM('',(#3756),#4857);
#3574=STYLED_ITEM('',(#3757),#4858);
#3575=STYLED_ITEM('',(#3758),#4859);
#3576=STYLED_ITEM('',(#3759),#4860);
#3577=STYLED_ITEM('',(#3760),#4861);
#3578=STYLED_ITEM('',(#3761),#4862);
#3579=STYLED_ITEM('',(#3762),#4863);
#3580=STYLED_ITEM('',(#3763),#4864);
#3581=STYLED_ITEM('',(#3764),#4865);
#3582=STYLED_ITEM('',(#3765),#4866);
#3583=STYLED_ITEM('',(#3766),#4867);
#3584=STYLED_ITEM('',(#3767),#4868);
#3585=STYLED_ITEM('',(#3768),#4869);
#3586=STYLED_ITEM('',(#3769),#4870);
#3587=STYLED_ITEM('',(#3770),#4871);
#3588=STYLED_ITEM('',(#3771),#4872);
#3589=STYLED_ITEM('',(#3772),#4873);
#3590=STYLED_ITEM('',(#3773),#4874);
#3591=STYLED_ITEM('',(#3774),#4875);
#3592=STYLED_ITEM('',(#3775),#4876);
#3593=STYLED_ITEM('',(#3776),#4877);
#3594=STYLED_ITEM('',(#3777),#4878);
#3595=STYLED_ITEM('',(#3778),#4879);
#3596=STYLED_ITEM('',(#3779),#4880);
#3597=STYLED_ITEM('',(#3780),#4881);
#3598=STYLED_ITEM('',(#3781),#4882);
#3599=STYLED_ITEM('',(#3782),#4883);
#3600=STYLED_ITEM('',(#3783),#4884);
#3601=STYLED_ITEM('',(#3784),#4885);
#3602=STYLED_ITEM('',(#3785),#4886);
#3603=STYLED_ITEM('',(#3786),#4887);
#3604=STYLED_ITEM('',(#3787),#4888);
#3605=STYLED_ITEM('',(#3788),#4889);
#3606=STYLED_ITEM('',(#3789),#4890);
#3607=STYLED_ITEM('',(#3790),#4891);
#3608=STYLED_ITEM('',(#3791),#4892);
#3609=STYLED_ITEM('',(#3792),#4893);
#3610=STYLED_ITEM('',(#3793),#4894);
#3611=STYLED_ITEM('',(#3794),#4895);
#3612=STYLED_ITEM('',(#3795),#4896);
#3613=STYLED_ITEM('',(#3796),#4897);
#3614=STYLED_ITEM('',(#3797),#4898);
#3615=STYLED_ITEM('',(#3798),#4899);
#3616=STYLED_ITEM('',(#3799),#4900);
#3617=STYLED_ITEM('',(#3800),#4901);
#3618=STYLED_ITEM('',(#3801),#4902);
#3619=STYLED_ITEM('',(#3802),#4903);
#3620=STYLED_ITEM('',(#3803),#4904);
#3621=STYLED_ITEM('',(#3804),#4905);
#3622=STYLED_ITEM('',(#3805),#4906);
#3623=STYLED_ITEM('',(#3806),#4907);
#3624=STYLED_ITEM('',(#3807),#4908);
#3625=STYLED_ITEM('',(#3808),#4909);
#3626=STYLED_ITEM('',(#3809),#4910);
#3627=STYLED_ITEM('',(#3810),#4911);
#3628=STYLED_ITEM('',(#3811),#4912);
#3629=STYLED_ITEM('',(#3812),#4913);
#3630=STYLED_ITEM('',(#3813),#4914);
#3631=STYLED_ITEM('',(#3814),#4915);
#3632=STYLED_ITEM('',(#3815),#4916);
#3633=STYLED_ITEM('',(#3816),#4917);
#3634=STYLED_ITEM('',(#3817),#4918);
#3635=STYLED_ITEM('',(#3818),#4919);
#3636=STYLED_ITEM('',(#3819),#4920);
#3637=STYLED_ITEM('',(#3820),#4921);
#3638=STYLED_ITEM('',(#3821),#4922);
#3639=STYLED_ITEM('',(#3822),#4923);
#3640=STYLED_ITEM('',(#3823),#4924);
#3641=STYLED_ITEM('',(#3824),#4925);
#3642=STYLED_ITEM('',(#3825),#4926);
#3643=STYLED_ITEM('',(#3826),#4927);
#3644=STYLED_ITEM('',(#3827),#4928);
#3645=STYLED_ITEM('',(#3828),#4929);
#3646=STYLED_ITEM('',(#3829),#4930);
#3647=STYLED_ITEM('',(#3830),#4931);
#3648=STYLED_ITEM('',(#3831),#4932);
#3649=STYLED_ITEM('',(#3832),#4933);
#3650=STYLED_ITEM('',(#3833),#4934);
#3651=STYLED_ITEM('',(#3834),#4935);
#3652=STYLED_ITEM('',(#3835),#4936);
#3653=STYLED_ITEM('',(#3836),#4937);
#3654=STYLED_ITEM('',(#3837),#4938);
#3655=STYLED_ITEM('',(#3838),#4939);
#3656=STYLED_ITEM('',(#3839),#4940);
#3657=STYLED_ITEM('',(#3840),#4941);
#3658=STYLED_ITEM('',(#3841),#4942);
#3659=STYLED_ITEM('',(#3842),#4943);
#3660=STYLED_ITEM('',(#3843),#4944);
#3661=STYLED_ITEM('',(#3844),#4945);
#3662=STYLED_ITEM('',(#3845),#4946);
#3663=STYLED_ITEM('',(#3846),#4947);
#3664=STYLED_ITEM('',(#3847),#4948);
#3665=STYLED_ITEM('',(#3848),#4949);
#3666=STYLED_ITEM('',(#3849),#4950);
#3667=STYLED_ITEM('',(#3850),#4951);
#3668=STYLED_ITEM('',(#3851),#4952);
#3669=STYLED_ITEM('',(#3852),#4953);
#3670=STYLED_ITEM('',(#3853),#4954);
#3671=STYLED_ITEM('',(#3854),#4955);
#3672=STYLED_ITEM('',(#3855),#4956);
#3673=STYLED_ITEM('',(#3856),#4957);
#3674=STYLED_ITEM('',(#3857),#4958);
#3675=STYLED_ITEM('',(#3858),#4959);
#3676=STYLED_ITEM('',(#3859),#4960);
#3677=STYLED_ITEM('',(#3860),#4961);
#3678=STYLED_ITEM('',(#3861),#4962);
#3679=STYLED_ITEM('',(#3862),#4963);
#3680=STYLED_ITEM('',(#3863),#4964);
#3681=STYLED_ITEM('',(#3864),#4965);
#3682=STYLED_ITEM('',(#3865),#4966);
#3683=STYLED_ITEM('',(#3866),#4967);
#3684=STYLED_ITEM('',(#3867),#4968);
#3685=STYLED_ITEM('',(#3868),#4969);
#3686=STYLED_ITEM('',(#3869),#4970);
#3687=STYLED_ITEM('',(#3870),#4971);
#3688=STYLED_ITEM('',(#3871),#4972);
#3689=STYLED_ITEM('',(#3872),#4973);
#3690=STYLED_ITEM('',(#3873),#4974);
#3691=STYLED_ITEM('',(#3874),#4975);
#3692=STYLED_ITEM('',(#3875),#4976);
#3693=STYLED_ITEM('',(#3876),#4977);
#3694=STYLED_ITEM('',(#3877),#4978);
#3695=STYLED_ITEM('',(#3878),#4979);
#3696=STYLED_ITEM('',(#3879),#4980);
#3697=STYLED_ITEM('',(#3880),#4981);
#3698=STYLED_ITEM('',(#3881),#4982);
#3699=STYLED_ITEM('',(#3882),#4983);
#3700=STYLED_ITEM('',(#3883),#4984);
#3701=STYLED_ITEM('',(#3884),#4985);
#3702=STYLED_ITEM('',(#3885),#4986);
#3703=STYLED_ITEM('',(#3886),#4987);
#3704=STYLED_ITEM('',(#3887),#4988);
#3705=STYLED_ITEM('',(#3888),#4989);
#3706=STYLED_ITEM('',(#3889),#4990);
#3707=STYLED_ITEM('',(#3890),#4991);
#3708=STYLED_ITEM('',(#3891),#4992);
#3709=STYLED_ITEM('',(#3892),#4993);
#3710=STYLED_ITEM('',(#3893),#4994);
#3711=STYLED_ITEM('',(#3894),#4995);
#3712=STYLED_ITEM('',(#3895),#4996);
#3713=STYLED_ITEM('',(#3896),#4997);
#3714=STYLED_ITEM('',(#3897),#4998);
#3715=STYLED_ITEM('',(#3898),#4999);
#3716=STYLED_ITEM('',(#3899),#5000);
#3717=STYLED_ITEM('',(#3900),#5001);
#3718=STYLED_ITEM('',(#3901),#5002);
#3719=STYLED_ITEM('',(#3902),#5003);
#3720=STYLED_ITEM('',(#3903),#5004);
#3721=STYLED_ITEM('',(#3904),#5005);
#3722=STYLED_ITEM('',(#3905),#5006);
#3723=STYLED_ITEM('',(#3906),#5007);
#3724=STYLED_ITEM('',(#3907),#5008);
#3725=STYLED_ITEM('',(#3908),#5009);
#3726=STYLED_ITEM('',(#3909),#5010);
#3727=STYLED_ITEM('',(#3910),#5011);
#3728=STYLED_ITEM('',(#3911),#5012);
#3729=STYLED_ITEM('',(#3912),#5013);
#3730=STYLED_ITEM('',(#3913),#5014);
#3731=STYLED_ITEM('',(#3914),#5015);
#3732=STYLED_ITEM('',(#3915),#5016);
#3733=STYLED_ITEM('',(#3916),#5017);
#3734=STYLED_ITEM('',(#3917),#5018);
#3735=STYLED_ITEM('',(#3918),#5019);
#3736=STYLED_ITEM('',(#3919),#5020);
#3737=STYLED_ITEM('',(#3920),#5021);
#3738=STYLED_ITEM('',(#3921),#5022);
#3739=STYLED_ITEM('',(#3922),#5023);
#3740=STYLED_ITEM('',(#3923),#5024);
#3741=STYLED_ITEM('',(#3924),#5025);
#3742=STYLED_ITEM('',(#3925),#5026);
#3743=STYLED_ITEM('',(#3926),#5027);
#3744=STYLED_ITEM('',(#3927),#5028);
#3745=STYLED_ITEM('',(#3928),#5029);
#3746=STYLED_ITEM('',(#3929),#5030);
#3747=STYLED_ITEM('',(#3930),#5031);
#3748=STYLED_ITEM('',(#3931),#5032);
#3749=STYLED_ITEM('',(#3932),#5033);
#3750=STYLED_ITEM('',(#3933),#5034);
#3751=STYLED_ITEM('',(#3934),#5049);
#3752=PRESENTATION_STYLE_ASSIGNMENT((#3935));
#3753=PRESENTATION_STYLE_ASSIGNMENT((#3936));
#3754=PRESENTATION_STYLE_ASSIGNMENT((#3937));
#3755=PRESENTATION_STYLE_ASSIGNMENT((#3938));
#3756=PRESENTATION_STYLE_ASSIGNMENT((#3939));
#3757=PRESENTATION_STYLE_ASSIGNMENT((#3940));
#3758=PRESENTATION_STYLE_ASSIGNMENT((#3941));
#3759=PRESENTATION_STYLE_ASSIGNMENT((#3942));
#3760=PRESENTATION_STYLE_ASSIGNMENT((#3943));
#3761=PRESENTATION_STYLE_ASSIGNMENT((#3944));
#3762=PRESENTATION_STYLE_ASSIGNMENT((#3945));
#3763=PRESENTATION_STYLE_ASSIGNMENT((#3946));
#3764=PRESENTATION_STYLE_ASSIGNMENT((#3947));
#3765=PRESENTATION_STYLE_ASSIGNMENT((#3948));
#3766=PRESENTATION_STYLE_ASSIGNMENT((#3949));
#3767=PRESENTATION_STYLE_ASSIGNMENT((#3950));
#3768=PRESENTATION_STYLE_ASSIGNMENT((#3951));
#3769=PRESENTATION_STYLE_ASSIGNMENT((#3952));
#3770=PRESENTATION_STYLE_ASSIGNMENT((#3953));
#3771=PRESENTATION_STYLE_ASSIGNMENT((#3954));
#3772=PRESENTATION_STYLE_ASSIGNMENT((#3955));
#3773=PRESENTATION_STYLE_ASSIGNMENT((#3956));
#3774=PRESENTATION_STYLE_ASSIGNMENT((#3957));
#3775=PRESENTATION_STYLE_ASSIGNMENT((#3958));
#3776=PRESENTATION_STYLE_ASSIGNMENT((#3959));
#3777=PRESENTATION_STYLE_ASSIGNMENT((#3960));
#3778=PRESENTATION_STYLE_ASSIGNMENT((#3961));
#3779=PRESENTATION_STYLE_ASSIGNMENT((#3962));
#3780=PRESENTATION_STYLE_ASSIGNMENT((#3963));
#3781=PRESENTATION_STYLE_ASSIGNMENT((#3964));
#3782=PRESENTATION_STYLE_ASSIGNMENT((#3965));
#3783=PRESENTATION_STYLE_ASSIGNMENT((#3966));
#3784=PRESENTATION_STYLE_ASSIGNMENT((#3967));
#3785=PRESENTATION_STYLE_ASSIGNMENT((#3968));
#3786=PRESENTATION_STYLE_ASSIGNMENT((#3969));
#3787=PRESENTATION_STYLE_ASSIGNMENT((#3970));
#3788=PRESENTATION_STYLE_ASSIGNMENT((#3971));
#3789=PRESENTATION_STYLE_ASSIGNMENT((#3972));
#3790=PRESENTATION_STYLE_ASSIGNMENT((#3973));
#3791=PRESENTATION_STYLE_ASSIGNMENT((#3974));
#3792=PRESENTATION_STYLE_ASSIGNMENT((#3975));
#3793=PRESENTATION_STYLE_ASSIGNMENT((#3976));
#3794=PRESENTATION_STYLE_ASSIGNMENT((#3977));
#3795=PRESENTATION_STYLE_ASSIGNMENT((#3978));
#3796=PRESENTATION_STYLE_ASSIGNMENT((#3979));
#3797=PRESENTATION_STYLE_ASSIGNMENT((#3980));
#3798=PRESENTATION_STYLE_ASSIGNMENT((#3981));
#3799=PRESENTATION_STYLE_ASSIGNMENT((#3982));
#3800=PRESENTATION_STYLE_ASSIGNMENT((#3983));
#3801=PRESENTATION_STYLE_ASSIGNMENT((#3984));
#3802=PRESENTATION_STYLE_ASSIGNMENT((#3985));
#3803=PRESENTATION_STYLE_ASSIGNMENT((#3986));
#3804=PRESENTATION_STYLE_ASSIGNMENT((#3987));
#3805=PRESENTATION_STYLE_ASSIGNMENT((#3988));
#3806=PRESENTATION_STYLE_ASSIGNMENT((#3989));
#3807=PRESENTATION_STYLE_ASSIGNMENT((#3990));
#3808=PRESENTATION_STYLE_ASSIGNMENT((#3991));
#3809=PRESENTATION_STYLE_ASSIGNMENT((#3992));
#3810=PRESENTATION_STYLE_ASSIGNMENT((#3993));
#3811=PRESENTATION_STYLE_ASSIGNMENT((#3994));
#3812=PRESENTATION_STYLE_ASSIGNMENT((#3995));
#3813=PRESENTATION_STYLE_ASSIGNMENT((#3996));
#3814=PRESENTATION_STYLE_ASSIGNMENT((#3997));
#3815=PRESENTATION_STYLE_ASSIGNMENT((#3998));
#3816=PRESENTATION_STYLE_ASSIGNMENT((#3999));
#3817=PRESENTATION_STYLE_ASSIGNMENT((#4000));
#3818=PRESENTATION_STYLE_ASSIGNMENT((#4001));
#3819=PRESENTATION_STYLE_ASSIGNMENT((#4002));
#3820=PRESENTATION_STYLE_ASSIGNMENT((#4003));
#3821=PRESENTATION_STYLE_ASSIGNMENT((#4004));
#3822=PRESENTATION_STYLE_ASSIGNMENT((#4005));
#3823=PRESENTATION_STYLE_ASSIGNMENT((#4006));
#3824=PRESENTATION_STYLE_ASSIGNMENT((#4007));
#3825=PRESENTATION_STYLE_ASSIGNMENT((#4008));
#3826=PRESENTATION_STYLE_ASSIGNMENT((#4009));
#3827=PRESENTATION_STYLE_ASSIGNMENT((#4010));
#3828=PRESENTATION_STYLE_ASSIGNMENT((#4011));
#3829=PRESENTATION_STYLE_ASSIGNMENT((#4012));
#3830=PRESENTATION_STYLE_ASSIGNMENT((#4013));
#3831=PRESENTATION_STYLE_ASSIGNMENT((#4014));
#3832=PRESENTATION_STYLE_ASSIGNMENT((#4015));
#3833=PRESENTATION_STYLE_ASSIGNMENT((#4016));
#3834=PRESENTATION_STYLE_ASSIGNMENT((#4017));
#3835=PRESENTATION_STYLE_ASSIGNMENT((#4018));
#3836=PRESENTATION_STYLE_ASSIGNMENT((#4019));
#3837=PRESENTATION_STYLE_ASSIGNMENT((#4020));
#3838=PRESENTATION_STYLE_ASSIGNMENT((#4021));
#3839=PRESENTATION_STYLE_ASSIGNMENT((#4022));
#3840=PRESENTATION_STYLE_ASSIGNMENT((#4023));
#3841=PRESENTATION_STYLE_ASSIGNMENT((#4024));
#3842=PRESENTATION_STYLE_ASSIGNMENT((#4025));
#3843=PRESENTATION_STYLE_ASSIGNMENT((#4026));
#3844=PRESENTATION_STYLE_ASSIGNMENT((#4027));
#3845=PRESENTATION_STYLE_ASSIGNMENT((#4028));
#3846=PRESENTATION_STYLE_ASSIGNMENT((#4029));
#3847=PRESENTATION_STYLE_ASSIGNMENT((#4030));
#3848=PRESENTATION_STYLE_ASSIGNMENT((#4031));
#3849=PRESENTATION_STYLE_ASSIGNMENT((#4032));
#3850=PRESENTATION_STYLE_ASSIGNMENT((#4033));
#3851=PRESENTATION_STYLE_ASSIGNMENT((#4034));
#3852=PRESENTATION_STYLE_ASSIGNMENT((#4035));
#3853=PRESENTATION_STYLE_ASSIGNMENT((#4036));
#3854=PRESENTATION_STYLE_ASSIGNMENT((#4037));
#3855=PRESENTATION_STYLE_ASSIGNMENT((#4038));
#3856=PRESENTATION_STYLE_ASSIGNMENT((#4039));
#3857=PRESENTATION_STYLE_ASSIGNMENT((#4040));
#3858=PRESENTATION_STYLE_ASSIGNMENT((#4041));
#3859=PRESENTATION_STYLE_ASSIGNMENT((#4042));
#3860=PRESENTATION_STYLE_ASSIGNMENT((#4043));
#3861=PRESENTATION_STYLE_ASSIGNMENT((#4044));
#3862=PRESENTATION_STYLE_ASSIGNMENT((#4045));
#3863=PRESENTATION_STYLE_ASSIGNMENT((#4046));
#3864=PRESENTATION_STYLE_ASSIGNMENT((#4047));
#3865=PRESENTATION_STYLE_ASSIGNMENT((#4048));
#3866=PRESENTATION_STYLE_ASSIGNMENT((#4049));
#3867=PRESENTATION_STYLE_ASSIGNMENT((#4050));
#3868=PRESENTATION_STYLE_ASSIGNMENT((#4051));
#3869=PRESENTATION_STYLE_ASSIGNMENT((#4052));
#3870=PRESENTATION_STYLE_ASSIGNMENT((#4053));
#3871=PRESENTATION_STYLE_ASSIGNMENT((#4054));
#3872=PRESENTATION_STYLE_ASSIGNMENT((#4055));
#3873=PRESENTATION_STYLE_ASSIGNMENT((#4056));
#3874=PRESENTATION_STYLE_ASSIGNMENT((#4057));
#3875=PRESENTATION_STYLE_ASSIGNMENT((#4058));
#3876=PRESENTATION_STYLE_ASSIGNMENT((#4059));
#3877=PRESENTATION_STYLE_ASSIGNMENT((#4060));
#3878=PRESENTATION_STYLE_ASSIGNMENT((#4061));
#3879=PRESENTATION_STYLE_ASSIGNMENT((#4062));
#3880=PRESENTATION_STYLE_ASSIGNMENT((#4063));
#3881=PRESENTATION_STYLE_ASSIGNMENT((#4064));
#3882=PRESENTATION_STYLE_ASSIGNMENT((#4065));
#3883=PRESENTATION_STYLE_ASSIGNMENT((#4066));
#3884=PRESENTATION_STYLE_ASSIGNMENT((#4067));
#3885=PRESENTATION_STYLE_ASSIGNMENT((#4068));
#3886=PRESENTATION_STYLE_ASSIGNMENT((#4069));
#3887=PRESENTATION_STYLE_ASSIGNMENT((#4070));
#3888=PRESENTATION_STYLE_ASSIGNMENT((#4071));
#3889=PRESENTATION_STYLE_ASSIGNMENT((#4072));
#3890=PRESENTATION_STYLE_ASSIGNMENT((#4073));
#3891=PRESENTATION_STYLE_ASSIGNMENT((#4074));
#3892=PRESENTATION_STYLE_ASSIGNMENT((#4075));
#3893=PRESENTATION_STYLE_ASSIGNMENT((#4076));
#3894=PRESENTATION_STYLE_ASSIGNMENT((#4077));
#3895=PRESENTATION_STYLE_ASSIGNMENT((#4078));
#3896=PRESENTATION_STYLE_ASSIGNMENT((#4079));
#3897=PRESENTATION_STYLE_ASSIGNMENT((#4080));
#3898=PRESENTATION_STYLE_ASSIGNMENT((#4081));
#3899=PRESENTATION_STYLE_ASSIGNMENT((#4082));
#3900=PRESENTATION_STYLE_ASSIGNMENT((#4083));
#3901=PRESENTATION_STYLE_ASSIGNMENT((#4084));
#3902=PRESENTATION_STYLE_ASSIGNMENT((#4085));
#3903=PRESENTATION_STYLE_ASSIGNMENT((#4086));
#3904=PRESENTATION_STYLE_ASSIGNMENT((#4087));
#3905=PRESENTATION_STYLE_ASSIGNMENT((#4088));
#3906=PRESENTATION_STYLE_ASSIGNMENT((#4089));
#3907=PRESENTATION_STYLE_ASSIGNMENT((#4090));
#3908=PRESENTATION_STYLE_ASSIGNMENT((#4091));
#3909=PRESENTATION_STYLE_ASSIGNMENT((#4092));
#3910=PRESENTATION_STYLE_ASSIGNMENT((#4093));
#3911=PRESENTATION_STYLE_ASSIGNMENT((#4094));
#3912=PRESENTATION_STYLE_ASSIGNMENT((#4095));
#3913=PRESENTATION_STYLE_ASSIGNMENT((#4096));
#3914=PRESENTATION_STYLE_ASSIGNMENT((#4097));
#3915=PRESENTATION_STYLE_ASSIGNMENT((#4098));
#3916=PRESENTATION_STYLE_ASSIGNMENT((#4099));
#3917=PRESENTATION_STYLE_ASSIGNMENT((#4100));
#3918=PRESENTATION_STYLE_ASSIGNMENT((#4101));
#3919=PRESENTATION_STYLE_ASSIGNMENT((#4102));
#3920=PRESENTATION_STYLE_ASSIGNMENT((#4103));
#3921=PRESENTATION_STYLE_ASSIGNMENT((#4104));
#3922=PRESENTATION_STYLE_ASSIGNMENT((#4105));
#3923=PRESENTATION_STYLE_ASSIGNMENT((#4106));
#3924=PRESENTATION_STYLE_ASSIGNMENT((#4107));
#3925=PRESENTATION_STYLE_ASSIGNMENT((#4108));
#3926=PRESENTATION_STYLE_ASSIGNMENT((#4109));
#3927=PRESENTATION_STYLE_ASSIGNMENT((#4110));
#3928=PRESENTATION_STYLE_ASSIGNMENT((#4111));
#3929=PRESENTATION_STYLE_ASSIGNMENT((#4112));
#3930=PRESENTATION_STYLE_ASSIGNMENT((#4113));
#3931=PRESENTATION_STYLE_ASSIGNMENT((#4114));
#3932=PRESENTATION_STYLE_ASSIGNMENT((#4115));
#3933=PRESENTATION_STYLE_ASSIGNMENT((#4116));
#3934=PRESENTATION_STYLE_ASSIGNMENT((#4117));
#3935=SURFACE_STYLE_USAGE(.BOTH.,#4118);
#3936=SURFACE_STYLE_USAGE(.BOTH.,#4119);
#3937=SURFACE_STYLE_USAGE(.BOTH.,#4120);
#3938=SURFACE_STYLE_USAGE(.BOTH.,#4121);
#3939=SURFACE_STYLE_USAGE(.BOTH.,#4122);
#3940=SURFACE_STYLE_USAGE(.BOTH.,#4123);
#3941=SURFACE_STYLE_USAGE(.BOTH.,#4124);
#3942=SURFACE_STYLE_USAGE(.BOTH.,#4125);
#3943=SURFACE_STYLE_USAGE(.BOTH.,#4126);
#3944=SURFACE_STYLE_USAGE(.BOTH.,#4127);
#3945=SURFACE_STYLE_USAGE(.BOTH.,#4128);
#3946=SURFACE_STYLE_USAGE(.BOTH.,#4129);
#3947=SURFACE_STYLE_USAGE(.BOTH.,#4130);
#3948=SURFACE_STYLE_USAGE(.BOTH.,#4131);
#3949=SURFACE_STYLE_USAGE(.BOTH.,#4132);
#3950=SURFACE_STYLE_USAGE(.BOTH.,#4133);
#3951=SURFACE_STYLE_USAGE(.BOTH.,#4134);
#3952=SURFACE_STYLE_USAGE(.BOTH.,#4135);
#3953=SURFACE_STYLE_USAGE(.BOTH.,#4136);
#3954=SURFACE_STYLE_USAGE(.BOTH.,#4137);
#3955=SURFACE_STYLE_USAGE(.BOTH.,#4138);
#3956=SURFACE_STYLE_USAGE(.BOTH.,#4139);
#3957=SURFACE_STYLE_USAGE(.BOTH.,#4140);
#3958=SURFACE_STYLE_USAGE(.BOTH.,#4141);
#3959=SURFACE_STYLE_USAGE(.BOTH.,#4142);
#3960=SURFACE_STYLE_USAGE(.BOTH.,#4143);
#3961=SURFACE_STYLE_USAGE(.BOTH.,#4144);
#3962=SURFACE_STYLE_USAGE(.BOTH.,#4145);
#3963=SURFACE_STYLE_USAGE(.BOTH.,#4146);
#3964=SURFACE_STYLE_USAGE(.BOTH.,#4147);
#3965=SURFACE_STYLE_USAGE(.BOTH.,#4148);
#3966=SURFACE_STYLE_USAGE(.BOTH.,#4149);
#3967=SURFACE_STYLE_USAGE(.BOTH.,#4150);
#3968=SURFACE_STYLE_USAGE(.BOTH.,#4151);
#3969=SURFACE_STYLE_USAGE(.BOTH.,#4152);
#3970=SURFACE_STYLE_USAGE(.BOTH.,#4153);
#3971=SURFACE_STYLE_USAGE(.BOTH.,#4154);
#3972=SURFACE_STYLE_USAGE(.BOTH.,#4155);
#3973=SURFACE_STYLE_USAGE(.BOTH.,#4156);
#3974=SURFACE_STYLE_USAGE(.BOTH.,#4157);
#3975=SURFACE_STYLE_USAGE(.BOTH.,#4158);
#3976=SURFACE_STYLE_USAGE(.BOTH.,#4159);
#3977=SURFACE_STYLE_USAGE(.BOTH.,#4160);
#3978=SURFACE_STYLE_USAGE(.BOTH.,#4161);
#3979=SURFACE_STYLE_USAGE(.BOTH.,#4162);
#3980=SURFACE_STYLE_USAGE(.BOTH.,#4163);
#3981=SURFACE_STYLE_USAGE(.BOTH.,#4164);
#3982=SURFACE_STYLE_USAGE(.BOTH.,#4165);
#3983=SURFACE_STYLE_USAGE(.BOTH.,#4166);
#3984=SURFACE_STYLE_USAGE(.BOTH.,#4167);
#3985=SURFACE_STYLE_USAGE(.BOTH.,#4168);
#3986=SURFACE_STYLE_USAGE(.BOTH.,#4169);
#3987=SURFACE_STYLE_USAGE(.BOTH.,#4170);
#3988=SURFACE_STYLE_USAGE(.BOTH.,#4171);
#3989=SURFACE_STYLE_USAGE(.BOTH.,#4172);
#3990=SURFACE_STYLE_USAGE(.BOTH.,#4173);
#3991=SURFACE_STYLE_USAGE(.BOTH.,#4174);
#3992=SURFACE_STYLE_USAGE(.BOTH.,#4175);
#3993=SURFACE_STYLE_USAGE(.BOTH.,#4176);
#3994=SURFACE_STYLE_USAGE(.BOTH.,#4177);
#3995=SURFACE_STYLE_USAGE(.BOTH.,#4178);
#3996=SURFACE_STYLE_USAGE(.BOTH.,#4179);
#3997=SURFACE_STYLE_USAGE(.BOTH.,#4180);
#3998=SURFACE_STYLE_USAGE(.BOTH.,#4181);
#3999=SURFACE_STYLE_USAGE(.BOTH.,#4182);
#4000=SURFACE_STYLE_USAGE(.BOTH.,#4183);
#4001=SURFACE_STYLE_USAGE(.BOTH.,#4184);
#4002=SURFACE_STYLE_USAGE(.BOTH.,#4185);
#4003=SURFACE_STYLE_USAGE(.BOTH.,#4186);
#4004=SURFACE_STYLE_USAGE(.BOTH.,#4187);
#4005=SURFACE_STYLE_USAGE(.BOTH.,#4188);
#4006=SURFACE_STYLE_USAGE(.BOTH.,#4189);
#4007=SURFACE_STYLE_USAGE(.BOTH.,#4190);
#4008=SURFACE_STYLE_USAGE(.BOTH.,#4191);
#4009=SURFACE_STYLE_USAGE(.BOTH.,#4192);
#4010=SURFACE_STYLE_USAGE(.BOTH.,#4193);
#4011=SURFACE_STYLE_USAGE(.BOTH.,#4194);
#4012=SURFACE_STYLE_USAGE(.BOTH.,#4195);
#4013=SURFACE_STYLE_USAGE(.BOTH.,#4196);
#4014=SURFACE_STYLE_USAGE(.BOTH.,#4197);
#4015=SURFACE_STYLE_USAGE(.BOTH.,#4198);
#4016=SURFACE_STYLE_USAGE(.BOTH.,#4199);
#4017=SURFACE_STYLE_USAGE(.BOTH.,#4200);
#4018=SURFACE_STYLE_USAGE(.BOTH.,#4201);
#4019=SURFACE_STYLE_USAGE(.BOTH.,#4202);
#4020=SURFACE_STYLE_USAGE(.BOTH.,#4203);
#4021=SURFACE_STYLE_USAGE(.BOTH.,#4204);
#4022=SURFACE_STYLE_USAGE(.BOTH.,#4205);
#4023=SURFACE_STYLE_USAGE(.BOTH.,#4206);
#4024=SURFACE_STYLE_USAGE(.BOTH.,#4207);
#4025=SURFACE_STYLE_USAGE(.BOTH.,#4208);
#4026=SURFACE_STYLE_USAGE(.BOTH.,#4209);
#4027=SURFACE_STYLE_USAGE(.BOTH.,#4210);
#4028=SURFACE_STYLE_USAGE(.BOTH.,#4211);
#4029=SURFACE_STYLE_USAGE(.BOTH.,#4212);
#4030=SURFACE_STYLE_USAGE(.BOTH.,#4213);
#4031=SURFACE_STYLE_USAGE(.BOTH.,#4214);
#4032=SURFACE_STYLE_USAGE(.BOTH.,#4215);
#4033=SURFACE_STYLE_USAGE(.BOTH.,#4216);
#4034=SURFACE_STYLE_USAGE(.BOTH.,#4217);
#4035=SURFACE_STYLE_USAGE(.BOTH.,#4218);
#4036=SURFACE_STYLE_USAGE(.BOTH.,#4219);
#4037=SURFACE_STYLE_USAGE(.BOTH.,#4220);
#4038=SURFACE_STYLE_USAGE(.BOTH.,#4221);
#4039=SURFACE_STYLE_USAGE(.BOTH.,#4222);
#4040=SURFACE_STYLE_USAGE(.BOTH.,#4223);
#4041=SURFACE_STYLE_USAGE(.BOTH.,#4224);
#4042=SURFACE_STYLE_USAGE(.BOTH.,#4225);
#4043=SURFACE_STYLE_USAGE(.BOTH.,#4226);
#4044=SURFACE_STYLE_USAGE(.BOTH.,#4227);
#4045=SURFACE_STYLE_USAGE(.BOTH.,#4228);
#4046=SURFACE_STYLE_USAGE(.BOTH.,#4229);
#4047=SURFACE_STYLE_USAGE(.BOTH.,#4230);
#4048=SURFACE_STYLE_USAGE(.BOTH.,#4231);
#4049=SURFACE_STYLE_USAGE(.BOTH.,#4232);
#4050=SURFACE_STYLE_USAGE(.BOTH.,#4233);
#4051=SURFACE_STYLE_USAGE(.BOTH.,#4234);
#4052=SURFACE_STYLE_USAGE(.BOTH.,#4235);
#4053=SURFACE_STYLE_USAGE(.BOTH.,#4236);
#4054=SURFACE_STYLE_USAGE(.BOTH.,#4237);
#4055=SURFACE_STYLE_USAGE(.BOTH.,#4238);
#4056=SURFACE_STYLE_USAGE(.BOTH.,#4239);
#4057=SURFACE_STYLE_USAGE(.BOTH.,#4240);
#4058=SURFACE_STYLE_USAGE(.BOTH.,#4241);
#4059=SURFACE_STYLE_USAGE(.BOTH.,#4242);
#4060=SURFACE_STYLE_USAGE(.BOTH.,#4243);
#4061=SURFACE_STYLE_USAGE(.BOTH.,#4244);
#4062=SURFACE_STYLE_USAGE(.BOTH.,#4245);
#4063=SURFACE_STYLE_USAGE(.BOTH.,#4246);
#4064=SURFACE_STYLE_USAGE(.BOTH.,#4247);
#4065=SURFACE_STYLE_USAGE(.BOTH.,#4248);
#4066=SURFACE_STYLE_USAGE(.BOTH.,#4249);
#4067=SURFACE_STYLE_USAGE(.BOTH.,#4250);
#4068=SURFACE_STYLE_USAGE(.BOTH.,#4251);
#4069=SURFACE_STYLE_USAGE(.BOTH.,#4252);
#4070=SURFACE_STYLE_USAGE(.BOTH.,#4253);
#4071=SURFACE_STYLE_USAGE(.BOTH.,#4254);
#4072=SURFACE_STYLE_USAGE(.BOTH.,#4255);
#4073=SURFACE_STYLE_USAGE(.BOTH.,#4256);
#4074=SURFACE_STYLE_USAGE(.BOTH.,#4257);
#4075=SURFACE_STYLE_USAGE(.BOTH.,#4258);
#4076=SURFACE_STYLE_USAGE(.BOTH.,#4259);
#4077=SURFACE_STYLE_USAGE(.BOTH.,#4260);
#4078=SURFACE_STYLE_USAGE(.BOTH.,#4261);
#4079=SURFACE_STYLE_USAGE(.BOTH.,#4262);
#4080=SURFACE_STYLE_USAGE(.BOTH.,#4263);
#4081=SURFACE_STYLE_USAGE(.BOTH.,#4264);
#4082=SURFACE_STYLE_USAGE(.BOTH.,#4265);
#4083=SURFACE_STYLE_USAGE(.BOTH.,#4266);
#4084=SURFACE_STYLE_USAGE(.BOTH.,#4267);
#4085=SURFACE_STYLE_USAGE(.BOTH.,#4268);
#4086=SURFACE_STYLE_USAGE(.BOTH.,#4269);
#4087=SURFACE_STYLE_USAGE(.BOTH.,#4270);
#4088=SURFACE_STYLE_USAGE(.BOTH.,#4271);
#4089=SURFACE_STYLE_USAGE(.BOTH.,#4272);
#4090=SURFACE_STYLE_USAGE(.BOTH.,#4273);
#4091=SURFACE_STYLE_USAGE(.BOTH.,#4274);
#4092=SURFACE_STYLE_USAGE(.BOTH.,#4275);
#4093=SURFACE_STYLE_USAGE(.BOTH.,#4276);
#4094=SURFACE_STYLE_USAGE(.BOTH.,#4277);
#4095=SURFACE_STYLE_USAGE(.BOTH.,#4278);
#4096=SURFACE_STYLE_USAGE(.BOTH.,#4279);
#4097=SURFACE_STYLE_USAGE(.BOTH.,#4280);
#4098=SURFACE_STYLE_USAGE(.BOTH.,#4281);
#4099=SURFACE_STYLE_USAGE(.BOTH.,#4282);
#4100=SURFACE_STYLE_USAGE(.BOTH.,#4283);
#4101=SURFACE_STYLE_USAGE(.BOTH.,#4284);
#4102=SURFACE_STYLE_USAGE(.BOTH.,#4285);
#4103=SURFACE_STYLE_USAGE(.BOTH.,#4286);
#4104=SURFACE_STYLE_USAGE(.BOTH.,#4287);
#4105=SURFACE_STYLE_USAGE(.BOTH.,#4288);
#4106=SURFACE_STYLE_USAGE(.BOTH.,#4289);
#4107=SURFACE_STYLE_USAGE(.BOTH.,#4290);
#4108=SURFACE_STYLE_USAGE(.BOTH.,#4291);
#4109=SURFACE_STYLE_USAGE(.BOTH.,#4292);
#4110=SURFACE_STYLE_USAGE(.BOTH.,#4293);
#4111=SURFACE_STYLE_USAGE(.BOTH.,#4294);
#4112=SURFACE_STYLE_USAGE(.BOTH.,#4295);
#4113=SURFACE_STYLE_USAGE(.BOTH.,#4296);
#4114=SURFACE_STYLE_USAGE(.BOTH.,#4297);
#4115=SURFACE_STYLE_USAGE(.BOTH.,#4298);
#4116=SURFACE_STYLE_USAGE(.BOTH.,#4299);
#4117=SURFACE_STYLE_USAGE(.BOTH.,#4300);
#4118=SURFACE_SIDE_STYLE('',(#4301));
#4119=SURFACE_SIDE_STYLE('',(#4302));
#4120=SURFACE_SIDE_STYLE('',(#4303));
#4121=SURFACE_SIDE_STYLE('',(#4304));
#4122=SURFACE_SIDE_STYLE('',(#4305));
#4123=SURFACE_SIDE_STYLE('',(#4306));
#4124=SURFACE_SIDE_STYLE('',(#4307));
#4125=SURFACE_SIDE_STYLE('',(#4308));
#4126=SURFACE_SIDE_STYLE('',(#4309));
#4127=SURFACE_SIDE_STYLE('',(#4310));
#4128=SURFACE_SIDE_STYLE('',(#4311));
#4129=SURFACE_SIDE_STYLE('',(#4312));
#4130=SURFACE_SIDE_STYLE('',(#4313));
#4131=SURFACE_SIDE_STYLE('',(#4314));
#4132=SURFACE_SIDE_STYLE('',(#4315));
#4133=SURFACE_SIDE_STYLE('',(#4316));
#4134=SURFACE_SIDE_STYLE('',(#4317));
#4135=SURFACE_SIDE_STYLE('',(#4318));
#4136=SURFACE_SIDE_STYLE('',(#4319));
#4137=SURFACE_SIDE_STYLE('',(#4320));
#4138=SURFACE_SIDE_STYLE('',(#4321));
#4139=SURFACE_SIDE_STYLE('',(#4322));
#4140=SURFACE_SIDE_STYLE('',(#4323));
#4141=SURFACE_SIDE_STYLE('',(#4324));
#4142=SURFACE_SIDE_STYLE('',(#4325));
#4143=SURFACE_SIDE_STYLE('',(#4326));
#4144=SURFACE_SIDE_STYLE('',(#4327));
#4145=SURFACE_SIDE_STYLE('',(#4328));
#4146=SURFACE_SIDE_STYLE('',(#4329));
#4147=SURFACE_SIDE_STYLE('',(#4330));
#4148=SURFACE_SIDE_STYLE('',(#4331));
#4149=SURFACE_SIDE_STYLE('',(#4332));
#4150=SURFACE_SIDE_STYLE('',(#4333));
#4151=SURFACE_SIDE_STYLE('',(#4334));
#4152=SURFACE_SIDE_STYLE('',(#4335));
#4153=SURFACE_SIDE_STYLE('',(#4336));
#4154=SURFACE_SIDE_STYLE('',(#4337));
#4155=SURFACE_SIDE_STYLE('',(#4338));
#4156=SURFACE_SIDE_STYLE('',(#4339));
#4157=SURFACE_SIDE_STYLE('',(#4340));
#4158=SURFACE_SIDE_STYLE('',(#4341));
#4159=SURFACE_SIDE_STYLE('',(#4342));
#4160=SURFACE_SIDE_STYLE('',(#4343));
#4161=SURFACE_SIDE_STYLE('',(#4344));
#4162=SURFACE_SIDE_STYLE('',(#4345));
#4163=SURFACE_SIDE_STYLE('',(#4346));
#4164=SURFACE_SIDE_STYLE('',(#4347));
#4165=SURFACE_SIDE_STYLE('',(#4348));
#4166=SURFACE_SIDE_STYLE('',(#4349));
#4167=SURFACE_SIDE_STYLE('',(#4350));
#4168=SURFACE_SIDE_STYLE('',(#4351));
#4169=SURFACE_SIDE_STYLE('',(#4352));
#4170=SURFACE_SIDE_STYLE('',(#4353));
#4171=SURFACE_SIDE_STYLE('',(#4354));
#4172=SURFACE_SIDE_STYLE('',(#4355));
#4173=SURFACE_SIDE_STYLE('',(#4356));
#4174=SURFACE_SIDE_STYLE('',(#4357));
#4175=SURFACE_SIDE_STYLE('',(#4358));
#4176=SURFACE_SIDE_STYLE('',(#4359));
#4177=SURFACE_SIDE_STYLE('',(#4360));
#4178=SURFACE_SIDE_STYLE('',(#4361));
#4179=SURFACE_SIDE_STYLE('',(#4362));
#4180=SURFACE_SIDE_STYLE('',(#4363));
#4181=SURFACE_SIDE_STYLE('',(#4364));
#4182=SURFACE_SIDE_STYLE('',(#4365));
#4183=SURFACE_SIDE_STYLE('',(#4366));
#4184=SURFACE_SIDE_STYLE('',(#4367));
#4185=SURFACE_SIDE_STYLE('',(#4368));
#4186=SURFACE_SIDE_STYLE('',(#4369));
#4187=SURFACE_SIDE_STYLE('',(#4370));
#4188=SURFACE_SIDE_STYLE('',(#4371));
#4189=SURFACE_SIDE_STYLE('',(#4372));
#4190=SURFACE_SIDE_STYLE('',(#4373));
#4191=SURFACE_SIDE_STYLE('',(#4374));
#4192=SURFACE_SIDE_STYLE('',(#4375));
#4193=SURFACE_SIDE_STYLE('',(#4376));
#4194=SURFACE_SIDE_STYLE('',(#4377));
#4195=SURFACE_SIDE_STYLE('',(#4378));
#4196=SURFACE_SIDE_STYLE('',(#4379));
#4197=SURFACE_SIDE_STYLE('',(#4380));
#4198=SURFACE_SIDE_STYLE('',(#4381));
#4199=SURFACE_SIDE_STYLE('',(#4382));
#4200=SURFACE_SIDE_STYLE('',(#4383));
#4201=SURFACE_SIDE_STYLE('',(#4384));
#4202=SURFACE_SIDE_STYLE('',(#4385));
#4203=SURFACE_SIDE_STYLE('',(#4386));
#4204=SURFACE_SIDE_STYLE('',(#4387));
#4205=SURFACE_SIDE_STYLE('',(#4388));
#4206=SURFACE_SIDE_STYLE('',(#4389));
#4207=SURFACE_SIDE_STYLE('',(#4390));
#4208=SURFACE_SIDE_STYLE('',(#4391));
#4209=SURFACE_SIDE_STYLE('',(#4392));
#4210=SURFACE_SIDE_STYLE('',(#4393));
#4211=SURFACE_SIDE_STYLE('',(#4394));
#4212=SURFACE_SIDE_STYLE('',(#4395));
#4213=SURFACE_SIDE_STYLE('',(#4396));
#4214=SURFACE_SIDE_STYLE('',(#4397));
#4215=SURFACE_SIDE_STYLE('',(#4398));
#4216=SURFACE_SIDE_STYLE('',(#4399));
#4217=SURFACE_SIDE_STYLE('',(#4400));
#4218=SURFACE_SIDE_STYLE('',(#4401));
#4219=SURFACE_SIDE_STYLE('',(#4402));
#4220=SURFACE_SIDE_STYLE('',(#4403));
#4221=SURFACE_SIDE_STYLE('',(#4404));
#4222=SURFACE_SIDE_STYLE('',(#4405));
#4223=SURFACE_SIDE_STYLE('',(#4406));
#4224=SURFACE_SIDE_STYLE('',(#4407));
#4225=SURFACE_SIDE_STYLE('',(#4408));
#4226=SURFACE_SIDE_STYLE('',(#4409));
#4227=SURFACE_SIDE_STYLE('',(#4410));
#4228=SURFACE_SIDE_STYLE('',(#4411));
#4229=SURFACE_SIDE_STYLE('',(#4412));
#4230=SURFACE_SIDE_STYLE('',(#4413));
#4231=SURFACE_SIDE_STYLE('',(#4414));
#4232=SURFACE_SIDE_STYLE('',(#4415));
#4233=SURFACE_SIDE_STYLE('',(#4416));
#4234=SURFACE_SIDE_STYLE('',(#4417));
#4235=SURFACE_SIDE_STYLE('',(#4418));
#4236=SURFACE_SIDE_STYLE('',(#4419));
#4237=SURFACE_SIDE_STYLE('',(#4420));
#4238=SURFACE_SIDE_STYLE('',(#4421));
#4239=SURFACE_SIDE_STYLE('',(#4422));
#4240=SURFACE_SIDE_STYLE('',(#4423));
#4241=SURFACE_SIDE_STYLE('',(#4424));
#4242=SURFACE_SIDE_STYLE('',(#4425));
#4243=SURFACE_SIDE_STYLE('',(#4426));
#4244=SURFACE_SIDE_STYLE('',(#4427));
#4245=SURFACE_SIDE_STYLE('',(#4428));
#4246=SURFACE_SIDE_STYLE('',(#4429));
#4247=SURFACE_SIDE_STYLE('',(#4430));
#4248=SURFACE_SIDE_STYLE('',(#4431));
#4249=SURFACE_SIDE_STYLE('',(#4432));
#4250=SURFACE_SIDE_STYLE('',(#4433));
#4251=SURFACE_SIDE_STYLE('',(#4434));
#4252=SURFACE_SIDE_STYLE('',(#4435));
#4253=SURFACE_SIDE_STYLE('',(#4436));
#4254=SURFACE_SIDE_STYLE('',(#4437));
#4255=SURFACE_SIDE_STYLE('',(#4438));
#4256=SURFACE_SIDE_STYLE('',(#4439));
#4257=SURFACE_SIDE_STYLE('',(#4440));
#4258=SURFACE_SIDE_STYLE('',(#4441));
#4259=SURFACE_SIDE_STYLE('',(#4442));
#4260=SURFACE_SIDE_STYLE('',(#4443));
#4261=SURFACE_SIDE_STYLE('',(#4444));
#4262=SURFACE_SIDE_STYLE('',(#4445));
#4263=SURFACE_SIDE_STYLE('',(#4446));
#4264=SURFACE_SIDE_STYLE('',(#4447));
#4265=SURFACE_SIDE_STYLE('',(#4448));
#4266=SURFACE_SIDE_STYLE('',(#4449));
#4267=SURFACE_SIDE_STYLE('',(#4450));
#4268=SURFACE_SIDE_STYLE('',(#4451));
#4269=SURFACE_SIDE_STYLE('',(#4452));
#4270=SURFACE_SIDE_STYLE('',(#4453));
#4271=SURFACE_SIDE_STYLE('',(#4454));
#4272=SURFACE_SIDE_STYLE('',(#4455));
#4273=SURFACE_SIDE_STYLE('',(#4456));
#4274=SURFACE_SIDE_STYLE('',(#4457));
#4275=SURFACE_SIDE_STYLE('',(#4458));
#4276=SURFACE_SIDE_STYLE('',(#4459));
#4277=SURFACE_SIDE_STYLE('',(#4460));
#4278=SURFACE_SIDE_STYLE('',(#4461));
#4279=SURFACE_SIDE_STYLE('',(#4462));
#4280=SURFACE_SIDE_STYLE('',(#4463));
#4281=SURFACE_SIDE_STYLE('',(#4464));
#4282=SURFACE_SIDE_STYLE('',(#4465));
#4283=SURFACE_SIDE_STYLE('',(#4466));
#4284=SURFACE_SIDE_STYLE('',(#4467));
#4285=SURFACE_SIDE_STYLE('',(#4468));
#4286=SURFACE_SIDE_STYLE('',(#4469));
#4287=SURFACE_SIDE_STYLE('',(#4470));
#4288=SURFACE_SIDE_STYLE('',(#4471));
#4289=SURFACE_SIDE_STYLE('',(#4472));
#4290=SURFACE_SIDE_STYLE('',(#4473));
#4291=SURFACE_SIDE_STYLE('',(#4474));
#4292=SURFACE_SIDE_STYLE('',(#4475));
#4293=SURFACE_SIDE_STYLE('',(#4476));
#4294=SURFACE_SIDE_STYLE('',(#4477));
#4295=SURFACE_SIDE_STYLE('',(#4478));
#4296=SURFACE_SIDE_STYLE('',(#4479));
#4297=SURFACE_SIDE_STYLE('',(#4480));
#4298=SURFACE_SIDE_STYLE('',(#4481));
#4299=SURFACE_SIDE_STYLE('',(#4482));
#4300=SURFACE_SIDE_STYLE('',(#4483));
#4301=SURFACE_STYLE_FILL_AREA(#4484);
#4302=SURFACE_STYLE_FILL_AREA(#4485);
#4303=SURFACE_STYLE_FILL_AREA(#4486);
#4304=SURFACE_STYLE_FILL_AREA(#4487);
#4305=SURFACE_STYLE_FILL_AREA(#4488);
#4306=SURFACE_STYLE_FILL_AREA(#4489);
#4307=SURFACE_STYLE_FILL_AREA(#4490);
#4308=SURFACE_STYLE_FILL_AREA(#4491);
#4309=SURFACE_STYLE_FILL_AREA(#4492);
#4310=SURFACE_STYLE_FILL_AREA(#4493);
#4311=SURFACE_STYLE_FILL_AREA(#4494);
#4312=SURFACE_STYLE_FILL_AREA(#4495);
#4313=SURFACE_STYLE_FILL_AREA(#4496);
#4314=SURFACE_STYLE_FILL_AREA(#4497);
#4315=SURFACE_STYLE_FILL_AREA(#4498);
#4316=SURFACE_STYLE_FILL_AREA(#4499);
#4317=SURFACE_STYLE_FILL_AREA(#4500);
#4318=SURFACE_STYLE_FILL_AREA(#4501);
#4319=SURFACE_STYLE_FILL_AREA(#4502);
#4320=SURFACE_STYLE_FILL_AREA(#4503);
#4321=SURFACE_STYLE_FILL_AREA(#4504);
#4322=SURFACE_STYLE_FILL_AREA(#4505);
#4323=SURFACE_STYLE_FILL_AREA(#4506);
#4324=SURFACE_STYLE_FILL_AREA(#4507);
#4325=SURFACE_STYLE_FILL_AREA(#4508);
#4326=SURFACE_STYLE_FILL_AREA(#4509);
#4327=SURFACE_STYLE_FILL_AREA(#4510);
#4328=SURFACE_STYLE_FILL_AREA(#4511);
#4329=SURFACE_STYLE_FILL_AREA(#4512);
#4330=SURFACE_STYLE_FILL_AREA(#4513);
#4331=SURFACE_STYLE_FILL_AREA(#4514);
#4332=SURFACE_STYLE_FILL_AREA(#4515);
#4333=SURFACE_STYLE_FILL_AREA(#4516);
#4334=SURFACE_STYLE_FILL_AREA(#4517);
#4335=SURFACE_STYLE_FILL_AREA(#4518);
#4336=SURFACE_STYLE_FILL_AREA(#4519);
#4337=SURFACE_STYLE_FILL_AREA(#4520);
#4338=SURFACE_STYLE_FILL_AREA(#4521);
#4339=SURFACE_STYLE_FILL_AREA(#4522);
#4340=SURFACE_STYLE_FILL_AREA(#4523);
#4341=SURFACE_STYLE_FILL_AREA(#4524);
#4342=SURFACE_STYLE_FILL_AREA(#4525);
#4343=SURFACE_STYLE_FILL_AREA(#4526);
#4344=SURFACE_STYLE_FILL_AREA(#4527);
#4345=SURFACE_STYLE_FILL_AREA(#4528);
#4346=SURFACE_STYLE_FILL_AREA(#4529);
#4347=SURFACE_STYLE_FILL_AREA(#4530);
#4348=SURFACE_STYLE_FILL_AREA(#4531);
#4349=SURFACE_STYLE_FILL_AREA(#4532);
#4350=SURFACE_STYLE_FILL_AREA(#4533);
#4351=SURFACE_STYLE_FILL_AREA(#4534);
#4352=SURFACE_STYLE_FILL_AREA(#4535);
#4353=SURFACE_STYLE_FILL_AREA(#4536);
#4354=SURFACE_STYLE_FILL_AREA(#4537);
#4355=SURFACE_STYLE_FILL_AREA(#4538);
#4356=SURFACE_STYLE_FILL_AREA(#4539);
#4357=SURFACE_STYLE_FILL_AREA(#4540);
#4358=SURFACE_STYLE_FILL_AREA(#4541);
#4359=SURFACE_STYLE_FILL_AREA(#4542);
#4360=SURFACE_STYLE_FILL_AREA(#4543);
#4361=SURFACE_STYLE_FILL_AREA(#4544);
#4362=SURFACE_STYLE_FILL_AREA(#4545);
#4363=SURFACE_STYLE_FILL_AREA(#4546);
#4364=SURFACE_STYLE_FILL_AREA(#4547);
#4365=SURFACE_STYLE_FILL_AREA(#4548);
#4366=SURFACE_STYLE_FILL_AREA(#4549);
#4367=SURFACE_STYLE_FILL_AREA(#4550);
#4368=SURFACE_STYLE_FILL_AREA(#4551);
#4369=SURFACE_STYLE_FILL_AREA(#4552);
#4370=SURFACE_STYLE_FILL_AREA(#4553);
#4371=SURFACE_STYLE_FILL_AREA(#4554);
#4372=SURFACE_STYLE_FILL_AREA(#4555);
#4373=SURFACE_STYLE_FILL_AREA(#4556);
#4374=SURFACE_STYLE_FILL_AREA(#4557);
#4375=SURFACE_STYLE_FILL_AREA(#4558);
#4376=SURFACE_STYLE_FILL_AREA(#4559);
#4377=SURFACE_STYLE_FILL_AREA(#4560);
#4378=SURFACE_STYLE_FILL_AREA(#4561);
#4379=SURFACE_STYLE_FILL_AREA(#4562);
#4380=SURFACE_STYLE_FILL_AREA(#4563);
#4381=SURFACE_STYLE_FILL_AREA(#4564);
#4382=SURFACE_STYLE_FILL_AREA(#4565);
#4383=SURFACE_STYLE_FILL_AREA(#4566);
#4384=SURFACE_STYLE_FILL_AREA(#4567);
#4385=SURFACE_STYLE_FILL_AREA(#4568);
#4386=SURFACE_STYLE_FILL_AREA(#4569);
#4387=SURFACE_STYLE_FILL_AREA(#4570);
#4388=SURFACE_STYLE_FILL_AREA(#4571);
#4389=SURFACE_STYLE_FILL_AREA(#4572);
#4390=SURFACE_STYLE_FILL_AREA(#4573);
#4391=SURFACE_STYLE_FILL_AREA(#4574);
#4392=SURFACE_STYLE_FILL_AREA(#4575);
#4393=SURFACE_STYLE_FILL_AREA(#4576);
#4394=SURFACE_STYLE_FILL_AREA(#4577);
#4395=SURFACE_STYLE_FILL_AREA(#4578);
#4396=SURFACE_STYLE_FILL_AREA(#4579);
#4397=SURFACE_STYLE_FILL_AREA(#4580);
#4398=SURFACE_STYLE_FILL_AREA(#4581);
#4399=SURFACE_STYLE_FILL_AREA(#4582);
#4400=SURFACE_STYLE_FILL_AREA(#4583);
#4401=SURFACE_STYLE_FILL_AREA(#4584);
#4402=SURFACE_STYLE_FILL_AREA(#4585);
#4403=SURFACE_STYLE_FILL_AREA(#4586);
#4404=SURFACE_STYLE_FILL_AREA(#4587);
#4405=SURFACE_STYLE_FILL_AREA(#4588);
#4406=SURFACE_STYLE_FILL_AREA(#4589);
#4407=SURFACE_STYLE_FILL_AREA(#4590);
#4408=SURFACE_STYLE_FILL_AREA(#4591);
#4409=SURFACE_STYLE_FILL_AREA(#4592);
#4410=SURFACE_STYLE_FILL_AREA(#4593);
#4411=SURFACE_STYLE_FILL_AREA(#4594);
#4412=SURFACE_STYLE_FILL_AREA(#4595);
#4413=SURFACE_STYLE_FILL_AREA(#4596);
#4414=SURFACE_STYLE_FILL_AREA(#4597);
#4415=SURFACE_STYLE_FILL_AREA(#4598);
#4416=SURFACE_STYLE_FILL_AREA(#4599);
#4417=SURFACE_STYLE_FILL_AREA(#4600);
#4418=SURFACE_STYLE_FILL_AREA(#4601);
#4419=SURFACE_STYLE_FILL_AREA(#4602);
#4420=SURFACE_STYLE_FILL_AREA(#4603);
#4421=SURFACE_STYLE_FILL_AREA(#4604);
#4422=SURFACE_STYLE_FILL_AREA(#4605);
#4423=SURFACE_STYLE_FILL_AREA(#4606);
#4424=SURFACE_STYLE_FILL_AREA(#4607);
#4425=SURFACE_STYLE_FILL_AREA(#4608);
#4426=SURFACE_STYLE_FILL_AREA(#4609);
#4427=SURFACE_STYLE_FILL_AREA(#4610);
#4428=SURFACE_STYLE_FILL_AREA(#4611);
#4429=SURFACE_STYLE_FILL_AREA(#4612);
#4430=SURFACE_STYLE_FILL_AREA(#4613);
#4431=SURFACE_STYLE_FILL_AREA(#4614);
#4432=SURFACE_STYLE_FILL_AREA(#4615);
#4433=SURFACE_STYLE_FILL_AREA(#4616);
#4434=SURFACE_STYLE_FILL_AREA(#4617);
#4435=SURFACE_STYLE_FILL_AREA(#4618);
#4436=SURFACE_STYLE_FILL_AREA(#4619);
#4437=SURFACE_STYLE_FILL_AREA(#4620);
#4438=SURFACE_STYLE_FILL_AREA(#4621);
#4439=SURFACE_STYLE_FILL_AREA(#4622);
#4440=SURFACE_STYLE_FILL_AREA(#4623);
#4441=SURFACE_STYLE_FILL_AREA(#4624);
#4442=SURFACE_STYLE_FILL_AREA(#4625);
#4443=SURFACE_STYLE_FILL_AREA(#4626);
#4444=SURFACE_STYLE_FILL_AREA(#4627);
#4445=SURFACE_STYLE_FILL_AREA(#4628);
#4446=SURFACE_STYLE_FILL_AREA(#4629);
#4447=SURFACE_STYLE_FILL_AREA(#4630);
#4448=SURFACE_STYLE_FILL_AREA(#4631);
#4449=SURFACE_STYLE_FILL_AREA(#4632);
#4450=SURFACE_STYLE_FILL_AREA(#4633);
#4451=SURFACE_STYLE_FILL_AREA(#4634);
#4452=SURFACE_STYLE_FILL_AREA(#4635);
#4453=SURFACE_STYLE_FILL_AREA(#4636);
#4454=SURFACE_STYLE_FILL_AREA(#4637);
#4455=SURFACE_STYLE_FILL_AREA(#4638);
#4456=SURFACE_STYLE_FILL_AREA(#4639);
#4457=SURFACE_STYLE_FILL_AREA(#4640);
#4458=SURFACE_STYLE_FILL_AREA(#4641);
#4459=SURFACE_STYLE_FILL_AREA(#4642);
#4460=SURFACE_STYLE_FILL_AREA(#4643);
#4461=SURFACE_STYLE_FILL_AREA(#4644);
#4462=SURFACE_STYLE_FILL_AREA(#4645);
#4463=SURFACE_STYLE_FILL_AREA(#4646);
#4464=SURFACE_STYLE_FILL_AREA(#4647);
#4465=SURFACE_STYLE_FILL_AREA(#4648);
#4466=SURFACE_STYLE_FILL_AREA(#4649);
#4467=SURFACE_STYLE_FILL_AREA(#4650);
#4468=SURFACE_STYLE_FILL_AREA(#4651);
#4469=SURFACE_STYLE_FILL_AREA(#4652);
#4470=SURFACE_STYLE_FILL_AREA(#4653);
#4471=SURFACE_STYLE_FILL_AREA(#4654);
#4472=SURFACE_STYLE_FILL_AREA(#4655);
#4473=SURFACE_STYLE_FILL_AREA(#4656);
#4474=SURFACE_STYLE_FILL_AREA(#4657);
#4475=SURFACE_STYLE_FILL_AREA(#4658);
#4476=SURFACE_STYLE_FILL_AREA(#4659);
#4477=SURFACE_STYLE_FILL_AREA(#4660);
#4478=SURFACE_STYLE_FILL_AREA(#4661);
#4479=SURFACE_STYLE_FILL_AREA(#4662);
#4480=SURFACE_STYLE_FILL_AREA(#4663);
#4481=SURFACE_STYLE_FILL_AREA(#4664);
#4482=SURFACE_STYLE_FILL_AREA(#4665);
#4483=SURFACE_STYLE_FILL_AREA(#4666);
#4484=FILL_AREA_STYLE('',(#4667));
#4485=FILL_AREA_STYLE('',(#4668));
#4486=FILL_AREA_STYLE('',(#4669));
#4487=FILL_AREA_STYLE('',(#4670));
#4488=FILL_AREA_STYLE('',(#4671));
#4489=FILL_AREA_STYLE('',(#4672));
#4490=FILL_AREA_STYLE('',(#4673));
#4491=FILL_AREA_STYLE('',(#4674));
#4492=FILL_AREA_STYLE('',(#4675));
#4493=FILL_AREA_STYLE('',(#4676));
#4494=FILL_AREA_STYLE('',(#4677));
#4495=FILL_AREA_STYLE('',(#4678));
#4496=FILL_AREA_STYLE('',(#4679));
#4497=FILL_AREA_STYLE('',(#4680));
#4498=FILL_AREA_STYLE('',(#4681));
#4499=FILL_AREA_STYLE('',(#4682));
#4500=FILL_AREA_STYLE('',(#4683));
#4501=FILL_AREA_STYLE('',(#4684));
#4502=FILL_AREA_STYLE('',(#4685));
#4503=FILL_AREA_STYLE('',(#4686));
#4504=FILL_AREA_STYLE('',(#4687));
#4505=FILL_AREA_STYLE('',(#4688));
#4506=FILL_AREA_STYLE('',(#4689));
#4507=FILL_AREA_STYLE('',(#4690));
#4508=FILL_AREA_STYLE('',(#4691));
#4509=FILL_AREA_STYLE('',(#4692));
#4510=FILL_AREA_STYLE('',(#4693));
#4511=FILL_AREA_STYLE('',(#4694));
#4512=FILL_AREA_STYLE('',(#4695));
#4513=FILL_AREA_STYLE('',(#4696));
#4514=FILL_AREA_STYLE('',(#4697));
#4515=FILL_AREA_STYLE('',(#4698));
#4516=FILL_AREA_STYLE('',(#4699));
#4517=FILL_AREA_STYLE('',(#4700));
#4518=FILL_AREA_STYLE('',(#4701));
#4519=FILL_AREA_STYLE('',(#4702));
#4520=FILL_AREA_STYLE('',(#4703));
#4521=FILL_AREA_STYLE('',(#4704));
#4522=FILL_AREA_STYLE('',(#4705));
#4523=FILL_AREA_STYLE('',(#4706));
#4524=FILL_AREA_STYLE('',(#4707));
#4525=FILL_AREA_STYLE('',(#4708));
#4526=FILL_AREA_STYLE('',(#4709));
#4527=FILL_AREA_STYLE('',(#4710));
#4528=FILL_AREA_STYLE('',(#4711));
#4529=FILL_AREA_STYLE('',(#4712));
#4530=FILL_AREA_STYLE('',(#4713));
#4531=FILL_AREA_STYLE('',(#4714));
#4532=FILL_AREA_STYLE('',(#4715));
#4533=FILL_AREA_STYLE('',(#4716));
#4534=FILL_AREA_STYLE('',(#4717));
#4535=FILL_AREA_STYLE('',(#4718));
#4536=FILL_AREA_STYLE('',(#4719));
#4537=FILL_AREA_STYLE('',(#4720));
#4538=FILL_AREA_STYLE('',(#4721));
#4539=FILL_AREA_STYLE('',(#4722));
#4540=FILL_AREA_STYLE('',(#4723));
#4541=FILL_AREA_STYLE('',(#4724));
#4542=FILL_AREA_STYLE('',(#4725));
#4543=FILL_AREA_STYLE('',(#4726));
#4544=FILL_AREA_STYLE('',(#4727));
#4545=FILL_AREA_STYLE('',(#4728));
#4546=FILL_AREA_STYLE('',(#4729));
#4547=FILL_AREA_STYLE('',(#4730));
#4548=FILL_AREA_STYLE('',(#4731));
#4549=FILL_AREA_STYLE('',(#4732));
#4550=FILL_AREA_STYLE('',(#4733));
#4551=FILL_AREA_STYLE('',(#4734));
#4552=FILL_AREA_STYLE('',(#4735));
#4553=FILL_AREA_STYLE('',(#4736));
#4554=FILL_AREA_STYLE('',(#4737));
#4555=FILL_AREA_STYLE('',(#4738));
#4556=FILL_AREA_STYLE('',(#4739));
#4557=FILL_AREA_STYLE('',(#4740));
#4558=FILL_AREA_STYLE('',(#4741));
#4559=FILL_AREA_STYLE('',(#4742));
#4560=FILL_AREA_STYLE('',(#4743));
#4561=FILL_AREA_STYLE('',(#4744));
#4562=FILL_AREA_STYLE('',(#4745));
#4563=FILL_AREA_STYLE('',(#4746));
#4564=FILL_AREA_STYLE('',(#4747));
#4565=FILL_AREA_STYLE('',(#4748));
#4566=FILL_AREA_STYLE('',(#4749));
#4567=FILL_AREA_STYLE('',(#4750));
#4568=FILL_AREA_STYLE('',(#4751));
#4569=FILL_AREA_STYLE('',(#4752));
#4570=FILL_AREA_STYLE('',(#4753));
#4571=FILL_AREA_STYLE('',(#4754));
#4572=FILL_AREA_STYLE('',(#4755));
#4573=FILL_AREA_STYLE('',(#4756));
#4574=FILL_AREA_STYLE('',(#4757));
#4575=FILL_AREA_STYLE('',(#4758));
#4576=FILL_AREA_STYLE('',(#4759));
#4577=FILL_AREA_STYLE('',(#4760));
#4578=FILL_AREA_STYLE('',(#4761));
#4579=FILL_AREA_STYLE('',(#4762));
#4580=FILL_AREA_STYLE('',(#4763));
#4581=FILL_AREA_STYLE('',(#4764));
#4582=FILL_AREA_STYLE('',(#4765));
#4583=FILL_AREA_STYLE('',(#4766));
#4584=FILL_AREA_STYLE('',(#4767));
#4585=FILL_AREA_STYLE('',(#4768));
#4586=FILL_AREA_STYLE('',(#4769));
#4587=FILL_AREA_STYLE('',(#4770));
#4588=FILL_AREA_STYLE('',(#4771));
#4589=FILL_AREA_STYLE('',(#4772));
#4590=FILL_AREA_STYLE('',(#4773));
#4591=FILL_AREA_STYLE('',(#4774));
#4592=FILL_AREA_STYLE('',(#4775));
#4593=FILL_AREA_STYLE('',(#4776));
#4594=FILL_AREA_STYLE('',(#4777));
#4595=FILL_AREA_STYLE('',(#4778));
#4596=FILL_AREA_STYLE('',(#4779));
#4597=FILL_AREA_STYLE('',(#4780));
#4598=FILL_AREA_STYLE('',(#4781));
#4599=FILL_AREA_STYLE('',(#4782));
#4600=FILL_AREA_STYLE('',(#4783));
#4601=FILL_AREA_STYLE('',(#4784));
#4602=FILL_AREA_STYLE('',(#4785));
#4603=FILL_AREA_STYLE('',(#4786));
#4604=FILL_AREA_STYLE('',(#4787));
#4605=FILL_AREA_STYLE('',(#4788));
#4606=FILL_AREA_STYLE('',(#4789));
#4607=FILL_AREA_STYLE('',(#4790));
#4608=FILL_AREA_STYLE('',(#4791));
#4609=FILL_AREA_STYLE('',(#4792));
#4610=FILL_AREA_STYLE('',(#4793));
#4611=FILL_AREA_STYLE('',(#4794));
#4612=FILL_AREA_STYLE('',(#4795));
#4613=FILL_AREA_STYLE('',(#4796));
#4614=FILL_AREA_STYLE('',(#4797));
#4615=FILL_AREA_STYLE('',(#4798));
#4616=FILL_AREA_STYLE('',(#4799));
#4617=FILL_AREA_STYLE('',(#4800));
#4618=FILL_AREA_STYLE('',(#4801));
#4619=FILL_AREA_STYLE('',(#4802));
#4620=FILL_AREA_STYLE('',(#4803));
#4621=FILL_AREA_STYLE('',(#4804));
#4622=FILL_AREA_STYLE('',(#4805));
#4623=FILL_AREA_STYLE('',(#4806));
#4624=FILL_AREA_STYLE('',(#4807));
#4625=FILL_AREA_STYLE('',(#4808));
#4626=FILL_AREA_STYLE('',(#4809));
#4627=FILL_AREA_STYLE('',(#4810));
#4628=FILL_AREA_STYLE('',(#4811));
#4629=FILL_AREA_STYLE('',(#4812));
#4630=FILL_AREA_STYLE('',(#4813));
#4631=FILL_AREA_STYLE('',(#4814));
#4632=FILL_AREA_STYLE('',(#4815));
#4633=FILL_AREA_STYLE('',(#4816));
#4634=FILL_AREA_STYLE('',(#4817));
#4635=FILL_AREA_STYLE('',(#4818));
#4636=FILL_AREA_STYLE('',(#4819));
#4637=FILL_AREA_STYLE('',(#4820));
#4638=FILL_AREA_STYLE('',(#4821));
#4639=FILL_AREA_STYLE('',(#4822));
#4640=FILL_AREA_STYLE('',(#4823));
#4641=FILL_AREA_STYLE('',(#4824));
#4642=FILL_AREA_STYLE('',(#4825));
#4643=FILL_AREA_STYLE('',(#4826));
#4644=FILL_AREA_STYLE('',(#4827));
#4645=FILL_AREA_STYLE('',(#4828));
#4646=FILL_AREA_STYLE('',(#4829));
#4647=FILL_AREA_STYLE('',(#4830));
#4648=FILL_AREA_STYLE('',(#4831));
#4649=FILL_AREA_STYLE('',(#4832));
#4650=FILL_AREA_STYLE('',(#4833));
#4651=FILL_AREA_STYLE('',(#4834));
#4652=FILL_AREA_STYLE('',(#4835));
#4653=FILL_AREA_STYLE('',(#4836));
#4654=FILL_AREA_STYLE('',(#4837));
#4655=FILL_AREA_STYLE('',(#4838));
#4656=FILL_AREA_STYLE('',(#4839));
#4657=FILL_AREA_STYLE('',(#4840));
#4658=FILL_AREA_STYLE('',(#4841));
#4659=FILL_AREA_STYLE('',(#4842));
#4660=FILL_AREA_STYLE('',(#4843));
#4661=FILL_AREA_STYLE('',(#4844));
#4662=FILL_AREA_STYLE('',(#4845));
#4663=FILL_AREA_STYLE('',(#4846));
#4664=FILL_AREA_STYLE('',(#4847));
#4665=FILL_AREA_STYLE('',(#4848));
#4666=FILL_AREA_STYLE('',(#4849));
#4667=FILL_AREA_STYLE_COLOUR('',#4850);
#4668=FILL_AREA_STYLE_COLOUR('',#4851);
#4669=FILL_AREA_STYLE_COLOUR('',#4850);
#4670=FILL_AREA_STYLE_COLOUR('',#4850);
#4671=FILL_AREA_STYLE_COLOUR('',#4850);
#4672=FILL_AREA_STYLE_COLOUR('',#4850);
#4673=FILL_AREA_STYLE_COLOUR('',#4850);
#4674=FILL_AREA_STYLE_COLOUR('',#4852);
#4675=FILL_AREA_STYLE_COLOUR('',#4850);
#4676=FILL_AREA_STYLE_COLOUR('',#4852);
#4677=FILL_AREA_STYLE_COLOUR('',#4850);
#4678=FILL_AREA_STYLE_COLOUR('',#4852);
#4679=FILL_AREA_STYLE_COLOUR('',#4852);
#4680=FILL_AREA_STYLE_COLOUR('',#4852);
#4681=FILL_AREA_STYLE_COLOUR('',#4852);
#4682=FILL_AREA_STYLE_COLOUR('',#4852);
#4683=FILL_AREA_STYLE_COLOUR('',#4852);
#4684=FILL_AREA_STYLE_COLOUR('',#4850);
#4685=FILL_AREA_STYLE_COLOUR('',#4852);
#4686=FILL_AREA_STYLE_COLOUR('',#4850);
#4687=FILL_AREA_STYLE_COLOUR('',#4852);
#4688=FILL_AREA_STYLE_COLOUR('',#4852);
#4689=FILL_AREA_STYLE_COLOUR('',#4852);
#4690=FILL_AREA_STYLE_COLOUR('',#4852);
#4691=FILL_AREA_STYLE_COLOUR('',#4852);
#4692=FILL_AREA_STYLE_COLOUR('',#4852);
#4693=FILL_AREA_STYLE_COLOUR('',#4852);
#4694=FILL_AREA_STYLE_COLOUR('',#4852);
#4695=FILL_AREA_STYLE_COLOUR('',#4852);
#4696=FILL_AREA_STYLE_COLOUR('',#4852);
#4697=FILL_AREA_STYLE_COLOUR('',#4852);
#4698=FILL_AREA_STYLE_COLOUR('',#4852);
#4699=FILL_AREA_STYLE_COLOUR('',#4852);
#4700=FILL_AREA_STYLE_COLOUR('',#4852);
#4701=FILL_AREA_STYLE_COLOUR('',#4852);
#4702=FILL_AREA_STYLE_COLOUR('',#4852);
#4703=FILL_AREA_STYLE_COLOUR('',#4852);
#4704=FILL_AREA_STYLE_COLOUR('',#4852);
#4705=FILL_AREA_STYLE_COLOUR('',#4852);
#4706=FILL_AREA_STYLE_COLOUR('',#4852);
#4707=FILL_AREA_STYLE_COLOUR('',#4852);
#4708=FILL_AREA_STYLE_COLOUR('',#4852);
#4709=FILL_AREA_STYLE_COLOUR('',#4852);
#4710=FILL_AREA_STYLE_COLOUR('',#4852);
#4711=FILL_AREA_STYLE_COLOUR('',#4852);
#4712=FILL_AREA_STYLE_COLOUR('',#4852);
#4713=FILL_AREA_STYLE_COLOUR('',#4852);
#4714=FILL_AREA_STYLE_COLOUR('',#4852);
#4715=FILL_AREA_STYLE_COLOUR('',#4852);
#4716=FILL_AREA_STYLE_COLOUR('',#4852);
#4717=FILL_AREA_STYLE_COLOUR('',#4852);
#4718=FILL_AREA_STYLE_COLOUR('',#4852);
#4719=FILL_AREA_STYLE_COLOUR('',#4852);
#4720=FILL_AREA_STYLE_COLOUR('',#4852);
#4721=FILL_AREA_STYLE_COLOUR('',#4852);
#4722=FILL_AREA_STYLE_COLOUR('',#4852);
#4723=FILL_AREA_STYLE_COLOUR('',#4852);
#4724=FILL_AREA_STYLE_COLOUR('',#4852);
#4725=FILL_AREA_STYLE_COLOUR('',#4852);
#4726=FILL_AREA_STYLE_COLOUR('',#4852);
#4727=FILL_AREA_STYLE_COLOUR('',#4852);
#4728=FILL_AREA_STYLE_COLOUR('',#4852);
#4729=FILL_AREA_STYLE_COLOUR('',#4852);
#4730=FILL_AREA_STYLE_COLOUR('',#4852);
#4731=FILL_AREA_STYLE_COLOUR('',#4852);
#4732=FILL_AREA_STYLE_COLOUR('',#4852);
#4733=FILL_AREA_STYLE_COLOUR('',#4852);
#4734=FILL_AREA_STYLE_COLOUR('',#4852);
#4735=FILL_AREA_STYLE_COLOUR('',#4852);
#4736=FILL_AREA_STYLE_COLOUR('',#4852);
#4737=FILL_AREA_STYLE_COLOUR('',#4852);
#4738=FILL_AREA_STYLE_COLOUR('',#4852);
#4739=FILL_AREA_STYLE_COLOUR('',#4852);
#4740=FILL_AREA_STYLE_COLOUR('',#4852);
#4741=FILL_AREA_STYLE_COLOUR('',#4852);
#4742=FILL_AREA_STYLE_COLOUR('',#4852);
#4743=FILL_AREA_STYLE_COLOUR('',#4852);
#4744=FILL_AREA_STYLE_COLOUR('',#4852);
#4745=FILL_AREA_STYLE_COLOUR('',#4852);
#4746=FILL_AREA_STYLE_COLOUR('',#4852);
#4747=FILL_AREA_STYLE_COLOUR('',#4852);
#4748=FILL_AREA_STYLE_COLOUR('',#4852);
#4749=FILL_AREA_STYLE_COLOUR('',#4852);
#4750=FILL_AREA_STYLE_COLOUR('',#4852);
#4751=FILL_AREA_STYLE_COLOUR('',#4852);
#4752=FILL_AREA_STYLE_COLOUR('',#4852);
#4753=FILL_AREA_STYLE_COLOUR('',#4852);
#4754=FILL_AREA_STYLE_COLOUR('',#4852);
#4755=FILL_AREA_STYLE_COLOUR('',#4852);
#4756=FILL_AREA_STYLE_COLOUR('',#4852);
#4757=FILL_AREA_STYLE_COLOUR('',#4852);
#4758=FILL_AREA_STYLE_COLOUR('',#4852);
#4759=FILL_AREA_STYLE_COLOUR('',#4852);
#4760=FILL_AREA_STYLE_COLOUR('',#4852);
#4761=FILL_AREA_STYLE_COLOUR('',#4852);
#4762=FILL_AREA_STYLE_COLOUR('',#4852);
#4763=FILL_AREA_STYLE_COLOUR('',#4852);
#4764=FILL_AREA_STYLE_COLOUR('',#4852);
#4765=FILL_AREA_STYLE_COLOUR('',#4850);
#4766=FILL_AREA_STYLE_COLOUR('',#4850);
#4767=FILL_AREA_STYLE_COLOUR('',#4850);
#4768=FILL_AREA_STYLE_COLOUR('',#4850);
#4769=FILL_AREA_STYLE_COLOUR('',#4850);
#4770=FILL_AREA_STYLE_COLOUR('',#4850);
#4771=FILL_AREA_STYLE_COLOUR('',#4850);
#4772=FILL_AREA_STYLE_COLOUR('',#4850);
#4773=FILL_AREA_STYLE_COLOUR('',#4850);
#4774=FILL_AREA_STYLE_COLOUR('',#4850);
#4775=FILL_AREA_STYLE_COLOUR('',#4850);
#4776=FILL_AREA_STYLE_COLOUR('',#4850);
#4777=FILL_AREA_STYLE_COLOUR('',#4850);
#4778=FILL_AREA_STYLE_COLOUR('',#4850);
#4779=FILL_AREA_STYLE_COLOUR('',#4850);
#4780=FILL_AREA_STYLE_COLOUR('',#4850);
#4781=FILL_AREA_STYLE_COLOUR('',#4850);
#4782=FILL_AREA_STYLE_COLOUR('',#4850);
#4783=FILL_AREA_STYLE_COLOUR('',#4850);
#4784=FILL_AREA_STYLE_COLOUR('',#4850);
#4785=FILL_AREA_STYLE_COLOUR('',#4850);
#4786=FILL_AREA_STYLE_COLOUR('',#4850);
#4787=FILL_AREA_STYLE_COLOUR('',#4850);
#4788=FILL_AREA_STYLE_COLOUR('',#4850);
#4789=FILL_AREA_STYLE_COLOUR('',#4850);
#4790=FILL_AREA_STYLE_COLOUR('',#4850);
#4791=FILL_AREA_STYLE_COLOUR('',#4850);
#4792=FILL_AREA_STYLE_COLOUR('',#4850);
#4793=FILL_AREA_STYLE_COLOUR('',#4850);
#4794=FILL_AREA_STYLE_COLOUR('',#4850);
#4795=FILL_AREA_STYLE_COLOUR('',#4850);
#4796=FILL_AREA_STYLE_COLOUR('',#4850);
#4797=FILL_AREA_STYLE_COLOUR('',#4850);
#4798=FILL_AREA_STYLE_COLOUR('',#4850);
#4799=FILL_AREA_STYLE_COLOUR('',#4850);
#4800=FILL_AREA_STYLE_COLOUR('',#4850);
#4801=FILL_AREA_STYLE_COLOUR('',#4850);
#4802=FILL_AREA_STYLE_COLOUR('',#4850);
#4803=FILL_AREA_STYLE_COLOUR('',#4850);
#4804=FILL_AREA_STYLE_COLOUR('',#4850);
#4805=FILL_AREA_STYLE_COLOUR('',#4850);
#4806=FILL_AREA_STYLE_COLOUR('',#4850);
#4807=FILL_AREA_STYLE_COLOUR('',#4850);
#4808=FILL_AREA_STYLE_COLOUR('',#4851);
#4809=FILL_AREA_STYLE_COLOUR('',#4851);
#4810=FILL_AREA_STYLE_COLOUR('',#4851);
#4811=FILL_AREA_STYLE_COLOUR('',#4851);
#4812=FILL_AREA_STYLE_COLOUR('',#4851);
#4813=FILL_AREA_STYLE_COLOUR('',#4851);
#4814=FILL_AREA_STYLE_COLOUR('',#4851);
#4815=FILL_AREA_STYLE_COLOUR('',#4851);
#4816=FILL_AREA_STYLE_COLOUR('',#4851);
#4817=FILL_AREA_STYLE_COLOUR('',#4851);
#4818=FILL_AREA_STYLE_COLOUR('',#4851);
#4819=FILL_AREA_STYLE_COLOUR('',#4851);
#4820=FILL_AREA_STYLE_COLOUR('',#4851);
#4821=FILL_AREA_STYLE_COLOUR('',#4851);
#4822=FILL_AREA_STYLE_COLOUR('',#4851);
#4823=FILL_AREA_STYLE_COLOUR('',#4851);
#4824=FILL_AREA_STYLE_COLOUR('',#4850);
#4825=FILL_AREA_STYLE_COLOUR('',#4850);
#4826=FILL_AREA_STYLE_COLOUR('',#4850);
#4827=FILL_AREA_STYLE_COLOUR('',#4850);
#4828=FILL_AREA_STYLE_COLOUR('',#4850);
#4829=FILL_AREA_STYLE_COLOUR('',#4850);
#4830=FILL_AREA_STYLE_COLOUR('',#4850);
#4831=FILL_AREA_STYLE_COLOUR('',#4850);
#4832=FILL_AREA_STYLE_COLOUR('',#4850);
#4833=FILL_AREA_STYLE_COLOUR('',#4850);
#4834=FILL_AREA_STYLE_COLOUR('',#4850);
#4835=FILL_AREA_STYLE_COLOUR('',#4850);
#4836=FILL_AREA_STYLE_COLOUR('',#4850);
#4837=FILL_AREA_STYLE_COLOUR('',#4850);
#4838=FILL_AREA_STYLE_COLOUR('',#4850);
#4839=FILL_AREA_STYLE_COLOUR('',#4850);
#4840=FILL_AREA_STYLE_COLOUR('',#4850);
#4841=FILL_AREA_STYLE_COLOUR('',#4850);
#4842=FILL_AREA_STYLE_COLOUR('',#4850);
#4843=FILL_AREA_STYLE_COLOUR('',#4850);
#4844=FILL_AREA_STYLE_COLOUR('',#4850);
#4845=FILL_AREA_STYLE_COLOUR('',#4850);
#4846=FILL_AREA_STYLE_COLOUR('',#4852);
#4847=FILL_AREA_STYLE_COLOUR('',#4850);
#4848=FILL_AREA_STYLE_COLOUR('',#4850);
#4849=FILL_AREA_STYLE_COLOUR('',#10);
#4850=COLOUR_RGB('',0.200000002980232,0.200000002980232,0.200000002980232);
#4851=COLOUR_RGB('',0.77300000190735,0.77300000190735,0.);
#4852=COLOUR_RGB('',0.75300002098083,0.75300002098083,0.75300002098083);
#4853=ADVANCED_FACE('',(#3228),#3431,.F.);
#4854=ADVANCED_FACE('',(#3229,#3230,#3231,#3232,#3233,#3234,#3235),#3432,
 .F.);
#4855=ADVANCED_FACE('',(#3236),#3433,.F.);
#4856=ADVANCED_FACE('',(#3237),#3434,.F.);
#4857=ADVANCED_FACE('',(#3238),#3435,.F.);
#4858=ADVANCED_FACE('',(#3239),#3436,.F.);
#4859=ADVANCED_FACE('',(#3240),#3437,.F.);
#4860=ADVANCED_FACE('',(#3241),#3438,.F.);
#4861=ADVANCED_FACE('',(#3242),#3439,.F.);
#4862=ADVANCED_FACE('',(#3243),#3440,.F.);
#4863=ADVANCED_FACE('',(#3244),#3441,.F.);
#4864=ADVANCED_FACE('',(#3245),#3442,.F.);
#4865=ADVANCED_FACE('',(#3246),#3443,.F.);
#4866=ADVANCED_FACE('',(#3247),#3444,.F.);
#4867=ADVANCED_FACE('',(#3248),#3445,.F.);
#4868=ADVANCED_FACE('',(#3249),#3446,.F.);
#4869=ADVANCED_FACE('',(#3250),#3447,.F.);
#4870=ADVANCED_FACE('',(#3251),#33,.T.);
#4871=ADVANCED_FACE('',(#3252),#34,.T.);
#4872=ADVANCED_FACE('',(#3253),#35,.T.);
#4873=ADVANCED_FACE('',(#3254),#36,.T.);
#4874=ADVANCED_FACE('',(#3255),#3448,.F.);
#4875=ADVANCED_FACE('',(#3256),#3449,.F.);
#4876=ADVANCED_FACE('',(#3257),#3450,.F.);
#4877=ADVANCED_FACE('',(#3258),#3451,.F.);
#4878=ADVANCED_FACE('',(#3259),#3452,.F.);
#4879=ADVANCED_FACE('',(#3260),#3453,.F.);
#4880=ADVANCED_FACE('',(#3261),#37,.F.);
#4881=ADVANCED_FACE('',(#3262),#38,.F.);
#4882=ADVANCED_FACE('',(#3263),#3454,.T.);
#4883=ADVANCED_FACE('',(#3264),#3455,.T.);
#4884=ADVANCED_FACE('',(#3265),#3456,.F.);
#4885=ADVANCED_FACE('',(#3266),#3457,.F.);
#4886=ADVANCED_FACE('',(#3267),#3458,.F.);
#4887=ADVANCED_FACE('',(#3268),#3459,.F.);
#4888=ADVANCED_FACE('',(#3269),#3460,.F.);
#4889=ADVANCED_FACE('',(#3270),#39,.T.);
#4890=ADVANCED_FACE('',(#3271),#40,.T.);
#4891=ADVANCED_FACE('',(#3272),#3461,.F.);
#4892=ADVANCED_FACE('',(#3273),#3462,.F.);
#4893=ADVANCED_FACE('',(#3274),#3463,.F.);
#4894=ADVANCED_FACE('',(#3275),#41,.F.);
#4895=ADVANCED_FACE('',(#3276),#3464,.F.);
#4896=ADVANCED_FACE('',(#3277),#42,.T.);
#4897=ADVANCED_FACE('',(#3278),#3465,.F.);
#4898=ADVANCED_FACE('',(#3279),#43,.T.);
#4899=ADVANCED_FACE('',(#3280),#3466,.F.);
#4900=ADVANCED_FACE('',(#3281),#44,.F.);
#4901=ADVANCED_FACE('',(#3282),#3467,.T.);
#4902=ADVANCED_FACE('',(#3283),#3468,.F.);
#4903=ADVANCED_FACE('',(#3284),#45,.F.);
#4904=ADVANCED_FACE('',(#3285),#46,.T.);
#4905=ADVANCED_FACE('',(#3286),#3469,.F.);
#4906=ADVANCED_FACE('',(#3287),#47,.T.);
#4907=ADVANCED_FACE('',(#3288),#3470,.F.);
#4908=ADVANCED_FACE('',(#3289),#48,.F.);
#4909=ADVANCED_FACE('',(#3290),#49,.F.);
#4910=ADVANCED_FACE('',(#3291),#50,.T.);
#4911=ADVANCED_FACE('',(#3292),#3471,.F.);
#4912=ADVANCED_FACE('',(#3293),#51,.T.);
#4913=ADVANCED_FACE('',(#3294),#3472,.F.);
#4914=ADVANCED_FACE('',(#3295),#52,.F.);
#4915=ADVANCED_FACE('',(#3296),#3473,.F.);
#4916=ADVANCED_FACE('',(#3297),#3474,.F.);
#4917=ADVANCED_FACE('',(#3298),#53,.T.);
#4918=ADVANCED_FACE('',(#3299),#54,.T.);
#4919=ADVANCED_FACE('',(#3300),#55,.T.);
#4920=ADVANCED_FACE('',(#3301),#56,.T.);
#4921=ADVANCED_FACE('',(#3302),#3475,.F.);
#4922=ADVANCED_FACE('',(#3303),#3476,.F.);
#4923=ADVANCED_FACE('',(#3304),#57,.T.);
#4924=ADVANCED_FACE('',(#3305),#58,.F.);
#4925=ADVANCED_FACE('',(#3306),#59,.T.);
#4926=ADVANCED_FACE('',(#3307),#60,.T.);
#4927=ADVANCED_FACE('',(#3308),#3477,.F.);
#4928=ADVANCED_FACE('',(#3309),#61,.F.);
#4929=ADVANCED_FACE('',(#3310),#62,.T.);
#4930=ADVANCED_FACE('',(#3311),#63,.F.);
#4931=ADVANCED_FACE('',(#3312),#64,.T.);
#4932=ADVANCED_FACE('',(#3313),#3478,.F.);
#4933=ADVANCED_FACE('',(#3314),#65,.T.);
#4934=ADVANCED_FACE('',(#3315),#66,.F.);
#4935=ADVANCED_FACE('',(#3316),#3479,.F.);
#4936=ADVANCED_FACE('',(#3317),#3480,.F.);
#4937=ADVANCED_FACE('',(#3318),#67,.T.);
#4938=ADVANCED_FACE('',(#3319),#68,.F.);
#4939=ADVANCED_FACE('',(#3320),#69,.T.);
#4940=ADVANCED_FACE('',(#3321),#70,.T.);
#4941=ADVANCED_FACE('',(#3322),#3481,.F.);
#4942=ADVANCED_FACE('',(#3323),#71,.F.);
#4943=ADVANCED_FACE('',(#3324),#72,.T.);
#4944=ADVANCED_FACE('',(#3325),#73,.F.);
#4945=ADVANCED_FACE('',(#3326),#74,.T.);
#4946=ADVANCED_FACE('',(#3327),#3482,.F.);
#4947=ADVANCED_FACE('',(#3328),#75,.T.);
#4948=ADVANCED_FACE('',(#3329),#76,.F.);
#4949=ADVANCED_FACE('',(#3330),#3483,.F.);
#4950=ADVANCED_FACE('',(#3331),#3484,.F.);
#4951=ADVANCED_FACE('',(#3332),#3485,.F.);
#4952=ADVANCED_FACE('',(#3333),#3486,.F.);
#4953=ADVANCED_FACE('',(#3334),#3487,.F.);
#4954=ADVANCED_FACE('',(#3335),#3488,.F.);
#4955=ADVANCED_FACE('',(#3336),#3489,.F.);
#4956=ADVANCED_FACE('',(#3337),#3490,.F.);
#4957=ADVANCED_FACE('',(#3338),#3491,.F.);
#4958=ADVANCED_FACE('',(#3339),#3492,.F.);
#4959=ADVANCED_FACE('',(#3340),#3493,.T.);
#4960=ADVANCED_FACE('',(#3341),#3494,.F.);
#4961=ADVANCED_FACE('',(#3342,#3343),#23,.T.);
#4962=ADVANCED_FACE('',(#3344,#3345),#77,.T.);
#4963=ADVANCED_FACE('',(#3346),#3495,.F.);
#4964=ADVANCED_FACE('',(#3347,#3348),#24,.T.);
#4965=ADVANCED_FACE('',(#3349,#3350),#78,.T.);
#4966=ADVANCED_FACE('',(#3351),#3496,.F.);
#4967=ADVANCED_FACE('',(#3352),#3497,.F.);
#4968=ADVANCED_FACE('',(#3353),#3498,.T.);
#4969=ADVANCED_FACE('',(#3354),#3499,.F.);
#4970=ADVANCED_FACE('',(#3355),#3500,.F.);
#4971=ADVANCED_FACE('',(#3356),#3501,.F.);
#4972=ADVANCED_FACE('',(#3357),#3502,.T.);
#4973=ADVANCED_FACE('',(#3358),#3503,.F.);
#4974=ADVANCED_FACE('',(#3359),#3504,.T.);
#4975=ADVANCED_FACE('',(#3360),#3505,.T.);
#4976=ADVANCED_FACE('',(#3361),#3506,.F.);
#4977=ADVANCED_FACE('',(#3362),#3507,.T.);
#4978=ADVANCED_FACE('',(#3363),#3508,.T.);
#4979=ADVANCED_FACE('',(#3364),#3509,.T.);
#4980=ADVANCED_FACE('',(#3365),#3510,.F.);
#4981=ADVANCED_FACE('',(#3366),#3511,.T.);
#4982=ADVANCED_FACE('',(#3367),#79,.T.);
#4983=ADVANCED_FACE('',(#3368),#3512,.F.);
#4984=ADVANCED_FACE('',(#3369),#3513,.T.);
#4985=ADVANCED_FACE('',(#3370),#3514,.F.);
#4986=ADVANCED_FACE('',(#3371),#80,.T.);
#4987=ADVANCED_FACE('',(#3372),#3515,.T.);
#4988=ADVANCED_FACE('',(#3373),#3516,.F.);
#4989=ADVANCED_FACE('',(#3374),#81,.T.);
#4990=ADVANCED_FACE('',(#3375),#3517,.T.);
#4991=ADVANCED_FACE('',(#3376),#82,.T.);
#4992=ADVANCED_FACE('',(#3377),#3518,.F.);
#4993=ADVANCED_FACE('',(#3378),#3519,.T.);
#4994=ADVANCED_FACE('',(#3379),#3520,.F.);
#4995=ADVANCED_FACE('',(#3380),#3521,.F.);
#4996=ADVANCED_FACE('',(#3381),#3522,.T.);
#4997=ADVANCED_FACE('',(#3382),#3523,.F.);
#4998=ADVANCED_FACE('',(#3383),#3524,.F.);
#4999=ADVANCED_FACE('',(#3384),#3525,.F.);
#5000=ADVANCED_FACE('',(#3385),#3526,.T.);
#5001=ADVANCED_FACE('',(#3386),#3527,.F.);
#5002=ADVANCED_FACE('',(#3387),#3528,.F.);
#5003=ADVANCED_FACE('',(#3388),#3529,.F.);
#5004=ADVANCED_FACE('',(#3389),#3530,.T.);
#5005=ADVANCED_FACE('',(#3390),#3531,.F.);
#5006=ADVANCED_FACE('',(#3391),#3532,.F.);
#5007=ADVANCED_FACE('',(#3392),#3533,.F.);
#5008=ADVANCED_FACE('',(#3393),#3534,.T.);
#5009=ADVANCED_FACE('',(#3394),#3535,.F.);
#5010=ADVANCED_FACE('',(#3395),#3536,.T.);
#5011=ADVANCED_FACE('',(#3396),#3537,.T.);
#5012=ADVANCED_FACE('',(#3397),#3538,.T.);
#5013=ADVANCED_FACE('',(#3398),#3539,.T.);
#5014=ADVANCED_FACE('',(#3399),#3540,.F.);
#5015=ADVANCED_FACE('',(#3400),#3541,.T.);
#5016=ADVANCED_FACE('',(#3401),#3542,.T.);
#5017=ADVANCED_FACE('',(#3402),#3543,.T.);
#5018=ADVANCED_FACE('',(#3403),#3544,.T.);
#5019=ADVANCED_FACE('',(#3404),#3545,.F.);
#5020=ADVANCED_FACE('',(#3405),#3546,.T.);
#5021=ADVANCED_FACE('',(#3406),#3547,.T.);
#5022=ADVANCED_FACE('',(#3407),#3548,.T.);
#5023=ADVANCED_FACE('',(#3408),#3549,.T.);
#5024=ADVANCED_FACE('',(#3409),#3550,.F.);
#5025=ADVANCED_FACE('',(#3410),#3551,.T.);
#5026=ADVANCED_FACE('',(#3411),#3552,.T.);
#5027=ADVANCED_FACE('',(#3412),#3553,.T.);
#5028=ADVANCED_FACE('',(#3413),#3554,.T.);
#5029=ADVANCED_FACE('',(#3414),#3555,.F.);
#5030=ADVANCED_FACE('',(#3415),#3556,.T.);
#5031=ADVANCED_FACE('',(#3416),#3557,.T.);
#5032=ADVANCED_FACE('',(#3417),#3558,.T.);
#5033=ADVANCED_FACE('',(#3418),#3559,.F.);
#5034=ADVANCED_FACE('',(#3419),#3560,.T.);
#5035=ADVANCED_FACE('',(#3420),#3561,.F.);
#5036=ADVANCED_FACE('',(#3421),#3562,.F.);
#5037=ADVANCED_FACE('',(#3422),#3563,.F.);
#5038=ADVANCED_FACE('',(#3423),#3564,.F.);
#5039=ADVANCED_FACE('',(#3424),#83,.F.);
#5040=ADVANCED_FACE('',(#3425),#3565,.F.);
#5041=ADVANCED_FACE('',(#3426),#3566,.F.);
#5042=ADVANCED_FACE('',(#3427),#3567,.T.);
#5043=ADVANCED_FACE('',(#3428),#3568,.F.);
#5044=ADVANCED_FACE('',(#3429),#84,.T.);
#5045=ADVANCED_FACE('',(#3430),#85,.T.);
#5046=CLOSED_SHELL('',(#4853,#4854,#4855,#4856,#4857,#4858,#4859,#4860,
#4861,#4862,#4863,#4864,#4865,#4866,#4867,#4868,#4869,#4870,#4871,#4872,
#4873,#4874,#4875,#4876,#4877,#4878,#4879,#4880,#4881,#4882,#4883,#4884,
#4885,#4886,#4887,#4888,#4889,#4890,#4891,#4892,#4893,#4894,#4895,#4896,
#4897,#4898,#4899,#4900,#4901,#4902,#4903,#4904,#4905,#4906,#4907,#4908,
#4909,#4910,#4911,#4912,#4913,#4914,#4915,#4916,#4917,#4918,#4919,#4920,
#4921,#4922,#4923,#4924,#4925,#4926,#4927,#4928,#4929,#4930,#4931,#4932,
#4933,#4934,#4935,#4936,#4937,#4938,#4939,#4940,#4941,#4942,#4943,#4944,
#4945,#4946,#4947,#4948,#4949,#4950,#4951,#4952,#4953,#4954,#4955,#4956,
#4957,#4958,#4959,#4960,#4961,#4962,#4963,#4964,#4965,#4966,#4967,#4968,
#4969,#4970,#4971,#4972,#4973,#4974,#4975,#4976,#4977,#4978,#4979,#4980,
#4981,#4982,#4983,#4984,#4985,#4986,#4987,#4988,#4989,#4990,#4991,#4992,
#4993,#4994,#4995,#4996,#4997,#4998,#4999,#5000,#5001,#5002,#5003,#5004,
#5005,#5006,#5007,#5008,#5009,#5010,#5011,#5012,#5013,#5014,#5015,#5016,
#5017,#5018,#5019,#5020,#5021,#5022,#5023,#5024,#5025,#5026,#5027,#5028,
#5029,#5030,#5031,#5032,#5033,#5034));
#5047=CLOSED_SHELL('',(#5035,#5036,#5037,#5038,#5039,#5040,#5041,#5042,
#5043,#5044,#5045));
#5048=MANIFOLD_SOLID_BREP('CUS-13-body',#5046);
#5049=MANIFOLD_SOLID_BREP('CUS-13-slider',#5047);
#5050=SHAPE_DEFINITION_REPRESENTATION(#7510,#5053);
#5051=SHAPE_DEFINITION_REPRESENTATION(#7511,#5054);
#5052=SHAPE_DEFINITION_REPRESENTATION(#7513,#5055);
#5053=SHAPE_REPRESENTATION('CUS-13TB',(#5056,#5337,#5355),#7501);
#5054=SHAPE_REPRESENTATION('CUS-13-body',(#5056),#7502);
#5055=SHAPE_REPRESENTATION('CUS-13-slider',(#5056),#7503);
#5056=AXIS2_PLACEMENT_3D('',#6385,#5356,#5357);
#5057=AXIS2_PLACEMENT_3D('',#6386,#5358,#5359);
#5058=AXIS2_PLACEMENT_3D('',#6392,#5362,#5363);
#5059=AXIS2_PLACEMENT_3D('',#6396,#5365,#5366);
#5060=AXIS2_PLACEMENT_3D('',#6404,#5370,#5371);
#5061=AXIS2_PLACEMENT_3D('',#6409,#5374,#5375);
#5062=AXIS2_PLACEMENT_3D('',#6466,#5404,#5405);
#5063=AXIS2_PLACEMENT_3D('',#6468,#5406,#5407);
#5064=AXIS2_PLACEMENT_3D('',#6486,#5416,#5417);
#5065=AXIS2_PLACEMENT_3D('',#6528,#5441,#5442);
#5066=AXIS2_PLACEMENT_3D('',#6538,#5447,#5448);
#5067=AXIS2_PLACEMENT_3D('',#6546,#5452,#5453);
#5068=AXIS2_PLACEMENT_3D('',#6550,#5455,#5456);
#5069=AXIS2_PLACEMENT_3D('',#6551,#5457,#5458);
#5070=AXIS2_PLACEMENT_3D('',#6556,#5461,#5462);
#5071=AXIS2_PLACEMENT_3D('',#6564,#5466,#5467);
#5072=AXIS2_PLACEMENT_3D('',#6568,#5469,#5470);
#5073=AXIS2_PLACEMENT_3D('',#6572,#5472,#5473);
#5074=AXIS2_PLACEMENT_3D('',#6576,#5475,#5476);
#5075=AXIS2_PLACEMENT_3D('',#6584,#5480,#5481);
#5076=AXIS2_PLACEMENT_3D('',#6585,#5482,#5483);
#5077=AXIS2_PLACEMENT_3D('',#6591,#5487,#5488);
#5078=AXIS2_PLACEMENT_3D('',#6597,#5492,#5493);
#5079=AXIS2_PLACEMENT_3D('',#6606,#5498,#5499);
#5080=AXIS2_PLACEMENT_3D('',#6611,#5502,#5503);
#5081=AXIS2_PLACEMENT_3D('',#6614,#5505,#5506);
#5082=AXIS2_PLACEMENT_3D('',#6623,#5511,#5512);
#5083=AXIS2_PLACEMENT_3D('',#6628,#5515,#5516);
#5084=AXIS2_PLACEMENT_3D('',#6631,#5518,#5519);
#5085=AXIS2_PLACEMENT_3D('',#6634,#5521,#5522);
#5086=AXIS2_PLACEMENT_3D('',#6636,#5523,#5524);
#5087=AXIS2_PLACEMENT_3D('',#6644,#5529,#5530);
#5088=AXIS2_PLACEMENT_3D('',#6660,#5538,#5539);
#5089=AXIS2_PLACEMENT_3D('',#6671,#5545,#5546);
#5090=AXIS2_PLACEMENT_3D('',#6673,#5547,#5548);
#5091=AXIS2_PLACEMENT_3D('',#6674,#5549,#5550);
#5092=AXIS2_PLACEMENT_3D('',#6677,#5552,#5553);
#5093=AXIS2_PLACEMENT_3D('',#6679,#5554,#5555);
#5094=AXIS2_PLACEMENT_3D('',#6690,#5561,#5562);
#5095=AXIS2_PLACEMENT_3D('',#6706,#5570,#5571);
#5096=AXIS2_PLACEMENT_3D('',#6714,#5576,#5577);
#5097=AXIS2_PLACEMENT_3D('',#6716,#5578,#5579);
#5098=AXIS2_PLACEMENT_3D('',#6717,#5580,#5581);
#5099=AXIS2_PLACEMENT_3D('',#6724,#5585,#5586);
#5100=AXIS2_PLACEMENT_3D('',#6726,#5587,#5588);
#5101=AXIS2_PLACEMENT_3D('',#6731,#5591,#5592);
#5102=AXIS2_PLACEMENT_3D('',#6738,#5596,#5597);
#5103=AXIS2_PLACEMENT_3D('',#6740,#5598,#5599);
#5104=AXIS2_PLACEMENT_3D('',#6745,#5602,#5603);
#5105=AXIS2_PLACEMENT_3D('',#6750,#5606,#5607);
#5106=AXIS2_PLACEMENT_3D('',#6752,#5608,#5609);
#5107=AXIS2_PLACEMENT_3D('',#6757,#5612,#5613);
#5108=AXIS2_PLACEMENT_3D('',#6762,#5616,#5617);
#5109=AXIS2_PLACEMENT_3D('',#6764,#5618,#5619);
#5110=AXIS2_PLACEMENT_3D('',#6769,#5622,#5623);
#5111=AXIS2_PLACEMENT_3D('',#6791,#5625,#5626);
#5112=AXIS2_PLACEMENT_3D('',#6792,#5627,#5628);
#5113=AXIS2_PLACEMENT_3D('',#6796,#5630,#5631);
#5114=AXIS2_PLACEMENT_3D('',#6797,#5632,#5633);
#5115=AXIS2_PLACEMENT_3D('',#6819,#5635,#5636);
#5116=AXIS2_PLACEMENT_3D('',#6820,#5637,#5638);
#5117=AXIS2_PLACEMENT_3D('',#6822,#5639,#5640);
#5118=AXIS2_PLACEMENT_3D('',#6825,#5642,#5643);
#5119=AXIS2_PLACEMENT_3D('',#6829,#5645,#5646);
#5120=AXIS2_PLACEMENT_3D('',#6836,#5650,#5651);
#5121=AXIS2_PLACEMENT_3D('',#6842,#5655,#5656);
#5122=AXIS2_PLACEMENT_3D('',#6847,#5659,#5660);
#5123=AXIS2_PLACEMENT_3D('',#6850,#5662,#5663);
#5124=AXIS2_PLACEMENT_3D('',#6851,#5664,#5665);
#5125=AXIS2_PLACEMENT_3D('',#6858,#5669,#5670);
#5126=AXIS2_PLACEMENT_3D('',#6864,#5674,#5675);
#5127=AXIS2_PLACEMENT_3D('',#6868,#5677,#5678);
#5128=AXIS2_PLACEMENT_3D('',#6872,#5681,#5682);
#5129=AXIS2_PLACEMENT_3D('',#6873,#5683,#5684);
#5130=AXIS2_PLACEMENT_3D('',#6875,#5685,#5686);
#5131=AXIS2_PLACEMENT_3D('',#6878,#5688,#5689);
#5132=AXIS2_PLACEMENT_3D('',#6879,#5690,#5691);
#5133=AXIS2_PLACEMENT_3D('',#6881,#5692,#5693);
#5134=AXIS2_PLACEMENT_3D('',#6884,#5695,#5696);
#5135=AXIS2_PLACEMENT_3D('',#6891,#5701,#5702);
#5136=AXIS2_PLACEMENT_3D('',#6895,#5704,#5705);
#5137=AXIS2_PLACEMENT_3D('',#6900,#5708,#5709);
#5138=AXIS2_PLACEMENT_3D('',#6905,#5712,#5713);
#5139=AXIS2_PLACEMENT_3D('',#6916,#5719,#5720);
#5140=AXIS2_PLACEMENT_3D('',#6917,#5721,#5722);
#5141=AXIS2_PLACEMENT_3D('',#6923,#5726,#5727);
#5142=AXIS2_PLACEMENT_3D('',#6924,#5728,#5729);
#5143=AXIS2_PLACEMENT_3D('',#6931,#5733,#5734);
#5144=AXIS2_PLACEMENT_3D('',#6935,#5737,#5738);
#5145=AXIS2_PLACEMENT_3D('',#6938,#5740,#5741);
#5146=AXIS2_PLACEMENT_3D('',#6939,#5742,#5743);
#5147=AXIS2_PLACEMENT_3D('',#6940,#5744,#5745);
#5148=AXIS2_PLACEMENT_3D('',#6941,#5746,#5747);
#5149=AXIS2_PLACEMENT_3D('',#6942,#5748,#5749);
#5150=AXIS2_PLACEMENT_3D('',#6943,#5750,#5751);
#5151=AXIS2_PLACEMENT_3D('',#6946,#5753,#5754);
#5152=AXIS2_PLACEMENT_3D('',#6951,#5757,#5758);
#5153=AXIS2_PLACEMENT_3D('',#6952,#5759,#5760);
#5154=AXIS2_PLACEMENT_3D('',#6956,#5763,#5764);
#5155=AXIS2_PLACEMENT_3D('',#6957,#5765,#5766);
#5156=AXIS2_PLACEMENT_3D('',#6962,#5769,#5770);
#5157=AXIS2_PLACEMENT_3D('',#6963,#5771,#5772);
#5158=AXIS2_PLACEMENT_3D('',#6966,#5774,#5775);
#5159=AXIS2_PLACEMENT_3D('',#6975,#5780,#5781);
#5160=AXIS2_PLACEMENT_3D('',#6978,#5783,#5784);
#5161=AXIS2_PLACEMENT_3D('',#6980,#5785,#5786);
#5162=AXIS2_PLACEMENT_3D('',#6984,#5788,#5789);
#5163=AXIS2_PLACEMENT_3D('',#6986,#5790,#5791);
#5164=AXIS2_PLACEMENT_3D('',#6991,#5794,#5795);
#5165=AXIS2_PLACEMENT_3D('',#7003,#5801,#5802);
#5166=AXIS2_PLACEMENT_3D('',#7005,#5803,#5804);
#5167=AXIS2_PLACEMENT_3D('',#7007,#5806,#5807);
#5168=AXIS2_PLACEMENT_3D('',#7009,#5808,#5809);
#5169=AXIS2_PLACEMENT_3D('',#7010,#5810,#5811);
#5170=AXIS2_PLACEMENT_3D('',#7012,#5813,#5814);
#5171=AXIS2_PLACEMENT_3D('',#7013,#5815,#5816);
#5172=AXIS2_PLACEMENT_3D('',#7016,#5818,#5819);
#5173=AXIS2_PLACEMENT_3D('',#7020,#5821,#5822);
#5174=AXIS2_PLACEMENT_3D('',#7021,#5823,#5824);
#5175=AXIS2_PLACEMENT_3D('',#7025,#5826,#5827);
#5176=AXIS2_PLACEMENT_3D('',#7026,#5828,#5829);
#5177=AXIS2_PLACEMENT_3D('',#7030,#5831,#5832);
#5178=AXIS2_PLACEMENT_3D('',#7031,#5833,#5834);
#5179=AXIS2_PLACEMENT_3D('',#7034,#5836,#5837);
#5180=AXIS2_PLACEMENT_3D('',#7036,#5839,#5840);
#5181=AXIS2_PLACEMENT_3D('',#7039,#5842,#5843);
#5182=AXIS2_PLACEMENT_3D('',#7048,#5848,#5849);
#5183=AXIS2_PLACEMENT_3D('',#7050,#5850,#5851);
#5184=AXIS2_PLACEMENT_3D('',#7051,#5852,#5853);
#5185=AXIS2_PLACEMENT_3D('',#7053,#5854,#5855);
#5186=AXIS2_PLACEMENT_3D('',#7065,#5861,#5862);
#5187=AXIS2_PLACEMENT_3D('',#7070,#5865,#5866);
#5188=AXIS2_PLACEMENT_3D('',#7072,#5867,#5868);
#5189=AXIS2_PLACEMENT_3D('',#7076,#5870,#5871);
#5190=AXIS2_PLACEMENT_3D('',#7078,#5872,#5873);
#5191=AXIS2_PLACEMENT_3D('',#7081,#5875,#5876);
#5192=AXIS2_PLACEMENT_3D('',#7082,#5877,#5878);
#5193=AXIS2_PLACEMENT_3D('',#7083,#5879,#5880);
#5194=AXIS2_PLACEMENT_3D('',#7085,#5882,#5883);
#5195=AXIS2_PLACEMENT_3D('',#7087,#5885,#5886);
#5196=AXIS2_PLACEMENT_3D('',#7089,#5888,#5889);
#5197=AXIS2_PLACEMENT_3D('',#7091,#5891,#5892);
#5198=AXIS2_PLACEMENT_3D('',#7092,#5893,#5894);
#5199=AXIS2_PLACEMENT_3D('',#7094,#5896,#5897);
#5200=AXIS2_PLACEMENT_3D('',#7096,#5899,#5900);
#5201=AXIS2_PLACEMENT_3D('',#7097,#5901,#5902);
#5202=AXIS2_PLACEMENT_3D('',#7099,#5904,#5905);
#5203=AXIS2_PLACEMENT_3D('',#7101,#5907,#5908);
#5204=AXIS2_PLACEMENT_3D('',#7102,#5909,#5910);
#5205=AXIS2_PLACEMENT_3D('',#7104,#5912,#5913);
#5206=AXIS2_PLACEMENT_3D('',#7106,#5915,#5916);
#5207=AXIS2_PLACEMENT_3D('',#7107,#5917,#5918);
#5208=AXIS2_PLACEMENT_3D('',#7110,#5921,#5922);
#5209=AXIS2_PLACEMENT_3D('',#7113,#5925,#5926);
#5210=AXIS2_PLACEMENT_3D('',#7114,#5927,#5928);
#5211=AXIS2_PLACEMENT_3D('',#7115,#5929,#5930);
#5212=AXIS2_PLACEMENT_3D('',#7117,#5932,#5933);
#5213=AXIS2_PLACEMENT_3D('',#7119,#5935,#5936);
#5214=AXIS2_PLACEMENT_3D('',#7121,#5938,#5939);
#5215=AXIS2_PLACEMENT_3D('',#7123,#5941,#5942);
#5216=AXIS2_PLACEMENT_3D('',#7125,#5944,#5945);
#5217=AXIS2_PLACEMENT_3D('',#7126,#5946,#5947);
#5218=AXIS2_PLACEMENT_3D('',#7128,#5949,#5950);
#5219=AXIS2_PLACEMENT_3D('',#7130,#5952,#5953);
#5220=AXIS2_PLACEMENT_3D('',#7133,#5956,#5957);
#5221=AXIS2_PLACEMENT_3D('',#7135,#5959,#5960);
#5222=AXIS2_PLACEMENT_3D('',#7136,#5961,#5962);
#5223=AXIS2_PLACEMENT_3D('',#7137,#5963,#5964);
#5224=AXIS2_PLACEMENT_3D('',#7140,#5967,#5968);
#5225=AXIS2_PLACEMENT_3D('',#7142,#5970,#5971);
#5226=AXIS2_PLACEMENT_3D('',#7144,#5973,#5974);
#5227=AXIS2_PLACEMENT_3D('',#7146,#5976,#5977);
#5228=AXIS2_PLACEMENT_3D('',#7148,#5979,#5980);
#5229=AXIS2_PLACEMENT_3D('',#7149,#5981,#5982);
#5230=AXIS2_PLACEMENT_3D('',#7150,#5983,#5984);
#5231=AXIS2_PLACEMENT_3D('',#7152,#5986,#5987);
#5232=AXIS2_PLACEMENT_3D('',#7153,#5988,#5989);
#5233=AXIS2_PLACEMENT_3D('',#7155,#5991,#5992);
#5234=AXIS2_PLACEMENT_3D('',#7157,#5994,#5995);
#5235=AXIS2_PLACEMENT_3D('',#7160,#5998,#5999);
#5236=AXIS2_PLACEMENT_3D('',#7162,#6001,#6002);
#5237=AXIS2_PLACEMENT_3D('',#7163,#6003,#6004);
#5238=AXIS2_PLACEMENT_3D('',#7164,#6005,#6006);
#5239=AXIS2_PLACEMENT_3D('',#7167,#6009,#6010);
#5240=AXIS2_PLACEMENT_3D('',#7169,#6012,#6013);
#5241=AXIS2_PLACEMENT_3D('',#7171,#6015,#6016);
#5242=AXIS2_PLACEMENT_3D('',#7173,#6018,#6019);
#5243=AXIS2_PLACEMENT_3D('',#7175,#6021,#6022);
#5244=AXIS2_PLACEMENT_3D('',#7176,#6023,#6024);
#5245=AXIS2_PLACEMENT_3D('',#7177,#6025,#6026);
#5246=AXIS2_PLACEMENT_3D('',#7185,#6031,#6032);
#5247=AXIS2_PLACEMENT_3D('',#7188,#6035,#6036);
#5248=AXIS2_PLACEMENT_3D('',#7196,#6041,#6042);
#5249=AXIS2_PLACEMENT_3D('',#7200,#6045,#6046);
#5250=AXIS2_PLACEMENT_3D('',#7202,#6048,#6049);
#5251=AXIS2_PLACEMENT_3D('',#7206,#6052,#6053);
#5252=AXIS2_PLACEMENT_3D('',#7209,#6056,#6057);
#5253=AXIS2_PLACEMENT_3D('',#7211,#6059,#6060);
#5254=AXIS2_PLACEMENT_3D('',#7223,#6068,#6069);
#5255=AXIS2_PLACEMENT_3D('',#7224,#6070,#6071);
#5256=AXIS2_PLACEMENT_3D('',#7226,#6072,#6073);
#5257=AXIS2_PLACEMENT_3D('',#7227,#6074,#6075);
#5258=AXIS2_PLACEMENT_3D('',#7229,#6076,#6077);
#5259=AXIS2_PLACEMENT_3D('',#7230,#6078,#6079);
#5260=AXIS2_PLACEMENT_3D('',#7231,#6080,#6081);
#5261=AXIS2_PLACEMENT_3D('',#7233,#6082,#6083);
#5262=AXIS2_PLACEMENT_3D('',#7234,#6084,#6085);
#5263=AXIS2_PLACEMENT_3D('',#7236,#6086,#6087);
#5264=AXIS2_PLACEMENT_3D('',#7237,#6088,#6089);
#5265=AXIS2_PLACEMENT_3D('',#7242,#6093,#6094);
#5266=AXIS2_PLACEMENT_3D('',#7244,#6096,#6097);
#5267=AXIS2_PLACEMENT_3D('',#7245,#6098,#6099);
#5268=AXIS2_PLACEMENT_3D('',#7249,#6102,#6103);
#5269=AXIS2_PLACEMENT_3D('',#7251,#6105,#6106);
#5270=AXIS2_PLACEMENT_3D('',#7256,#6110,#6111);
#5271=AXIS2_PLACEMENT_3D('',#7257,#6112,#6113);
#5272=AXIS2_PLACEMENT_3D('',#7261,#6116,#6117);
#5273=AXIS2_PLACEMENT_3D('',#7266,#6121,#6122);
#5274=AXIS2_PLACEMENT_3D('',#7268,#6124,#6125);
#5275=AXIS2_PLACEMENT_3D('',#7269,#6126,#6127);
#5276=AXIS2_PLACEMENT_3D('',#7273,#6130,#6131);
#5277=AXIS2_PLACEMENT_3D('',#7275,#6133,#6134);
#5278=AXIS2_PLACEMENT_3D('',#7280,#6138,#6139);
#5279=AXIS2_PLACEMENT_3D('',#7281,#6140,#6141);
#5280=AXIS2_PLACEMENT_3D('',#7285,#6144,#6145);
#5281=AXIS2_PLACEMENT_3D('',#7288,#6147,#6148);
#5282=AXIS2_PLACEMENT_3D('',#7289,#6149,#6150);
#5283=AXIS2_PLACEMENT_3D('',#7291,#6152,#6153);
#5284=AXIS2_PLACEMENT_3D('',#7292,#6154,#6155);
#5285=AXIS2_PLACEMENT_3D('',#7296,#6158,#6159);
#5286=AXIS2_PLACEMENT_3D('',#7297,#6160,#6161);
#5287=AXIS2_PLACEMENT_3D('',#7298,#6162,#6163);
#5288=AXIS2_PLACEMENT_3D('',#7299,#6164,#6165);
#5289=AXIS2_PLACEMENT_3D('',#7303,#6168,#6169);
#5290=AXIS2_PLACEMENT_3D('',#7304,#6170,#6171);
#5291=AXIS2_PLACEMENT_3D('',#7305,#6172,#6173);
#5292=AXIS2_PLACEMENT_3D('',#7306,#6174,#6175);
#5293=AXIS2_PLACEMENT_3D('',#7309,#6177,#6178);
#5294=AXIS2_PLACEMENT_3D('',#7310,#6179,#6180);
#5295=AXIS2_PLACEMENT_3D('',#7312,#6182,#6183);
#5296=AXIS2_PLACEMENT_3D('',#7313,#6184,#6185);
#5297=AXIS2_PLACEMENT_3D('',#7317,#6188,#6189);
#5298=AXIS2_PLACEMENT_3D('',#7321,#6192,#6193);
#5299=AXIS2_PLACEMENT_3D('',#7323,#6195,#6196);
#5300=AXIS2_PLACEMENT_3D('',#7324,#6197,#6198);
#5301=AXIS2_PLACEMENT_3D('',#7328,#6201,#6202);
#5302=AXIS2_PLACEMENT_3D('',#7332,#6205,#6206);
#5303=AXIS2_PLACEMENT_3D('',#7334,#6208,#6209);
#5304=AXIS2_PLACEMENT_3D('',#7335,#6210,#6211);
#5305=AXIS2_PLACEMENT_3D('',#7339,#6214,#6215);
#5306=AXIS2_PLACEMENT_3D('',#7343,#6218,#6219);
#5307=AXIS2_PLACEMENT_3D('',#7345,#6221,#6222);
#5308=AXIS2_PLACEMENT_3D('',#7346,#6223,#6224);
#5309=AXIS2_PLACEMENT_3D('',#7350,#6227,#6228);
#5310=AXIS2_PLACEMENT_3D('',#7354,#6231,#6232);
#5311=AXIS2_PLACEMENT_3D('',#7356,#6234,#6235);
#5312=AXIS2_PLACEMENT_3D('',#7357,#6236,#6237);
#5313=AXIS2_PLACEMENT_3D('',#7363,#6241,#6242);
#5314=AXIS2_PLACEMENT_3D('',#7367,#6245,#6246);
#5315=AXIS2_PLACEMENT_3D('',#7371,#6249,#6250);
#5316=AXIS2_PLACEMENT_3D('',#7373,#6252,#6253);
#5317=AXIS2_PLACEMENT_3D('',#7374,#6254,#6255);
#5318=AXIS2_PLACEMENT_3D('',#7380,#6259,#6260);
#5319=AXIS2_PLACEMENT_3D('',#7384,#6263,#6264);
#5320=AXIS2_PLACEMENT_3D('',#7388,#6267,#6268);
#5321=AXIS2_PLACEMENT_3D('',#7390,#6270,#6271);
#5322=AXIS2_PLACEMENT_3D('',#7391,#6272,#6273);
#5323=AXIS2_PLACEMENT_3D('',#7397,#6277,#6278);
#5324=AXIS2_PLACEMENT_3D('',#7401,#6281,#6282);
#5325=AXIS2_PLACEMENT_3D('',#7405,#6285,#6286);
#5326=AXIS2_PLACEMENT_3D('',#7407,#6288,#6289);
#5327=AXIS2_PLACEMENT_3D('',#7408,#6290,#6291);
#5328=AXIS2_PLACEMENT_3D('',#7414,#6295,#6296);
#5329=AXIS2_PLACEMENT_3D('',#7418,#6299,#6300);
#5330=AXIS2_PLACEMENT_3D('',#7422,#6303,#6304);
#5331=AXIS2_PLACEMENT_3D('',#7424,#6306,#6307);
#5332=AXIS2_PLACEMENT_3D('',#7425,#6308,#6309);
#5333=AXIS2_PLACEMENT_3D('',#7431,#6313,#6314);
#5334=AXIS2_PLACEMENT_3D('',#7437,#6318,#6319);
#5335=AXIS2_PLACEMENT_3D('',#7440,#6322,#6323);
#5336=AXIS2_PLACEMENT_3D('',#7441,#6324,#6325);
#5337=AXIS2_PLACEMENT_3D('',#7442,#6326,#6327);
#5338=AXIS2_PLACEMENT_3D('',#7443,#6328,#6329);
#5339=AXIS2_PLACEMENT_3D('',#7452,#6334,#6335);
#5340=AXIS2_PLACEMENT_3D('',#7453,#6336,#6337);
#5341=AXIS2_PLACEMENT_3D('',#7455,#6338,#6339);
#5342=AXIS2_PLACEMENT_3D('',#7462,#6343,#6344);
#5343=AXIS2_PLACEMENT_3D('',#7463,#6345,#6346);
#5344=AXIS2_PLACEMENT_3D('',#7471,#6350,#6351);
#5345=AXIS2_PLACEMENT_3D('',#7472,#6352,#6353);
#5346=AXIS2_PLACEMENT_3D('',#7478,#6357,#6358);
#5347=AXIS2_PLACEMENT_3D('',#7479,#6359,#6360);
#5348=AXIS2_PLACEMENT_3D('',#7483,#6362,#6363);
#5349=AXIS2_PLACEMENT_3D('',#7484,#6364,#6365);
#5350=AXIS2_PLACEMENT_3D('',#7490,#6369,#6370);
#5351=AXIS2_PLACEMENT_3D('',#7493,#6373,#6374);
#5352=AXIS2_PLACEMENT_3D('',#7495,#6376,#6377);
#5353=AXIS2_PLACEMENT_3D('',#7497,#6379,#6380);
#5354=AXIS2_PLACEMENT_3D('',#7498,#6381,#6382);
#5355=AXIS2_PLACEMENT_3D('',#7499,#6383,#6384);
#5356=DIRECTION('',(0.,0.,1.));
#5357=DIRECTION('',(1.,0.,0.));
#5358=DIRECTION('',(0.,-1.,0.));
#5359=DIRECTION('',(0.,0.,-1.));
#5360=DIRECTION('',(0.,0.,1.));
#5361=DIRECTION('',(1.,0.,0.));
#5362=DIRECTION('',(0.,1.,0.));
#5363=DIRECTION('',(0.,0.,1.));
#5364=DIRECTION('',(0.,0.,-1.));
#5365=DIRECTION('',(0.,1.,0.));
#5366=DIRECTION('',(0.,0.,1.));
#5367=DIRECTION('',(-1.,0.,0.));
#5368=DIRECTION('',(0.,0.,-1.));
#5369=DIRECTION('',(-1.,0.,0.));
#5370=DIRECTION('',(0.,1.,0.));
#5371=DIRECTION('',(1.,0.,0.));
#5372=DIRECTION('',(0.,0.,-1.));
#5373=DIRECTION('',(-1.,0.,0.));
#5374=DIRECTION('',(0.,1.,0.));
#5375=DIRECTION('',(0.,0.,1.));
#5376=DIRECTION('',(-1.,0.,0.));
#5377=DIRECTION('',(0.,0.,1.));
#5378=DIRECTION('',(1.,0.,0.));
#5379=DIRECTION('',(0.,0.,-1.));
#5380=DIRECTION('',(-1.,0.,0.));
#5381=DIRECTION('',(0.,0.,1.));
#5382=DIRECTION('',(1.,0.,0.));
#5383=DIRECTION('',(0.,0.,-1.));
#5384=DIRECTION('',(0.,0.,-1.));
#5385=DIRECTION('',(1.,0.,0.));
#5386=DIRECTION('',(0.,0.,-1.));
#5387=DIRECTION('',(1.,0.,0.));
#5388=DIRECTION('',(0.,0.,-1.));
#5389=DIRECTION('',(1.,0.,0.));
#5390=DIRECTION('',(0.,0.,1.));
#5391=DIRECTION('',(-1.,0.,0.));
#5392=DIRECTION('',(0.,0.,-1.));
#5393=DIRECTION('',(1.,0.,0.));
#5394=DIRECTION('',(0.,0.,1.));
#5395=DIRECTION('',(-1.,0.,0.));
#5396=DIRECTION('',(0.,0.,-1.));
#5397=DIRECTION('',(1.,0.,0.));
#5398=DIRECTION('',(0.,0.,1.));
#5399=DIRECTION('',(-1.,0.,0.));
#5400=DIRECTION('',(0.,0.,-1.));
#5401=DIRECTION('',(1.,0.,0.));
#5402=DIRECTION('',(0.,0.,1.));
#5403=DIRECTION('',(-1.,0.,0.));
#5404=DIRECTION('',(0.,1.,0.));
#5405=DIRECTION('',(0.,0.,1.));
#5406=DIRECTION('',(0.,1.,0.));
#5407=DIRECTION('',(0.,0.,1.));
#5408=DIRECTION('',(-1.,0.,0.));
#5409=DIRECTION('',(0.,0.,1.));
#5410=DIRECTION('',(1.,0.,0.));
#5411=DIRECTION('',(0.,0.,-1.));
#5412=DIRECTION('',(-1.,0.,0.));
#5413=DIRECTION('',(0.,0.,1.));
#5414=DIRECTION('',(1.,0.,0.));
#5415=DIRECTION('',(0.,0.,-1.));
#5416=DIRECTION('',(0.,0.,1.));
#5417=DIRECTION('',(1.,0.,0.));
#5418=DIRECTION('',(0.,1.,0.));
#5419=DIRECTION('',(0.,-1.,0.));
#5420=DIRECTION('',(-1.,0.,0.));
#5421=DIRECTION('',(0.,1.,0.));
#5422=DIRECTION('',(0.,-1.,0.));
#5423=DIRECTION('',(-1.,0.,0.));
#5424=DIRECTION('',(0.,1.,0.));
#5425=DIRECTION('',(0.,-1.,0.));
#5426=DIRECTION('',(-1.,0.,0.));
#5427=DIRECTION('',(0.,1.,0.));
#5428=DIRECTION('',(0.,-1.,0.));
#5429=DIRECTION('',(1.,0.,0.));
#5430=DIRECTION('',(0.,-1.,0.));
#5431=DIRECTION('',(-1.,0.,0.));
#5432=DIRECTION('',(0.,-1.,0.));
#5433=DIRECTION('',(-1.,0.,0.));
#5434=DIRECTION('',(0.,-1.,0.));
#5435=DIRECTION('',(-1.,0.,0.));
#5436=DIRECTION('',(0.,1.,0.));
#5437=DIRECTION('',(1.,0.,0.));
#5438=DIRECTION('',(0.,1.,0.));
#5439=DIRECTION('',(0.,-1.,0.));
#5440=DIRECTION('',(-1.,0.,0.));
#5441=DIRECTION('',(0.,-1.,0.));
#5442=DIRECTION('',(0.,0.,-1.));
#5443=DIRECTION('',(1.,0.,0.));
#5444=DIRECTION('',(0.,0.,1.));
#5445=DIRECTION('',(-1.,0.,0.));
#5446=DIRECTION('',(0.,0.,1.));
#5447=DIRECTION('',(0.,1.,0.));
#5448=DIRECTION('',(1.,0.,0.));
#5449=DIRECTION('',(-1.,0.,0.));
#5450=DIRECTION('',(0.,0.,-1.));
#5451=DIRECTION('',(-1.,0.,0.));
#5452=DIRECTION('',(0.,1.,0.));
#5453=DIRECTION('',(0.,0.,1.));
#5454=DIRECTION('',(0.,0.,1.));
#5455=DIRECTION('',(0.,1.,0.));
#5456=DIRECTION('',(0.,0.,1.));
#5457=DIRECTION('',(0.,-1.,0.));
#5458=DIRECTION('',(0.,0.,-1.));
#5459=DIRECTION('',(0.,0.,1.));
#5460=DIRECTION('',(0.,0.,-1.));
#5461=DIRECTION('',(0.,1.,0.));
#5462=DIRECTION('',(1.,0.,0.));
#5463=DIRECTION('',(1.,0.,0.));
#5464=DIRECTION('',(0.,0.,-1.));
#5465=DIRECTION('',(1.,0.,0.));
#5466=DIRECTION('',(0.,1.,0.));
#5467=DIRECTION('',(0.,0.,1.));
#5468=DIRECTION('',(0.,0.,-1.));
#5469=DIRECTION('',(0.,1.,0.));
#5470=DIRECTION('',(0.,0.,1.));
#5471=DIRECTION('',(1.,0.,0.));
#5472=DIRECTION('',(0.,1.,0.));
#5473=DIRECTION('',(0.,0.,1.));
#5474=DIRECTION('',(0.,0.,1.));
#5475=DIRECTION('',(0.,1.,0.));
#5476=DIRECTION('',(0.,0.,1.));
#5477=DIRECTION('',(1.,0.,0.));
#5478=DIRECTION('',(0.,0.,-1.));
#5479=DIRECTION('',(1.,0.,0.));
#5480=DIRECTION('',(0.,1.,0.));
#5481=DIRECTION('',(1.,0.,0.));
#5482=DIRECTION('',(-1.,0.,0.));
#5483=DIRECTION('',(0.,0.,1.));
#5484=DIRECTION('',(0.,1.,0.));
#5485=DIRECTION('',(0.,0.,-1.));
#5486=DIRECTION('',(0.,0.,-1.));
#5487=DIRECTION('',(1.,0.,0.));
#5488=DIRECTION('',(0.,0.,-1.));
#5489=DIRECTION('',(0.,0.,-1.));
#5490=DIRECTION('',(0.,1.,0.));
#5491=DIRECTION('',(0.,0.,1.));
#5492=DIRECTION('',(0.,-1.,0.));
#5493=DIRECTION('',(0.,0.,-1.));
#5494=DIRECTION('',(1.,0.,0.));
#5495=DIRECTION('',(0.,0.,1.));
#5496=DIRECTION('',(-1.,0.,0.));
#5497=DIRECTION('',(0.,0.,1.));
#5498=DIRECTION('',(-1.,0.,0.));
#5499=DIRECTION('',(0.,0.,1.));
#5500=DIRECTION('',(0.,-1.,0.));
#5501=DIRECTION('',(0.,0.,-1.));
#5502=DIRECTION('',(1.,0.,0.));
#5503=DIRECTION('',(0.,0.,-1.));
#5504=DIRECTION('',(0.,-0.999999999999921,3.96928693864731E-7));
#5505=DIRECTION('',(0.,-1.,0.));
#5506=DIRECTION('',(0.,0.,-1.));
#5507=DIRECTION('',(1.,0.,0.));
#5508=DIRECTION('',(0.,0.,1.));
#5509=DIRECTION('',(-1.,0.,0.));
#5510=DIRECTION('',(0.,0.,-1.));
#5511=DIRECTION('',(1.,0.,0.));
#5512=DIRECTION('',(0.,0.,-1.));
#5513=DIRECTION('',(0.,1.,0.));
#5514=DIRECTION('',(0.,-0.999999999999921,3.96928693864731E-7));
#5515=DIRECTION('',(1.,0.,0.));
#5516=DIRECTION('',(0.,0.,-1.));
#5517=DIRECTION('',(0.,0.,-1.));
#5518=DIRECTION('',(-1.,0.,0.));
#5519=DIRECTION('',(0.,0.,1.));
#5520=DIRECTION('',(0.,0.,-1.));
#5521=DIRECTION('',(1.,0.,0.));
#5522=DIRECTION('',(0.,0.,-1.));
#5523=DIRECTION('',(1.,0.,0.));
#5524=DIRECTION('',(0.,0.,-1.));
#5525=DIRECTION('',(0.,1.,0.));
#5526=DIRECTION('',(0.,0.,-1.));
#5527=DIRECTION('',(0.,1.,0.));
#5528=DIRECTION('',(0.,0.,-1.));
#5529=DIRECTION('',(1.,0.,0.));
#5530=DIRECTION('',(0.,0.,-1.));
#5531=DIRECTION('',(0.,1.,0.));
#5532=DIRECTION('',(0.,0.,-1.));
#5533=DIRECTION('',(0.,0.,-1.));
#5534=DIRECTION('',(0.,0.,-1.));
#5535=DIRECTION('',(0.,0.,-1.));
#5536=DIRECTION('',(0.,0.,-1.));
#5537=DIRECTION('',(0.,1.,0.));
#5538=DIRECTION('',(1.,0.,0.));
#5539=DIRECTION('',(0.,0.,-1.));
#5540=DIRECTION('',(0.,0.,1.));
#5541=DIRECTION('',(0.,1.,0.));
#5542=DIRECTION('',(0.,0.,-1.));
#5543=DIRECTION('',(0.,1.,0.));
#5544=DIRECTION('',(0.,0.,1.));
#5545=DIRECTION('',(1.,0.,0.));
#5546=DIRECTION('',(0.,0.,-1.));
#5547=DIRECTION('',(1.,0.,0.));
#5548=DIRECTION('',(0.,0.,-1.));
#5549=DIRECTION('',(1.,0.,0.));
#5550=DIRECTION('',(0.,0.,-1.));
#5551=DIRECTION('',(0.,0.,-1.));
#5552=DIRECTION('',(1.,0.,0.));
#5553=DIRECTION('',(0.,0.,-1.));
#5554=DIRECTION('',(1.,0.,0.));
#5555=DIRECTION('',(0.,0.,-1.));
#5556=DIRECTION('',(0.,0.,1.));
#5557=DIRECTION('',(0.,-1.,0.));
#5558=DIRECTION('',(0.,0.,-1.));
#5559=DIRECTION('',(0.,-1.,0.));
#5560=DIRECTION('',(0.,0.,1.));
#5561=DIRECTION('',(1.,0.,0.));
#5562=DIRECTION('',(0.,0.,-1.));
#5563=DIRECTION('',(0.,-1.,0.));
#5564=DIRECTION('',(0.,0.,-1.));
#5565=DIRECTION('',(0.,0.,-1.));
#5566=DIRECTION('',(0.,0.,-1.));
#5567=DIRECTION('',(0.,0.,-1.));
#5568=DIRECTION('',(0.,0.,-1.));
#5569=DIRECTION('',(0.,-1.,0.));
#5570=DIRECTION('',(1.,0.,0.));
#5571=DIRECTION('',(0.,0.,-1.));
#5572=DIRECTION('',(0.,0.,-1.));
#5573=DIRECTION('',(0.,-1.,0.));
#5574=DIRECTION('',(0.,0.,-1.));
#5575=DIRECTION('',(0.,-1.,0.));
#5576=DIRECTION('',(1.,0.,0.));
#5577=DIRECTION('',(0.,0.,-1.));
#5578=DIRECTION('',(1.,0.,0.));
#5579=DIRECTION('',(0.,0.,-1.));
#5580=DIRECTION('',(0.,0.,1.));
#5581=DIRECTION('',(1.,0.,0.));
#5582=DIRECTION('',(0.,0.999999999999921,3.96928693864731E-7));
#5583=DIRECTION('',(0.,-1.,0.));
#5584=DIRECTION('',(-1.,0.,0.));
#5585=DIRECTION('',(0.,0.,1.));
#5586=DIRECTION('',(1.,0.,0.));
#5587=DIRECTION('',(0.,-3.96928693864731E-7,0.999999999999921));
#5588=DIRECTION('',(0.,-0.999999999999921,-3.96928693864731E-7));
#5589=DIRECTION('',(0.,0.999999999999921,3.96928693864731E-7));
#5590=DIRECTION('',(-1.,0.,0.));
#5591=DIRECTION('',(0.,0.,1.));
#5592=DIRECTION('',(1.,0.,0.));
#5593=DIRECTION('',(0.,0.999999999999921,3.96928693864731E-7));
#5594=DIRECTION('',(-1.,0.,0.));
#5595=DIRECTION('',(0.,-0.999999999999921,-3.96928693864731E-7));
#5596=DIRECTION('',(0.,-3.96928693864731E-7,0.999999999999921));
#5597=DIRECTION('',(0.,-0.999999999999921,-3.96928693864731E-7));
#5598=DIRECTION('',(0.,0.,1.));
#5599=DIRECTION('',(1.,0.,0.));
#5600=DIRECTION('',(-1.,0.,0.));
#5601=DIRECTION('',(0.,-1.,0.));
#5602=DIRECTION('',(0.,0.,-1.));
#5603=DIRECTION('',(-1.,0.,0.));
#5604=DIRECTION('',(0.,-1.,0.));
#5605=DIRECTION('',(1.,0.,0.));
#5606=DIRECTION('',(0.,0.,-1.));
#5607=DIRECTION('',(-1.,0.,0.));
#5608=DIRECTION('',(0.,-3.96928693864731E-7,-0.999999999999921));
#5609=DIRECTION('',(0.,0.999999999999921,-3.96928693864731E-7));
#5610=DIRECTION('',(0.,0.999999999999921,-3.96928693864731E-7));
#5611=DIRECTION('',(-1.,0.,0.));
#5612=DIRECTION('',(0.,0.,-1.));
#5613=DIRECTION('',(-1.,0.,0.));
#5614=DIRECTION('',(-1.,0.,0.));
#5615=DIRECTION('',(0.,-0.999999999999921,3.96928693864731E-7));
#5616=DIRECTION('',(0.,-3.96928693864731E-7,-0.999999999999921));
#5617=DIRECTION('',(0.,0.999999999999921,-3.96928693864731E-7));
#5618=DIRECTION('',(0.,0.,-1.));
#5619=DIRECTION('',(-1.,0.,0.));
#5620=DIRECTION('',(1.,0.,0.));
#5621=DIRECTION('',(0.,-1.,0.));
#5622=DIRECTION('',(0.,0.,-1.));
#5623=DIRECTION('',(-1.,0.,0.));
#5624=DIRECTION('',(0.,0.,-1.));
#5625=DIRECTION('',(0.,0.,-1.));
#5626=DIRECTION('',(-1.,0.,0.));
#5627=DIRECTION('',(0.,0.,-1.));
#5628=DIRECTION('',(-1.,0.,0.));
#5629=DIRECTION('',(0.,0.,-1.));
#5630=DIRECTION('',(0.,0.,1.));
#5631=DIRECTION('',(1.,0.,0.));
#5632=DIRECTION('',(0.,0.,-1.));
#5633=DIRECTION('',(-1.,0.,0.));
#5634=DIRECTION('',(0.,0.,-1.));
#5635=DIRECTION('',(0.,0.,-1.));
#5636=DIRECTION('',(-1.,0.,0.));
#5637=DIRECTION('',(0.,0.,-1.));
#5638=DIRECTION('',(-1.,0.,0.));
#5639=DIRECTION('',(0.,0.,1.));
#5640=DIRECTION('',(1.,0.,0.));
#5641=DIRECTION('',(0.,0.,-1.));
#5642=DIRECTION('',(0.,-1.,0.));
#5643=DIRECTION('',(0.,0.,-1.));
#5644=DIRECTION('',(-1.,0.,0.));
#5645=DIRECTION('',(0.,-1.,0.));
#5646=DIRECTION('',(0.,0.,-1.));
#5647=DIRECTION('',(0.,0.,-1.));
#5648=DIRECTION('',(-1.,0.,0.));
#5649=DIRECTION('',(0.,0.,-1.));
#5650=DIRECTION('',(1.,0.,0.));
#5651=DIRECTION('',(0.,0.,-1.));
#5652=DIRECTION('',(0.,-1.,0.));
#5653=DIRECTION('',(0.,0.,-1.));
#5654=DIRECTION('',(0.,-1.,0.));
#5655=DIRECTION('',(0.,1.,0.));
#5656=DIRECTION('',(0.,0.,1.));
#5657=DIRECTION('',(0.,0.,-1.));
#5658=DIRECTION('',(1.,0.,0.));
#5659=DIRECTION('',(0.,1.,0.));
#5660=DIRECTION('',(1.,0.,0.));
#5661=DIRECTION('',(-1.,0.,0.));
#5662=DIRECTION('',(0.,1.,0.));
#5663=DIRECTION('',(0.,0.,1.));
#5664=DIRECTION('',(0.,1.,0.));
#5665=DIRECTION('',(1.,0.,0.));
#5666=DIRECTION('',(1.,0.,0.));
#5667=DIRECTION('',(1.,0.,0.));
#5668=DIRECTION('',(0.,0.,-1.));
#5669=DIRECTION('',(-1.,0.,0.));
#5670=DIRECTION('',(0.,0.,1.));
#5671=DIRECTION('',(0.,-1.,0.));
#5672=DIRECTION('',(0.,1.,0.));
#5673=DIRECTION('',(0.,0.,-1.));
#5674=DIRECTION('',(0.,-1.,0.));
#5675=DIRECTION('',(0.,0.,-1.));
#5676=DIRECTION('',(1.,0.,0.));
#5677=DIRECTION('',(0.,-1.,0.));
#5678=DIRECTION('',(0.,0.,-1.));
#5679=DIRECTION('',(-1.,0.,0.));
#5680=DIRECTION('',(0.,0.,-1.));
#5681=DIRECTION('',(0.,0.,-1.));
#5682=DIRECTION('',(-1.,0.,0.));
#5683=DIRECTION('',(0.,0.,-1.));
#5684=DIRECTION('',(-1.,0.,0.));
#5685=DIRECTION('',(0.,0.,1.));
#5686=DIRECTION('',(1.,0.,0.));
#5687=DIRECTION('',(0.,0.,-1.));
#5688=DIRECTION('',(0.,0.,-1.));
#5689=DIRECTION('',(-1.,0.,0.));
#5690=DIRECTION('',(0.,0.,1.));
#5691=DIRECTION('',(1.,0.,0.));
#5692=DIRECTION('',(0.,0.,1.));
#5693=DIRECTION('',(1.,0.,0.));
#5694=DIRECTION('',(0.,0.,-1.));
#5695=DIRECTION('',(0.,0.,1.));
#5696=DIRECTION('',(1.,0.,0.));
#5697=DIRECTION('',(1.,0.,0.));
#5698=DIRECTION('',(0.,-1.,0.));
#5699=DIRECTION('',(-1.,0.,0.));
#5700=DIRECTION('',(0.,-1.,0.));
#5701=DIRECTION('',(0.,0.,1.));
#5702=DIRECTION('',(1.,0.,0.));
#5703=DIRECTION('',(-1.,0.,0.));
#5704=DIRECTION('',(0.,0.,1.));
#5705=DIRECTION('',(1.,0.,0.));
#5706=DIRECTION('',(0.,1.,0.));
#5707=DIRECTION('',(-1.,0.,0.));
#5708=DIRECTION('',(0.,0.,1.));
#5709=DIRECTION('',(1.,0.,0.));
#5710=DIRECTION('',(1.,0.,0.));
#5711=DIRECTION('',(0.,1.,0.));
#5712=DIRECTION('',(0.,0.,1.));
#5713=DIRECTION('',(1.,0.,0.));
#5714=DIRECTION('',(0.,-1.,0.));
#5715=DIRECTION('',(-1.,0.,0.));
#5716=DIRECTION('',(1.,0.,0.));
#5717=DIRECTION('',(0.,-1.,0.));
#5718=DIRECTION('',(-1.,0.,0.));
#5719=DIRECTION('',(0.,0.,1.));
#5720=DIRECTION('',(1.,0.,0.));
#5721=DIRECTION('',(0.,0.,1.));
#5722=DIRECTION('',(1.,0.,0.));
#5723=DIRECTION('',(0.,-1.,0.));
#5724=DIRECTION('',(-1.,0.,0.));
#5725=DIRECTION('',(0.,-1.,0.));
#5726=DIRECTION('',(0.,-1.,0.));
#5727=DIRECTION('',(0.,0.,-1.));
#5728=DIRECTION('',(0.,-1.,0.));
#5729=DIRECTION('',(0.,0.,-1.));
#5730=DIRECTION('',(1.,0.,0.));
#5731=DIRECTION('',(0.,0.,-1.));
#5732=DIRECTION('',(0.,0.,-1.));
#5733=DIRECTION('',(1.,0.,0.));
#5734=DIRECTION('',(0.,0.,-1.));
#5735=DIRECTION('',(0.,0.,-1.));
#5736=DIRECTION('',(0.,-1.,0.));
#5737=DIRECTION('',(0.,1.,0.));
#5738=DIRECTION('',(0.,0.,1.));
#5739=DIRECTION('',(1.,0.,0.));
#5740=DIRECTION('',(0.,1.,0.));
#5741=DIRECTION('',(1.,0.,0.));
#5742=DIRECTION('',(0.,0.,-1.));
#5743=DIRECTION('',(-1.,0.,0.));
#5744=DIRECTION('',(0.,0.,1.));
#5745=DIRECTION('',(1.,0.,0.));
#5746=DIRECTION('',(0.,0.,1.));
#5747=DIRECTION('',(1.,0.,0.));
#5748=DIRECTION('',(0.,0.,-1.));
#5749=DIRECTION('',(-1.,0.,0.));
#5750=DIRECTION('',(0.,0.,1.));
#5751=DIRECTION('',(1.,0.,0.));
#5752=DIRECTION('',(0.,0.,-1.));
#5753=DIRECTION('',(0.,1.,0.));
#5754=DIRECTION('',(0.,0.,1.));
#5755=DIRECTION('',(0.,0.,-1.));
#5756=DIRECTION('',(-1.,0.,0.));
#5757=DIRECTION('',(0.,1.,0.));
#5758=DIRECTION('',(1.,0.,0.));
#5759=DIRECTION('',(-1.,0.,0.));
#5760=DIRECTION('',(0.,0.,1.));
#5761=DIRECTION('',(0.,-1.,0.));
#5762=DIRECTION('',(0.,0.,-1.));
#5763=DIRECTION('',(0.,-1.,0.));
#5764=DIRECTION('',(0.,0.,-1.));
#5765=DIRECTION('',(0.,-1.,0.));
#5766=DIRECTION('',(0.,0.,-1.));
#5767=DIRECTION('',(-1.,0.,0.));
#5768=DIRECTION('',(0.,0.,-1.));
#5769=DIRECTION('',(0.,0.,-1.));
#5770=DIRECTION('',(-1.,0.,0.));
#5771=DIRECTION('',(0.,0.,1.));
#5772=DIRECTION('',(1.,0.,0.));
#5773=DIRECTION('',(0.,0.,-1.));
#5774=DIRECTION('',(-1.,0.,0.));
#5775=DIRECTION('',(0.,0.,1.));
#5776=DIRECTION('',(0.,1.,0.));
#5777=DIRECTION('',(0.,0.,-1.));
#5778=DIRECTION('',(0.,1.,0.));
#5779=DIRECTION('',(0.,0.,-1.));
#5780=DIRECTION('',(-1.,0.,0.));
#5781=DIRECTION('',(0.,0.,1.));
#5782=DIRECTION('',(0.,0.,-1.));
#5783=DIRECTION('',(-1.,0.,0.));
#5784=DIRECTION('',(0.,0.,1.));
#5785=DIRECTION('',(-1.,0.,0.));
#5786=DIRECTION('',(0.,0.,1.));
#5787=DIRECTION('',(0.,0.,-1.));
#5788=DIRECTION('',(-1.,0.,0.));
#5789=DIRECTION('',(0.,0.,1.));
#5790=DIRECTION('',(-1.,0.,0.));
#5791=DIRECTION('',(0.,0.,1.));
#5792=DIRECTION('',(0.,0.,-1.));
#5793=DIRECTION('',(0.,1.,0.));
#5794=DIRECTION('',(-1.,0.,0.));
#5795=DIRECTION('',(0.,0.,1.));
#5796=DIRECTION('',(0.,0.,1.));
#5797=DIRECTION('',(0.,1.,0.));
#5798=DIRECTION('',(0.,0.,1.));
#5799=DIRECTION('',(0.,1.,0.));
#5800=DIRECTION('',(0.,0.,1.));
#5801=DIRECTION('',(-1.,0.,0.));
#5802=DIRECTION('',(0.,0.,1.));
#5803=DIRECTION('',(-1.,0.,0.));
#5804=DIRECTION('',(0.,0.,1.));
#5805=DIRECTION('',(0.,0.,-1.));
#5806=DIRECTION('',(-1.,0.,0.));
#5807=DIRECTION('',(0.,0.,1.));
#5808=DIRECTION('',(-1.,0.,0.));
#5809=DIRECTION('',(0.,0.,1.));
#5810=DIRECTION('',(0.,0.,-1.));
#5811=DIRECTION('',(-1.,0.,0.));
#5812=DIRECTION('',(0.,0.,-1.));
#5813=DIRECTION('',(0.,-1.,0.));
#5814=DIRECTION('',(0.,0.,-1.));
#5815=DIRECTION('',(0.,1.,0.));
#5816=DIRECTION('',(1.,0.,0.));
#5817=DIRECTION('',(0.,0.,-1.));
#5818=DIRECTION('',(0.,1.,0.));
#5819=DIRECTION('',(1.,0.,0.));
#5820=DIRECTION('',(0.,0.,1.));
#5821=DIRECTION('',(0.,1.,0.));
#5822=DIRECTION('',(1.,0.,0.));
#5823=DIRECTION('',(0.,1.,0.));
#5824=DIRECTION('',(1.,0.,0.));
#5825=DIRECTION('',(0.,0.,-1.));
#5826=DIRECTION('',(0.,1.,0.));
#5827=DIRECTION('',(1.,0.,0.));
#5828=DIRECTION('',(0.,1.,0.));
#5829=DIRECTION('',(1.,0.,0.));
#5830=DIRECTION('',(0.,0.,-1.));
#5831=DIRECTION('',(0.,1.,0.));
#5832=DIRECTION('',(1.,0.,0.));
#5833=DIRECTION('',(0.,1.,0.));
#5834=DIRECTION('',(1.,0.,0.));
#5835=DIRECTION('',(0.,0.,1.));
#5836=DIRECTION('',(0.,0.,-1.));
#5837=DIRECTION('',(-1.,0.,0.));
#5838=DIRECTION('',(0.,0.,-1.));
#5839=DIRECTION('',(1.,0.,0.));
#5840=DIRECTION('',(0.,0.,-1.));
#5841=DIRECTION('',(0.,-1.,0.));
#5842=DIRECTION('',(1.,0.,0.));
#5843=DIRECTION('',(0.,0.,-1.));
#5844=DIRECTION('',(0.,0.,-1.));
#5845=DIRECTION('',(0.,-1.,0.));
#5846=DIRECTION('',(0.,0.,-1.));
#5847=DIRECTION('',(0.,-1.,0.));
#5848=DIRECTION('',(1.,0.,0.));
#5849=DIRECTION('',(0.,0.,-1.));
#5850=DIRECTION('',(1.,0.,0.));
#5851=DIRECTION('',(0.,0.,-1.));
#5852=DIRECTION('',(1.,0.,0.));
#5853=DIRECTION('',(0.,0.,-1.));
#5854=DIRECTION('',(1.,0.,0.));
#5855=DIRECTION('',(0.,0.,-1.));
#5856=DIRECTION('',(0.,0.,-1.));
#5857=DIRECTION('',(0.,-1.,0.));
#5858=DIRECTION('',(0.,0.,1.));
#5859=DIRECTION('',(0.,-1.,0.));
#5860=DIRECTION('',(0.,0.,1.));
#5861=DIRECTION('',(1.,0.,0.));
#5862=DIRECTION('',(0.,0.,-1.));
#5863=DIRECTION('',(0.,0.,-1.));
#5864=DIRECTION('',(0.,0.,1.));
#5865=DIRECTION('',(1.,0.,0.));
#5866=DIRECTION('',(0.,0.,-1.));
#5867=DIRECTION('',(1.,0.,0.));
#5868=DIRECTION('',(0.,0.,-1.));
#5869=DIRECTION('',(0.,0.,1.));
#5870=DIRECTION('',(1.,0.,0.));
#5871=DIRECTION('',(0.,0.,-1.));
#5872=DIRECTION('',(1.,0.,0.));
#5873=DIRECTION('',(0.,0.,-1.));
#5874=DIRECTION('',(0.,0.,1.));
#5875=DIRECTION('',(0.,0.,-1.));
#5876=DIRECTION('',(-1.,0.,0.));
#5877=DIRECTION('',(0.,0.,-1.));
#5878=DIRECTION('',(-1.,0.,0.));
#5879=DIRECTION('',(0.,0.,1.));
#5880=DIRECTION('',(1.,0.,0.));
#5881=DIRECTION('',(-1.,0.,0.));
#5882=DIRECTION('',(0.,0.,1.));
#5883=DIRECTION('',(1.,0.,0.));
#5884=DIRECTION('',(-1.,0.,0.));
#5885=DIRECTION('',(0.,-1.,0.));
#5886=DIRECTION('',(0.,0.,-1.));
#5887=DIRECTION('',(0.,-1.,0.));
#5888=DIRECTION('',(0.,-1.,0.));
#5889=DIRECTION('',(0.,0.,-1.));
#5890=DIRECTION('',(0.,-1.,0.));
#5891=DIRECTION('',(-1.,0.,0.));
#5892=DIRECTION('',(0.,0.,1.));
#5893=DIRECTION('',(0.,-1.,0.));
#5894=DIRECTION('',(0.,0.,-1.));
#5895=DIRECTION('',(0.,-1.,0.));
#5896=DIRECTION('',(1.,0.,0.));
#5897=DIRECTION('',(0.,0.,-1.));
#5898=DIRECTION('',(0.,-1.,0.));
#5899=DIRECTION('',(0.,-1.,0.));
#5900=DIRECTION('',(0.,0.,-1.));
#5901=DIRECTION('',(0.,-1.,0.));
#5902=DIRECTION('',(0.,0.,-1.));
#5903=DIRECTION('',(0.,-1.,0.));
#5904=DIRECTION('',(0.,-1.,0.));
#5905=DIRECTION('',(0.,0.,-1.));
#5906=DIRECTION('',(0.,-1.,0.));
#5907=DIRECTION('',(1.,0.,0.));
#5908=DIRECTION('',(0.,0.,-1.));
#5909=DIRECTION('',(0.,-1.,0.));
#5910=DIRECTION('',(0.,0.,-1.));
#5911=DIRECTION('',(0.,-1.,0.));
#5912=DIRECTION('',(-1.,0.,0.));
#5913=DIRECTION('',(0.,0.,1.));
#5914=DIRECTION('',(0.,-1.,0.));
#5915=DIRECTION('',(0.,-1.,0.));
#5916=DIRECTION('',(0.,0.,-1.));
#5917=DIRECTION('',(0.,0.,-1.));
#5918=DIRECTION('',(-1.,0.,0.));
#5919=DIRECTION('',(0.,-1.,0.));
#5920=DIRECTION('',(-1.,0.,0.));
#5921=DIRECTION('',(0.,0.,1.));
#5922=DIRECTION('',(1.,0.,0.));
#5923=DIRECTION('',(0.,-1.,0.));
#5924=DIRECTION('',(-1.,0.,0.));
#5925=DIRECTION('',(0.,-1.,0.));
#5926=DIRECTION('',(0.,0.,-1.));
#5927=DIRECTION('',(0.,-1.,0.));
#5928=DIRECTION('',(0.,0.,-1.));
#5929=DIRECTION('',(0.,-1.,0.));
#5930=DIRECTION('',(0.,0.,-1.));
#5931=DIRECTION('',(0.,-1.,0.));
#5932=DIRECTION('',(0.,-1.,0.));
#5933=DIRECTION('',(0.,0.,-1.));
#5934=DIRECTION('',(0.,-1.,0.));
#5935=DIRECTION('',(0.,0.,-1.));
#5936=DIRECTION('',(-1.,0.,0.));
#5937=DIRECTION('',(-1.,0.,0.));
#5938=DIRECTION('',(0.,0.,1.));
#5939=DIRECTION('',(1.,0.,0.));
#5940=DIRECTION('',(-1.,0.,0.));
#5941=DIRECTION('',(-1.,0.,0.));
#5942=DIRECTION('',(0.,0.,1.));
#5943=DIRECTION('',(-1.,0.,0.));
#5944=DIRECTION('',(-1.,0.,0.));
#5945=DIRECTION('',(0.,0.,1.));
#5946=DIRECTION('',(-1.,0.,0.));
#5947=DIRECTION('',(0.,0.,1.));
#5948=DIRECTION('',(-1.,0.,0.));
#5949=DIRECTION('',(-1.,0.,0.));
#5950=DIRECTION('',(0.,0.,1.));
#5951=DIRECTION('',(-1.,0.,0.));
#5952=DIRECTION('',(0.,-1.,0.));
#5953=DIRECTION('',(0.,0.,-1.));
#5954=DIRECTION('',(1.,0.,0.));
#5955=DIRECTION('',(-1.,0.,0.));
#5956=DIRECTION('',(-1.,0.,0.));
#5957=DIRECTION('',(0.,0.,1.));
#5958=DIRECTION('',(-1.,0.,0.));
#5959=DIRECTION('',(-1.,0.,0.));
#5960=DIRECTION('',(0.,0.,1.));
#5961=DIRECTION('',(1.,0.,0.));
#5962=DIRECTION('',(0.,0.,-1.));
#5963=DIRECTION('',(-1.,0.,0.));
#5964=DIRECTION('',(0.,0.,1.));
#5965=DIRECTION('',(-1.,0.,0.));
#5966=DIRECTION('',(-1.,0.,0.));
#5967=DIRECTION('',(-1.,0.,0.));
#5968=DIRECTION('',(0.,0.,1.));
#5969=DIRECTION('',(-1.,0.,0.));
#5970=DIRECTION('',(0.,1.,0.));
#5971=DIRECTION('',(0.,0.,1.));
#5972=DIRECTION('',(-1.,0.,0.));
#5973=DIRECTION('',(-1.,0.,0.));
#5974=DIRECTION('',(0.,0.,1.));
#5975=DIRECTION('',(-1.,0.,0.));
#5976=DIRECTION('',(-1.,0.,0.));
#5977=DIRECTION('',(0.,0.,1.));
#5978=DIRECTION('',(-1.,0.,0.));
#5979=DIRECTION('',(0.,1.,0.));
#5980=DIRECTION('',(0.,0.,1.));
#5981=DIRECTION('',(0.,1.,0.));
#5982=DIRECTION('',(0.,0.,1.));
#5983=DIRECTION('',(-1.,0.,0.));
#5984=DIRECTION('',(0.,0.,1.));
#5985=DIRECTION('',(-1.,0.,0.));
#5986=DIRECTION('',(-1.,0.,0.));
#5987=DIRECTION('',(0.,0.,1.));
#5988=DIRECTION('',(-1.,0.,0.));
#5989=DIRECTION('',(0.,0.,1.));
#5990=DIRECTION('',(-1.,0.,0.));
#5991=DIRECTION('',(-1.,0.,0.));
#5992=DIRECTION('',(0.,0.,1.));
#5993=DIRECTION('',(-1.,0.,0.));
#5994=DIRECTION('',(0.,-1.,0.));
#5995=DIRECTION('',(0.,0.,-1.));
#5996=DIRECTION('',(1.,0.,0.));
#5997=DIRECTION('',(-1.,0.,0.));
#5998=DIRECTION('',(-1.,0.,0.));
#5999=DIRECTION('',(0.,0.,1.));
#6000=DIRECTION('',(-1.,0.,0.));
#6001=DIRECTION('',(-1.,0.,0.));
#6002=DIRECTION('',(0.,0.,1.));
#6003=DIRECTION('',(1.,0.,0.));
#6004=DIRECTION('',(0.,0.,-1.));
#6005=DIRECTION('',(-1.,0.,0.));
#6006=DIRECTION('',(0.,0.,1.));
#6007=DIRECTION('',(-1.,0.,0.));
#6008=DIRECTION('',(-1.,0.,0.));
#6009=DIRECTION('',(-1.,0.,0.));
#6010=DIRECTION('',(0.,0.,1.));
#6011=DIRECTION('',(-1.,0.,0.));
#6012=DIRECTION('',(0.,1.,0.));
#6013=DIRECTION('',(0.,0.,1.));
#6014=DIRECTION('',(-1.,0.,0.));
#6015=DIRECTION('',(-1.,0.,0.));
#6016=DIRECTION('',(0.,0.,1.));
#6017=DIRECTION('',(-1.,0.,0.));
#6018=DIRECTION('',(-1.,0.,0.));
#6019=DIRECTION('',(0.,0.,1.));
#6020=DIRECTION('',(-1.,0.,0.));
#6021=DIRECTION('',(0.,1.,0.));
#6022=DIRECTION('',(0.,0.,1.));
#6023=DIRECTION('',(0.,1.,0.));
#6024=DIRECTION('',(0.,0.,1.));
#6025=DIRECTION('',(-1.,0.,0.));
#6026=DIRECTION('',(0.,0.,1.));
#6027=DIRECTION('',(0.,0.,-1.));
#6028=DIRECTION('',(0.,-1.,0.));
#6029=DIRECTION('',(0.,0.,-1.));
#6030=DIRECTION('',(0.,1.,0.));
#6031=DIRECTION('',(1.,0.,0.));
#6032=DIRECTION('',(0.,0.,-1.));
#6033=DIRECTION('',(0.,1.,0.));
#6034=DIRECTION('',(0.,0.,-1.));
#6035=DIRECTION('',(1.,0.,0.));
#6036=DIRECTION('',(0.,0.,-1.));
#6037=DIRECTION('',(0.,-1.,0.));
#6038=DIRECTION('',(0.,0.,1.));
#6039=DIRECTION('',(0.,1.,0.));
#6040=DIRECTION('',(0.,0.,-1.));
#6041=DIRECTION('',(0.,1.,0.));
#6042=DIRECTION('',(0.,0.,1.));
#6043=DIRECTION('',(0.,0.,-1.));
#6044=DIRECTION('',(1.,0.,0.));
#6045=DIRECTION('',(1.,0.,0.));
#6046=DIRECTION('',(0.,0.,-1.));
#6047=DIRECTION('',(0.,-1.,0.));
#6048=DIRECTION('',(-1.,0.,0.));
#6049=DIRECTION('',(0.,0.,1.));
#6050=DIRECTION('',(0.,0.,-1.));
#6051=DIRECTION('',(0.,1.,0.));
#6052=DIRECTION('',(0.,1.,0.));
#6053=DIRECTION('',(0.,0.,1.));
#6054=DIRECTION('',(0.,0.,-1.));
#6055=DIRECTION('',(1.,0.,0.));
#6056=DIRECTION('',(-1.,0.,0.));
#6057=DIRECTION('',(0.,0.,1.));
#6058=DIRECTION('',(0.,1.,0.));
#6059=DIRECTION('',(0.,0.,1.));
#6060=DIRECTION('',(1.,0.,0.));
#6061=DIRECTION('',(0.,-1.,0.));
#6062=DIRECTION('',(-1.,0.,0.));
#6063=DIRECTION('',(0.,-1.,0.));
#6064=DIRECTION('',(0.,-1.,0.));
#6065=DIRECTION('',(1.,0.,0.));
#6066=DIRECTION('',(1.,0.,0.));
#6067=DIRECTION('',(0.,-1.,0.));
#6068=DIRECTION('',(0.,1.,0.));
#6069=DIRECTION('',(0.,0.,1.));
#6070=DIRECTION('',(0.,1.,0.));
#6071=DIRECTION('',(0.,0.,1.));
#6072=DIRECTION('',(0.,1.,0.));
#6073=DIRECTION('',(0.,0.,1.));
#6074=DIRECTION('',(0.,1.,0.));
#6075=DIRECTION('',(0.,0.,1.));
#6076=DIRECTION('',(0.,1.,0.));
#6077=DIRECTION('',(0.,0.,1.));
#6078=DIRECTION('',(0.,1.,0.));
#6079=DIRECTION('',(0.,0.,1.));
#6080=DIRECTION('',(0.,1.,0.));
#6081=DIRECTION('',(0.,0.,1.));
#6082=DIRECTION('',(0.,1.,0.));
#6083=DIRECTION('',(0.,0.,1.));
#6084=DIRECTION('',(0.,1.,0.));
#6085=DIRECTION('',(0.,0.,1.));
#6086=DIRECTION('',(0.,1.,0.));
#6087=DIRECTION('',(0.,0.,1.));
#6088=DIRECTION('',(0.879706513576127,-0.475517034365475,0.));
#6089=DIRECTION('',(0.475517034365475,0.879706513576127,0.));
#6090=DIRECTION('',(-0.475517034365475,-0.879706513576127,0.));
#6091=DIRECTION('',(-0.475517034365475,-0.879706513576127,0.));
#6092=DIRECTION('',(0.,0.,-1.));
#6093=DIRECTION('',(0.,1.,0.));
#6094=DIRECTION('',(0.,0.,1.));
#6095=DIRECTION('',(1.,0.,0.));
#6096=DIRECTION('',(0.,0.,1.));
#6097=DIRECTION('',(1.,0.,0.));
#6098=DIRECTION('',(0.,0.,1.));
#6099=DIRECTION('',(1.,0.,0.));
#6100=DIRECTION('',(-1.,0.,0.));
#6101=DIRECTION('',(0.,-1.,0.));
#6102=DIRECTION('',(0.,1.,0.));
#6103=DIRECTION('',(0.,0.,1.));
#6104=DIRECTION('',(1.,0.,0.));
#6105=DIRECTION('',(-0.879706513576127,-0.475517034365475,0.));
#6106=DIRECTION('',(0.475517034365475,-0.879706513576127,0.));
#6107=DIRECTION('',(-0.475517034365475,0.879706513576127,0.));
#6108=DIRECTION('',(0.,0.,-1.));
#6109=DIRECTION('',(-0.475517034365475,0.879706513576127,0.));
#6110=DIRECTION('',(0.,0.,1.));
#6111=DIRECTION('',(1.,0.,0.));
#6112=DIRECTION('',(0.,0.,1.));
#6113=DIRECTION('',(1.,0.,0.));
#6114=DIRECTION('',(0.,-1.,0.));
#6115=DIRECTION('',(-1.,0.,0.));
#6116=DIRECTION('',(-0.879706513576127,0.475517034365475,0.));
#6117=DIRECTION('',(-0.475517034365475,-0.879706513576127,0.));
#6118=DIRECTION('',(-0.475517034365475,-0.879706513576127,0.));
#6119=DIRECTION('',(0.,0.,1.));
#6120=DIRECTION('',(-0.475517034365475,-0.879706513576127,0.));
#6121=DIRECTION('',(0.,-1.,0.));
#6122=DIRECTION('',(0.,0.,-1.));
#6123=DIRECTION('',(1.,0.,0.));
#6124=DIRECTION('',(0.,0.,1.));
#6125=DIRECTION('',(1.,0.,0.));
#6126=DIRECTION('',(0.,0.,1.));
#6127=DIRECTION('',(1.,0.,0.));
#6128=DIRECTION('',(0.,-1.,0.));
#6129=DIRECTION('',(1.,0.,0.));
#6130=DIRECTION('',(0.,-1.,0.));
#6131=DIRECTION('',(0.,0.,-1.));
#6132=DIRECTION('',(1.,0.,0.));
#6133=DIRECTION('',(0.879706513576127,0.475517034365475,0.));
#6134=DIRECTION('',(-0.475517034365475,0.879706513576127,0.));
#6135=DIRECTION('',(-0.475517034365475,0.879706513576127,0.));
#6136=DIRECTION('',(-0.475517034365475,0.879706513576127,0.));
#6137=DIRECTION('',(0.,0.,1.));
#6138=DIRECTION('',(0.,0.,1.));
#6139=DIRECTION('',(1.,0.,0.));
#6140=DIRECTION('',(0.,0.,1.));
#6141=DIRECTION('',(1.,0.,0.));
#6142=DIRECTION('',(1.,0.,0.));
#6143=DIRECTION('',(0.,-1.,0.));
#6144=DIRECTION('',(0.,-1.,0.));
#6145=DIRECTION('',(0.,0.,-1.));
#6146=DIRECTION('',(0.,-1.,0.));
#6147=DIRECTION('',(0.,1.,0.));
#6148=DIRECTION('',(1.,0.,0.));
#6149=DIRECTION('',(-1.,0.,0.));
#6150=DIRECTION('',(0.,0.,1.));
#6151=DIRECTION('',(0.,0.,-1.));
#6152=DIRECTION('',(0.,1.,0.));
#6153=DIRECTION('',(0.,0.,1.));
#6154=DIRECTION('',(-1.,0.,0.));
#6155=DIRECTION('',(0.,0.,1.));
#6156=DIRECTION('',(0.,-1.,0.));
#6157=DIRECTION('',(0.,0.,-1.));
#6158=DIRECTION('',(0.,-1.,0.));
#6159=DIRECTION('',(0.,0.,-1.));
#6160=DIRECTION('',(0.,1.,0.));
#6161=DIRECTION('',(1.,0.,0.));
#6162=DIRECTION('',(0.,1.,0.));
#6163=DIRECTION('',(0.,0.,1.));
#6164=DIRECTION('',(1.,0.,0.));
#6165=DIRECTION('',(0.,0.,-1.));
#6166=DIRECTION('',(0.,-1.,0.));
#6167=DIRECTION('',(0.,0.,1.));
#6168=DIRECTION('',(0.,-1.,0.));
#6169=DIRECTION('',(0.,0.,-1.));
#6170=DIRECTION('',(0.,1.,0.));
#6171=DIRECTION('',(1.,0.,0.));
#6172=DIRECTION('',(0.,1.,0.));
#6173=DIRECTION('',(0.,0.,1.));
#6174=DIRECTION('',(0.,-1.,0.));
#6175=DIRECTION('',(0.,0.,-1.));
#6176=DIRECTION('',(0.,-1.,0.));
#6177=DIRECTION('',(0.,1.,0.));
#6178=DIRECTION('',(1.,0.,0.));
#6179=DIRECTION('',(1.,0.,0.));
#6180=DIRECTION('',(0.,0.,-1.));
#6181=DIRECTION('',(0.,0.,1.));
#6182=DIRECTION('',(0.,1.,0.));
#6183=DIRECTION('',(0.,0.,1.));
#6184=DIRECTION('',(1.,0.,0.));
#6185=DIRECTION('',(0.,0.,-1.));
#6186=DIRECTION('',(0.,0.,1.));
#6187=DIRECTION('',(0.,-1.,0.));
#6188=DIRECTION('',(-1.,0.,0.));
#6189=DIRECTION('',(0.,0.,1.));
#6190=DIRECTION('',(0.,0.,-1.));
#6191=DIRECTION('',(0.,-1.,0.));
#6192=DIRECTION('',(0.,1.,0.));
#6193=DIRECTION('',(0.,0.,1.));
#6194=DIRECTION('',(-1.,0.,0.));
#6195=DIRECTION('',(0.,0.,1.));
#6196=DIRECTION('',(1.,0.,0.));
#6197=DIRECTION('',(1.,0.,0.));
#6198=DIRECTION('',(0.,0.,-1.));
#6199=DIRECTION('',(0.,0.,1.));
#6200=DIRECTION('',(0.,-1.,0.));
#6201=DIRECTION('',(-1.,0.,0.));
#6202=DIRECTION('',(0.,0.,1.));
#6203=DIRECTION('',(0.,0.,-1.));
#6204=DIRECTION('',(0.,-1.,0.));
#6205=DIRECTION('',(0.,1.,0.));
#6206=DIRECTION('',(0.,0.,1.));
#6207=DIRECTION('',(-1.,0.,0.));
#6208=DIRECTION('',(0.,0.,1.));
#6209=DIRECTION('',(1.,0.,0.));
#6210=DIRECTION('',(1.,0.,0.));
#6211=DIRECTION('',(0.,0.,-1.));
#6212=DIRECTION('',(0.,0.,1.));
#6213=DIRECTION('',(0.,-1.,0.));
#6214=DIRECTION('',(-1.,0.,0.));
#6215=DIRECTION('',(0.,0.,1.));
#6216=DIRECTION('',(0.,0.,-1.));
#6217=DIRECTION('',(0.,-1.,0.));
#6218=DIRECTION('',(0.,1.,0.));
#6219=DIRECTION('',(0.,0.,1.));
#6220=DIRECTION('',(-1.,0.,0.));
#6221=DIRECTION('',(0.,0.,1.));
#6222=DIRECTION('',(1.,0.,0.));
#6223=DIRECTION('',(1.,0.,0.));
#6224=DIRECTION('',(0.,0.,-1.));
#6225=DIRECTION('',(0.,0.,1.));
#6226=DIRECTION('',(0.,-1.,0.));
#6227=DIRECTION('',(-1.,0.,0.));
#6228=DIRECTION('',(0.,0.,1.));
#6229=DIRECTION('',(0.,0.,-1.));
#6230=DIRECTION('',(0.,-1.,0.));
#6231=DIRECTION('',(0.,1.,0.));
#6232=DIRECTION('',(0.,0.,1.));
#6233=DIRECTION('',(-1.,0.,0.));
#6234=DIRECTION('',(0.,0.,1.));
#6235=DIRECTION('',(1.,0.,0.));
#6236=DIRECTION('',(0.,0.,1.));
#6237=DIRECTION('',(1.,0.,0.));
#6238=DIRECTION('',(0.,-1.,0.));
#6239=DIRECTION('',(-1.,0.,0.));
#6240=DIRECTION('',(0.,-1.,0.));
#6241=DIRECTION('',(1.,0.,0.));
#6242=DIRECTION('',(0.,0.,-1.));
#6243=DIRECTION('',(0.,0.,1.));
#6244=DIRECTION('',(0.,-1.,0.));
#6245=DIRECTION('',(0.,0.,-1.));
#6246=DIRECTION('',(-1.,0.,0.));
#6247=DIRECTION('',(1.,0.,0.));
#6248=DIRECTION('',(0.,-1.,0.));
#6249=DIRECTION('',(-1.,0.,0.));
#6250=DIRECTION('',(0.,0.,1.));
#6251=DIRECTION('',(0.,0.,-1.));
#6252=DIRECTION('',(0.,1.,0.));
#6253=DIRECTION('',(0.,0.,1.));
#6254=DIRECTION('',(0.,0.,1.));
#6255=DIRECTION('',(1.,0.,0.));
#6256=DIRECTION('',(0.,-1.,0.));
#6257=DIRECTION('',(-1.,0.,0.));
#6258=DIRECTION('',(0.,-1.,0.));
#6259=DIRECTION('',(1.,0.,0.));
#6260=DIRECTION('',(0.,0.,-1.));
#6261=DIRECTION('',(0.,0.,1.));
#6262=DIRECTION('',(0.,-1.,0.));
#6263=DIRECTION('',(0.,0.,-1.));
#6264=DIRECTION('',(-1.,0.,0.));
#6265=DIRECTION('',(1.,0.,0.));
#6266=DIRECTION('',(0.,-1.,0.));
#6267=DIRECTION('',(-1.,0.,0.));
#6268=DIRECTION('',(0.,0.,1.));
#6269=DIRECTION('',(0.,0.,-1.));
#6270=DIRECTION('',(0.,1.,0.));
#6271=DIRECTION('',(0.,0.,1.));
#6272=DIRECTION('',(0.,0.,1.));
#6273=DIRECTION('',(1.,0.,0.));
#6274=DIRECTION('',(0.,-1.,0.));
#6275=DIRECTION('',(-1.,0.,0.));
#6276=DIRECTION('',(0.,-1.,0.));
#6277=DIRECTION('',(1.,0.,0.));
#6278=DIRECTION('',(0.,0.,-1.));
#6279=DIRECTION('',(0.,0.,1.));
#6280=DIRECTION('',(0.,-1.,0.));
#6281=DIRECTION('',(0.,0.,-1.));
#6282=DIRECTION('',(-1.,0.,0.));
#6283=DIRECTION('',(1.,0.,0.));
#6284=DIRECTION('',(0.,-1.,0.));
#6285=DIRECTION('',(-1.,0.,0.));
#6286=DIRECTION('',(0.,0.,1.));
#6287=DIRECTION('',(0.,0.,-1.));
#6288=DIRECTION('',(0.,1.,0.));
#6289=DIRECTION('',(0.,0.,1.));
#6290=DIRECTION('',(0.,0.,1.));
#6291=DIRECTION('',(1.,0.,0.));
#6292=DIRECTION('',(0.,-1.,0.));
#6293=DIRECTION('',(-1.,0.,0.));
#6294=DIRECTION('',(0.,-1.,0.));
#6295=DIRECTION('',(1.,0.,0.));
#6296=DIRECTION('',(0.,0.,-1.));
#6297=DIRECTION('',(0.,0.,1.));
#6298=DIRECTION('',(0.,-1.,0.));
#6299=DIRECTION('',(0.,0.,-1.));
#6300=DIRECTION('',(-1.,0.,0.));
#6301=DIRECTION('',(1.,0.,0.));
#6302=DIRECTION('',(0.,-1.,0.));
#6303=DIRECTION('',(-1.,0.,0.));
#6304=DIRECTION('',(0.,0.,1.));
#6305=DIRECTION('',(0.,0.,-1.));
#6306=DIRECTION('',(0.,1.,0.));
#6307=DIRECTION('',(0.,0.,1.));
#6308=DIRECTION('',(0.,1.,0.));
#6309=DIRECTION('',(0.,0.,1.));
#6310=DIRECTION('',(0.,0.,-1.));
#6311=DIRECTION('',(0.,0.,-1.));
#6312=DIRECTION('',(-1.,0.,0.));
#6313=DIRECTION('',(0.,0.,1.));
#6314=DIRECTION('',(1.,0.,0.));
#6315=DIRECTION('',(0.,1.,0.));
#6316=DIRECTION('',(0.,1.,0.));
#6317=DIRECTION('',(-1.,0.,0.));
#6318=DIRECTION('',(0.,-1.,0.));
#6319=DIRECTION('',(0.,0.,-1.));
#6320=DIRECTION('',(0.,0.,1.));
#6321=DIRECTION('',(0.,0.,1.));
#6322=DIRECTION('',(1.,0.,0.));
#6323=DIRECTION('',(0.,0.,-1.));
#6324=DIRECTION('',(1.,0.,0.));
#6325=DIRECTION('',(0.,0.,-1.));
#6326=DIRECTION('',(0.,0.,1.));
#6327=DIRECTION('',(1.,0.,0.));
#6328=DIRECTION('',(0.,0.,-1.));
#6329=DIRECTION('',(-1.,0.,0.));
#6330=DIRECTION('',(-1.,0.,0.));
#6331=DIRECTION('',(0.,1.,0.));
#6332=DIRECTION('',(-1.,0.,0.));
#6333=DIRECTION('',(0.,1.,0.));
#6334=DIRECTION('',(0.,1.,0.));
#6335=DIRECTION('',(0.,0.,1.));
#6336=DIRECTION('',(0.,1.,0.));
#6337=DIRECTION('',(0.,0.,1.));
#6338=DIRECTION('',(0.,1.,0.));
#6339=DIRECTION('',(0.,0.,1.));
#6340=DIRECTION('',(0.,0.,-1.));
#6341=DIRECTION('',(-1.,0.,0.));
#6342=DIRECTION('',(0.,0.,-1.));
#6343=DIRECTION('',(0.,-1.,0.));
#6344=DIRECTION('',(0.,0.,-1.));
#6345=DIRECTION('',(0.,1.,0.));
#6346=DIRECTION('',(1.,0.,0.));
#6347=DIRECTION('',(0.,0.,1.));
#6348=DIRECTION('',(-1.,0.,0.));
#6349=DIRECTION('',(0.,0.,1.));
#6350=DIRECTION('',(0.,1.,0.));
#6351=DIRECTION('',(1.,0.,0.));
#6352=DIRECTION('',(0.,0.0871557427476583,0.996194698091746));
#6353=DIRECTION('',(0.,-0.996194698091746,0.0871557427476583));
#6354=DIRECTION('',(0.,0.996194698091746,-0.0871557427476583));
#6355=DIRECTION('',(-1.,0.,0.));
#6356=DIRECTION('',(0.,0.996194698091746,-0.0871557427476583));
#6357=DIRECTION('',(-1.,0.,0.));
#6358=DIRECTION('',(0.,0.,1.));
#6359=DIRECTION('',(1.,0.,0.));
#6360=DIRECTION('',(0.,0.,-1.));
#6361=DIRECTION('',(-1.,0.,0.));
#6362=DIRECTION('',(1.,0.,0.));
#6363=DIRECTION('',(0.,0.,-1.));
#6364=DIRECTION('',(0.,1.,0.));
#6365=DIRECTION('',(0.,0.,1.));
#6366=DIRECTION('',(0.,0.,-1.));
#6367=DIRECTION('',(-1.,0.,0.));
#6368=DIRECTION('',(0.,0.,-1.));
#6369=DIRECTION('',(0.,0.,1.));
#6370=DIRECTION('',(1.,0.,0.));
#6371=DIRECTION('',(0.,1.,0.));
#6372=DIRECTION('',(0.,1.,0.));
#6373=DIRECTION('',(1.,0.,0.));
#6374=DIRECTION('',(0.,0.,-1.));
#6375=DIRECTION('',(0.,1.,0.));
#6376=DIRECTION('',(1.,0.,0.));
#6377=DIRECTION('',(0.,0.,-1.));
#6378=DIRECTION('',(0.,1.,0.));
#6379=DIRECTION('',(0.,1.,0.));
#6380=DIRECTION('',(0.,0.,1.));
#6381=DIRECTION('',(0.,1.,0.));
#6382=DIRECTION('',(0.,0.,1.));
#6383=DIRECTION('',(0.,0.,1.));
#6384=DIRECTION('',(1.,0.,0.));
#6385=CARTESIAN_POINT('',(0.,0.,0.));
#6386=CARTESIAN_POINT('',(4.65,1.2,1.3));
#6387=CARTESIAN_POINT('',(-2.15,1.2,0.75));
#6388=CARTESIAN_POINT('',(-2.15,1.2,1.25));
#6389=CARTESIAN_POINT('',(-2.15,1.2,1.3));
#6390=CARTESIAN_POINT('',(-4.6,1.2,1.25));
#6391=CARTESIAN_POINT('',(-4.1,1.2,1.25));
#6392=CARTESIAN_POINT('',(-4.1,1.2,1.15));
#6393=CARTESIAN_POINT('',(-4.2,1.2,1.15));
#6394=CARTESIAN_POINT('',(-4.2,1.2,1.25));
#6395=CARTESIAN_POINT('',(-4.2,1.2,0.58));
#6396=CARTESIAN_POINT('',(-4.3,1.2,0.579999999999999));
#6397=CARTESIAN_POINT('',(-4.3,1.2,0.48));
#6398=CARTESIAN_POINT('',(-4.6,1.2,0.48));
#6399=CARTESIAN_POINT('',(-4.65,1.2,0.48));
#6400=CARTESIAN_POINT('',(-4.65,1.2,1.3));
#6401=CARTESIAN_POINT('',(-4.65,1.2,0.5));
#6402=CARTESIAN_POINT('',(-4.35,1.2,0.5));
#6403=CARTESIAN_POINT('',(-4.35,1.2,0.499999999999999));
#6404=CARTESIAN_POINT('',(-4.35,1.2,0.599999999999999));
#6405=CARTESIAN_POINT('',(-4.25,1.2,0.6));
#6406=CARTESIAN_POINT('',(-4.25,1.2,1.3));
#6407=CARTESIAN_POINT('',(-4.25,1.2,1.3));
#6408=CARTESIAN_POINT('',(4.65,1.2,1.3));
#6409=CARTESIAN_POINT('',(-4.6,0.,1.3));
#6410=CARTESIAN_POINT('',(1.725,0.,0.677));
#6411=CARTESIAN_POINT('',(1.725,0.,0.677));
#6412=CARTESIAN_POINT('',(1.275,0.,0.677));
#6413=CARTESIAN_POINT('',(1.275,0.,0.677));
#6414=CARTESIAN_POINT('',(1.275,0.,1.075));
#6415=CARTESIAN_POINT('',(1.275,0.,1.075));
#6416=CARTESIAN_POINT('',(1.725,0.,1.075));
#6417=CARTESIAN_POINT('',(1.725,0.,1.075));
#6418=CARTESIAN_POINT('',(-1.275,0.,0.677));
#6419=CARTESIAN_POINT('',(-1.275,0.,0.677));
#6420=CARTESIAN_POINT('',(-1.725,0.,0.677));
#6421=CARTESIAN_POINT('',(-1.725,0.,0.677));
#6422=CARTESIAN_POINT('',(-1.725,0.,1.075));
#6423=CARTESIAN_POINT('',(-1.725,0.,1.075));
#6424=CARTESIAN_POINT('',(-1.275,0.,1.075));
#6425=CARTESIAN_POINT('',(-1.275,0.,1.075));
#6426=CARTESIAN_POINT('',(3.2,0.,-1.1));
#6427=CARTESIAN_POINT('',(3.2,0.,-1.3));
#6428=CARTESIAN_POINT('',(3.2,0.,-2.2));
#6429=CARTESIAN_POINT('',(-4.6,0.,-1.3));
#6430=CARTESIAN_POINT('',(4.6,0.,-1.3));
#6431=CARTESIAN_POINT('',(4.6,0.,1.3));
#6432=CARTESIAN_POINT('',(4.6,0.,1.3));
#6433=CARTESIAN_POINT('',(-4.6,0.,1.3));
#6434=CARTESIAN_POINT('',(-4.6,0.,1.3));
#6435=CARTESIAN_POINT('',(-4.6,0.,1.3));
#6436=CARTESIAN_POINT('',(-4.6,0.,-1.3));
#6437=CARTESIAN_POINT('',(-4.6,0.,-1.3));
#6438=CARTESIAN_POINT('',(-3.2,0.,-1.3));
#6439=CARTESIAN_POINT('',(-3.2,0.,-2.2));
#6440=CARTESIAN_POINT('',(-3.2,0.,-2.2));
#6441=CARTESIAN_POINT('',(-2.8,0.,-2.2));
#6442=CARTESIAN_POINT('',(-2.8,0.,-2.2));
#6443=CARTESIAN_POINT('',(-2.8,0.,-1.1));
#6444=CARTESIAN_POINT('',(-2.8,0.,-1.3));
#6445=CARTESIAN_POINT('',(-4.6,0.,-1.3));
#6446=CARTESIAN_POINT('',(-1.7,0.,-1.3));
#6447=CARTESIAN_POINT('',(-1.7,0.,-2.2));
#6448=CARTESIAN_POINT('',(-1.7,0.,-2.2));
#6449=CARTESIAN_POINT('',(-1.3,0.,-2.2));
#6450=CARTESIAN_POINT('',(-1.3,0.,-2.2));
#6451=CARTESIAN_POINT('',(-1.3,0.,-1.1));
#6452=CARTESIAN_POINT('',(-1.3,0.,-1.3));
#6453=CARTESIAN_POINT('',(-4.6,0.,-1.3));
#6454=CARTESIAN_POINT('',(1.3,0.,-1.3));
#6455=CARTESIAN_POINT('',(1.3,0.,-2.2));
#6456=CARTESIAN_POINT('',(1.3,0.,-2.2));
#6457=CARTESIAN_POINT('',(1.7,0.,-2.2));
#6458=CARTESIAN_POINT('',(1.7,0.,-2.2));
#6459=CARTESIAN_POINT('',(1.7,0.,-1.1));
#6460=CARTESIAN_POINT('',(1.7,0.,-1.3));
#6461=CARTESIAN_POINT('',(-4.6,0.,-1.3));
#6462=CARTESIAN_POINT('',(2.8,0.,-1.3));
#6463=CARTESIAN_POINT('',(2.8,0.,-2.2));
#6464=CARTESIAN_POINT('',(2.8,0.,-2.2));
#6465=CARTESIAN_POINT('',(3.2,0.,-2.2));
#6466=CARTESIAN_POINT('',(2.5,0.,0.));
#6467=CARTESIAN_POINT('',(2.5,0.,0.4));
#6468=CARTESIAN_POINT('',(-2.5,0.,0.));
#6469=CARTESIAN_POINT('',(-2.5,0.,0.4));
#6470=CARTESIAN_POINT('',(-2.775,0.,0.677));
#6471=CARTESIAN_POINT('',(-2.775,0.,0.677));
#6472=CARTESIAN_POINT('',(-3.225,0.,0.677));
#6473=CARTESIAN_POINT('',(-3.225,0.,0.677));
#6474=CARTESIAN_POINT('',(-3.225,0.,1.075));
#6475=CARTESIAN_POINT('',(-3.225,0.,1.075));
#6476=CARTESIAN_POINT('',(-2.775,0.,1.075));
#6477=CARTESIAN_POINT('',(-2.775,0.,1.075));
#6478=CARTESIAN_POINT('',(3.225,0.,0.677));
#6479=CARTESIAN_POINT('',(3.225,0.,0.677));
#6480=CARTESIAN_POINT('',(2.775,0.,0.677));
#6481=CARTESIAN_POINT('',(2.775,0.,0.677));
#6482=CARTESIAN_POINT('',(2.775,0.,1.075));
#6483=CARTESIAN_POINT('',(2.775,0.,1.075));
#6484=CARTESIAN_POINT('',(3.225,0.,1.075));
#6485=CARTESIAN_POINT('',(3.225,0.,1.075));
#6486=CARTESIAN_POINT('',(0.,0.,-1.3));
#6487=CARTESIAN_POINT('',(2.8,0.,-1.3));
#6488=CARTESIAN_POINT('',(2.8,0.2,-1.3));
#6489=CARTESIAN_POINT('',(1.7,0.,-1.3));
#6490=CARTESIAN_POINT('',(1.7,0.2,-1.3));
#6491=CARTESIAN_POINT('',(0.,0.2,-1.3));
#6492=CARTESIAN_POINT('',(1.3,0.2,-1.3));
#6493=CARTESIAN_POINT('',(1.3,0.,-1.3));
#6494=CARTESIAN_POINT('',(-1.3,0.,-1.3));
#6495=CARTESIAN_POINT('',(-1.3,0.2,-1.3));
#6496=CARTESIAN_POINT('',(0.,0.2,-1.3));
#6497=CARTESIAN_POINT('',(-1.7,0.2,-1.3));
#6498=CARTESIAN_POINT('',(-1.7,0.,-1.3));
#6499=CARTESIAN_POINT('',(-2.8,0.,-1.3));
#6500=CARTESIAN_POINT('',(-2.8,0.2,-1.3));
#6501=CARTESIAN_POINT('',(0.,0.2,-1.3));
#6502=CARTESIAN_POINT('',(-3.2,0.2,-1.3));
#6503=CARTESIAN_POINT('',(-3.2,0.,-1.3));
#6504=CARTESIAN_POINT('',(-4.6,0.8,-1.3));
#6505=CARTESIAN_POINT('',(-4.6,0.8,-1.3));
#6506=CARTESIAN_POINT('',(-4.65,0.8,-1.3));
#6507=CARTESIAN_POINT('',(-4.65,0.8,-1.3));
#6508=CARTESIAN_POINT('',(-4.65,1.2,-1.3));
#6509=CARTESIAN_POINT('',(-4.65,1.4,-1.3));
#6510=CARTESIAN_POINT('',(-4.25,1.4,-1.3));
#6511=CARTESIAN_POINT('',(-4.25,1.4,-1.3));
#6512=CARTESIAN_POINT('',(-4.25,1.4,-1.3));
#6513=CARTESIAN_POINT('',(-4.25,1.2,-1.3));
#6514=CARTESIAN_POINT('',(4.65,1.2,-1.3));
#6515=CARTESIAN_POINT('',(4.25,1.2,-1.3));
#6516=CARTESIAN_POINT('',(4.25,1.4,-1.3));
#6517=CARTESIAN_POINT('',(4.25,1.4,-1.3));
#6518=CARTESIAN_POINT('',(4.65,1.4,-1.3));
#6519=CARTESIAN_POINT('',(4.65,1.4,-1.3));
#6520=CARTESIAN_POINT('',(4.65,0.8,-1.3));
#6521=CARTESIAN_POINT('',(4.65,0.8,-1.3));
#6522=CARTESIAN_POINT('',(4.6,0.8,-1.3));
#6523=CARTESIAN_POINT('',(4.6,0.8,-1.3));
#6524=CARTESIAN_POINT('',(4.6,0.,-1.3));
#6525=CARTESIAN_POINT('',(3.2,0.,-1.3));
#6526=CARTESIAN_POINT('',(3.2,0.2,-1.3));
#6527=CARTESIAN_POINT('',(0.,0.2,-1.3));
#6528=CARTESIAN_POINT('',(4.65,1.2,1.3));
#6529=CARTESIAN_POINT('',(-4.6,1.2,1.25));
#6530=CARTESIAN_POINT('',(2.15,1.2,1.25));
#6531=CARTESIAN_POINT('',(4.1,1.2,1.25));
#6532=CARTESIAN_POINT('',(2.15,1.2,0.75));
#6533=CARTESIAN_POINT('',(2.15,1.2,1.3));
#6534=CARTESIAN_POINT('',(4.65,1.2,1.3));
#6535=CARTESIAN_POINT('',(4.25,1.2,1.3));
#6536=CARTESIAN_POINT('',(4.25,1.2,0.6));
#6537=CARTESIAN_POINT('',(4.25,1.2,0.6));
#6538=CARTESIAN_POINT('',(4.35,1.2,0.599999999999999));
#6539=CARTESIAN_POINT('',(4.35,1.2,0.5));
#6540=CARTESIAN_POINT('',(4.65,1.2,0.5));
#6541=CARTESIAN_POINT('',(4.65,1.2,0.5));
#6542=CARTESIAN_POINT('',(4.65,1.2,1.3));
#6543=CARTESIAN_POINT('',(4.65,1.2,0.48));
#6544=CARTESIAN_POINT('',(-4.6,1.2,0.48));
#6545=CARTESIAN_POINT('',(4.3,1.2,0.48));
#6546=CARTESIAN_POINT('',(4.3,1.2,0.579999999999999));
#6547=CARTESIAN_POINT('',(4.2,1.2,0.58));
#6548=CARTESIAN_POINT('',(4.2,1.2,1.25));
#6549=CARTESIAN_POINT('',(4.2,1.2,1.15));
#6550=CARTESIAN_POINT('',(4.1,1.2,1.15));
#6551=CARTESIAN_POINT('',(4.65,1.2,1.3));
#6552=CARTESIAN_POINT('',(4.25,1.2,-1.3));
#6553=CARTESIAN_POINT('',(4.25,1.2,-0.6));
#6554=CARTESIAN_POINT('',(-4.25,1.2,-0.6));
#6555=CARTESIAN_POINT('',(-4.25,1.2,-0.6));
#6556=CARTESIAN_POINT('',(-4.35,1.2,-0.599999999999999));
#6557=CARTESIAN_POINT('',(-4.35,1.2,-0.5));
#6558=CARTESIAN_POINT('',(-4.65,1.2,-0.5));
#6559=CARTESIAN_POINT('',(-4.65,1.2,-0.5));
#6560=CARTESIAN_POINT('',(-4.65,1.2,1.3));
#6561=CARTESIAN_POINT('',(-4.65,1.2,-0.48));
#6562=CARTESIAN_POINT('',(-4.6,1.2,-0.48));
#6563=CARTESIAN_POINT('',(-4.3,1.2,-0.48));
#6564=CARTESIAN_POINT('',(-4.3,1.2,-0.579999999999999));
#6565=CARTESIAN_POINT('',(-4.2,1.2,-0.58));
#6566=CARTESIAN_POINT('',(-4.2,1.2,1.25));
#6567=CARTESIAN_POINT('',(-4.2,1.2,-1.15));
#6568=CARTESIAN_POINT('',(-4.1,1.2,-1.15));
#6569=CARTESIAN_POINT('',(-4.1,1.2,-1.25));
#6570=CARTESIAN_POINT('',(-4.6,1.2,-1.25));
#6571=CARTESIAN_POINT('',(4.1,1.2,-1.25));
#6572=CARTESIAN_POINT('',(4.1,1.2,-1.15));
#6573=CARTESIAN_POINT('',(4.2,1.2,-1.15));
#6574=CARTESIAN_POINT('',(4.2,1.2,1.25));
#6575=CARTESIAN_POINT('',(4.2,1.2,-0.58));
#6576=CARTESIAN_POINT('',(4.3,1.2,-0.579999999999999));
#6577=CARTESIAN_POINT('',(4.3,1.2,-0.48));
#6578=CARTESIAN_POINT('',(-4.6,1.2,-0.48));
#6579=CARTESIAN_POINT('',(4.65,1.2,-0.48));
#6580=CARTESIAN_POINT('',(4.65,1.2,1.3));
#6581=CARTESIAN_POINT('',(4.65,1.2,-0.5));
#6582=CARTESIAN_POINT('',(4.35,1.2,-0.5));
#6583=CARTESIAN_POINT('',(4.35,1.2,-0.499999999999999));
#6584=CARTESIAN_POINT('',(4.35,1.2,-0.599999999999999));
#6585=CARTESIAN_POINT('',(4.65,0.8,1.3));
#6586=CARTESIAN_POINT('',(4.65,0.8,-1.2));
#6587=CARTESIAN_POINT('',(4.65,0.8,-1.2));
#6588=CARTESIAN_POINT('',(4.65,1.4,-1.2));
#6589=CARTESIAN_POINT('',(4.65,0.8,1.3));
#6590=CARTESIAN_POINT('',(4.65,1.4,-0.5));
#6591=CARTESIAN_POINT('',(-4.65,1.2,1.3));
#6592=CARTESIAN_POINT('',(-4.65,0.8,1.3));
#6593=CARTESIAN_POINT('',(-4.65,0.8,-1.2));
#6594=CARTESIAN_POINT('',(-4.65,0.6,-1.2));
#6595=CARTESIAN_POINT('',(-4.65,1.4,-1.2));
#6596=CARTESIAN_POINT('',(-4.65,1.4,-1.3));
#6597=CARTESIAN_POINT('',(5.05,0.6,0.48));
#6598=CARTESIAN_POINT('',(4.65,0.6,0.5));
#6599=CARTESIAN_POINT('',(4.65,0.6,0.5));
#6600=CARTESIAN_POINT('',(4.85,0.6,0.5));
#6601=CARTESIAN_POINT('',(4.85,0.6,1.25));
#6602=CARTESIAN_POINT('',(4.85,0.6,0.48));
#6603=CARTESIAN_POINT('',(5.05,0.6,0.48));
#6604=CARTESIAN_POINT('',(4.65,0.6,0.48));
#6605=CARTESIAN_POINT('',(4.65,0.6,0.48));
#6606=CARTESIAN_POINT('',(4.65,0.8,1.3));
#6607=CARTESIAN_POINT('',(4.65,1.4,0.5));
#6608=CARTESIAN_POINT('',(4.65,0.8,0.5));
#6609=CARTESIAN_POINT('',(4.65,0.8,1.3));
#6610=CARTESIAN_POINT('',(4.65,0.8,0.448125003863318));
#6611=CARTESIAN_POINT('',(4.65,0.873205080756884,0.379999999999992));
#6612=CARTESIAN_POINT('',(4.65,0.873205120449757,0.479999999999984));
#6613=CARTESIAN_POINT('',(4.65,1.403,0.479999789709195));
#6614=CARTESIAN_POINT('',(-4.65,0.6,0.48));
#6615=CARTESIAN_POINT('',(-4.85,0.6,0.5));
#6616=CARTESIAN_POINT('',(-4.85,0.6,0.5));
#6617=CARTESIAN_POINT('',(-4.65,0.6,0.5));
#6618=CARTESIAN_POINT('',(-4.65,0.6,0.48));
#6619=CARTESIAN_POINT('',(-4.65,0.6,0.48));
#6620=CARTESIAN_POINT('',(-4.65,0.6,0.48));
#6621=CARTESIAN_POINT('',(-4.85,0.6,0.48));
#6622=CARTESIAN_POINT('',(-4.85,0.6,1.25));
#6623=CARTESIAN_POINT('',(-4.65,1.2,1.3));
#6624=CARTESIAN_POINT('',(-4.65,0.6,0.5));
#6625=CARTESIAN_POINT('',(-4.65,0.8,0.5));
#6626=CARTESIAN_POINT('',(-4.65,1.403,0.479999789709195));
#6627=CARTESIAN_POINT('',(-4.65,0.873205120449757,0.479999999999984));
#6628=CARTESIAN_POINT('',(-4.65,0.873205080756884,0.379999999999992));
#6629=CARTESIAN_POINT('',(-4.65,0.8,0.448125003863318));
#6630=CARTESIAN_POINT('',(-4.65,0.8,1.3));
#6631=CARTESIAN_POINT('',(-4.65,0.25,1.25));
#6632=CARTESIAN_POINT('',(-4.65,0.8,1.3));
#6633=CARTESIAN_POINT('',(-4.65,0.8,-0.448125003863318));
#6634=CARTESIAN_POINT('',(-4.65,0.873205080756884,0.379999999999992));
#6635=CARTESIAN_POINT('',(-4.65,0.786602540378444,0.43));
#6636=CARTESIAN_POINT('',(-4.65,0.7,0.48));
#6637=CARTESIAN_POINT('',(-4.65,0.6,0.5));
#6638=CARTESIAN_POINT('',(-4.65,0.8,1.3));
#6639=CARTESIAN_POINT('',(-4.65,0.8,1.2));
#6640=CARTESIAN_POINT('',(-4.65,0.6,1.2));
#6641=CARTESIAN_POINT('',(-4.65,0.6,1.2));
#6642=CARTESIAN_POINT('',(-4.65,0.6,1.2));
#6643=CARTESIAN_POINT('',(-4.65,0.6,1.15));
#6644=CARTESIAN_POINT('',(-4.65,0.5,1.15));
#6645=CARTESIAN_POINT('',(-4.65,0.5,1.25));
#6646=CARTESIAN_POINT('',(-4.65,0.25,1.25));
#6647=CARTESIAN_POINT('',(-4.65,0.25,1.25));
#6648=CARTESIAN_POINT('',(-4.65,0.25,1.25));
#6649=CARTESIAN_POINT('',(-4.65,0.25,0.85));
#6650=CARTESIAN_POINT('',(-4.65,0.25,0.85));
#6651=CARTESIAN_POINT('',(-4.65,0.25,0.600102995364075));
#6652=CARTESIAN_POINT('',(-4.65,0.25,1.25));
#6653=CARTESIAN_POINT('',(-4.65,0.25,-0.600102995364075));
#6654=CARTESIAN_POINT('',(-4.65,0.25,-0.600102995364075));
#6655=CARTESIAN_POINT('',(-4.65,0.25,-0.85));
#6656=CARTESIAN_POINT('',(-4.65,0.25,1.25));
#6657=CARTESIAN_POINT('',(-4.65,0.25,-1.25));
#6658=CARTESIAN_POINT('',(-4.65,0.25,-1.25));
#6659=CARTESIAN_POINT('',(-4.65,0.5,-1.25));
#6660=CARTESIAN_POINT('',(-4.65,0.5,-1.15));
#6661=CARTESIAN_POINT('',(-4.65,0.6,-1.15));
#6662=CARTESIAN_POINT('',(-4.65,0.6,-1.2));
#6663=CARTESIAN_POINT('',(-4.65,0.6,-1.2));
#6664=CARTESIAN_POINT('',(-4.65,0.6,-1.2));
#6665=CARTESIAN_POINT('',(-4.65,0.8,1.3));
#6666=CARTESIAN_POINT('',(-4.65,0.8,-0.5));
#6667=CARTESIAN_POINT('',(-4.65,0.6,-0.5));
#6668=CARTESIAN_POINT('',(-4.65,0.6,-0.5));
#6669=CARTESIAN_POINT('',(-4.65,0.6,-1.15));
#6670=CARTESIAN_POINT('',(-4.65,0.6,-0.48));
#6671=CARTESIAN_POINT('',(-4.65,0.7,-0.48));
#6672=CARTESIAN_POINT('',(-4.65,0.786602540378444,-0.43));
#6673=CARTESIAN_POINT('',(-4.65,0.873205080756884,-0.379999999999991));
#6674=CARTESIAN_POINT('',(4.65,1.15,1.25));
#6675=CARTESIAN_POINT('',(4.65,0.8,1.3));
#6676=CARTESIAN_POINT('',(4.65,0.8,-0.448125003863318));
#6677=CARTESIAN_POINT('',(4.65,0.873205080756884,-0.379999999999991));
#6678=CARTESIAN_POINT('',(4.65,0.786602540378444,-0.43));
#6679=CARTESIAN_POINT('',(4.65,0.7,-0.48));
#6680=CARTESIAN_POINT('',(4.65,0.6,-0.48));
#6681=CARTESIAN_POINT('',(4.65,0.6,-1.15));
#6682=CARTESIAN_POINT('',(4.65,0.6,-0.5));
#6683=CARTESIAN_POINT('',(4.65,1.4,-0.5));
#6684=CARTESIAN_POINT('',(4.65,0.8,-0.5));
#6685=CARTESIAN_POINT('',(4.65,0.8,1.3));
#6686=CARTESIAN_POINT('',(4.65,1.4,-1.2));
#6687=CARTESIAN_POINT('',(4.65,0.6,-1.2));
#6688=CARTESIAN_POINT('',(4.65,0.6,-1.2));
#6689=CARTESIAN_POINT('',(4.65,0.6,-1.15));
#6690=CARTESIAN_POINT('',(4.65,0.5,-1.15));
#6691=CARTESIAN_POINT('',(4.65,0.5,-1.25));
#6692=CARTESIAN_POINT('',(4.65,1.15,-1.25));
#6693=CARTESIAN_POINT('',(4.65,0.25,-1.25));
#6694=CARTESIAN_POINT('',(4.65,0.25,1.25));
#6695=CARTESIAN_POINT('',(4.65,0.25,-0.85));
#6696=CARTESIAN_POINT('',(4.65,0.25,-0.600102995364075));
#6697=CARTESIAN_POINT('',(4.65,0.25,-0.600102995364075));
#6698=CARTESIAN_POINT('',(4.65,0.25,1.25));
#6699=CARTESIAN_POINT('',(4.65,0.25,0.600102995364075));
#6700=CARTESIAN_POINT('',(4.65,0.25,0.85));
#6701=CARTESIAN_POINT('',(4.65,0.25,0.85));
#6702=CARTESIAN_POINT('',(4.65,0.25,1.25));
#6703=CARTESIAN_POINT('',(4.65,0.25,1.25));
#6704=CARTESIAN_POINT('',(4.65,1.15,1.25));
#6705=CARTESIAN_POINT('',(4.65,0.5,1.25));
#6706=CARTESIAN_POINT('',(4.65,0.5,1.15));
#6707=CARTESIAN_POINT('',(4.65,0.6,1.15));
#6708=CARTESIAN_POINT('',(4.65,0.6,1.2));
#6709=CARTESIAN_POINT('',(4.65,0.6,1.2));
#6710=CARTESIAN_POINT('',(4.65,1.4,1.2));
#6711=CARTESIAN_POINT('',(4.65,0.8,1.2));
#6712=CARTESIAN_POINT('',(4.65,0.8,1.3));
#6713=CARTESIAN_POINT('',(4.65,1.4,0.5));
#6714=CARTESIAN_POINT('',(4.65,0.7,0.48));
#6715=CARTESIAN_POINT('',(4.65,0.786602540378444,0.43));
#6716=CARTESIAN_POINT('',(4.65,0.873205080756884,0.379999999999992));
#6717=CARTESIAN_POINT('',(4.65,1.4,-0.48));
#6718=CARTESIAN_POINT('',(4.65,0.873205120449757,-0.479999999999984));
#6719=CARTESIAN_POINT('',(4.65,0.873205120449757,-0.479999999999984));
#6720=CARTESIAN_POINT('',(4.3,1.4,-0.48));
#6721=CARTESIAN_POINT('',(4.3,1.4,-0.48));
#6722=CARTESIAN_POINT('',(4.65,1.4,-0.48));
#6723=CARTESIAN_POINT('',(4.6,1.4,-0.48));
#6724=CARTESIAN_POINT('',(4.6,1.15,-0.48));
#6725=CARTESIAN_POINT('',(4.65,1.39494897427824,-0.479999792904878));
#6726=CARTESIAN_POINT('',(4.6,1.15,-0.479999890132154));
#6727=CARTESIAN_POINT('',(4.85,1.15,-0.479999890132154));
#6728=CARTESIAN_POINT('',(4.85,0.250000686686739,-0.480000247367706));
#6729=CARTESIAN_POINT('',(4.85,0.873205120449757,-0.479999999999984));
#6730=CARTESIAN_POINT('',(5.05,0.873205120449757,-0.479999999999984));
#6731=CARTESIAN_POINT('',(-4.3,1.4,-0.48));
#6732=CARTESIAN_POINT('',(-4.65,0.873205120449757,-0.479999999999984));
#6733=CARTESIAN_POINT('',(-4.65,0.873205080756884,-0.479999999999992));
#6734=CARTESIAN_POINT('',(-4.65,0.873205120449757,-0.479999999999984));
#6735=CARTESIAN_POINT('',(-4.85,0.873205120449757,-0.479999999999984));
#6736=CARTESIAN_POINT('',(-4.85,1.1500006866866,-0.479999890131881));
#6737=CARTESIAN_POINT('',(-4.85,1.15,-0.479999890132154));
#6738=CARTESIAN_POINT('',(-4.6,1.15,-0.479999890132154));
#6739=CARTESIAN_POINT('',(-4.65,1.39494897427832,-0.48));
#6740=CARTESIAN_POINT('',(-4.6,1.15,-0.48));
#6741=CARTESIAN_POINT('',(-4.6,1.4,-0.48));
#6742=CARTESIAN_POINT('',(-4.3,1.4,-0.48));
#6743=CARTESIAN_POINT('',(-4.3,1.4,-0.48));
#6744=CARTESIAN_POINT('',(-4.3,1.4,-0.48));
#6745=CARTESIAN_POINT('',(-4.65,1.4,0.48));
#6746=CARTESIAN_POINT('',(-4.3,1.4,0.48));
#6747=CARTESIAN_POINT('',(-4.3,1.4,0.48));
#6748=CARTESIAN_POINT('',(-4.65,1.4,0.48));
#6749=CARTESIAN_POINT('',(-4.6,1.4,0.48));
#6750=CARTESIAN_POINT('',(-4.6,1.15,0.48));
#6751=CARTESIAN_POINT('',(-4.65,1.39494897427824,0.479999792904878));
#6752=CARTESIAN_POINT('',(-4.6,1.15,0.479999890132154));
#6753=CARTESIAN_POINT('',(-4.85,1.15,0.479999890132154));
#6754=CARTESIAN_POINT('',(-4.85,1.14999969436486,0.479999890132276));
#6755=CARTESIAN_POINT('',(-4.85,0.873205120449757,0.479999999999984));
#6756=CARTESIAN_POINT('',(-4.65,0.873205120449757,0.479999999999984));
#6757=CARTESIAN_POINT('',(4.3,1.4,0.48));
#6758=CARTESIAN_POINT('',(5.05,0.873205120449757,0.479999999999984));
#6759=CARTESIAN_POINT('',(4.85,0.873205120449757,0.479999999999984));
#6760=CARTESIAN_POINT('',(4.85,0.249999694365004,0.4800002473681));
#6761=CARTESIAN_POINT('',(4.85,1.15,0.479999890132154));
#6762=CARTESIAN_POINT('',(4.6,1.15,0.479999890132154));
#6763=CARTESIAN_POINT('',(4.65,1.39494897427832,0.48));
#6764=CARTESIAN_POINT('',(4.6,1.15,0.48));
#6765=CARTESIAN_POINT('',(4.6,1.4,0.48));
#6766=CARTESIAN_POINT('',(4.3,1.4,0.48));
#6767=CARTESIAN_POINT('',(4.3,1.4,0.48));
#6768=CARTESIAN_POINT('',(4.3,1.4,0.48));
#6769=CARTESIAN_POINT('',(-4.9,0.25,1.25));
#6770=CARTESIAN_POINT('',(-4.65,0.25,-0.600102995364075));
#6771=CARTESIAN_POINT('',(-4.65,0.250000160693981,-0.564784474969818));
#6772=CARTESIAN_POINT('',(-4.64889988502108,0.230134312105079,-0.530898053205232));
#6773=CARTESIAN_POINT('',(-4.65505102572168,0.2,-0.5135));
#6774=CARTESIAN_POINT('',(-4.65505102572168,0.2,-0.5135));
#6775=CARTESIAN_POINT('',(-4.65505102572168,0.2,0.5135));
#6776=CARTESIAN_POINT('',(-4.64890306388772,0.230118738902619,0.530889062012599));
#6777=CARTESIAN_POINT('',(-4.65,0.250000160613423,0.564802180878115));
#6778=CARTESIAN_POINT('',(-4.65,0.25,0.600102995364075));
#6779=CARTESIAN_POINT('',(-4.65505102572168,0.2,0.5135));
#6780=CARTESIAN_POINT('',(-4.65505102572168,0.2,0.5135));
#6781=CARTESIAN_POINT('',(-4.66127283557674,0.169519481156998,0.495902064241439));
#6782=CARTESIAN_POINT('',(-4.67087128630838,0.14999983718985,0.462680632259588));
#6783=CARTESIAN_POINT('',(-4.67087121525221,0.15,0.426897004635925));
#6784=CARTESIAN_POINT('',(-4.67087121525221,0.15,0.426897004635925));
#6785=CARTESIAN_POINT('',(-4.67087121525221,0.15,1.25));
#6786=CARTESIAN_POINT('',(-4.67087121525221,0.15,-0.426897004635925));
#6787=CARTESIAN_POINT('',(-4.67087121525221,0.15,-0.426897004635925));
#6788=CARTESIAN_POINT('',(-4.67087128613708,0.149999837582347,-0.462594366255683));
#6789=CARTESIAN_POINT('',(-4.6612586304145,0.169589071955384,-0.49594224250762));
#6790=CARTESIAN_POINT('',(-4.65505102572168,0.199999999999999,-0.513500000000001));
#6791=CARTESIAN_POINT('',(-4.9,0.25,1.25));
#6792=CARTESIAN_POINT('',(-4.9,0.25,-0.85));
#6793=CARTESIAN_POINT('',(-4.9,0.,-0.85));
#6794=CARTESIAN_POINT('',(-4.9,0.,1.25));
#6795=CARTESIAN_POINT('',(-4.9,0.,-1.25));
#6796=CARTESIAN_POINT('',(-4.9,0.25,-1.25));
#6797=CARTESIAN_POINT('',(4.9,0.25,1.25));
#6798=CARTESIAN_POINT('',(4.65505102572168,0.2,-0.5135));
#6799=CARTESIAN_POINT('',(4.64890309032631,0.230118609380507,-0.530888987232973));
#6800=CARTESIAN_POINT('',(4.65,0.250000000001012,-0.564801877699672));
#6801=CARTESIAN_POINT('',(4.65,0.250000000001035,-0.600102540378978));
#6802=CARTESIAN_POINT('',(4.65505102572168,0.2,-0.5135));
#6803=CARTESIAN_POINT('',(4.65505102572168,0.2,-0.5135));
#6804=CARTESIAN_POINT('',(4.66127283557674,0.169519481156998,-0.495902064241439));
#6805=CARTESIAN_POINT('',(4.67087128630838,0.14999983718985,-0.462680632259588));
#6806=CARTESIAN_POINT('',(4.67087121525221,0.15,-0.426897004635925));
#6807=CARTESIAN_POINT('',(4.67087121525221,0.15,-0.426897004635925));
#6808=CARTESIAN_POINT('',(4.67087121525221,0.15,1.25));
#6809=CARTESIAN_POINT('',(4.67087121525221,0.15,0.426897004635925));
#6810=CARTESIAN_POINT('',(4.67087121525221,0.15,0.426897004635925));
#6811=CARTESIAN_POINT('',(4.67087128613708,0.149999837582347,0.462594366255683));
#6812=CARTESIAN_POINT('',(4.6612586304145,0.169589071955384,0.49594224250762));
#6813=CARTESIAN_POINT('',(4.65505102572168,0.2,0.513500000000001));
#6814=CARTESIAN_POINT('',(4.65505102572168,0.2,0.5135));
#6815=CARTESIAN_POINT('',(4.65,0.25,0.600102995364075));
#6816=CARTESIAN_POINT('',(4.65,0.250000160693982,0.564784474969818));
#6817=CARTESIAN_POINT('',(4.64889988502108,0.23013431210508,0.530898053205232));
#6818=CARTESIAN_POINT('',(4.65505102572168,0.2,0.5135));
#6819=CARTESIAN_POINT('',(4.9,0.25,1.25));
#6820=CARTESIAN_POINT('',(4.9,0.25,-0.85));
#6821=CARTESIAN_POINT('',(4.9,0.,-0.85));
#6822=CARTESIAN_POINT('',(4.9,0.25,-1.25));
#6823=CARTESIAN_POINT('',(4.9,-4.33680868994202E-16,-1.25));
#6824=CARTESIAN_POINT('',(4.9,-4.33680868994202E-16,1.25));
#6825=CARTESIAN_POINT('',(-4.9,0.2,1.25));
#6826=CARTESIAN_POINT('',(-4.9,0.2,0.85));
#6827=CARTESIAN_POINT('',(-4.9,0.2,0.85));
#6828=CARTESIAN_POINT('',(-5.25,0.2,0.85));
#6829=CARTESIAN_POINT('',(-5.25,0.2,0.95));
#6830=CARTESIAN_POINT('',(-5.35,0.2,0.95));
#6831=CARTESIAN_POINT('',(-5.35,0.2,1.25));
#6832=CARTESIAN_POINT('',(-5.35,0.2,1.25));
#6833=CARTESIAN_POINT('',(-4.9,0.2,1.25));
#6834=CARTESIAN_POINT('',(-4.9,0.2,1.25));
#6835=CARTESIAN_POINT('',(-4.9,0.2,1.25));
#6836=CARTESIAN_POINT('',(-5.35,0.2,1.25));
#6837=CARTESIAN_POINT('',(-5.35,1.4,0.95));
#6838=CARTESIAN_POINT('',(-5.35,0.,0.95));
#6839=CARTESIAN_POINT('',(-5.35,0.,1.25));
#6840=CARTESIAN_POINT('',(-5.35,0.,1.25));
#6841=CARTESIAN_POINT('',(-5.35,0.2,1.25));
#6842=CARTESIAN_POINT('',(-5.35,0.,1.25));
#6843=CARTESIAN_POINT('',(-4.9,0.,1.25));
#6844=CARTESIAN_POINT('',(-4.9,0.,1.25));
#6845=CARTESIAN_POINT('',(-4.9,0.,0.85));
#6846=CARTESIAN_POINT('',(-5.35,0.,1.25));
#6847=CARTESIAN_POINT('',(-5.25,0.,0.95));
#6848=CARTESIAN_POINT('',(-5.25,0.,0.85));
#6849=CARTESIAN_POINT('',(-4.85,0.,0.85));
#6850=CARTESIAN_POINT('',(4.9,0.,1.25));
#6851=CARTESIAN_POINT('',(5.25,0.,-0.95));
#6852=CARTESIAN_POINT('',(5.25,0.,-0.85));
#6853=CARTESIAN_POINT('',(5.35,0.,-0.95));
#6854=CARTESIAN_POINT('',(4.85,0.,-0.85));
#6855=CARTESIAN_POINT('',(4.9,0.,-1.25));
#6856=CARTESIAN_POINT('',(5.35,0.,-1.25));
#6857=CARTESIAN_POINT('',(5.35,0.,1.25));
#6858=CARTESIAN_POINT('',(5.35,0.,1.25));
#6859=CARTESIAN_POINT('',(5.35,1.4,-0.95));
#6860=CARTESIAN_POINT('',(5.35,0.2,-0.95));
#6861=CARTESIAN_POINT('',(5.35,0.,-1.25));
#6862=CARTESIAN_POINT('',(5.35,0.2,-1.25));
#6863=CARTESIAN_POINT('',(5.35,0.2,1.25));
#6864=CARTESIAN_POINT('',(5.35,0.2,1.25));
#6865=CARTESIAN_POINT('',(5.35,0.2,-0.85));
#6866=CARTESIAN_POINT('',(4.9,0.2,-0.85));
#6867=CARTESIAN_POINT('',(5.25,0.2,-0.85));
#6868=CARTESIAN_POINT('',(5.25,0.2,-0.95));
#6869=CARTESIAN_POINT('',(5.35,0.2,-1.25));
#6870=CARTESIAN_POINT('',(4.9,0.2,-1.25));
#6871=CARTESIAN_POINT('',(4.9,0.2,1.25));
#6872=CARTESIAN_POINT('',(4.9,0.25,1.25));
#6873=CARTESIAN_POINT('',(4.9,0.25,-0.85));
#6874=CARTESIAN_POINT('',(4.85,0.25,-0.85));
#6875=CARTESIAN_POINT('',(4.9,0.25,-1.25));
#6876=CARTESIAN_POINT('',(4.85,0.25,-1.25));
#6877=CARTESIAN_POINT('',(4.85,0.25,1.25));
#6878=CARTESIAN_POINT('',(-4.9,0.250000000000001,1.25));
#6879=CARTESIAN_POINT('',(-4.9,0.250000000000001,0.85));
#6880=CARTESIAN_POINT('',(-4.85,0.25,0.85));
#6881=CARTESIAN_POINT('',(-4.9,0.250000000000001,1.25));
#6882=CARTESIAN_POINT('',(-4.85,0.25,1.25));
#6883=CARTESIAN_POINT('',(-4.85,0.25,1.25));
#6884=CARTESIAN_POINT('',(-4.9,0.25,1.25));
#6885=CARTESIAN_POINT('',(-4.9,1.2,1.25));
#6886=CARTESIAN_POINT('',(4.1,1.4,1.25));
#6887=CARTESIAN_POINT('',(4.1,1.4,1.25));
#6888=CARTESIAN_POINT('',(4.6,1.4,1.25));
#6889=CARTESIAN_POINT('',(-4.1,1.4,1.25));
#6890=CARTESIAN_POINT('',(-4.1,1.4,1.25));
#6891=CARTESIAN_POINT('',(-4.9,0.25,1.25));
#6892=CARTESIAN_POINT('',(5.35,0.2,1.25));
#6893=CARTESIAN_POINT('',(5.35,0.2,1.25));
#6894=CARTESIAN_POINT('',(4.9,0.2,1.25));
#6895=CARTESIAN_POINT('',(4.9,0.25,1.25));
#6896=CARTESIAN_POINT('',(4.85,0.25,1.25));
#6897=CARTESIAN_POINT('',(4.85,0.25,1.25));
#6898=CARTESIAN_POINT('',(4.85,0.5,1.25));
#6899=CARTESIAN_POINT('',(5.05,0.5,1.25));
#6900=CARTESIAN_POINT('',(4.9,0.25,1.25));
#6901=CARTESIAN_POINT('',(4.9,-4.33680868994202E-16,1.25));
#6902=CARTESIAN_POINT('',(4.9,0.,1.25));
#6903=CARTESIAN_POINT('',(5.35,0.,1.25));
#6904=CARTESIAN_POINT('',(5.35,0.,1.25));
#6905=CARTESIAN_POINT('',(-4.9,0.25,-1.25));
#6906=CARTESIAN_POINT('',(-4.85,1.15,-1.25));
#6907=CARTESIAN_POINT('',(-4.85,0.5,-1.25));
#6908=CARTESIAN_POINT('',(-4.85,0.25,-1.25));
#6909=CARTESIAN_POINT('',(-4.65,0.5,-1.25));
#6910=CARTESIAN_POINT('',(-5.35,0.,-1.25));
#6911=CARTESIAN_POINT('',(-5.35,0.,-1.25));
#6912=CARTESIAN_POINT('',(-5.35,0.2,-1.25));
#6913=CARTESIAN_POINT('',(-5.35,0.2,-1.25));
#6914=CARTESIAN_POINT('',(-4.9,0.2,-1.25));
#6915=CARTESIAN_POINT('',(-4.9,0.2,-1.25));
#6916=CARTESIAN_POINT('',(-4.9,0.250000000000001,-1.25));
#6917=CARTESIAN_POINT('',(-4.9,0.25,-1.25));
#6918=CARTESIAN_POINT('',(-4.1,1.4,-1.25));
#6919=CARTESIAN_POINT('',(-4.1,1.4,-1.25));
#6920=CARTESIAN_POINT('',(4.6,1.4,-1.25));
#6921=CARTESIAN_POINT('',(4.1,1.4,-1.25));
#6922=CARTESIAN_POINT('',(4.1,1.4,-1.25));
#6923=CARTESIAN_POINT('',(-4.9,0.2,1.25));
#6924=CARTESIAN_POINT('',(-5.25,0.2,-0.95));
#6925=CARTESIAN_POINT('',(-5.35,0.2,-0.95));
#6926=CARTESIAN_POINT('',(-5.25,0.2,-0.85));
#6927=CARTESIAN_POINT('',(-4.9,0.2,-0.85));
#6928=CARTESIAN_POINT('',(-4.9,0.2,-0.85));
#6929=CARTESIAN_POINT('',(-4.9,0.2,1.25));
#6930=CARTESIAN_POINT('',(-5.35,0.2,1.25));
#6931=CARTESIAN_POINT('',(-5.35,0.2,1.25));
#6932=CARTESIAN_POINT('',(-5.35,0.,1.25));
#6933=CARTESIAN_POINT('',(-5.35,0.,-0.95));
#6934=CARTESIAN_POINT('',(-5.35,1.4,-0.95));
#6935=CARTESIAN_POINT('',(-5.35,0.,1.25));
#6936=CARTESIAN_POINT('',(-5.25,0.,-0.85));
#6937=CARTESIAN_POINT('',(-5.25,0.,-0.85));
#6938=CARTESIAN_POINT('',(-5.25,0.,-0.95));
#6939=CARTESIAN_POINT('',(-4.9,0.25,1.25));
#6940=CARTESIAN_POINT('',(-4.9,0.25,0.85));
#6941=CARTESIAN_POINT('',(-4.9,0.25,1.25));
#6942=CARTESIAN_POINT('',(4.9,0.25,1.25));
#6943=CARTESIAN_POINT('',(4.9,0.25,0.85));
#6944=CARTESIAN_POINT('',(4.9,0.,0.85));
#6945=CARTESIAN_POINT('',(4.9,-4.33680868994202E-16,1.25));
#6946=CARTESIAN_POINT('',(4.9,0.,1.25));
#6947=CARTESIAN_POINT('',(5.35,0.,1.25));
#6948=CARTESIAN_POINT('',(5.35,0.,0.95));
#6949=CARTESIAN_POINT('',(5.25,0.,0.85));
#6950=CARTESIAN_POINT('',(5.25,0.,0.850000000000001));
#6951=CARTESIAN_POINT('',(5.25,0.,0.950000000000001));
#6952=CARTESIAN_POINT('',(5.35,0.,1.25));
#6953=CARTESIAN_POINT('',(5.35,1.4,0.95));
#6954=CARTESIAN_POINT('',(5.35,0.2,0.95));
#6955=CARTESIAN_POINT('',(5.35,0.2,1.25));
#6956=CARTESIAN_POINT('',(5.35,0.2,1.25));
#6957=CARTESIAN_POINT('',(5.25,0.2,0.950000000000001));
#6958=CARTESIAN_POINT('',(5.25,0.2,0.850000000000001));
#6959=CARTESIAN_POINT('',(5.35,0.2,0.85));
#6960=CARTESIAN_POINT('',(4.9,0.2,0.85));
#6961=CARTESIAN_POINT('',(4.9,0.2,1.25));
#6962=CARTESIAN_POINT('',(4.9,0.25,1.25));
#6963=CARTESIAN_POINT('',(4.9,0.25,0.85));
#6964=CARTESIAN_POINT('',(4.85,0.25,0.85));
#6965=CARTESIAN_POINT('',(4.85,0.25,1.25));
#6966=CARTESIAN_POINT('',(4.85,0.25,1.25));
#6967=CARTESIAN_POINT('',(4.85,0.6,0.5));
#6968=CARTESIAN_POINT('',(4.85,1.03,0.5));
#6969=CARTESIAN_POINT('',(4.85,1.03,1.2));
#6970=CARTESIAN_POINT('',(4.85,1.03,1.2));
#6971=CARTESIAN_POINT('',(4.85,0.6,1.2));
#6972=CARTESIAN_POINT('',(4.85,0.6,1.2));
#6973=CARTESIAN_POINT('',(4.85,0.6,1.2));
#6974=CARTESIAN_POINT('',(4.85,0.6,1.15));
#6975=CARTESIAN_POINT('',(4.85,0.5,1.15));
#6976=CARTESIAN_POINT('',(4.85,0.25,1.25));
#6977=CARTESIAN_POINT('',(4.85,0.25,0.600102995364075));
#6978=CARTESIAN_POINT('',(4.85,0.150000000001035,0.600102540379042));
#6979=CARTESIAN_POINT('',(4.85,0.2,0.5135));
#6980=CARTESIAN_POINT('',(4.85,0.249999999998965,0.426897459620958));
#6981=CARTESIAN_POINT('',(4.85,0.15,0.426897004635925));
#6982=CARTESIAN_POINT('',(4.85,0.15,1.25));
#6983=CARTESIAN_POINT('',(4.85,0.15,-0.426897004635925));
#6984=CARTESIAN_POINT('',(4.85,0.249999999998965,-0.426897459620958));
#6985=CARTESIAN_POINT('',(4.85,0.2,-0.5135));
#6986=CARTESIAN_POINT('',(4.85,0.150000000001034,-0.600102540379042));
#6987=CARTESIAN_POINT('',(4.85,0.25,-0.600102995364075));
#6988=CARTESIAN_POINT('',(4.85,0.25,1.25));
#6989=CARTESIAN_POINT('',(4.85,0.25,-1.25));
#6990=CARTESIAN_POINT('',(4.85,0.5,-1.25));
#6991=CARTESIAN_POINT('',(4.85,0.5,-1.15));
#6992=CARTESIAN_POINT('',(4.85,0.6,-1.15));
#6993=CARTESIAN_POINT('',(4.85,0.6,-1.2));
#6994=CARTESIAN_POINT('',(4.85,0.6,-1.2));
#6995=CARTESIAN_POINT('',(4.85,0.6,-1.2));
#6996=CARTESIAN_POINT('',(4.85,1.03,-1.2));
#6997=CARTESIAN_POINT('',(4.85,1.03,-1.2));
#6998=CARTESIAN_POINT('',(4.85,1.03,-0.5));
#6999=CARTESIAN_POINT('',(4.85,0.6,-0.5));
#7000=CARTESIAN_POINT('',(4.85,0.6,-0.5));
#7001=CARTESIAN_POINT('',(4.85,0.6,1.25));
#7002=CARTESIAN_POINT('',(4.85,0.6,-0.48));
#7003=CARTESIAN_POINT('',(4.85,0.7,-0.48));
#7004=CARTESIAN_POINT('',(4.85,0.786602540378444,-0.43));
#7005=CARTESIAN_POINT('',(4.85,0.873205080756884,-0.379999999999991));
#7006=CARTESIAN_POINT('',(4.85,1.15,1.25));
#7007=CARTESIAN_POINT('',(4.85,0.873205080756884,0.379999999999992));
#7008=CARTESIAN_POINT('',(4.85,0.786602540378444,0.43));
#7009=CARTESIAN_POINT('',(4.85,0.7,0.48));
#7010=CARTESIAN_POINT('',(4.6,1.15,1.25));
#7011=CARTESIAN_POINT('',(4.6,1.4,1.25));
#7012=CARTESIAN_POINT('',(4.6,1.4,1.25));
#7013=CARTESIAN_POINT('',(-4.3,1.4,-0.579999999999999));
#7014=CARTESIAN_POINT('',(-4.2,1.4,-0.58));
#7015=CARTESIAN_POINT('',(-4.6,1.4,1.25));
#7016=CARTESIAN_POINT('',(-4.3,1.4,0.579999999999999));
#7017=CARTESIAN_POINT('',(-4.2,1.4,0.58));
#7018=CARTESIAN_POINT('',(-4.2,1.4,0.58));
#7019=CARTESIAN_POINT('',(-4.2,1.4,1.15));
#7020=CARTESIAN_POINT('',(-4.1,1.4,1.15));
#7021=CARTESIAN_POINT('',(4.1,1.4,1.15));
#7022=CARTESIAN_POINT('',(4.2,1.4,1.15));
#7023=CARTESIAN_POINT('',(4.2,1.4,1.15));
#7024=CARTESIAN_POINT('',(4.2,1.4,0.58));
#7025=CARTESIAN_POINT('',(4.3,1.4,0.579999999999999));
#7026=CARTESIAN_POINT('',(4.3,1.4,-0.579999999999999));
#7027=CARTESIAN_POINT('',(4.2,1.4,-0.58));
#7028=CARTESIAN_POINT('',(4.2,1.4,-0.58));
#7029=CARTESIAN_POINT('',(4.2,1.4,-1.15));
#7030=CARTESIAN_POINT('',(4.1,1.4,-1.15));
#7031=CARTESIAN_POINT('',(-4.1,1.4,-1.15));
#7032=CARTESIAN_POINT('',(-4.2,1.4,-1.15));
#7033=CARTESIAN_POINT('',(-4.2,1.4,-1.15));
#7034=CARTESIAN_POINT('',(-4.6,1.15,1.25));
#7035=CARTESIAN_POINT('',(-4.85,1.15,1.25));
#7036=CARTESIAN_POINT('',(-4.85,1.15,1.25));
#7037=CARTESIAN_POINT('',(-4.85,1.15,1.25));
#7038=CARTESIAN_POINT('',(-4.85,0.5,1.25));
#7039=CARTESIAN_POINT('',(-4.85,0.5,1.15));
#7040=CARTESIAN_POINT('',(-4.85,0.6,1.15));
#7041=CARTESIAN_POINT('',(-4.85,0.6,1.2));
#7042=CARTESIAN_POINT('',(-4.85,0.6,1.2));
#7043=CARTESIAN_POINT('',(-4.85,1.03,1.2));
#7044=CARTESIAN_POINT('',(-4.85,1.03,1.2));
#7045=CARTESIAN_POINT('',(-4.85,1.03,1.2));
#7046=CARTESIAN_POINT('',(-4.85,1.03,0.5));
#7047=CARTESIAN_POINT('',(-4.85,1.03,0.5));
#7048=CARTESIAN_POINT('',(-4.85,0.7,0.48));
#7049=CARTESIAN_POINT('',(-4.85,0.786602540378444,0.43));
#7050=CARTESIAN_POINT('',(-4.85,0.873205080756884,0.379999999999992));
#7051=CARTESIAN_POINT('',(-4.85,0.873205080756884,-0.379999999999991));
#7052=CARTESIAN_POINT('',(-4.85,0.786602540378444,-0.43));
#7053=CARTESIAN_POINT('',(-4.85,0.7,-0.48));
#7054=CARTESIAN_POINT('',(-4.85,0.6,-0.48));
#7055=CARTESIAN_POINT('',(-4.85,0.6,1.25));
#7056=CARTESIAN_POINT('',(-4.85,0.6,-0.5));
#7057=CARTESIAN_POINT('',(-4.85,1.03,-0.5));
#7058=CARTESIAN_POINT('',(-4.85,1.03,-0.5));
#7059=CARTESIAN_POINT('',(-4.85,1.03,-1.2));
#7060=CARTESIAN_POINT('',(-4.85,1.03,-1.2));
#7061=CARTESIAN_POINT('',(-4.85,1.03,-1.2));
#7062=CARTESIAN_POINT('',(-4.85,0.6,-1.2));
#7063=CARTESIAN_POINT('',(-4.85,0.6,-1.2));
#7064=CARTESIAN_POINT('',(-4.85,0.6,-1.15));
#7065=CARTESIAN_POINT('',(-4.85,0.5,-1.15));
#7066=CARTESIAN_POINT('',(-4.85,0.25,1.25));
#7067=CARTESIAN_POINT('',(-4.85,0.25,-0.85));
#7068=CARTESIAN_POINT('',(-4.85,0.25,1.25));
#7069=CARTESIAN_POINT('',(-4.85,0.25,-0.600102995364075));
#7070=CARTESIAN_POINT('',(-4.85,0.150000000001034,-0.600102540379042));
#7071=CARTESIAN_POINT('',(-4.85,0.2,-0.5135));
#7072=CARTESIAN_POINT('',(-4.85,0.249999999998965,-0.426897459620958));
#7073=CARTESIAN_POINT('',(-4.85,0.15,-0.426897004635925));
#7074=CARTESIAN_POINT('',(-4.85,0.15,1.25));
#7075=CARTESIAN_POINT('',(-4.85,0.15,0.426897004635925));
#7076=CARTESIAN_POINT('',(-4.85,0.249999999998965,0.426897459620958));
#7077=CARTESIAN_POINT('',(-4.85,0.2,0.5135));
#7078=CARTESIAN_POINT('',(-4.85,0.150000000001035,0.600102540379042));
#7079=CARTESIAN_POINT('',(-4.85,0.25,0.600102995364075));
#7080=CARTESIAN_POINT('',(-4.85,0.25,1.25));
#7081=CARTESIAN_POINT('',(-4.9,0.250000000000001,1.25));
#7082=CARTESIAN_POINT('',(-4.9,0.250000000000001,-0.85));
#7083=CARTESIAN_POINT('',(-4.9,0.25,1.25));
#7084=CARTESIAN_POINT('',(-4.65,0.5,1.25));
#7085=CARTESIAN_POINT('',(-4.9,0.25,-1.25));
#7086=CARTESIAN_POINT('',(5.05,0.5,-1.25));
#7087=CARTESIAN_POINT('',(4.3,1.4,-0.579999999999999));
#7088=CARTESIAN_POINT('',(4.2,1.4,-0.58));
#7089=CARTESIAN_POINT('',(4.1,1.4,-1.15));
#7090=CARTESIAN_POINT('',(4.2,1.4,-1.15));
#7091=CARTESIAN_POINT('',(4.2,1.4,-0.58));
#7092=CARTESIAN_POINT('',(-4.1,1.4,-1.15));
#7093=CARTESIAN_POINT('',(-4.2,1.4,-1.15));
#7094=CARTESIAN_POINT('',(-4.2,1.4,-1.15));
#7095=CARTESIAN_POINT('',(-4.2,1.4,-0.58));
#7096=CARTESIAN_POINT('',(-4.3,1.4,-0.579999999999999));
#7097=CARTESIAN_POINT('',(-4.3,1.4,0.579999999999999));
#7098=CARTESIAN_POINT('',(-4.2,1.4,0.58));
#7099=CARTESIAN_POINT('',(-4.1,1.4,1.15));
#7100=CARTESIAN_POINT('',(-4.2,1.4,1.15));
#7101=CARTESIAN_POINT('',(-4.2,1.4,0.58));
#7102=CARTESIAN_POINT('',(4.1,1.4,1.15));
#7103=CARTESIAN_POINT('',(4.2,1.4,1.15));
#7104=CARTESIAN_POINT('',(4.2,1.4,1.15));
#7105=CARTESIAN_POINT('',(4.2,1.4,0.58));
#7106=CARTESIAN_POINT('',(4.3,1.4,0.579999999999999));
#7107=CARTESIAN_POINT('',(-5.25,1.4,-0.85));
#7108=CARTESIAN_POINT('',(-5.25,1.4,-0.85));
#7109=CARTESIAN_POINT('',(-4.65,0.25,-0.85));
#7110=CARTESIAN_POINT('',(-4.85,1.4,0.85));
#7111=CARTESIAN_POINT('',(-5.25,1.4,0.85));
#7112=CARTESIAN_POINT('',(-4.65,0.25,0.85));
#7113=CARTESIAN_POINT('',(-5.25,1.4,-0.95));
#7114=CARTESIAN_POINT('',(-5.25,1.4,0.95));
#7115=CARTESIAN_POINT('',(5.25,1.4,-0.95));
#7116=CARTESIAN_POINT('',(5.25,1.4,-0.85));
#7117=CARTESIAN_POINT('',(5.25,1.4,0.950000000000001));
#7118=CARTESIAN_POINT('',(5.25,1.4,0.850000000000001));
#7119=CARTESIAN_POINT('',(4.85,1.4,-0.85));
#7120=CARTESIAN_POINT('',(5.05,0.25,-0.85));
#7121=CARTESIAN_POINT('',(5.25,1.4,0.85));
#7122=CARTESIAN_POINT('',(5.05,0.25,0.85));
#7123=CARTESIAN_POINT('',(5.05,0.873205080756884,0.379999999999992));
#7124=CARTESIAN_POINT('',(5.05,0.786602540378444,0.43));
#7125=CARTESIAN_POINT('',(5.05,0.7,0.48));
#7126=CARTESIAN_POINT('',(5.05,0.5,1.15));
#7127=CARTESIAN_POINT('',(5.05,0.6,1.15));
#7128=CARTESIAN_POINT('',(5.05,0.5,-1.15));
#7129=CARTESIAN_POINT('',(5.05,0.6,-1.15));
#7130=CARTESIAN_POINT('',(5.05,0.6,-1.15));
#7131=CARTESIAN_POINT('',(4.65,0.6,-0.5));
#7132=CARTESIAN_POINT('',(5.05,0.6,-0.48));
#7133=CARTESIAN_POINT('',(5.05,0.7,-0.48));
#7134=CARTESIAN_POINT('',(5.05,0.786602540378444,-0.43));
#7135=CARTESIAN_POINT('',(5.05,0.873205080756884,-0.379999999999991));
#7136=CARTESIAN_POINT('',(4.65,0.873205080756884,-0.379999999999991));
#7137=CARTESIAN_POINT('',(5.05,0.150000000001034,-0.600102540379042));
#7138=CARTESIAN_POINT('',(5.05,0.25,-0.600102995364075));
#7139=CARTESIAN_POINT('',(5.05,0.2,-0.5135));
#7140=CARTESIAN_POINT('',(5.05,0.249999999998965,-0.426897459620958));
#7141=CARTESIAN_POINT('',(5.05,0.15,-0.426897004635925));
#7142=CARTESIAN_POINT('',(5.05,0.15,0.426897004635925));
#7143=CARTESIAN_POINT('',(5.05,0.15,0.426897004635925));
#7144=CARTESIAN_POINT('',(5.05,0.249999999998965,0.426897459620958));
#7145=CARTESIAN_POINT('',(5.05,0.2,0.5135));
#7146=CARTESIAN_POINT('',(5.05,0.150000000001035,0.600102540379042));
#7147=CARTESIAN_POINT('',(5.05,0.25,0.600102995364075));
#7148=CARTESIAN_POINT('',(5.05,0.25,-0.600102995364075));
#7149=CARTESIAN_POINT('',(5.05,0.25,0.85));
#7150=CARTESIAN_POINT('',(-4.65,0.873205080756884,0.379999999999992));
#7151=CARTESIAN_POINT('',(-4.65,0.786602540378444,0.43));
#7152=CARTESIAN_POINT('',(-4.65,0.7,0.48));
#7153=CARTESIAN_POINT('',(-4.65,0.5,1.15));
#7154=CARTESIAN_POINT('',(-4.65,0.6,1.15));
#7155=CARTESIAN_POINT('',(-4.65,0.5,-1.15));
#7156=CARTESIAN_POINT('',(-4.65,0.6,-1.15));
#7157=CARTESIAN_POINT('',(-4.65,0.6,-1.15));
#7158=CARTESIAN_POINT('',(-4.85,0.6,-0.5));
#7159=CARTESIAN_POINT('',(-4.65,0.6,-0.48));
#7160=CARTESIAN_POINT('',(-4.65,0.7,-0.48));
#7161=CARTESIAN_POINT('',(-4.65,0.786602540378444,-0.43));
#7162=CARTESIAN_POINT('',(-4.65,0.873205080756884,-0.379999999999991));
#7163=CARTESIAN_POINT('',(-4.65,0.873205080756884,-0.379999999999991));
#7164=CARTESIAN_POINT('',(-4.65,0.150000000001034,-0.600102540379042));
#7165=CARTESIAN_POINT('',(-4.65,0.2,-0.5135));
#7166=CARTESIAN_POINT('',(-4.65,0.25,-0.600102995364075));
#7167=CARTESIAN_POINT('',(-4.65,0.249999999998965,-0.426897459620958));
#7168=CARTESIAN_POINT('',(-4.65,0.15,-0.426897004635925));
#7169=CARTESIAN_POINT('',(-4.65,0.15,0.426897004635925));
#7170=CARTESIAN_POINT('',(-4.65,0.15,0.426897004635925));
#7171=CARTESIAN_POINT('',(-4.65,0.249999999998965,0.426897459620958));
#7172=CARTESIAN_POINT('',(-4.65,0.2,0.5135));
#7173=CARTESIAN_POINT('',(-4.65,0.150000000001035,0.600102540379042));
#7174=CARTESIAN_POINT('',(-4.65,0.25,0.600102995364075));
#7175=CARTESIAN_POINT('',(-4.65,0.25,-0.600102995364075));
#7176=CARTESIAN_POINT('',(-4.65,0.25,0.85));
#7177=CARTESIAN_POINT('',(4.65,0.8,1.3));
#7178=CARTESIAN_POINT('',(4.65,0.8,1.3));
#7179=CARTESIAN_POINT('',(4.65,0.8,1.3));
#7180=CARTESIAN_POINT('',(4.65,1.4,1.2));
#7181=CARTESIAN_POINT('',(4.65,1.4,1.2));
#7182=CARTESIAN_POINT('',(4.65,1.4,1.3));
#7183=CARTESIAN_POINT('',(4.65,1.4,1.3));
#7184=CARTESIAN_POINT('',(4.65,0.8,1.3));
#7185=CARTESIAN_POINT('',(-4.65,1.2,1.3));
#7186=CARTESIAN_POINT('',(-4.65,0.6,-0.5));
#7187=CARTESIAN_POINT('',(-4.65,0.8,1.3));
#7188=CARTESIAN_POINT('',(-4.65,1.2,1.3));
#7189=CARTESIAN_POINT('',(-4.65,1.2,1.3));
#7190=CARTESIAN_POINT('',(-4.65,1.4,1.3));
#7191=CARTESIAN_POINT('',(-4.65,0.8,1.3));
#7192=CARTESIAN_POINT('',(-4.65,1.4,0.5));
#7193=CARTESIAN_POINT('',(-4.65,1.4,1.2));
#7194=CARTESIAN_POINT('',(-4.65,0.6,1.2));
#7195=CARTESIAN_POINT('',(-4.65,0.8,1.3));
#7196=CARTESIAN_POINT('',(-4.65,0.8,1.3));
#7197=CARTESIAN_POINT('',(-4.6,0.8,1.3));
#7198=CARTESIAN_POINT('',(-4.6,0.8,1.3));
#7199=CARTESIAN_POINT('',(-4.65,0.8,1.3));
#7200=CARTESIAN_POINT('',(-4.6,0.8,1.3));
#7201=CARTESIAN_POINT('',(-4.6,0.8,1.3));
#7202=CARTESIAN_POINT('',(4.6,0.,1.3));
#7203=CARTESIAN_POINT('',(4.6,0.8,1.3));
#7204=CARTESIAN_POINT('',(4.6,0.8,1.3));
#7205=CARTESIAN_POINT('',(4.6,0.,1.3));
#7206=CARTESIAN_POINT('',(4.6,0.8,1.3));
#7207=CARTESIAN_POINT('',(4.65,0.8,1.3));
#7208=CARTESIAN_POINT('',(4.6,0.8,1.3));
#7209=CARTESIAN_POINT('',(4.65,0.8,1.3));
#7210=CARTESIAN_POINT('',(4.65,0.8,-0.5));
#7211=CARTESIAN_POINT('',(0.,0.,1.3));
#7212=CARTESIAN_POINT('',(2.15,1.2,1.3));
#7213=CARTESIAN_POINT('',(2.15,0.75,1.3));
#7214=CARTESIAN_POINT('',(2.15,0.75,1.3));
#7215=CARTESIAN_POINT('',(-2.15,0.75,1.3));
#7216=CARTESIAN_POINT('',(-2.15,1.2,1.3));
#7217=CARTESIAN_POINT('',(-4.25,1.4,1.3));
#7218=CARTESIAN_POINT('',(-4.25,1.4,1.3));
#7219=CARTESIAN_POINT('',(-4.65,1.4,1.3));
#7220=CARTESIAN_POINT('',(4.25,1.4,1.3));
#7221=CARTESIAN_POINT('',(4.25,1.4,1.3));
#7222=CARTESIAN_POINT('',(4.25,1.4,1.3));
#7223=CARTESIAN_POINT('',(-2.5,-0.5,0.));
#7224=CARTESIAN_POINT('',(-2.5,-0.5,0.));
#7225=CARTESIAN_POINT('',(-2.5,-0.5,0.3));
#7226=CARTESIAN_POINT('',(-2.5,-0.5,0.));
#7227=CARTESIAN_POINT('',(-2.5,-0.4,0.));
#7228=CARTESIAN_POINT('',(-2.5,-0.4,0.4));
#7229=CARTESIAN_POINT('',(-2.5,0.,0.));
#7230=CARTESIAN_POINT('',(2.5,-0.5,0.));
#7231=CARTESIAN_POINT('',(2.5,-0.5,0.));
#7232=CARTESIAN_POINT('',(2.5,-0.5,0.3));
#7233=CARTESIAN_POINT('',(2.5,-0.5,0.));
#7234=CARTESIAN_POINT('',(2.5,-0.4,0.));
#7235=CARTESIAN_POINT('',(2.5,-0.4,0.4));
#7236=CARTESIAN_POINT('',(2.5,0.,0.));
#7237=CARTESIAN_POINT('',(-4.65,1.4,1.2));
#7238=CARTESIAN_POINT('',(-4.65,1.4,0.5));
#7239=CARTESIAN_POINT('',(-4.65,1.4,0.5));
#7240=CARTESIAN_POINT('',(-4.65,1.4,1.2));
#7241=CARTESIAN_POINT('',(-4.65,1.4,1.2));
#7242=CARTESIAN_POINT('',(-4.85,0.6,1.2));
#7243=CARTESIAN_POINT('',(-4.85,0.6,1.2));
#7244=CARTESIAN_POINT('',(0.,0.,1.2));
#7245=CARTESIAN_POINT('',(0.,0.,0.5));
#7246=CARTESIAN_POINT('',(-4.35,1.4,0.5));
#7247=CARTESIAN_POINT('',(-4.35,1.4,0.499999999999999));
#7248=CARTESIAN_POINT('',(-4.35,1.4,0.499999999999999));
#7249=CARTESIAN_POINT('',(4.65,0.6,1.2));
#7250=CARTESIAN_POINT('',(4.65,0.6,1.2));
#7251=CARTESIAN_POINT('',(4.85,1.03,1.2));
#7252=CARTESIAN_POINT('',(4.85,1.03,0.5));
#7253=CARTESIAN_POINT('',(4.65,1.4,0.5));
#7254=CARTESIAN_POINT('',(4.65,1.4,1.2));
#7255=CARTESIAN_POINT('',(4.85,1.03,1.2));
#7256=CARTESIAN_POINT('',(0.,0.,1.2));
#7257=CARTESIAN_POINT('',(0.,0.,0.5));
#7258=CARTESIAN_POINT('',(4.35,1.4,0.5));
#7259=CARTESIAN_POINT('',(4.35,1.4,0.5));
#7260=CARTESIAN_POINT('',(4.65,1.4,0.5));
#7261=CARTESIAN_POINT('',(-4.65,1.4,-1.2));
#7262=CARTESIAN_POINT('',(-4.65,1.4,-0.5));
#7263=CARTESIAN_POINT('',(-4.65,1.4,-0.5));
#7264=CARTESIAN_POINT('',(-4.65,1.4,-1.2));
#7265=CARTESIAN_POINT('',(-4.65,1.4,-1.2));
#7266=CARTESIAN_POINT('',(-4.85,0.6,-1.2));
#7267=CARTESIAN_POINT('',(-4.85,0.6,-1.2));
#7268=CARTESIAN_POINT('',(0.,0.,-1.2));
#7269=CARTESIAN_POINT('',(0.,0.,-0.5));
#7270=CARTESIAN_POINT('',(-4.35,1.4,-0.5));
#7271=CARTESIAN_POINT('',(-4.35,1.4,-0.5));
#7272=CARTESIAN_POINT('',(-4.65,1.4,-0.5));
#7273=CARTESIAN_POINT('',(4.65,0.6,-1.2));
#7274=CARTESIAN_POINT('',(4.65,0.6,-1.2));
#7275=CARTESIAN_POINT('',(4.85,1.03,-1.2));
#7276=CARTESIAN_POINT('',(4.85,1.03,-0.5));
#7277=CARTESIAN_POINT('',(4.65,1.4,-0.5));
#7278=CARTESIAN_POINT('',(4.85,1.03,-1.2));
#7279=CARTESIAN_POINT('',(4.65,1.4,-1.2));
#7280=CARTESIAN_POINT('',(0.,0.,-1.2));
#7281=CARTESIAN_POINT('',(0.,0.,-0.5));
#7282=CARTESIAN_POINT('',(4.35,1.4,-0.5));
#7283=CARTESIAN_POINT('',(4.35,1.4,-0.499999999999999));
#7284=CARTESIAN_POINT('',(4.35,1.4,-0.499999999999999));
#7285=CARTESIAN_POINT('',(-4.35,1.4,-0.599999999999999));
#7286=CARTESIAN_POINT('',(-4.25,1.4,-0.6));
#7287=CARTESIAN_POINT('',(-4.25,1.4,-0.6));
#7288=CARTESIAN_POINT('',(-4.35,1.4,-0.599999999999999));
#7289=CARTESIAN_POINT('',(-4.25,1.4,-0.6));
#7290=CARTESIAN_POINT('',(-4.25,1.4,-0.6));
#7291=CARTESIAN_POINT('',(-4.35,1.4,-0.599999999999999));
#7292=CARTESIAN_POINT('',(-4.25,1.4,1.3));
#7293=CARTESIAN_POINT('',(-4.25,1.4,0.6));
#7294=CARTESIAN_POINT('',(-4.25,1.4,0.6));
#7295=CARTESIAN_POINT('',(-4.25,1.4,1.3));
#7296=CARTESIAN_POINT('',(-4.35,1.4,0.599999999999999));
#7297=CARTESIAN_POINT('',(-4.35,1.4,0.599999999999999));
#7298=CARTESIAN_POINT('',(-4.35,1.4,0.599999999999999));
#7299=CARTESIAN_POINT('',(4.25,1.4,-1.3));
#7300=CARTESIAN_POINT('',(4.25,1.4,-0.6));
#7301=CARTESIAN_POINT('',(4.25,1.4,-0.6));
#7302=CARTESIAN_POINT('',(4.25,1.4,-1.3));
#7303=CARTESIAN_POINT('',(4.35,1.4,-0.599999999999999));
#7304=CARTESIAN_POINT('',(4.35,1.4,-0.599999999999999));
#7305=CARTESIAN_POINT('',(4.35,1.4,-0.599999999999999));
#7306=CARTESIAN_POINT('',(4.35,1.4,0.599999999999999));
#7307=CARTESIAN_POINT('',(4.25,1.4,0.6));
#7308=CARTESIAN_POINT('',(4.25,1.4,0.6));
#7309=CARTESIAN_POINT('',(4.35,1.4,0.599999999999999));
#7310=CARTESIAN_POINT('',(4.25,1.4,0.6));
#7311=CARTESIAN_POINT('',(4.25,1.4,0.6));
#7312=CARTESIAN_POINT('',(4.35,1.4,0.599999999999999));
#7313=CARTESIAN_POINT('',(-1.7,0.2,-2.2));
#7314=CARTESIAN_POINT('',(-1.7,0.2,-2.2));
#7315=CARTESIAN_POINT('',(-1.7,0.2,-2.2));
#7316=CARTESIAN_POINT('',(-1.7,0.2,-2.2));
#7317=CARTESIAN_POINT('',(-1.3,0.2,-1.1));
#7318=CARTESIAN_POINT('',(-1.3,0.2,-1.1));
#7319=CARTESIAN_POINT('',(-1.3,0.2,-2.2));
#7320=CARTESIAN_POINT('',(-1.3,0.2,-2.2));
#7321=CARTESIAN_POINT('',(0.,0.2,0.));
#7322=CARTESIAN_POINT('',(-1.3,0.2,-2.2));
#7323=CARTESIAN_POINT('',(-1.3,0.2,-2.2));
#7324=CARTESIAN_POINT('',(1.3,0.2,-2.2));
#7325=CARTESIAN_POINT('',(1.3,0.2,-2.2));
#7326=CARTESIAN_POINT('',(1.3,0.2,-2.2));
#7327=CARTESIAN_POINT('',(1.3,0.2,-2.2));
#7328=CARTESIAN_POINT('',(1.7,0.2,-1.1));
#7329=CARTESIAN_POINT('',(1.7,0.2,-1.1));
#7330=CARTESIAN_POINT('',(1.7,0.2,-2.2));
#7331=CARTESIAN_POINT('',(1.7,0.2,-2.2));
#7332=CARTESIAN_POINT('',(0.,0.2,0.));
#7333=CARTESIAN_POINT('',(1.7,0.2,-2.2));
#7334=CARTESIAN_POINT('',(1.7,0.2,-2.2));
#7335=CARTESIAN_POINT('',(-3.2,0.2,-2.2));
#7336=CARTESIAN_POINT('',(-3.2,0.2,-2.2));
#7337=CARTESIAN_POINT('',(-3.2,0.2,-2.2));
#7338=CARTESIAN_POINT('',(-3.2,0.2,-2.2));
#7339=CARTESIAN_POINT('',(-2.8,0.2,-1.1));
#7340=CARTESIAN_POINT('',(-2.8,0.2,-1.1));
#7341=CARTESIAN_POINT('',(-2.8,0.2,-2.2));
#7342=CARTESIAN_POINT('',(-2.8,0.2,-2.2));
#7343=CARTESIAN_POINT('',(0.,0.2,0.));
#7344=CARTESIAN_POINT('',(-2.8,0.2,-2.2));
#7345=CARTESIAN_POINT('',(-2.8,0.2,-2.2));
#7346=CARTESIAN_POINT('',(2.8,0.2,-2.2));
#7347=CARTESIAN_POINT('',(2.8,0.2,-2.2));
#7348=CARTESIAN_POINT('',(2.8,0.2,-2.2));
#7349=CARTESIAN_POINT('',(2.8,0.2,-2.2));
#7350=CARTESIAN_POINT('',(3.2,0.2,-1.1));
#7351=CARTESIAN_POINT('',(3.2,0.2,-1.1));
#7352=CARTESIAN_POINT('',(3.2,0.2,-2.2));
#7353=CARTESIAN_POINT('',(3.2,0.2,-2.2));
#7354=CARTESIAN_POINT('',(0.,0.2,0.));
#7355=CARTESIAN_POINT('',(3.2,0.2,-2.2));
#7356=CARTESIAN_POINT('',(3.2,0.2,-2.2));
#7357=CARTESIAN_POINT('',(-1.275,0.25,0.677));
#7358=CARTESIAN_POINT('',(-1.275,0.25,0.677));
#7359=CARTESIAN_POINT('',(-1.275,0.25,0.677));
#7360=CARTESIAN_POINT('',(-1.275,0.25,0.677));
#7361=CARTESIAN_POINT('',(-1.725,0.25,0.677));
#7362=CARTESIAN_POINT('',(-1.725,0.25,0.677));
#7363=CARTESIAN_POINT('',(-1.725,0.25,0.677));
#7364=CARTESIAN_POINT('',(-1.725,0.25,0.677));
#7365=CARTESIAN_POINT('',(-1.725,0.25,1.075));
#7366=CARTESIAN_POINT('',(-1.725,0.25,1.075));
#7367=CARTESIAN_POINT('',(-1.725,0.25,1.075));
#7368=CARTESIAN_POINT('',(-1.725,0.25,1.075));
#7369=CARTESIAN_POINT('',(-1.275,0.25,1.075));
#7370=CARTESIAN_POINT('',(-1.275,0.25,1.075));
#7371=CARTESIAN_POINT('',(-1.275,0.25,1.075));
#7372=CARTESIAN_POINT('',(-1.275,0.25,1.075));
#7373=CARTESIAN_POINT('',(0.,0.25,0.));
#7374=CARTESIAN_POINT('',(-2.775,0.25,0.677));
#7375=CARTESIAN_POINT('',(-2.775,0.25,0.677));
#7376=CARTESIAN_POINT('',(-2.775,0.25,0.677));
#7377=CARTESIAN_POINT('',(-2.775,0.25,0.677));
#7378=CARTESIAN_POINT('',(-3.225,0.25,0.677));
#7379=CARTESIAN_POINT('',(-3.225,0.25,0.677));
#7380=CARTESIAN_POINT('',(-3.225,0.25,0.677));
#7381=CARTESIAN_POINT('',(-3.225,0.25,0.677));
#7382=CARTESIAN_POINT('',(-3.225,0.25,1.075));
#7383=CARTESIAN_POINT('',(-3.225,0.25,1.075));
#7384=CARTESIAN_POINT('',(-3.225,0.25,1.075));
#7385=CARTESIAN_POINT('',(-3.225,0.25,1.075));
#7386=CARTESIAN_POINT('',(-2.775,0.25,1.075));
#7387=CARTESIAN_POINT('',(-2.775,0.25,1.075));
#7388=CARTESIAN_POINT('',(-2.775,0.25,1.075));
#7389=CARTESIAN_POINT('',(-2.775,0.25,1.075));
#7390=CARTESIAN_POINT('',(0.,0.25,0.));
#7391=CARTESIAN_POINT('',(1.725,0.25,0.677));
#7392=CARTESIAN_POINT('',(1.725,0.25,0.677));
#7393=CARTESIAN_POINT('',(1.725,0.25,0.677));
#7394=CARTESIAN_POINT('',(1.725,0.25,0.677));
#7395=CARTESIAN_POINT('',(1.275,0.25,0.677));
#7396=CARTESIAN_POINT('',(1.275,0.25,0.677));
#7397=CARTESIAN_POINT('',(1.275,0.25,0.677));
#7398=CARTESIAN_POINT('',(1.275,0.25,0.677));
#7399=CARTESIAN_POINT('',(1.275,0.25,1.075));
#7400=CARTESIAN_POINT('',(1.275,0.25,1.075));
#7401=CARTESIAN_POINT('',(1.275,0.25,1.075));
#7402=CARTESIAN_POINT('',(1.275,0.25,1.075));
#7403=CARTESIAN_POINT('',(1.725,0.25,1.075));
#7404=CARTESIAN_POINT('',(1.725,0.25,1.075));
#7405=CARTESIAN_POINT('',(1.725,0.25,1.075));
#7406=CARTESIAN_POINT('',(1.725,0.25,1.075));
#7407=CARTESIAN_POINT('',(0.,0.25,0.));
#7408=CARTESIAN_POINT('',(3.225,0.25,0.677));
#7409=CARTESIAN_POINT('',(3.225,0.25,0.677));
#7410=CARTESIAN_POINT('',(3.225,0.25,0.677));
#7411=CARTESIAN_POINT('',(3.225,0.25,0.677));
#7412=CARTESIAN_POINT('',(2.775,0.25,0.677));
#7413=CARTESIAN_POINT('',(2.775,0.25,0.677));
#7414=CARTESIAN_POINT('',(2.775,0.25,0.677));
#7415=CARTESIAN_POINT('',(2.775,0.25,0.677));
#7416=CARTESIAN_POINT('',(2.775,0.25,1.075));
#7417=CARTESIAN_POINT('',(2.775,0.25,1.075));
#7418=CARTESIAN_POINT('',(2.775,0.25,1.075));
#7419=CARTESIAN_POINT('',(2.775,0.25,1.075));
#7420=CARTESIAN_POINT('',(3.225,0.25,1.075));
#7421=CARTESIAN_POINT('',(3.225,0.25,1.075));
#7422=CARTESIAN_POINT('',(3.225,0.25,1.075));
#7423=CARTESIAN_POINT('',(3.225,0.25,1.075));
#7424=CARTESIAN_POINT('',(0.,0.25,0.));
#7425=CARTESIAN_POINT('',(2.15,0.75,1.3));
#7426=CARTESIAN_POINT('',(-2.15,0.75,1.3));
#7427=CARTESIAN_POINT('',(-2.15,0.75,0.75));
#7428=CARTESIAN_POINT('',(2.15,0.75,1.3));
#7429=CARTESIAN_POINT('',(2.15,0.75,0.75));
#7430=CARTESIAN_POINT('',(2.15,0.75,0.75));
#7431=CARTESIAN_POINT('',(2.15,0.75,0.75));
#7432=CARTESIAN_POINT('',(-2.15,0.75,0.75));
#7433=CARTESIAN_POINT('',(-2.15,1.2,0.75));
#7434=CARTESIAN_POINT('',(2.15,0.75,0.75));
#7435=CARTESIAN_POINT('',(2.15,1.2,0.75));
#7436=CARTESIAN_POINT('',(2.15,1.2,0.75));
#7437=CARTESIAN_POINT('',(2.15,1.2,0.75));
#7438=CARTESIAN_POINT('',(-2.15,1.2,0.75));
#7439=CARTESIAN_POINT('',(2.15,1.2,0.75));
#7440=CARTESIAN_POINT('',(2.15,0.,0.));
#7441=CARTESIAN_POINT('',(-2.15,0.,0.));
#7442=CARTESIAN_POINT('',(0.,-1.4,0.));
#7443=CARTESIAN_POINT('',(0.65,0.,2.));
#7444=CARTESIAN_POINT('',(0.65,-1.1,2.));
#7445=CARTESIAN_POINT('',(0.45,-1.1,2.));
#7446=CARTESIAN_POINT('',(-0.45,-1.1,2.));
#7447=CARTESIAN_POINT('',(0.45,-1.2,2.));
#7448=CARTESIAN_POINT('',(0.45,0.,2.));
#7449=CARTESIAN_POINT('',(0.65,0.,2.));
#7450=CARTESIAN_POINT('',(-0.45,0.,2.));
#7451=CARTESIAN_POINT('',(-0.45,-1.2,2.));
#7452=CARTESIAN_POINT('',(0.65,-1.1,2.));
#7453=CARTESIAN_POINT('',(0.45,-1.1,1.8));
#7454=CARTESIAN_POINT('',(0.65,-1.1,1.8));
#7455=CARTESIAN_POINT('',(-0.45,-1.1,1.8));
#7456=CARTESIAN_POINT('',(-0.65,-1.1,1.8));
#7457=CARTESIAN_POINT('',(-0.65,-1.1,2.));
#7458=CARTESIAN_POINT('',(-0.65,-1.1,0.75));
#7459=CARTESIAN_POINT('',(0.65,-1.1,0.75));
#7460=CARTESIAN_POINT('',(0.65,-1.1,0.75));
#7461=CARTESIAN_POINT('',(0.65,-1.1,2.));
#7462=CARTESIAN_POINT('',(0.65,0.,-0.0499999999999998));
#7463=CARTESIAN_POINT('',(0.45,0.,1.8));
#7464=CARTESIAN_POINT('',(0.65,0.,1.8));
#7465=CARTESIAN_POINT('',(0.65,0.,-0.0499999999999998));
#7466=CARTESIAN_POINT('',(0.65,0.,-0.0499999999999998));
#7467=CARTESIAN_POINT('',(0.65,0.,-0.0499999999999998));
#7468=CARTESIAN_POINT('',(-0.65,0.,-0.0499999999999998));
#7469=CARTESIAN_POINT('',(-0.65,0.,-0.0499999999999998));
#7470=CARTESIAN_POINT('',(-0.65,0.,1.8));
#7471=CARTESIAN_POINT('',(-0.45,0.,1.8));
#7472=CARTESIAN_POINT('',(0.65,-1.1,0.75));
#7473=CARTESIAN_POINT('',(-0.65,-1.1,0.75));
#7474=CARTESIAN_POINT('',(-0.65,-0.582568851450469,0.704730640346718));
#7475=CARTESIAN_POINT('',(0.65,-0.582568851450469,0.704730640346718));
#7476=CARTESIAN_POINT('',(0.65,-0.582568851450469,0.704730640346718));
#7477=CARTESIAN_POINT('',(0.65,-1.1,0.75));
#7478=CARTESIAN_POINT('',(0.65,-0.6,0.505491700728368));
#7479=CARTESIAN_POINT('',(-0.65,-0.6,0.505491700728368));
#7480=CARTESIAN_POINT('',(-0.65,-0.4,0.505491700728368));
#7481=CARTESIAN_POINT('',(0.65,-0.4,0.505491700728368));
#7482=CARTESIAN_POINT('',(0.65,-0.4,0.505491700728368));
#7483=CARTESIAN_POINT('',(0.65,-0.6,0.505491700728368));
#7484=CARTESIAN_POINT('',(0.65,-0.4,0.505491700728368));
#7485=CARTESIAN_POINT('',(-0.65,-0.4,0.505491700728368));
#7486=CARTESIAN_POINT('',(-0.65,-0.4,-0.0499999999999998));
#7487=CARTESIAN_POINT('',(0.65,-0.4,-0.0499999999999998));
#7488=CARTESIAN_POINT('',(0.65,-0.4,-0.0499999999999998));
#7489=CARTESIAN_POINT('',(0.65,-0.4,0.505491700728368));
#7490=CARTESIAN_POINT('',(0.65,-0.4,-0.0499999999999998));
#7491=CARTESIAN_POINT('',(-0.65,-0.4,-0.0499999999999998));
#7492=CARTESIAN_POINT('',(0.65,-0.4,-0.0499999999999998));
#7493=CARTESIAN_POINT('',(0.65,-0.6,0.505491700728368));
#7494=CARTESIAN_POINT('',(0.65,-1.2,1.8));
#7495=CARTESIAN_POINT('',(-0.65,-0.6,0.505491700728368));
#7496=CARTESIAN_POINT('',(-0.65,-1.2,1.8));
#7497=CARTESIAN_POINT('',(-0.45,-1.2,1.8));
#7498=CARTESIAN_POINT('',(0.45,-1.2,1.8));
#7499=CARTESIAN_POINT('',(0.,-0.2,0.8));
#7500=MECHANICAL_DESIGN_GEOMETRIC_PRESENTATION_REPRESENTATION('',(#3569,
#3570,#3571,#3572,#3573,#3574,#3575,#3576,#3577,#3578,#3579,#3580,#3581,
#3582,#3583,#3584,#3585,#3586,#3587,#3588,#3589,#3590,#3591,#3592,#3593,
#3594,#3595,#3596,#3597,#3598,#3599,#3600,#3601,#3602,#3603,#3604,#3605,
#3606,#3607,#3608,#3609,#3610,#3611,#3612,#3613,#3614,#3615,#3616,#3617,
#3618,#3619,#3620,#3621,#3622,#3623,#3624,#3625,#3626,#3627,#3628,#3629,
#3630,#3631,#3632,#3633,#3634,#3635,#3636,#3637,#3638,#3639,#3640,#3641,
#3642,#3643,#3644,#3645,#3646,#3647,#3648,#3649,#3650,#3651,#3652,#3653,
#3654,#3655,#3656,#3657,#3658,#3659,#3660,#3661,#3662,#3663,#3664,#3665,
#3666,#3667,#3668,#3669,#3670,#3671,#3672,#3673,#3674,#3675,#3676,#3677,
#3678,#3679,#3680,#3681,#3682,#3683,#3684,#3685,#3686,#3687,#3688,#3689,
#3690,#3691,#3692,#3693,#3694,#3695,#3696,#3697,#3698,#3699,#3700,#3701,
#3702,#3703,#3704,#3705,#3706,#3707,#3708,#3709,#3710,#3711,#3712,#3713,
#3714,#3715,#3716,#3717,#3718,#3719,#3720,#3721,#3722,#3723,#3724,#3725,
#3726,#3727,#3728,#3729,#3730,#3731,#3732,#3733,#3734,#3735,#3736,#3737,
#3738,#3739,#3740,#3741,#3742,#3743,#3744,#3745,#3746,#3747,#3748,#3749,
#3750,#3751),#7501);
#7501=(
GEOMETRIC_REPRESENTATION_CONTEXT(3)
GLOBAL_UNCERTAINTY_ASSIGNED_CONTEXT((#7504))
GLOBAL_UNIT_ASSIGNED_CONTEXT((#7509,#7508,#7507))
REPRESENTATION_CONTEXT('CUS-13TB','TOP_LEVEL_ASSEMBLY_PART')
);
#7502=(
GEOMETRIC_REPRESENTATION_CONTEXT(3)
GLOBAL_UNCERTAINTY_ASSIGNED_CONTEXT((#7505))
GLOBAL_UNIT_ASSIGNED_CONTEXT((#7509,#7508,#7507))
REPRESENTATION_CONTEXT('CUS-13-body','COMPONENT_PART')
);
#7503=(
GEOMETRIC_REPRESENTATION_CONTEXT(3)
GLOBAL_UNCERTAINTY_ASSIGNED_CONTEXT((#7506))
GLOBAL_UNIT_ASSIGNED_CONTEXT((#7509,#7508,#7507))
REPRESENTATION_CONTEXT('CUS-13-slider','COMPONENT_PART')
);
#7504=UNCERTAINTY_MEASURE_WITH_UNIT(LENGTH_MEASURE(0.005),#7509,
'DISTANCE_ACCURACY_VALUE','Maximum Tolerance applied to model');
#7505=UNCERTAINTY_MEASURE_WITH_UNIT(LENGTH_MEASURE(0.005),#7509,
'DISTANCE_ACCURACY_VALUE','Maximum Tolerance applied to model');
#7506=UNCERTAINTY_MEASURE_WITH_UNIT(LENGTH_MEASURE(0.005),#7509,
'DISTANCE_ACCURACY_VALUE','Maximum Tolerance applied to model');
#7507=(
NAMED_UNIT(*)
SI_UNIT($,.STERADIAN.)
SOLID_ANGLE_UNIT()
);
#7508=(
NAMED_UNIT(*)
PLANE_ANGLE_UNIT()
SI_UNIT($,.RADIAN.)
);
#7509=(
LENGTH_UNIT()
NAMED_UNIT(*)
SI_UNIT(.MILLI.,.METRE.)
);
#7510=PRODUCT_DEFINITION_SHAPE('','',#7515);
#7511=PRODUCT_DEFINITION_SHAPE('','',#7516);
#7512=PRODUCT_DEFINITION_SHAPE(' ','NAUO PRDDFN',#13);
#7513=PRODUCT_DEFINITION_SHAPE('','',#7517);
#7514=PRODUCT_DEFINITION_SHAPE(' ','NAUO PRDDFN',#14);
#7515=PRODUCT_DEFINITION('','',#7521,#7518);
#7516=PRODUCT_DEFINITION('','',#7522,#7519);
#7517=PRODUCT_DEFINITION('','',#7523,#7520);
#7518=PRODUCT_DEFINITION_CONTEXT('',#7537,'design');
#7519=PRODUCT_DEFINITION_CONTEXT('',#7537,'design');
#7520=PRODUCT_DEFINITION_CONTEXT('',#7537,'design');
#7521=PRODUCT_DEFINITION_FORMATION_WITH_SPECIFIED_SOURCE('','',#7527,
 .NOT_KNOWN.);
#7522=PRODUCT_DEFINITION_FORMATION_WITH_SPECIFIED_SOURCE('','',#7528,
 .NOT_KNOWN.);
#7523=PRODUCT_DEFINITION_FORMATION_WITH_SPECIFIED_SOURCE('','',#7529,
 .NOT_KNOWN.);
#7524=PRODUCT_RELATED_PRODUCT_CATEGORY('','',(#7527));
#7525=PRODUCT_RELATED_PRODUCT_CATEGORY('','',(#7528));
#7526=PRODUCT_RELATED_PRODUCT_CATEGORY('','',(#7529));
#7527=PRODUCT('CUS-13TB','CUS-13TB','CUS-13TB',(#7533));
#7528=PRODUCT('CUS-13-body','CUS-13-body','CUS-13-body',(#7534));
#7529=PRODUCT('CUS-13-slider','CUS-13-slider','CUS-13-slider',(#7535));
#7530=PRODUCT_CATEGORY('','');
#7531=PRODUCT_CATEGORY('','');
#7532=PRODUCT_CATEGORY('','');
#7533=PRODUCT_CONTEXT('',#7537,'mechanical');
#7534=PRODUCT_CONTEXT('',#7537,'mechanical');
#7535=PRODUCT_CONTEXT('',#7537,'mechanical');
#7536=APPLICATION_PROTOCOL_DEFINITION('international standard',
'ap242_managed_model_based_3d_engineering',2011,#7537);
#7537=APPLICATION_CONTEXT('managed model based 3d engineering');
ENDSEC;
END-ISO-10303-21;
