ISO-10303-21;
HEADER;
FILE_DESCRIPTION(('FreeCAD Model'),'2;1');
FILE_NAME('Open CASCADE Shape Model','2025-10-05T00:17:11',(''),(''),
  'Open CASCADE STEP processor 7.8','FreeCAD','Unknown');
FILE_SCHEMA((
'AP242_MANAGED_MODEL_BASED_3D_ENGINEERING_MIM_LF. {1 0 10303 442 1 1 4 
}'));
ENDSEC;
DATA;
#1 = APPLICATION_PROTOCOL_DEFINITION('international standard',
  'ap242_managed_model_based_3d_engineering',2013,#2);
#2 = APPLICATION_CONTEXT('Managed model based 3d engineering');
#3 = SHAPE_DEFINITION_REPRESENTATION(#4,#10);
#4 = PRODUCT_DEFINITION_SHAPE('','',#5);
#5 = PRODUCT_DEFINITION('design','',#6,#9);
#6 = PRODUCT_DEFINITION_FORMATION('','',#7);
#7 = PRODUCT('Unnamed','Unnamed','',(#8));
#8 = PRODUCT_CONTEXT('',#2,'mechanical');
#9 = PRODUCT_DEFINITION_CONTEXT('part definition',#2,'design');
#10 = SHAPE_REPRESENTATION('',(#11,#15,#19,#23),#27);
#11 = AXIS2_PLACEMENT_3D('',#12,#13,#14);
#12 = CARTESIAN_POINT('',(0.,0.,0.));
#13 = DIRECTION('',(0.,0.,1.));
#14 = DIRECTION('',(1.,0.,-0.));
#15 = AXIS2_PLACEMENT_3D('',#16,#17,#18);
#16 = CARTESIAN_POINT('',(0.,0.,0.));
#17 = DIRECTION('',(0.,0.,1.));
#18 = DIRECTION('',(1.,0.,0.));
#19 = AXIS2_PLACEMENT_3D('',#20,#21,#22);
#20 = CARTESIAN_POINT('',(0.,-8.52499961853,0.));
#21 = DIRECTION('',(0.,0.,1.));
#22 = DIRECTION('',(1.,0.,0.));
#23 = AXIS2_PLACEMENT_3D('',#24,#25,#26);
#24 = CARTESIAN_POINT('',(0.,0.,0.));
#25 = DIRECTION('',(0.,0.,1.));
#26 = DIRECTION('',(1.,0.,0.));
#27 = ( GEOMETRIC_REPRESENTATION_CONTEXT(3) 
GLOBAL_UNCERTAINTY_ASSIGNED_CONTEXT((#31)) GLOBAL_UNIT_ASSIGNED_CONTEXT(
(#28,#29,#30)) REPRESENTATION_CONTEXT('Context #1',
  '3D Context with UNIT and UNCERTAINTY') );
#28 = ( LENGTH_UNIT() NAMED_UNIT(*) SI_UNIT(.MILLI.,.METRE.) );
#29 = ( NAMED_UNIT(*) PLANE_ANGLE_UNIT() SI_UNIT($,.RADIAN.) );
#30 = ( NAMED_UNIT(*) SI_UNIT($,.STERADIAN.) SOLID_ANGLE_UNIT() );
#31 = UNCERTAINTY_MEASURE_WITH_UNIT(LENGTH_MEASURE(1.E-06),#28,
  'distance_accuracy_value','confusion accuracy');
#32 = PRODUCT_RELATED_PRODUCT_CATEGORY('part',$,(#7));
#33 = SHAPE_DEFINITION_REPRESENTATION(#34,#40);
#34 = PRODUCT_DEFINITION_SHAPE('','',#35);
#35 = PRODUCT_DEFINITION('design','',#36,#39);
#36 = PRODUCT_DEFINITION_FORMATION('','',#37);
#37 = PRODUCT('Array (Mirror #1)','Array (Mirror #1)','',(#38));
#38 = PRODUCT_CONTEXT('',#2,'mechanical');
#39 = PRODUCT_DEFINITION_CONTEXT('part definition',#2,'design');
#40 = SHAPE_REPRESENTATION('',(#11,#41,#463,#885,#1307,#1729,#2151,#2573
    ,#2995,#3417,#3839,#4261,#4683,#5105,#5527,#5949,#6371,#6793,#7215,
    #7637,#8059,#8481,#8903),#9325);
#41 = MANIFOLD_SOLID_BREP('',#42);
#42 = CLOSED_SHELL('',(#43,#151,#182,#207,#232,#256,#280,#304,#328,#352,
    #376,#401,#426,#443));
#43 = ADVANCED_FACE('',(#44),#146,.F.);
#44 = FACE_BOUND('',#45,.T.);
#45 = EDGE_LOOP('',(#46,#56,#65,#73,#81,#89,#98,#106,#115,#123,#131,#139
    ));
#46 = ORIENTED_EDGE('',*,*,#47,.T.);
#47 = EDGE_CURVE('',#48,#50,#52,.T.);
#48 = VERTEX_POINT('',#49);
#49 = CARTESIAN_POINT('',(-5.5,-8.52499961853,0.45));
#50 = VERTEX_POINT('',#51);
#51 = CARTESIAN_POINT('',(-5.5,-8.52499961853,0.2));
#52 = LINE('',#53,#54);
#53 = CARTESIAN_POINT('',(-5.5,-8.52499961853,5.E-02));
#54 = VECTOR('',#55,1.);
#55 = DIRECTION('',(-0.,-0.,-1.));
#56 = ORIENTED_EDGE('',*,*,#57,.F.);
#57 = EDGE_CURVE('',#58,#50,#60,.T.);
#58 = VERTEX_POINT('',#59);
#59 = CARTESIAN_POINT('',(-5.6,-8.52499961853,0.1));
#60 = CIRCLE('',#61,0.1);
#61 = AXIS2_PLACEMENT_3D('',#62,#63,#64);
#62 = CARTESIAN_POINT('',(-5.6,-8.52499961853,0.2));
#63 = DIRECTION('',(0.,-1.,0.));
#64 = DIRECTION('',(0.,0.,1.));
#65 = ORIENTED_EDGE('',*,*,#66,.T.);
#66 = EDGE_CURVE('',#58,#67,#69,.T.);
#67 = VERTEX_POINT('',#68);
#68 = CARTESIAN_POINT('',(-5.9,-8.52499961853,0.1));
#69 = LINE('',#70,#71);
#70 = CARTESIAN_POINT('',(-5.25,-8.52499961853,0.1));
#71 = VECTOR('',#72,1.);
#72 = DIRECTION('',(-1.,-0.,-0.));
#73 = ORIENTED_EDGE('',*,*,#74,.F.);
#74 = EDGE_CURVE('',#75,#67,#77,.T.);
#75 = VERTEX_POINT('',#76);
#76 = CARTESIAN_POINT('',(-5.9,-8.52499961853,0.));
#77 = LINE('',#78,#79);
#78 = CARTESIAN_POINT('',(-5.9,-8.52499961853,0.));
#79 = VECTOR('',#80,1.);
#80 = DIRECTION('',(0.,0.,1.));
#81 = ORIENTED_EDGE('',*,*,#82,.F.);
#82 = EDGE_CURVE('',#83,#75,#85,.T.);
#83 = VERTEX_POINT('',#84);
#84 = CARTESIAN_POINT('',(-5.6,-8.52499961853,-2.775557561563E-17));
#85 = LINE('',#86,#87);
#86 = CARTESIAN_POINT('',(-5.,-8.52499961853,0.));
#87 = VECTOR('',#88,1.);
#88 = DIRECTION('',(-1.,-0.,-0.));
#89 = ORIENTED_EDGE('',*,*,#90,.T.);
#90 = EDGE_CURVE('',#83,#91,#93,.T.);
#91 = VERTEX_POINT('',#92);
#92 = CARTESIAN_POINT('',(-5.4,-8.52499961853,0.2));
#93 = CIRCLE('',#94,0.2);
#94 = AXIS2_PLACEMENT_3D('',#95,#96,#97);
#95 = CARTESIAN_POINT('',(-5.6,-8.52499961853,0.2));
#96 = DIRECTION('',(0.,-1.,0.));
#97 = DIRECTION('',(0.,0.,1.));
#98 = ORIENTED_EDGE('',*,*,#99,.F.);
#99 = EDGE_CURVE('',#100,#91,#102,.T.);
#100 = VERTEX_POINT('',#101);
#101 = CARTESIAN_POINT('',(-5.4,-8.52499961853,0.45));
#102 = LINE('',#103,#104);
#103 = CARTESIAN_POINT('',(-5.4,-8.52499961853,-5.E-02));
#104 = VECTOR('',#105,1.);
#105 = DIRECTION('',(-0.,-0.,-1.));
#106 = ORIENTED_EDGE('',*,*,#107,.F.);
#107 = EDGE_CURVE('',#108,#100,#110,.T.);
#108 = VERTEX_POINT('',#109);
#109 = CARTESIAN_POINT('',(-5.3,-8.52499961853,0.55));
#110 = CIRCLE('',#111,0.1);
#111 = AXIS2_PLACEMENT_3D('',#112,#113,#114);
#112 = CARTESIAN_POINT('',(-5.3,-8.52499961853,0.45));
#113 = DIRECTION('',(0.,-1.,0.));
#114 = DIRECTION('',(0.,0.,1.));
#115 = ORIENTED_EDGE('',*,*,#116,.F.);
#116 = EDGE_CURVE('',#117,#108,#119,.T.);
#117 = VERTEX_POINT('',#118);
#118 = CARTESIAN_POINT('',(-5.,-8.52499961853,0.55));
#119 = LINE('',#120,#121);
#120 = CARTESIAN_POINT('',(-4.5,-8.52499961853,0.55));
#121 = VECTOR('',#122,1.);
#122 = DIRECTION('',(-1.,-0.,-0.));
#123 = ORIENTED_EDGE('',*,*,#124,.T.);
#124 = EDGE_CURVE('',#117,#125,#127,.T.);
#125 = VERTEX_POINT('',#126);
#126 = CARTESIAN_POINT('',(-5.,-8.52499961853,0.65));
#127 = LINE('',#128,#129);
#128 = CARTESIAN_POINT('',(-5.,-8.52499961853,0.));
#129 = VECTOR('',#130,1.);
#130 = DIRECTION('',(0.,0.,1.));
#131 = ORIENTED_EDGE('',*,*,#132,.T.);
#132 = EDGE_CURVE('',#125,#133,#135,.T.);
#133 = VERTEX_POINT('',#134);
#134 = CARTESIAN_POINT('',(-5.3,-8.52499961853,0.65));
#135 = LINE('',#136,#137);
#136 = CARTESIAN_POINT('',(-5.,-8.52499961853,0.65));
#137 = VECTOR('',#138,1.);
#138 = DIRECTION('',(-1.,-0.,-0.));
#139 = ORIENTED_EDGE('',*,*,#140,.F.);
#140 = EDGE_CURVE('',#48,#133,#141,.T.);
#141 = CIRCLE('',#142,0.2);
#142 = AXIS2_PLACEMENT_3D('',#143,#144,#145);
#143 = CARTESIAN_POINT('',(-5.3,-8.52499961853,0.45));
#144 = DIRECTION('',(0.,1.,0.));
#145 = DIRECTION('',(0.,0.,1.));
#146 = PLANE('',#147);
#147 = AXIS2_PLACEMENT_3D('',#148,#149,#150);
#148 = CARTESIAN_POINT('',(-5.,-8.52499961853,0.));
#149 = DIRECTION('',(0.,1.,0.));
#150 = DIRECTION('',(0.,0.,-1.));
#151 = ADVANCED_FACE('',(#152),#177,.T.);
#152 = FACE_BOUND('',#153,.F.);
#153 = EDGE_LOOP('',(#154,#155,#163,#171));
#154 = ORIENTED_EDGE('',*,*,#47,.T.);
#155 = ORIENTED_EDGE('',*,*,#156,.T.);
#156 = EDGE_CURVE('',#50,#157,#159,.T.);
#157 = VERTEX_POINT('',#158);
#158 = CARTESIAN_POINT('',(-5.5,-8.27499961853,0.2));
#159 = LINE('',#160,#161);
#160 = CARTESIAN_POINT('',(-5.5,-8.52499961853,0.2));
#161 = VECTOR('',#162,1.);
#162 = DIRECTION('',(0.,1.,0.));
#163 = ORIENTED_EDGE('',*,*,#164,.F.);
#164 = EDGE_CURVE('',#165,#157,#167,.T.);
#165 = VERTEX_POINT('',#166);
#166 = CARTESIAN_POINT('',(-5.5,-8.27499961853,0.45));
#167 = LINE('',#168,#169);
#168 = CARTESIAN_POINT('',(-5.5,-8.27499961853,5.E-02));
#169 = VECTOR('',#170,1.);
#170 = DIRECTION('',(-0.,-0.,-1.));
#171 = ORIENTED_EDGE('',*,*,#172,.F.);
#172 = EDGE_CURVE('',#48,#165,#173,.T.);
#173 = LINE('',#174,#175);
#174 = CARTESIAN_POINT('',(-5.5,-8.52499961853,0.45));
#175 = VECTOR('',#176,1.);
#176 = DIRECTION('',(0.,1.,0.));
#177 = PLANE('',#178);
#178 = AXIS2_PLACEMENT_3D('',#179,#180,#181);
#179 = CARTESIAN_POINT('',(-5.5,-8.92499961853,0.1));
#180 = DIRECTION('',(-1.,-0.,-0.));
#181 = DIRECTION('',(0.,0.,-1.));
#182 = ADVANCED_FACE('',(#183),#202,.T.);
#183 = FACE_BOUND('',#184,.T.);
#184 = EDGE_LOOP('',(#185,#186,#194,#201));
#185 = ORIENTED_EDGE('',*,*,#140,.T.);
#186 = ORIENTED_EDGE('',*,*,#187,.T.);
#187 = EDGE_CURVE('',#133,#188,#190,.T.);
#188 = VERTEX_POINT('',#189);
#189 = CARTESIAN_POINT('',(-5.3,-8.27499961853,0.65));
#190 = LINE('',#191,#192);
#191 = CARTESIAN_POINT('',(-5.3,-8.52499961853,0.65));
#192 = VECTOR('',#193,1.);
#193 = DIRECTION('',(0.,1.,0.));
#194 = ORIENTED_EDGE('',*,*,#195,.F.);
#195 = EDGE_CURVE('',#165,#188,#196,.T.);
#196 = CIRCLE('',#197,0.2);
#197 = AXIS2_PLACEMENT_3D('',#198,#199,#200);
#198 = CARTESIAN_POINT('',(-5.3,-8.27499961853,0.45));
#199 = DIRECTION('',(0.,1.,0.));
#200 = DIRECTION('',(0.,0.,1.));
#201 = ORIENTED_EDGE('',*,*,#172,.F.);
#202 = CYLINDRICAL_SURFACE('',#203,0.2);
#203 = AXIS2_PLACEMENT_3D('',#204,#205,#206);
#204 = CARTESIAN_POINT('',(-5.3,-8.52499961853,0.45));
#205 = DIRECTION('',(0.,1.,0.));
#206 = DIRECTION('',(-1.,-0.,-0.));
#207 = ADVANCED_FACE('',(#208),#227,.F.);
#208 = FACE_BOUND('',#209,.T.);
#209 = EDGE_LOOP('',(#210,#211,#212,#221));
#210 = ORIENTED_EDGE('',*,*,#57,.T.);
#211 = ORIENTED_EDGE('',*,*,#156,.T.);
#212 = ORIENTED_EDGE('',*,*,#213,.F.);
#213 = EDGE_CURVE('',#214,#157,#216,.T.);
#214 = VERTEX_POINT('',#215);
#215 = CARTESIAN_POINT('',(-5.6,-8.27499961853,0.1));
#216 = CIRCLE('',#217,0.1);
#217 = AXIS2_PLACEMENT_3D('',#218,#219,#220);
#218 = CARTESIAN_POINT('',(-5.6,-8.27499961853,0.2));
#219 = DIRECTION('',(0.,-1.,0.));
#220 = DIRECTION('',(0.,0.,1.));
#221 = ORIENTED_EDGE('',*,*,#222,.F.);
#222 = EDGE_CURVE('',#58,#214,#223,.T.);
#223 = LINE('',#224,#225);
#224 = CARTESIAN_POINT('',(-5.6,-8.52499961853,0.1));
#225 = VECTOR('',#226,1.);
#226 = DIRECTION('',(0.,1.,0.));
#227 = CYLINDRICAL_SURFACE('',#228,0.1);
#228 = AXIS2_PLACEMENT_3D('',#229,#230,#231);
#229 = CARTESIAN_POINT('',(-5.6,-8.52499961853,0.2));
#230 = DIRECTION('',(0.,1.,0.));
#231 = DIRECTION('',(-0.,-0.,-1.));
#232 = ADVANCED_FACE('',(#233),#251,.T.);
#233 = FACE_BOUND('',#234,.F.);
#234 = EDGE_LOOP('',(#235,#243,#249,#250));
#235 = ORIENTED_EDGE('',*,*,#236,.F.);
#236 = EDGE_CURVE('',#237,#188,#239,.T.);
#237 = VERTEX_POINT('',#238);
#238 = CARTESIAN_POINT('',(-5.,-8.27499961853,0.65));
#239 = LINE('',#240,#241);
#240 = CARTESIAN_POINT('',(-5.,-8.27499961853,0.65));
#241 = VECTOR('',#242,1.);
#242 = DIRECTION('',(-1.,-0.,-0.));
#243 = ORIENTED_EDGE('',*,*,#244,.F.);
#244 = EDGE_CURVE('',#125,#237,#245,.T.);
#245 = LINE('',#246,#247);
#246 = CARTESIAN_POINT('',(-5.,-8.52499961853,0.65));
#247 = VECTOR('',#248,1.);
#248 = DIRECTION('',(0.,1.,0.));
#249 = ORIENTED_EDGE('',*,*,#132,.T.);
#250 = ORIENTED_EDGE('',*,*,#187,.T.);
#251 = PLANE('',#252);
#252 = AXIS2_PLACEMENT_3D('',#253,#254,#255);
#253 = CARTESIAN_POINT('',(-5.,-8.52499961853,0.65));
#254 = DIRECTION('',(0.,0.,1.));
#255 = DIRECTION('',(1.,0.,0.));
#256 = ADVANCED_FACE('',(#257),#275,.T.);
#257 = FACE_BOUND('',#258,.F.);
#258 = EDGE_LOOP('',(#259,#267,#268,#269));
#259 = ORIENTED_EDGE('',*,*,#260,.F.);
#260 = EDGE_CURVE('',#214,#261,#263,.T.);
#261 = VERTEX_POINT('',#262);
#262 = CARTESIAN_POINT('',(-5.9,-8.27499961853,0.1));
#263 = LINE('',#264,#265);
#264 = CARTESIAN_POINT('',(-5.25,-8.27499961853,0.1));
#265 = VECTOR('',#266,1.);
#266 = DIRECTION('',(-1.,-0.,-0.));
#267 = ORIENTED_EDGE('',*,*,#222,.F.);
#268 = ORIENTED_EDGE('',*,*,#66,.T.);
#269 = ORIENTED_EDGE('',*,*,#270,.F.);
#270 = EDGE_CURVE('',#261,#67,#271,.T.);
#271 = LINE('',#272,#273);
#272 = CARTESIAN_POINT('',(-5.9,-8.72499961853,0.1));
#273 = VECTOR('',#274,1.);
#274 = DIRECTION('',(-0.,-1.,-0.));
#275 = PLANE('',#276);
#276 = AXIS2_PLACEMENT_3D('',#277,#278,#279);
#277 = CARTESIAN_POINT('',(-5.5,-8.92499961853,0.1));
#278 = DIRECTION('',(0.,0.,1.));
#279 = DIRECTION('',(1.,0.,0.));
#280 = ADVANCED_FACE('',(#281),#299,.F.);
#281 = FACE_BOUND('',#282,.T.);
#282 = EDGE_LOOP('',(#283,#284,#292,#298));
#283 = ORIENTED_EDGE('',*,*,#124,.F.);
#284 = ORIENTED_EDGE('',*,*,#285,.F.);
#285 = EDGE_CURVE('',#286,#117,#288,.T.);
#286 = VERTEX_POINT('',#287);
#287 = CARTESIAN_POINT('',(-5.,-8.27499961853,0.55));
#288 = LINE('',#289,#290);
#289 = CARTESIAN_POINT('',(-5.,-8.72499961853,0.55));
#290 = VECTOR('',#291,1.);
#291 = DIRECTION('',(-0.,-1.,-0.));
#292 = ORIENTED_EDGE('',*,*,#293,.T.);
#293 = EDGE_CURVE('',#286,#237,#294,.T.);
#294 = LINE('',#295,#296);
#295 = CARTESIAN_POINT('',(-5.,-8.27499961853,0.));
#296 = VECTOR('',#297,1.);
#297 = DIRECTION('',(0.,0.,1.));
#298 = ORIENTED_EDGE('',*,*,#244,.F.);
#299 = PLANE('',#300);
#300 = AXIS2_PLACEMENT_3D('',#301,#302,#303);
#301 = CARTESIAN_POINT('',(-5.,-8.52499961853,0.));
#302 = DIRECTION('',(-1.,-0.,-0.));
#303 = DIRECTION('',(0.,0.,-1.));
#304 = ADVANCED_FACE('',(#305),#323,.T.);
#305 = FACE_BOUND('',#306,.F.);
#306 = EDGE_LOOP('',(#307,#308,#316,#322));
#307 = ORIENTED_EDGE('',*,*,#74,.F.);
#308 = ORIENTED_EDGE('',*,*,#309,.T.);
#309 = EDGE_CURVE('',#75,#310,#312,.T.);
#310 = VERTEX_POINT('',#311);
#311 = CARTESIAN_POINT('',(-5.9,-8.27499961853,0.));
#312 = LINE('',#313,#314);
#313 = CARTESIAN_POINT('',(-5.9,-8.52499961853,0.));
#314 = VECTOR('',#315,1.);
#315 = DIRECTION('',(0.,1.,0.));
#316 = ORIENTED_EDGE('',*,*,#317,.T.);
#317 = EDGE_CURVE('',#310,#261,#318,.T.);
#318 = LINE('',#319,#320);
#319 = CARTESIAN_POINT('',(-5.9,-8.27499961853,0.));
#320 = VECTOR('',#321,1.);
#321 = DIRECTION('',(0.,0.,1.));
#322 = ORIENTED_EDGE('',*,*,#270,.T.);
#323 = PLANE('',#324);
#324 = AXIS2_PLACEMENT_3D('',#325,#326,#327);
#325 = CARTESIAN_POINT('',(-5.9,-8.52499961853,0.));
#326 = DIRECTION('',(-1.,-0.,-0.));
#327 = DIRECTION('',(0.,0.,-1.));
#328 = ADVANCED_FACE('',(#329),#347,.F.);
#329 = FACE_BOUND('',#330,.T.);
#330 = EDGE_LOOP('',(#331,#332,#340,#346));
#331 = ORIENTED_EDGE('',*,*,#116,.T.);
#332 = ORIENTED_EDGE('',*,*,#333,.T.);
#333 = EDGE_CURVE('',#108,#334,#336,.T.);
#334 = VERTEX_POINT('',#335);
#335 = CARTESIAN_POINT('',(-5.3,-8.27499961853,0.55));
#336 = LINE('',#337,#338);
#337 = CARTESIAN_POINT('',(-5.3,-8.52499961853,0.55));
#338 = VECTOR('',#339,1.);
#339 = DIRECTION('',(0.,1.,0.));
#340 = ORIENTED_EDGE('',*,*,#341,.F.);
#341 = EDGE_CURVE('',#286,#334,#342,.T.);
#342 = LINE('',#343,#344);
#343 = CARTESIAN_POINT('',(-4.5,-8.27499961853,0.55));
#344 = VECTOR('',#345,1.);
#345 = DIRECTION('',(-1.,-0.,-0.));
#346 = ORIENTED_EDGE('',*,*,#285,.T.);
#347 = PLANE('',#348);
#348 = AXIS2_PLACEMENT_3D('',#349,#350,#351);
#349 = CARTESIAN_POINT('',(-4.,-8.92499961853,0.55));
#350 = DIRECTION('',(0.,0.,1.));
#351 = DIRECTION('',(1.,0.,0.));
#352 = ADVANCED_FACE('',(#353),#371,.F.);
#353 = FACE_BOUND('',#354,.T.);
#354 = EDGE_LOOP('',(#355,#363,#369,#370));
#355 = ORIENTED_EDGE('',*,*,#356,.F.);
#356 = EDGE_CURVE('',#357,#310,#359,.T.);
#357 = VERTEX_POINT('',#358);
#358 = CARTESIAN_POINT('',(-5.6,-8.27499961853,-2.775557561563E-17));
#359 = LINE('',#360,#361);
#360 = CARTESIAN_POINT('',(-5.,-8.27499961853,0.));
#361 = VECTOR('',#362,1.);
#362 = DIRECTION('',(-1.,-0.,-0.));
#363 = ORIENTED_EDGE('',*,*,#364,.F.);
#364 = EDGE_CURVE('',#83,#357,#365,.T.);
#365 = LINE('',#366,#367);
#366 = CARTESIAN_POINT('',(-5.6,-8.52499961853,-2.775557561563E-17));
#367 = VECTOR('',#368,1.);
#368 = DIRECTION('',(0.,1.,0.));
#369 = ORIENTED_EDGE('',*,*,#82,.T.);
#370 = ORIENTED_EDGE('',*,*,#309,.T.);
#371 = PLANE('',#372);
#372 = AXIS2_PLACEMENT_3D('',#373,#374,#375);
#373 = CARTESIAN_POINT('',(-5.,-8.52499961853,0.));
#374 = DIRECTION('',(0.,0.,1.));
#375 = DIRECTION('',(1.,0.,0.));
#376 = ADVANCED_FACE('',(#377),#396,.F.);
#377 = FACE_BOUND('',#378,.T.);
#378 = EDGE_LOOP('',(#379,#380,#388,#395));
#379 = ORIENTED_EDGE('',*,*,#107,.T.);
#380 = ORIENTED_EDGE('',*,*,#381,.T.);
#381 = EDGE_CURVE('',#100,#382,#384,.T.);
#382 = VERTEX_POINT('',#383);
#383 = CARTESIAN_POINT('',(-5.4,-8.27499961853,0.45));
#384 = LINE('',#385,#386);
#385 = CARTESIAN_POINT('',(-5.4,-8.52499961853,0.45));
#386 = VECTOR('',#387,1.);
#387 = DIRECTION('',(0.,1.,0.));
#388 = ORIENTED_EDGE('',*,*,#389,.F.);
#389 = EDGE_CURVE('',#334,#382,#390,.T.);
#390 = CIRCLE('',#391,0.1);
#391 = AXIS2_PLACEMENT_3D('',#392,#393,#394);
#392 = CARTESIAN_POINT('',(-5.3,-8.27499961853,0.45));
#393 = DIRECTION('',(0.,-1.,0.));
#394 = DIRECTION('',(0.,0.,1.));
#395 = ORIENTED_EDGE('',*,*,#333,.F.);
#396 = CYLINDRICAL_SURFACE('',#397,0.1);
#397 = AXIS2_PLACEMENT_3D('',#398,#399,#400);
#398 = CARTESIAN_POINT('',(-5.3,-8.52499961853,0.45));
#399 = DIRECTION('',(0.,1.,0.));
#400 = DIRECTION('',(0.,0.,1.));
#401 = ADVANCED_FACE('',(#402),#421,.T.);
#402 = FACE_BOUND('',#403,.F.);
#403 = EDGE_LOOP('',(#404,#405,#413,#420));
#404 = ORIENTED_EDGE('',*,*,#90,.T.);
#405 = ORIENTED_EDGE('',*,*,#406,.T.);
#406 = EDGE_CURVE('',#91,#407,#409,.T.);
#407 = VERTEX_POINT('',#408);
#408 = CARTESIAN_POINT('',(-5.4,-8.27499961853,0.2));
#409 = LINE('',#410,#411);
#410 = CARTESIAN_POINT('',(-5.4,-8.52499961853,0.2));
#411 = VECTOR('',#412,1.);
#412 = DIRECTION('',(0.,1.,0.));
#413 = ORIENTED_EDGE('',*,*,#414,.F.);
#414 = EDGE_CURVE('',#357,#407,#415,.T.);
#415 = CIRCLE('',#416,0.2);
#416 = AXIS2_PLACEMENT_3D('',#417,#418,#419);
#417 = CARTESIAN_POINT('',(-5.6,-8.27499961853,0.2));
#418 = DIRECTION('',(0.,-1.,0.));
#419 = DIRECTION('',(0.,0.,1.));
#420 = ORIENTED_EDGE('',*,*,#364,.F.);
#421 = CYLINDRICAL_SURFACE('',#422,0.2);
#422 = AXIS2_PLACEMENT_3D('',#423,#424,#425);
#423 = CARTESIAN_POINT('',(-5.6,-8.52499961853,0.2));
#424 = DIRECTION('',(0.,1.,0.));
#425 = DIRECTION('',(-0.,-0.,-1.));
#426 = ADVANCED_FACE('',(#427),#438,.F.);
#427 = FACE_BOUND('',#428,.T.);
#428 = EDGE_LOOP('',(#429,#435,#436,#437));
#429 = ORIENTED_EDGE('',*,*,#430,.F.);
#430 = EDGE_CURVE('',#382,#407,#431,.T.);
#431 = LINE('',#432,#433);
#432 = CARTESIAN_POINT('',(-5.4,-8.27499961853,-5.E-02));
#433 = VECTOR('',#434,1.);
#434 = DIRECTION('',(-0.,-0.,-1.));
#435 = ORIENTED_EDGE('',*,*,#381,.F.);
#436 = ORIENTED_EDGE('',*,*,#99,.T.);
#437 = ORIENTED_EDGE('',*,*,#406,.T.);
#438 = PLANE('',#439);
#439 = AXIS2_PLACEMENT_3D('',#440,#441,#442);
#440 = CARTESIAN_POINT('',(-5.4,-8.92499961853,-0.1));
#441 = DIRECTION('',(-1.,-0.,-0.));
#442 = DIRECTION('',(0.,0.,-1.));
#443 = ADVANCED_FACE('',(#444),#458,.T.);
#444 = FACE_BOUND('',#445,.F.);
#445 = EDGE_LOOP('',(#446,#447,#448,#449,#450,#451,#452,#453,#454,#455,
    #456,#457));
#446 = ORIENTED_EDGE('',*,*,#164,.T.);
#447 = ORIENTED_EDGE('',*,*,#213,.F.);
#448 = ORIENTED_EDGE('',*,*,#260,.T.);
#449 = ORIENTED_EDGE('',*,*,#317,.F.);
#450 = ORIENTED_EDGE('',*,*,#356,.F.);
#451 = ORIENTED_EDGE('',*,*,#414,.T.);
#452 = ORIENTED_EDGE('',*,*,#430,.F.);
#453 = ORIENTED_EDGE('',*,*,#389,.F.);
#454 = ORIENTED_EDGE('',*,*,#341,.F.);
#455 = ORIENTED_EDGE('',*,*,#293,.T.);
#456 = ORIENTED_EDGE('',*,*,#236,.T.);
#457 = ORIENTED_EDGE('',*,*,#195,.F.);
#458 = PLANE('',#459);
#459 = AXIS2_PLACEMENT_3D('',#460,#461,#462);
#460 = CARTESIAN_POINT('',(-5.,-8.27499961853,0.));
#461 = DIRECTION('',(0.,1.,0.));
#462 = DIRECTION('',(0.,0.,-1.));
#463 = MANIFOLD_SOLID_BREP('',#464);
#464 = CLOSED_SHELL('',(#465,#573,#604,#629,#654,#678,#702,#726,#750,
    #774,#798,#823,#848,#865));
#465 = ADVANCED_FACE('',(#466),#568,.F.);
#466 = FACE_BOUND('',#467,.T.);
#467 = EDGE_LOOP('',(#468,#478,#487,#495,#503,#511,#520,#528,#537,#545,
    #553,#561));
#468 = ORIENTED_EDGE('',*,*,#469,.T.);
#469 = EDGE_CURVE('',#470,#472,#474,.T.);
#470 = VERTEX_POINT('',#471);
#471 = CARTESIAN_POINT('',(-5.5,-7.72499961853,0.45));
#472 = VERTEX_POINT('',#473);
#473 = CARTESIAN_POINT('',(-5.5,-7.72499961853,0.2));
#474 = LINE('',#475,#476);
#475 = CARTESIAN_POINT('',(-5.5,-7.72499961853,5.E-02));
#476 = VECTOR('',#477,1.);
#477 = DIRECTION('',(-0.,-0.,-1.));
#478 = ORIENTED_EDGE('',*,*,#479,.F.);
#479 = EDGE_CURVE('',#480,#472,#482,.T.);
#480 = VERTEX_POINT('',#481);
#481 = CARTESIAN_POINT('',(-5.6,-7.72499961853,0.1));
#482 = CIRCLE('',#483,0.1);
#483 = AXIS2_PLACEMENT_3D('',#484,#485,#486);
#484 = CARTESIAN_POINT('',(-5.6,-7.72499961853,0.2));
#485 = DIRECTION('',(0.,-1.,0.));
#486 = DIRECTION('',(0.,0.,1.));
#487 = ORIENTED_EDGE('',*,*,#488,.T.);
#488 = EDGE_CURVE('',#480,#489,#491,.T.);
#489 = VERTEX_POINT('',#490);
#490 = CARTESIAN_POINT('',(-5.9,-7.72499961853,0.1));
#491 = LINE('',#492,#493);
#492 = CARTESIAN_POINT('',(-5.25,-7.72499961853,0.1));
#493 = VECTOR('',#494,1.);
#494 = DIRECTION('',(-1.,-0.,-0.));
#495 = ORIENTED_EDGE('',*,*,#496,.F.);
#496 = EDGE_CURVE('',#497,#489,#499,.T.);
#497 = VERTEX_POINT('',#498);
#498 = CARTESIAN_POINT('',(-5.9,-7.72499961853,0.));
#499 = LINE('',#500,#501);
#500 = CARTESIAN_POINT('',(-5.9,-7.72499961853,0.));
#501 = VECTOR('',#502,1.);
#502 = DIRECTION('',(0.,0.,1.));
#503 = ORIENTED_EDGE('',*,*,#504,.F.);
#504 = EDGE_CURVE('',#505,#497,#507,.T.);
#505 = VERTEX_POINT('',#506);
#506 = CARTESIAN_POINT('',(-5.6,-7.72499961853,-2.775557561563E-17));
#507 = LINE('',#508,#509);
#508 = CARTESIAN_POINT('',(-5.,-7.72499961853,0.));
#509 = VECTOR('',#510,1.);
#510 = DIRECTION('',(-1.,-0.,-0.));
#511 = ORIENTED_EDGE('',*,*,#512,.T.);
#512 = EDGE_CURVE('',#505,#513,#515,.T.);
#513 = VERTEX_POINT('',#514);
#514 = CARTESIAN_POINT('',(-5.4,-7.72499961853,0.2));
#515 = CIRCLE('',#516,0.2);
#516 = AXIS2_PLACEMENT_3D('',#517,#518,#519);
#517 = CARTESIAN_POINT('',(-5.6,-7.72499961853,0.2));
#518 = DIRECTION('',(0.,-1.,0.));
#519 = DIRECTION('',(0.,0.,1.));
#520 = ORIENTED_EDGE('',*,*,#521,.F.);
#521 = EDGE_CURVE('',#522,#513,#524,.T.);
#522 = VERTEX_POINT('',#523);
#523 = CARTESIAN_POINT('',(-5.4,-7.72499961853,0.45));
#524 = LINE('',#525,#526);
#525 = CARTESIAN_POINT('',(-5.4,-7.72499961853,-5.E-02));
#526 = VECTOR('',#527,1.);
#527 = DIRECTION('',(-0.,-0.,-1.));
#528 = ORIENTED_EDGE('',*,*,#529,.F.);
#529 = EDGE_CURVE('',#530,#522,#532,.T.);
#530 = VERTEX_POINT('',#531);
#531 = CARTESIAN_POINT('',(-5.3,-7.72499961853,0.55));
#532 = CIRCLE('',#533,0.1);
#533 = AXIS2_PLACEMENT_3D('',#534,#535,#536);
#534 = CARTESIAN_POINT('',(-5.3,-7.72499961853,0.45));
#535 = DIRECTION('',(0.,-1.,0.));
#536 = DIRECTION('',(0.,0.,1.));
#537 = ORIENTED_EDGE('',*,*,#538,.F.);
#538 = EDGE_CURVE('',#539,#530,#541,.T.);
#539 = VERTEX_POINT('',#540);
#540 = CARTESIAN_POINT('',(-5.,-7.72499961853,0.55));
#541 = LINE('',#542,#543);
#542 = CARTESIAN_POINT('',(-4.5,-7.72499961853,0.55));
#543 = VECTOR('',#544,1.);
#544 = DIRECTION('',(-1.,-0.,-0.));
#545 = ORIENTED_EDGE('',*,*,#546,.T.);
#546 = EDGE_CURVE('',#539,#547,#549,.T.);
#547 = VERTEX_POINT('',#548);
#548 = CARTESIAN_POINT('',(-5.,-7.72499961853,0.65));
#549 = LINE('',#550,#551);
#550 = CARTESIAN_POINT('',(-5.,-7.72499961853,0.));
#551 = VECTOR('',#552,1.);
#552 = DIRECTION('',(0.,0.,1.));
#553 = ORIENTED_EDGE('',*,*,#554,.T.);
#554 = EDGE_CURVE('',#547,#555,#557,.T.);
#555 = VERTEX_POINT('',#556);
#556 = CARTESIAN_POINT('',(-5.3,-7.72499961853,0.65));
#557 = LINE('',#558,#559);
#558 = CARTESIAN_POINT('',(-5.,-7.72499961853,0.65));
#559 = VECTOR('',#560,1.);
#560 = DIRECTION('',(-1.,-0.,-0.));
#561 = ORIENTED_EDGE('',*,*,#562,.F.);
#562 = EDGE_CURVE('',#470,#555,#563,.T.);
#563 = CIRCLE('',#564,0.2);
#564 = AXIS2_PLACEMENT_3D('',#565,#566,#567);
#565 = CARTESIAN_POINT('',(-5.3,-7.72499961853,0.45));
#566 = DIRECTION('',(0.,1.,0.));
#567 = DIRECTION('',(0.,0.,1.));
#568 = PLANE('',#569);
#569 = AXIS2_PLACEMENT_3D('',#570,#571,#572);
#570 = CARTESIAN_POINT('',(-5.,-7.72499961853,0.));
#571 = DIRECTION('',(0.,1.,0.));
#572 = DIRECTION('',(0.,0.,-1.));
#573 = ADVANCED_FACE('',(#574),#599,.T.);
#574 = FACE_BOUND('',#575,.F.);
#575 = EDGE_LOOP('',(#576,#577,#585,#593));
#576 = ORIENTED_EDGE('',*,*,#469,.T.);
#577 = ORIENTED_EDGE('',*,*,#578,.T.);
#578 = EDGE_CURVE('',#472,#579,#581,.T.);
#579 = VERTEX_POINT('',#580);
#580 = CARTESIAN_POINT('',(-5.5,-7.47499961853,0.2));
#581 = LINE('',#582,#583);
#582 = CARTESIAN_POINT('',(-5.5,-7.72499961853,0.2));
#583 = VECTOR('',#584,1.);
#584 = DIRECTION('',(0.,1.,0.));
#585 = ORIENTED_EDGE('',*,*,#586,.F.);
#586 = EDGE_CURVE('',#587,#579,#589,.T.);
#587 = VERTEX_POINT('',#588);
#588 = CARTESIAN_POINT('',(-5.5,-7.47499961853,0.45));
#589 = LINE('',#590,#591);
#590 = CARTESIAN_POINT('',(-5.5,-7.47499961853,5.E-02));
#591 = VECTOR('',#592,1.);
#592 = DIRECTION('',(-0.,-0.,-1.));
#593 = ORIENTED_EDGE('',*,*,#594,.F.);
#594 = EDGE_CURVE('',#470,#587,#595,.T.);
#595 = LINE('',#596,#597);
#596 = CARTESIAN_POINT('',(-5.5,-7.72499961853,0.45));
#597 = VECTOR('',#598,1.);
#598 = DIRECTION('',(0.,1.,0.));
#599 = PLANE('',#600);
#600 = AXIS2_PLACEMENT_3D('',#601,#602,#603);
#601 = CARTESIAN_POINT('',(-5.5,-8.12499961853,0.1));
#602 = DIRECTION('',(-1.,-0.,-0.));
#603 = DIRECTION('',(0.,0.,-1.));
#604 = ADVANCED_FACE('',(#605),#624,.T.);
#605 = FACE_BOUND('',#606,.T.);
#606 = EDGE_LOOP('',(#607,#608,#616,#623));
#607 = ORIENTED_EDGE('',*,*,#562,.T.);
#608 = ORIENTED_EDGE('',*,*,#609,.T.);
#609 = EDGE_CURVE('',#555,#610,#612,.T.);
#610 = VERTEX_POINT('',#611);
#611 = CARTESIAN_POINT('',(-5.3,-7.47499961853,0.65));
#612 = LINE('',#613,#614);
#613 = CARTESIAN_POINT('',(-5.3,-7.72499961853,0.65));
#614 = VECTOR('',#615,1.);
#615 = DIRECTION('',(0.,1.,0.));
#616 = ORIENTED_EDGE('',*,*,#617,.F.);
#617 = EDGE_CURVE('',#587,#610,#618,.T.);
#618 = CIRCLE('',#619,0.2);
#619 = AXIS2_PLACEMENT_3D('',#620,#621,#622);
#620 = CARTESIAN_POINT('',(-5.3,-7.47499961853,0.45));
#621 = DIRECTION('',(0.,1.,0.));
#622 = DIRECTION('',(0.,0.,1.));
#623 = ORIENTED_EDGE('',*,*,#594,.F.);
#624 = CYLINDRICAL_SURFACE('',#625,0.2);
#625 = AXIS2_PLACEMENT_3D('',#626,#627,#628);
#626 = CARTESIAN_POINT('',(-5.3,-7.72499961853,0.45));
#627 = DIRECTION('',(0.,1.,0.));
#628 = DIRECTION('',(-1.,-0.,-0.));
#629 = ADVANCED_FACE('',(#630),#649,.F.);
#630 = FACE_BOUND('',#631,.T.);
#631 = EDGE_LOOP('',(#632,#633,#634,#643));
#632 = ORIENTED_EDGE('',*,*,#479,.T.);
#633 = ORIENTED_EDGE('',*,*,#578,.T.);
#634 = ORIENTED_EDGE('',*,*,#635,.F.);
#635 = EDGE_CURVE('',#636,#579,#638,.T.);
#636 = VERTEX_POINT('',#637);
#637 = CARTESIAN_POINT('',(-5.6,-7.47499961853,0.1));
#638 = CIRCLE('',#639,0.1);
#639 = AXIS2_PLACEMENT_3D('',#640,#641,#642);
#640 = CARTESIAN_POINT('',(-5.6,-7.47499961853,0.2));
#641 = DIRECTION('',(0.,-1.,0.));
#642 = DIRECTION('',(0.,0.,1.));
#643 = ORIENTED_EDGE('',*,*,#644,.F.);
#644 = EDGE_CURVE('',#480,#636,#645,.T.);
#645 = LINE('',#646,#647);
#646 = CARTESIAN_POINT('',(-5.6,-7.72499961853,0.1));
#647 = VECTOR('',#648,1.);
#648 = DIRECTION('',(0.,1.,0.));
#649 = CYLINDRICAL_SURFACE('',#650,0.1);
#650 = AXIS2_PLACEMENT_3D('',#651,#652,#653);
#651 = CARTESIAN_POINT('',(-5.6,-7.72499961853,0.2));
#652 = DIRECTION('',(0.,1.,0.));
#653 = DIRECTION('',(-0.,-0.,-1.));
#654 = ADVANCED_FACE('',(#655),#673,.T.);
#655 = FACE_BOUND('',#656,.F.);
#656 = EDGE_LOOP('',(#657,#665,#671,#672));
#657 = ORIENTED_EDGE('',*,*,#658,.F.);
#658 = EDGE_CURVE('',#659,#610,#661,.T.);
#659 = VERTEX_POINT('',#660);
#660 = CARTESIAN_POINT('',(-5.,-7.47499961853,0.65));
#661 = LINE('',#662,#663);
#662 = CARTESIAN_POINT('',(-5.,-7.47499961853,0.65));
#663 = VECTOR('',#664,1.);
#664 = DIRECTION('',(-1.,-0.,-0.));
#665 = ORIENTED_EDGE('',*,*,#666,.F.);
#666 = EDGE_CURVE('',#547,#659,#667,.T.);
#667 = LINE('',#668,#669);
#668 = CARTESIAN_POINT('',(-5.,-7.72499961853,0.65));
#669 = VECTOR('',#670,1.);
#670 = DIRECTION('',(0.,1.,0.));
#671 = ORIENTED_EDGE('',*,*,#554,.T.);
#672 = ORIENTED_EDGE('',*,*,#609,.T.);
#673 = PLANE('',#674);
#674 = AXIS2_PLACEMENT_3D('',#675,#676,#677);
#675 = CARTESIAN_POINT('',(-5.,-7.72499961853,0.65));
#676 = DIRECTION('',(0.,0.,1.));
#677 = DIRECTION('',(1.,0.,0.));
#678 = ADVANCED_FACE('',(#679),#697,.T.);
#679 = FACE_BOUND('',#680,.F.);
#680 = EDGE_LOOP('',(#681,#689,#690,#691));
#681 = ORIENTED_EDGE('',*,*,#682,.F.);
#682 = EDGE_CURVE('',#636,#683,#685,.T.);
#683 = VERTEX_POINT('',#684);
#684 = CARTESIAN_POINT('',(-5.9,-7.47499961853,0.1));
#685 = LINE('',#686,#687);
#686 = CARTESIAN_POINT('',(-5.25,-7.47499961853,0.1));
#687 = VECTOR('',#688,1.);
#688 = DIRECTION('',(-1.,-0.,-0.));
#689 = ORIENTED_EDGE('',*,*,#644,.F.);
#690 = ORIENTED_EDGE('',*,*,#488,.T.);
#691 = ORIENTED_EDGE('',*,*,#692,.F.);
#692 = EDGE_CURVE('',#683,#489,#693,.T.);
#693 = LINE('',#694,#695);
#694 = CARTESIAN_POINT('',(-5.9,-7.92499961853,0.1));
#695 = VECTOR('',#696,1.);
#696 = DIRECTION('',(-0.,-1.,-0.));
#697 = PLANE('',#698);
#698 = AXIS2_PLACEMENT_3D('',#699,#700,#701);
#699 = CARTESIAN_POINT('',(-5.5,-8.12499961853,0.1));
#700 = DIRECTION('',(0.,0.,1.));
#701 = DIRECTION('',(1.,0.,0.));
#702 = ADVANCED_FACE('',(#703),#721,.F.);
#703 = FACE_BOUND('',#704,.T.);
#704 = EDGE_LOOP('',(#705,#706,#714,#720));
#705 = ORIENTED_EDGE('',*,*,#546,.F.);
#706 = ORIENTED_EDGE('',*,*,#707,.F.);
#707 = EDGE_CURVE('',#708,#539,#710,.T.);
#708 = VERTEX_POINT('',#709);
#709 = CARTESIAN_POINT('',(-5.,-7.47499961853,0.55));
#710 = LINE('',#711,#712);
#711 = CARTESIAN_POINT('',(-5.,-7.92499961853,0.55));
#712 = VECTOR('',#713,1.);
#713 = DIRECTION('',(-0.,-1.,-0.));
#714 = ORIENTED_EDGE('',*,*,#715,.T.);
#715 = EDGE_CURVE('',#708,#659,#716,.T.);
#716 = LINE('',#717,#718);
#717 = CARTESIAN_POINT('',(-5.,-7.47499961853,0.));
#718 = VECTOR('',#719,1.);
#719 = DIRECTION('',(0.,0.,1.));
#720 = ORIENTED_EDGE('',*,*,#666,.F.);
#721 = PLANE('',#722);
#722 = AXIS2_PLACEMENT_3D('',#723,#724,#725);
#723 = CARTESIAN_POINT('',(-5.,-7.72499961853,0.));
#724 = DIRECTION('',(-1.,-0.,-0.));
#725 = DIRECTION('',(0.,0.,-1.));
#726 = ADVANCED_FACE('',(#727),#745,.T.);
#727 = FACE_BOUND('',#728,.F.);
#728 = EDGE_LOOP('',(#729,#730,#738,#744));
#729 = ORIENTED_EDGE('',*,*,#496,.F.);
#730 = ORIENTED_EDGE('',*,*,#731,.T.);
#731 = EDGE_CURVE('',#497,#732,#734,.T.);
#732 = VERTEX_POINT('',#733);
#733 = CARTESIAN_POINT('',(-5.9,-7.47499961853,0.));
#734 = LINE('',#735,#736);
#735 = CARTESIAN_POINT('',(-5.9,-7.72499961853,0.));
#736 = VECTOR('',#737,1.);
#737 = DIRECTION('',(0.,1.,0.));
#738 = ORIENTED_EDGE('',*,*,#739,.T.);
#739 = EDGE_CURVE('',#732,#683,#740,.T.);
#740 = LINE('',#741,#742);
#741 = CARTESIAN_POINT('',(-5.9,-7.47499961853,0.));
#742 = VECTOR('',#743,1.);
#743 = DIRECTION('',(0.,0.,1.));
#744 = ORIENTED_EDGE('',*,*,#692,.T.);
#745 = PLANE('',#746);
#746 = AXIS2_PLACEMENT_3D('',#747,#748,#749);
#747 = CARTESIAN_POINT('',(-5.9,-7.72499961853,0.));
#748 = DIRECTION('',(-1.,-0.,-0.));
#749 = DIRECTION('',(0.,0.,-1.));
#750 = ADVANCED_FACE('',(#751),#769,.F.);
#751 = FACE_BOUND('',#752,.T.);
#752 = EDGE_LOOP('',(#753,#754,#762,#768));
#753 = ORIENTED_EDGE('',*,*,#538,.T.);
#754 = ORIENTED_EDGE('',*,*,#755,.T.);
#755 = EDGE_CURVE('',#530,#756,#758,.T.);
#756 = VERTEX_POINT('',#757);
#757 = CARTESIAN_POINT('',(-5.3,-7.47499961853,0.55));
#758 = LINE('',#759,#760);
#759 = CARTESIAN_POINT('',(-5.3,-7.72499961853,0.55));
#760 = VECTOR('',#761,1.);
#761 = DIRECTION('',(0.,1.,0.));
#762 = ORIENTED_EDGE('',*,*,#763,.F.);
#763 = EDGE_CURVE('',#708,#756,#764,.T.);
#764 = LINE('',#765,#766);
#765 = CARTESIAN_POINT('',(-4.5,-7.47499961853,0.55));
#766 = VECTOR('',#767,1.);
#767 = DIRECTION('',(-1.,-0.,-0.));
#768 = ORIENTED_EDGE('',*,*,#707,.T.);
#769 = PLANE('',#770);
#770 = AXIS2_PLACEMENT_3D('',#771,#772,#773);
#771 = CARTESIAN_POINT('',(-4.,-8.12499961853,0.55));
#772 = DIRECTION('',(0.,0.,1.));
#773 = DIRECTION('',(1.,0.,0.));
#774 = ADVANCED_FACE('',(#775),#793,.F.);
#775 = FACE_BOUND('',#776,.T.);
#776 = EDGE_LOOP('',(#777,#785,#791,#792));
#777 = ORIENTED_EDGE('',*,*,#778,.F.);
#778 = EDGE_CURVE('',#779,#732,#781,.T.);
#779 = VERTEX_POINT('',#780);
#780 = CARTESIAN_POINT('',(-5.6,-7.47499961853,-2.775557561563E-17));
#781 = LINE('',#782,#783);
#782 = CARTESIAN_POINT('',(-5.,-7.47499961853,0.));
#783 = VECTOR('',#784,1.);
#784 = DIRECTION('',(-1.,-0.,-0.));
#785 = ORIENTED_EDGE('',*,*,#786,.F.);
#786 = EDGE_CURVE('',#505,#779,#787,.T.);
#787 = LINE('',#788,#789);
#788 = CARTESIAN_POINT('',(-5.6,-7.72499961853,-2.775557561563E-17));
#789 = VECTOR('',#790,1.);
#790 = DIRECTION('',(0.,1.,0.));
#791 = ORIENTED_EDGE('',*,*,#504,.T.);
#792 = ORIENTED_EDGE('',*,*,#731,.T.);
#793 = PLANE('',#794);
#794 = AXIS2_PLACEMENT_3D('',#795,#796,#797);
#795 = CARTESIAN_POINT('',(-5.,-7.72499961853,0.));
#796 = DIRECTION('',(0.,0.,1.));
#797 = DIRECTION('',(1.,0.,0.));
#798 = ADVANCED_FACE('',(#799),#818,.F.);
#799 = FACE_BOUND('',#800,.T.);
#800 = EDGE_LOOP('',(#801,#802,#810,#817));
#801 = ORIENTED_EDGE('',*,*,#529,.T.);
#802 = ORIENTED_EDGE('',*,*,#803,.T.);
#803 = EDGE_CURVE('',#522,#804,#806,.T.);
#804 = VERTEX_POINT('',#805);
#805 = CARTESIAN_POINT('',(-5.4,-7.47499961853,0.45));
#806 = LINE('',#807,#808);
#807 = CARTESIAN_POINT('',(-5.4,-7.72499961853,0.45));
#808 = VECTOR('',#809,1.);
#809 = DIRECTION('',(0.,1.,0.));
#810 = ORIENTED_EDGE('',*,*,#811,.F.);
#811 = EDGE_CURVE('',#756,#804,#812,.T.);
#812 = CIRCLE('',#813,0.1);
#813 = AXIS2_PLACEMENT_3D('',#814,#815,#816);
#814 = CARTESIAN_POINT('',(-5.3,-7.47499961853,0.45));
#815 = DIRECTION('',(0.,-1.,0.));
#816 = DIRECTION('',(0.,0.,1.));
#817 = ORIENTED_EDGE('',*,*,#755,.F.);
#818 = CYLINDRICAL_SURFACE('',#819,0.1);
#819 = AXIS2_PLACEMENT_3D('',#820,#821,#822);
#820 = CARTESIAN_POINT('',(-5.3,-7.72499961853,0.45));
#821 = DIRECTION('',(0.,1.,0.));
#822 = DIRECTION('',(0.,0.,1.));
#823 = ADVANCED_FACE('',(#824),#843,.T.);
#824 = FACE_BOUND('',#825,.F.);
#825 = EDGE_LOOP('',(#826,#827,#835,#842));
#826 = ORIENTED_EDGE('',*,*,#512,.T.);
#827 = ORIENTED_EDGE('',*,*,#828,.T.);
#828 = EDGE_CURVE('',#513,#829,#831,.T.);
#829 = VERTEX_POINT('',#830);
#830 = CARTESIAN_POINT('',(-5.4,-7.47499961853,0.2));
#831 = LINE('',#832,#833);
#832 = CARTESIAN_POINT('',(-5.4,-7.72499961853,0.2));
#833 = VECTOR('',#834,1.);
#834 = DIRECTION('',(0.,1.,0.));
#835 = ORIENTED_EDGE('',*,*,#836,.F.);
#836 = EDGE_CURVE('',#779,#829,#837,.T.);
#837 = CIRCLE('',#838,0.2);
#838 = AXIS2_PLACEMENT_3D('',#839,#840,#841);
#839 = CARTESIAN_POINT('',(-5.6,-7.47499961853,0.2));
#840 = DIRECTION('',(0.,-1.,0.));
#841 = DIRECTION('',(0.,0.,1.));
#842 = ORIENTED_EDGE('',*,*,#786,.F.);
#843 = CYLINDRICAL_SURFACE('',#844,0.2);
#844 = AXIS2_PLACEMENT_3D('',#845,#846,#847);
#845 = CARTESIAN_POINT('',(-5.6,-7.72499961853,0.2));
#846 = DIRECTION('',(0.,1.,0.));
#847 = DIRECTION('',(-0.,-0.,-1.));
#848 = ADVANCED_FACE('',(#849),#860,.F.);
#849 = FACE_BOUND('',#850,.T.);
#850 = EDGE_LOOP('',(#851,#857,#858,#859));
#851 = ORIENTED_EDGE('',*,*,#852,.F.);
#852 = EDGE_CURVE('',#804,#829,#853,.T.);
#853 = LINE('',#854,#855);
#854 = CARTESIAN_POINT('',(-5.4,-7.47499961853,-5.E-02));
#855 = VECTOR('',#856,1.);
#856 = DIRECTION('',(-0.,-0.,-1.));
#857 = ORIENTED_EDGE('',*,*,#803,.F.);
#858 = ORIENTED_EDGE('',*,*,#521,.T.);
#859 = ORIENTED_EDGE('',*,*,#828,.T.);
#860 = PLANE('',#861);
#861 = AXIS2_PLACEMENT_3D('',#862,#863,#864);
#862 = CARTESIAN_POINT('',(-5.4,-8.12499961853,-0.1));
#863 = DIRECTION('',(-1.,-0.,-0.));
#864 = DIRECTION('',(0.,0.,-1.));
#865 = ADVANCED_FACE('',(#866),#880,.T.);
#866 = FACE_BOUND('',#867,.F.);
#867 = EDGE_LOOP('',(#868,#869,#870,#871,#872,#873,#874,#875,#876,#877,
    #878,#879));
#868 = ORIENTED_EDGE('',*,*,#586,.T.);
#869 = ORIENTED_EDGE('',*,*,#635,.F.);
#870 = ORIENTED_EDGE('',*,*,#682,.T.);
#871 = ORIENTED_EDGE('',*,*,#739,.F.);
#872 = ORIENTED_EDGE('',*,*,#778,.F.);
#873 = ORIENTED_EDGE('',*,*,#836,.T.);
#874 = ORIENTED_EDGE('',*,*,#852,.F.);
#875 = ORIENTED_EDGE('',*,*,#811,.F.);
#876 = ORIENTED_EDGE('',*,*,#763,.F.);
#877 = ORIENTED_EDGE('',*,*,#715,.T.);
#878 = ORIENTED_EDGE('',*,*,#658,.T.);
#879 = ORIENTED_EDGE('',*,*,#617,.F.);
#880 = PLANE('',#881);
#881 = AXIS2_PLACEMENT_3D('',#882,#883,#884);
#882 = CARTESIAN_POINT('',(-5.,-7.47499961853,0.));
#883 = DIRECTION('',(0.,1.,0.));
#884 = DIRECTION('',(0.,0.,-1.));
#885 = MANIFOLD_SOLID_BREP('',#886);
#886 = CLOSED_SHELL('',(#887,#995,#1026,#1051,#1076,#1100,#1124,#1148,
    #1172,#1196,#1220,#1245,#1270,#1287));
#887 = ADVANCED_FACE('',(#888),#990,.F.);
#888 = FACE_BOUND('',#889,.T.);
#889 = EDGE_LOOP('',(#890,#900,#909,#917,#925,#933,#942,#950,#959,#967,
    #975,#983));
#890 = ORIENTED_EDGE('',*,*,#891,.T.);
#891 = EDGE_CURVE('',#892,#894,#896,.T.);
#892 = VERTEX_POINT('',#893);
#893 = CARTESIAN_POINT('',(-5.5,-6.92499961853,0.45));
#894 = VERTEX_POINT('',#895);
#895 = CARTESIAN_POINT('',(-5.5,-6.92499961853,0.2));
#896 = LINE('',#897,#898);
#897 = CARTESIAN_POINT('',(-5.5,-6.92499961853,5.E-02));
#898 = VECTOR('',#899,1.);
#899 = DIRECTION('',(-0.,-0.,-1.));
#900 = ORIENTED_EDGE('',*,*,#901,.F.);
#901 = EDGE_CURVE('',#902,#894,#904,.T.);
#902 = VERTEX_POINT('',#903);
#903 = CARTESIAN_POINT('',(-5.6,-6.92499961853,0.1));
#904 = CIRCLE('',#905,0.1);
#905 = AXIS2_PLACEMENT_3D('',#906,#907,#908);
#906 = CARTESIAN_POINT('',(-5.6,-6.92499961853,0.2));
#907 = DIRECTION('',(0.,-1.,0.));
#908 = DIRECTION('',(0.,0.,1.));
#909 = ORIENTED_EDGE('',*,*,#910,.T.);
#910 = EDGE_CURVE('',#902,#911,#913,.T.);
#911 = VERTEX_POINT('',#912);
#912 = CARTESIAN_POINT('',(-5.9,-6.92499961853,0.1));
#913 = LINE('',#914,#915);
#914 = CARTESIAN_POINT('',(-5.25,-6.92499961853,0.1));
#915 = VECTOR('',#916,1.);
#916 = DIRECTION('',(-1.,-0.,-0.));
#917 = ORIENTED_EDGE('',*,*,#918,.F.);
#918 = EDGE_CURVE('',#919,#911,#921,.T.);
#919 = VERTEX_POINT('',#920);
#920 = CARTESIAN_POINT('',(-5.9,-6.92499961853,0.));
#921 = LINE('',#922,#923);
#922 = CARTESIAN_POINT('',(-5.9,-6.92499961853,0.));
#923 = VECTOR('',#924,1.);
#924 = DIRECTION('',(0.,0.,1.));
#925 = ORIENTED_EDGE('',*,*,#926,.F.);
#926 = EDGE_CURVE('',#927,#919,#929,.T.);
#927 = VERTEX_POINT('',#928);
#928 = CARTESIAN_POINT('',(-5.6,-6.92499961853,-2.775557561563E-17));
#929 = LINE('',#930,#931);
#930 = CARTESIAN_POINT('',(-5.,-6.92499961853,0.));
#931 = VECTOR('',#932,1.);
#932 = DIRECTION('',(-1.,-0.,-0.));
#933 = ORIENTED_EDGE('',*,*,#934,.T.);
#934 = EDGE_CURVE('',#927,#935,#937,.T.);
#935 = VERTEX_POINT('',#936);
#936 = CARTESIAN_POINT('',(-5.4,-6.92499961853,0.2));
#937 = CIRCLE('',#938,0.2);
#938 = AXIS2_PLACEMENT_3D('',#939,#940,#941);
#939 = CARTESIAN_POINT('',(-5.6,-6.92499961853,0.2));
#940 = DIRECTION('',(0.,-1.,0.));
#941 = DIRECTION('',(0.,0.,1.));
#942 = ORIENTED_EDGE('',*,*,#943,.F.);
#943 = EDGE_CURVE('',#944,#935,#946,.T.);
#944 = VERTEX_POINT('',#945);
#945 = CARTESIAN_POINT('',(-5.4,-6.92499961853,0.45));
#946 = LINE('',#947,#948);
#947 = CARTESIAN_POINT('',(-5.4,-6.92499961853,-5.E-02));
#948 = VECTOR('',#949,1.);
#949 = DIRECTION('',(-0.,-0.,-1.));
#950 = ORIENTED_EDGE('',*,*,#951,.F.);
#951 = EDGE_CURVE('',#952,#944,#954,.T.);
#952 = VERTEX_POINT('',#953);
#953 = CARTESIAN_POINT('',(-5.3,-6.92499961853,0.55));
#954 = CIRCLE('',#955,0.1);
#955 = AXIS2_PLACEMENT_3D('',#956,#957,#958);
#956 = CARTESIAN_POINT('',(-5.3,-6.92499961853,0.45));
#957 = DIRECTION('',(0.,-1.,0.));
#958 = DIRECTION('',(0.,0.,1.));
#959 = ORIENTED_EDGE('',*,*,#960,.F.);
#960 = EDGE_CURVE('',#961,#952,#963,.T.);
#961 = VERTEX_POINT('',#962);
#962 = CARTESIAN_POINT('',(-5.,-6.92499961853,0.55));
#963 = LINE('',#964,#965);
#964 = CARTESIAN_POINT('',(-4.5,-6.92499961853,0.55));
#965 = VECTOR('',#966,1.);
#966 = DIRECTION('',(-1.,-0.,-0.));
#967 = ORIENTED_EDGE('',*,*,#968,.T.);
#968 = EDGE_CURVE('',#961,#969,#971,.T.);
#969 = VERTEX_POINT('',#970);
#970 = CARTESIAN_POINT('',(-5.,-6.92499961853,0.65));
#971 = LINE('',#972,#973);
#972 = CARTESIAN_POINT('',(-5.,-6.92499961853,0.));
#973 = VECTOR('',#974,1.);
#974 = DIRECTION('',(0.,0.,1.));
#975 = ORIENTED_EDGE('',*,*,#976,.T.);
#976 = EDGE_CURVE('',#969,#977,#979,.T.);
#977 = VERTEX_POINT('',#978);
#978 = CARTESIAN_POINT('',(-5.3,-6.92499961853,0.65));
#979 = LINE('',#980,#981);
#980 = CARTESIAN_POINT('',(-5.,-6.92499961853,0.65));
#981 = VECTOR('',#982,1.);
#982 = DIRECTION('',(-1.,-0.,-0.));
#983 = ORIENTED_EDGE('',*,*,#984,.F.);
#984 = EDGE_CURVE('',#892,#977,#985,.T.);
#985 = CIRCLE('',#986,0.2);
#986 = AXIS2_PLACEMENT_3D('',#987,#988,#989);
#987 = CARTESIAN_POINT('',(-5.3,-6.92499961853,0.45));
#988 = DIRECTION('',(0.,1.,0.));
#989 = DIRECTION('',(0.,0.,1.));
#990 = PLANE('',#991);
#991 = AXIS2_PLACEMENT_3D('',#992,#993,#994);
#992 = CARTESIAN_POINT('',(-5.,-6.92499961853,0.));
#993 = DIRECTION('',(0.,1.,0.));
#994 = DIRECTION('',(0.,0.,-1.));
#995 = ADVANCED_FACE('',(#996),#1021,.T.);
#996 = FACE_BOUND('',#997,.F.);
#997 = EDGE_LOOP('',(#998,#999,#1007,#1015));
#998 = ORIENTED_EDGE('',*,*,#891,.T.);
#999 = ORIENTED_EDGE('',*,*,#1000,.T.);
#1000 = EDGE_CURVE('',#894,#1001,#1003,.T.);
#1001 = VERTEX_POINT('',#1002);
#1002 = CARTESIAN_POINT('',(-5.5,-6.67499961853,0.2));
#1003 = LINE('',#1004,#1005);
#1004 = CARTESIAN_POINT('',(-5.5,-6.92499961853,0.2));
#1005 = VECTOR('',#1006,1.);
#1006 = DIRECTION('',(0.,1.,0.));
#1007 = ORIENTED_EDGE('',*,*,#1008,.F.);
#1008 = EDGE_CURVE('',#1009,#1001,#1011,.T.);
#1009 = VERTEX_POINT('',#1010);
#1010 = CARTESIAN_POINT('',(-5.5,-6.67499961853,0.45));
#1011 = LINE('',#1012,#1013);
#1012 = CARTESIAN_POINT('',(-5.5,-6.67499961853,5.E-02));
#1013 = VECTOR('',#1014,1.);
#1014 = DIRECTION('',(-0.,-0.,-1.));
#1015 = ORIENTED_EDGE('',*,*,#1016,.F.);
#1016 = EDGE_CURVE('',#892,#1009,#1017,.T.);
#1017 = LINE('',#1018,#1019);
#1018 = CARTESIAN_POINT('',(-5.5,-6.92499961853,0.45));
#1019 = VECTOR('',#1020,1.);
#1020 = DIRECTION('',(0.,1.,0.));
#1021 = PLANE('',#1022);
#1022 = AXIS2_PLACEMENT_3D('',#1023,#1024,#1025);
#1023 = CARTESIAN_POINT('',(-5.5,-7.32499961853,0.1));
#1024 = DIRECTION('',(-1.,-0.,-0.));
#1025 = DIRECTION('',(0.,0.,-1.));
#1026 = ADVANCED_FACE('',(#1027),#1046,.T.);
#1027 = FACE_BOUND('',#1028,.T.);
#1028 = EDGE_LOOP('',(#1029,#1030,#1038,#1045));
#1029 = ORIENTED_EDGE('',*,*,#984,.T.);
#1030 = ORIENTED_EDGE('',*,*,#1031,.T.);
#1031 = EDGE_CURVE('',#977,#1032,#1034,.T.);
#1032 = VERTEX_POINT('',#1033);
#1033 = CARTESIAN_POINT('',(-5.3,-6.67499961853,0.65));
#1034 = LINE('',#1035,#1036);
#1035 = CARTESIAN_POINT('',(-5.3,-6.92499961853,0.65));
#1036 = VECTOR('',#1037,1.);
#1037 = DIRECTION('',(0.,1.,0.));
#1038 = ORIENTED_EDGE('',*,*,#1039,.F.);
#1039 = EDGE_CURVE('',#1009,#1032,#1040,.T.);
#1040 = CIRCLE('',#1041,0.2);
#1041 = AXIS2_PLACEMENT_3D('',#1042,#1043,#1044);
#1042 = CARTESIAN_POINT('',(-5.3,-6.67499961853,0.45));
#1043 = DIRECTION('',(0.,1.,0.));
#1044 = DIRECTION('',(0.,0.,1.));
#1045 = ORIENTED_EDGE('',*,*,#1016,.F.);
#1046 = CYLINDRICAL_SURFACE('',#1047,0.2);
#1047 = AXIS2_PLACEMENT_3D('',#1048,#1049,#1050);
#1048 = CARTESIAN_POINT('',(-5.3,-6.92499961853,0.45));
#1049 = DIRECTION('',(0.,1.,0.));
#1050 = DIRECTION('',(-1.,-0.,-0.));
#1051 = ADVANCED_FACE('',(#1052),#1071,.F.);
#1052 = FACE_BOUND('',#1053,.T.);
#1053 = EDGE_LOOP('',(#1054,#1055,#1056,#1065));
#1054 = ORIENTED_EDGE('',*,*,#901,.T.);
#1055 = ORIENTED_EDGE('',*,*,#1000,.T.);
#1056 = ORIENTED_EDGE('',*,*,#1057,.F.);
#1057 = EDGE_CURVE('',#1058,#1001,#1060,.T.);
#1058 = VERTEX_POINT('',#1059);
#1059 = CARTESIAN_POINT('',(-5.6,-6.67499961853,0.1));
#1060 = CIRCLE('',#1061,0.1);
#1061 = AXIS2_PLACEMENT_3D('',#1062,#1063,#1064);
#1062 = CARTESIAN_POINT('',(-5.6,-6.67499961853,0.2));
#1063 = DIRECTION('',(0.,-1.,0.));
#1064 = DIRECTION('',(0.,0.,1.));
#1065 = ORIENTED_EDGE('',*,*,#1066,.F.);
#1066 = EDGE_CURVE('',#902,#1058,#1067,.T.);
#1067 = LINE('',#1068,#1069);
#1068 = CARTESIAN_POINT('',(-5.6,-6.92499961853,0.1));
#1069 = VECTOR('',#1070,1.);
#1070 = DIRECTION('',(0.,1.,0.));
#1071 = CYLINDRICAL_SURFACE('',#1072,0.1);
#1072 = AXIS2_PLACEMENT_3D('',#1073,#1074,#1075);
#1073 = CARTESIAN_POINT('',(-5.6,-6.92499961853,0.2));
#1074 = DIRECTION('',(0.,1.,0.));
#1075 = DIRECTION('',(-0.,-0.,-1.));
#1076 = ADVANCED_FACE('',(#1077),#1095,.T.);
#1077 = FACE_BOUND('',#1078,.F.);
#1078 = EDGE_LOOP('',(#1079,#1087,#1093,#1094));
#1079 = ORIENTED_EDGE('',*,*,#1080,.F.);
#1080 = EDGE_CURVE('',#1081,#1032,#1083,.T.);
#1081 = VERTEX_POINT('',#1082);
#1082 = CARTESIAN_POINT('',(-5.,-6.67499961853,0.65));
#1083 = LINE('',#1084,#1085);
#1084 = CARTESIAN_POINT('',(-5.,-6.67499961853,0.65));
#1085 = VECTOR('',#1086,1.);
#1086 = DIRECTION('',(-1.,-0.,-0.));
#1087 = ORIENTED_EDGE('',*,*,#1088,.F.);
#1088 = EDGE_CURVE('',#969,#1081,#1089,.T.);
#1089 = LINE('',#1090,#1091);
#1090 = CARTESIAN_POINT('',(-5.,-6.92499961853,0.65));
#1091 = VECTOR('',#1092,1.);
#1092 = DIRECTION('',(0.,1.,0.));
#1093 = ORIENTED_EDGE('',*,*,#976,.T.);
#1094 = ORIENTED_EDGE('',*,*,#1031,.T.);
#1095 = PLANE('',#1096);
#1096 = AXIS2_PLACEMENT_3D('',#1097,#1098,#1099);
#1097 = CARTESIAN_POINT('',(-5.,-6.92499961853,0.65));
#1098 = DIRECTION('',(0.,0.,1.));
#1099 = DIRECTION('',(1.,0.,0.));
#1100 = ADVANCED_FACE('',(#1101),#1119,.T.);
#1101 = FACE_BOUND('',#1102,.F.);
#1102 = EDGE_LOOP('',(#1103,#1111,#1112,#1113));
#1103 = ORIENTED_EDGE('',*,*,#1104,.F.);
#1104 = EDGE_CURVE('',#1058,#1105,#1107,.T.);
#1105 = VERTEX_POINT('',#1106);
#1106 = CARTESIAN_POINT('',(-5.9,-6.67499961853,0.1));
#1107 = LINE('',#1108,#1109);
#1108 = CARTESIAN_POINT('',(-5.25,-6.67499961853,0.1));
#1109 = VECTOR('',#1110,1.);
#1110 = DIRECTION('',(-1.,-0.,-0.));
#1111 = ORIENTED_EDGE('',*,*,#1066,.F.);
#1112 = ORIENTED_EDGE('',*,*,#910,.T.);
#1113 = ORIENTED_EDGE('',*,*,#1114,.F.);
#1114 = EDGE_CURVE('',#1105,#911,#1115,.T.);
#1115 = LINE('',#1116,#1117);
#1116 = CARTESIAN_POINT('',(-5.9,-7.12499961853,0.1));
#1117 = VECTOR('',#1118,1.);
#1118 = DIRECTION('',(-0.,-1.,-0.));
#1119 = PLANE('',#1120);
#1120 = AXIS2_PLACEMENT_3D('',#1121,#1122,#1123);
#1121 = CARTESIAN_POINT('',(-5.5,-7.32499961853,0.1));
#1122 = DIRECTION('',(0.,0.,1.));
#1123 = DIRECTION('',(1.,0.,0.));
#1124 = ADVANCED_FACE('',(#1125),#1143,.F.);
#1125 = FACE_BOUND('',#1126,.T.);
#1126 = EDGE_LOOP('',(#1127,#1128,#1136,#1142));
#1127 = ORIENTED_EDGE('',*,*,#968,.F.);
#1128 = ORIENTED_EDGE('',*,*,#1129,.F.);
#1129 = EDGE_CURVE('',#1130,#961,#1132,.T.);
#1130 = VERTEX_POINT('',#1131);
#1131 = CARTESIAN_POINT('',(-5.,-6.67499961853,0.55));
#1132 = LINE('',#1133,#1134);
#1133 = CARTESIAN_POINT('',(-5.,-7.12499961853,0.55));
#1134 = VECTOR('',#1135,1.);
#1135 = DIRECTION('',(-0.,-1.,-0.));
#1136 = ORIENTED_EDGE('',*,*,#1137,.T.);
#1137 = EDGE_CURVE('',#1130,#1081,#1138,.T.);
#1138 = LINE('',#1139,#1140);
#1139 = CARTESIAN_POINT('',(-5.,-6.67499961853,0.));
#1140 = VECTOR('',#1141,1.);
#1141 = DIRECTION('',(0.,0.,1.));
#1142 = ORIENTED_EDGE('',*,*,#1088,.F.);
#1143 = PLANE('',#1144);
#1144 = AXIS2_PLACEMENT_3D('',#1145,#1146,#1147);
#1145 = CARTESIAN_POINT('',(-5.,-6.92499961853,0.));
#1146 = DIRECTION('',(-1.,-0.,-0.));
#1147 = DIRECTION('',(0.,0.,-1.));
#1148 = ADVANCED_FACE('',(#1149),#1167,.T.);
#1149 = FACE_BOUND('',#1150,.F.);
#1150 = EDGE_LOOP('',(#1151,#1152,#1160,#1166));
#1151 = ORIENTED_EDGE('',*,*,#918,.F.);
#1152 = ORIENTED_EDGE('',*,*,#1153,.T.);
#1153 = EDGE_CURVE('',#919,#1154,#1156,.T.);
#1154 = VERTEX_POINT('',#1155);
#1155 = CARTESIAN_POINT('',(-5.9,-6.67499961853,0.));
#1156 = LINE('',#1157,#1158);
#1157 = CARTESIAN_POINT('',(-5.9,-6.92499961853,0.));
#1158 = VECTOR('',#1159,1.);
#1159 = DIRECTION('',(0.,1.,0.));
#1160 = ORIENTED_EDGE('',*,*,#1161,.T.);
#1161 = EDGE_CURVE('',#1154,#1105,#1162,.T.);
#1162 = LINE('',#1163,#1164);
#1163 = CARTESIAN_POINT('',(-5.9,-6.67499961853,0.));
#1164 = VECTOR('',#1165,1.);
#1165 = DIRECTION('',(0.,0.,1.));
#1166 = ORIENTED_EDGE('',*,*,#1114,.T.);
#1167 = PLANE('',#1168);
#1168 = AXIS2_PLACEMENT_3D('',#1169,#1170,#1171);
#1169 = CARTESIAN_POINT('',(-5.9,-6.92499961853,0.));
#1170 = DIRECTION('',(-1.,-0.,-0.));
#1171 = DIRECTION('',(0.,0.,-1.));
#1172 = ADVANCED_FACE('',(#1173),#1191,.F.);
#1173 = FACE_BOUND('',#1174,.T.);
#1174 = EDGE_LOOP('',(#1175,#1176,#1184,#1190));
#1175 = ORIENTED_EDGE('',*,*,#960,.T.);
#1176 = ORIENTED_EDGE('',*,*,#1177,.T.);
#1177 = EDGE_CURVE('',#952,#1178,#1180,.T.);
#1178 = VERTEX_POINT('',#1179);
#1179 = CARTESIAN_POINT('',(-5.3,-6.67499961853,0.55));
#1180 = LINE('',#1181,#1182);
#1181 = CARTESIAN_POINT('',(-5.3,-6.92499961853,0.55));
#1182 = VECTOR('',#1183,1.);
#1183 = DIRECTION('',(0.,1.,0.));
#1184 = ORIENTED_EDGE('',*,*,#1185,.F.);
#1185 = EDGE_CURVE('',#1130,#1178,#1186,.T.);
#1186 = LINE('',#1187,#1188);
#1187 = CARTESIAN_POINT('',(-4.5,-6.67499961853,0.55));
#1188 = VECTOR('',#1189,1.);
#1189 = DIRECTION('',(-1.,-0.,-0.));
#1190 = ORIENTED_EDGE('',*,*,#1129,.T.);
#1191 = PLANE('',#1192);
#1192 = AXIS2_PLACEMENT_3D('',#1193,#1194,#1195);
#1193 = CARTESIAN_POINT('',(-4.,-7.32499961853,0.55));
#1194 = DIRECTION('',(0.,0.,1.));
#1195 = DIRECTION('',(1.,0.,0.));
#1196 = ADVANCED_FACE('',(#1197),#1215,.F.);
#1197 = FACE_BOUND('',#1198,.T.);
#1198 = EDGE_LOOP('',(#1199,#1207,#1213,#1214));
#1199 = ORIENTED_EDGE('',*,*,#1200,.F.);
#1200 = EDGE_CURVE('',#1201,#1154,#1203,.T.);
#1201 = VERTEX_POINT('',#1202);
#1202 = CARTESIAN_POINT('',(-5.6,-6.67499961853,-2.775557561563E-17));
#1203 = LINE('',#1204,#1205);
#1204 = CARTESIAN_POINT('',(-5.,-6.67499961853,0.));
#1205 = VECTOR('',#1206,1.);
#1206 = DIRECTION('',(-1.,-0.,-0.));
#1207 = ORIENTED_EDGE('',*,*,#1208,.F.);
#1208 = EDGE_CURVE('',#927,#1201,#1209,.T.);
#1209 = LINE('',#1210,#1211);
#1210 = CARTESIAN_POINT('',(-5.6,-6.92499961853,-2.775557561563E-17));
#1211 = VECTOR('',#1212,1.);
#1212 = DIRECTION('',(0.,1.,0.));
#1213 = ORIENTED_EDGE('',*,*,#926,.T.);
#1214 = ORIENTED_EDGE('',*,*,#1153,.T.);
#1215 = PLANE('',#1216);
#1216 = AXIS2_PLACEMENT_3D('',#1217,#1218,#1219);
#1217 = CARTESIAN_POINT('',(-5.,-6.92499961853,0.));
#1218 = DIRECTION('',(0.,0.,1.));
#1219 = DIRECTION('',(1.,0.,0.));
#1220 = ADVANCED_FACE('',(#1221),#1240,.F.);
#1221 = FACE_BOUND('',#1222,.T.);
#1222 = EDGE_LOOP('',(#1223,#1224,#1232,#1239));
#1223 = ORIENTED_EDGE('',*,*,#951,.T.);
#1224 = ORIENTED_EDGE('',*,*,#1225,.T.);
#1225 = EDGE_CURVE('',#944,#1226,#1228,.T.);
#1226 = VERTEX_POINT('',#1227);
#1227 = CARTESIAN_POINT('',(-5.4,-6.67499961853,0.45));
#1228 = LINE('',#1229,#1230);
#1229 = CARTESIAN_POINT('',(-5.4,-6.92499961853,0.45));
#1230 = VECTOR('',#1231,1.);
#1231 = DIRECTION('',(0.,1.,0.));
#1232 = ORIENTED_EDGE('',*,*,#1233,.F.);
#1233 = EDGE_CURVE('',#1178,#1226,#1234,.T.);
#1234 = CIRCLE('',#1235,0.1);
#1235 = AXIS2_PLACEMENT_3D('',#1236,#1237,#1238);
#1236 = CARTESIAN_POINT('',(-5.3,-6.67499961853,0.45));
#1237 = DIRECTION('',(0.,-1.,0.));
#1238 = DIRECTION('',(0.,0.,1.));
#1239 = ORIENTED_EDGE('',*,*,#1177,.F.);
#1240 = CYLINDRICAL_SURFACE('',#1241,0.1);
#1241 = AXIS2_PLACEMENT_3D('',#1242,#1243,#1244);
#1242 = CARTESIAN_POINT('',(-5.3,-6.92499961853,0.45));
#1243 = DIRECTION('',(0.,1.,0.));
#1244 = DIRECTION('',(0.,0.,1.));
#1245 = ADVANCED_FACE('',(#1246),#1265,.T.);
#1246 = FACE_BOUND('',#1247,.F.);
#1247 = EDGE_LOOP('',(#1248,#1249,#1257,#1264));
#1248 = ORIENTED_EDGE('',*,*,#934,.T.);
#1249 = ORIENTED_EDGE('',*,*,#1250,.T.);
#1250 = EDGE_CURVE('',#935,#1251,#1253,.T.);
#1251 = VERTEX_POINT('',#1252);
#1252 = CARTESIAN_POINT('',(-5.4,-6.67499961853,0.2));
#1253 = LINE('',#1254,#1255);
#1254 = CARTESIAN_POINT('',(-5.4,-6.92499961853,0.2));
#1255 = VECTOR('',#1256,1.);
#1256 = DIRECTION('',(0.,1.,0.));
#1257 = ORIENTED_EDGE('',*,*,#1258,.F.);
#1258 = EDGE_CURVE('',#1201,#1251,#1259,.T.);
#1259 = CIRCLE('',#1260,0.2);
#1260 = AXIS2_PLACEMENT_3D('',#1261,#1262,#1263);
#1261 = CARTESIAN_POINT('',(-5.6,-6.67499961853,0.2));
#1262 = DIRECTION('',(0.,-1.,0.));
#1263 = DIRECTION('',(0.,0.,1.));
#1264 = ORIENTED_EDGE('',*,*,#1208,.F.);
#1265 = CYLINDRICAL_SURFACE('',#1266,0.2);
#1266 = AXIS2_PLACEMENT_3D('',#1267,#1268,#1269);
#1267 = CARTESIAN_POINT('',(-5.6,-6.92499961853,0.2));
#1268 = DIRECTION('',(0.,1.,0.));
#1269 = DIRECTION('',(-0.,-0.,-1.));
#1270 = ADVANCED_FACE('',(#1271),#1282,.F.);
#1271 = FACE_BOUND('',#1272,.T.);
#1272 = EDGE_LOOP('',(#1273,#1279,#1280,#1281));
#1273 = ORIENTED_EDGE('',*,*,#1274,.F.);
#1274 = EDGE_CURVE('',#1226,#1251,#1275,.T.);
#1275 = LINE('',#1276,#1277);
#1276 = CARTESIAN_POINT('',(-5.4,-6.67499961853,-5.E-02));
#1277 = VECTOR('',#1278,1.);
#1278 = DIRECTION('',(-0.,-0.,-1.));
#1279 = ORIENTED_EDGE('',*,*,#1225,.F.);
#1280 = ORIENTED_EDGE('',*,*,#943,.T.);
#1281 = ORIENTED_EDGE('',*,*,#1250,.T.);
#1282 = PLANE('',#1283);
#1283 = AXIS2_PLACEMENT_3D('',#1284,#1285,#1286);
#1284 = CARTESIAN_POINT('',(-5.4,-7.32499961853,-0.1));
#1285 = DIRECTION('',(-1.,-0.,-0.));
#1286 = DIRECTION('',(0.,0.,-1.));
#1287 = ADVANCED_FACE('',(#1288),#1302,.T.);
#1288 = FACE_BOUND('',#1289,.F.);
#1289 = EDGE_LOOP('',(#1290,#1291,#1292,#1293,#1294,#1295,#1296,#1297,
    #1298,#1299,#1300,#1301));
#1290 = ORIENTED_EDGE('',*,*,#1008,.T.);
#1291 = ORIENTED_EDGE('',*,*,#1057,.F.);
#1292 = ORIENTED_EDGE('',*,*,#1104,.T.);
#1293 = ORIENTED_EDGE('',*,*,#1161,.F.);
#1294 = ORIENTED_EDGE('',*,*,#1200,.F.);
#1295 = ORIENTED_EDGE('',*,*,#1258,.T.);
#1296 = ORIENTED_EDGE('',*,*,#1274,.F.);
#1297 = ORIENTED_EDGE('',*,*,#1233,.F.);
#1298 = ORIENTED_EDGE('',*,*,#1185,.F.);
#1299 = ORIENTED_EDGE('',*,*,#1137,.T.);
#1300 = ORIENTED_EDGE('',*,*,#1080,.T.);
#1301 = ORIENTED_EDGE('',*,*,#1039,.F.);
#1302 = PLANE('',#1303);
#1303 = AXIS2_PLACEMENT_3D('',#1304,#1305,#1306);
#1304 = CARTESIAN_POINT('',(-5.,-6.67499961853,0.));
#1305 = DIRECTION('',(0.,1.,0.));
#1306 = DIRECTION('',(0.,0.,-1.));
#1307 = MANIFOLD_SOLID_BREP('',#1308);
#1308 = CLOSED_SHELL('',(#1309,#1417,#1448,#1473,#1498,#1522,#1546,#1570
    ,#1594,#1618,#1642,#1667,#1692,#1709));
#1309 = ADVANCED_FACE('',(#1310),#1412,.F.);
#1310 = FACE_BOUND('',#1311,.T.);
#1311 = EDGE_LOOP('',(#1312,#1322,#1331,#1339,#1347,#1355,#1364,#1372,
    #1381,#1389,#1397,#1405));
#1312 = ORIENTED_EDGE('',*,*,#1313,.T.);
#1313 = EDGE_CURVE('',#1314,#1316,#1318,.T.);
#1314 = VERTEX_POINT('',#1315);
#1315 = CARTESIAN_POINT('',(-5.5,-6.12499961853,0.45));
#1316 = VERTEX_POINT('',#1317);
#1317 = CARTESIAN_POINT('',(-5.5,-6.12499961853,0.2));
#1318 = LINE('',#1319,#1320);
#1319 = CARTESIAN_POINT('',(-5.5,-6.12499961853,5.E-02));
#1320 = VECTOR('',#1321,1.);
#1321 = DIRECTION('',(-0.,-0.,-1.));
#1322 = ORIENTED_EDGE('',*,*,#1323,.F.);
#1323 = EDGE_CURVE('',#1324,#1316,#1326,.T.);
#1324 = VERTEX_POINT('',#1325);
#1325 = CARTESIAN_POINT('',(-5.6,-6.12499961853,0.1));
#1326 = CIRCLE('',#1327,0.1);
#1327 = AXIS2_PLACEMENT_3D('',#1328,#1329,#1330);
#1328 = CARTESIAN_POINT('',(-5.6,-6.12499961853,0.2));
#1329 = DIRECTION('',(0.,-1.,0.));
#1330 = DIRECTION('',(0.,0.,1.));
#1331 = ORIENTED_EDGE('',*,*,#1332,.T.);
#1332 = EDGE_CURVE('',#1324,#1333,#1335,.T.);
#1333 = VERTEX_POINT('',#1334);
#1334 = CARTESIAN_POINT('',(-5.9,-6.12499961853,0.1));
#1335 = LINE('',#1336,#1337);
#1336 = CARTESIAN_POINT('',(-5.25,-6.12499961853,0.1));
#1337 = VECTOR('',#1338,1.);
#1338 = DIRECTION('',(-1.,-0.,-0.));
#1339 = ORIENTED_EDGE('',*,*,#1340,.F.);
#1340 = EDGE_CURVE('',#1341,#1333,#1343,.T.);
#1341 = VERTEX_POINT('',#1342);
#1342 = CARTESIAN_POINT('',(-5.9,-6.12499961853,0.));
#1343 = LINE('',#1344,#1345);
#1344 = CARTESIAN_POINT('',(-5.9,-6.12499961853,0.));
#1345 = VECTOR('',#1346,1.);
#1346 = DIRECTION('',(0.,0.,1.));
#1347 = ORIENTED_EDGE('',*,*,#1348,.F.);
#1348 = EDGE_CURVE('',#1349,#1341,#1351,.T.);
#1349 = VERTEX_POINT('',#1350);
#1350 = CARTESIAN_POINT('',(-5.6,-6.12499961853,-2.775557561563E-17));
#1351 = LINE('',#1352,#1353);
#1352 = CARTESIAN_POINT('',(-5.,-6.12499961853,0.));
#1353 = VECTOR('',#1354,1.);
#1354 = DIRECTION('',(-1.,-0.,-0.));
#1355 = ORIENTED_EDGE('',*,*,#1356,.T.);
#1356 = EDGE_CURVE('',#1349,#1357,#1359,.T.);
#1357 = VERTEX_POINT('',#1358);
#1358 = CARTESIAN_POINT('',(-5.4,-6.12499961853,0.2));
#1359 = CIRCLE('',#1360,0.2);
#1360 = AXIS2_PLACEMENT_3D('',#1361,#1362,#1363);
#1361 = CARTESIAN_POINT('',(-5.6,-6.12499961853,0.2));
#1362 = DIRECTION('',(0.,-1.,0.));
#1363 = DIRECTION('',(0.,0.,1.));
#1364 = ORIENTED_EDGE('',*,*,#1365,.F.);
#1365 = EDGE_CURVE('',#1366,#1357,#1368,.T.);
#1366 = VERTEX_POINT('',#1367);
#1367 = CARTESIAN_POINT('',(-5.4,-6.12499961853,0.45));
#1368 = LINE('',#1369,#1370);
#1369 = CARTESIAN_POINT('',(-5.4,-6.12499961853,-5.E-02));
#1370 = VECTOR('',#1371,1.);
#1371 = DIRECTION('',(-0.,-0.,-1.));
#1372 = ORIENTED_EDGE('',*,*,#1373,.F.);
#1373 = EDGE_CURVE('',#1374,#1366,#1376,.T.);
#1374 = VERTEX_POINT('',#1375);
#1375 = CARTESIAN_POINT('',(-5.3,-6.12499961853,0.55));
#1376 = CIRCLE('',#1377,0.1);
#1377 = AXIS2_PLACEMENT_3D('',#1378,#1379,#1380);
#1378 = CARTESIAN_POINT('',(-5.3,-6.12499961853,0.45));
#1379 = DIRECTION('',(0.,-1.,0.));
#1380 = DIRECTION('',(0.,0.,1.));
#1381 = ORIENTED_EDGE('',*,*,#1382,.F.);
#1382 = EDGE_CURVE('',#1383,#1374,#1385,.T.);
#1383 = VERTEX_POINT('',#1384);
#1384 = CARTESIAN_POINT('',(-5.,-6.12499961853,0.55));
#1385 = LINE('',#1386,#1387);
#1386 = CARTESIAN_POINT('',(-4.5,-6.12499961853,0.55));
#1387 = VECTOR('',#1388,1.);
#1388 = DIRECTION('',(-1.,-0.,-0.));
#1389 = ORIENTED_EDGE('',*,*,#1390,.T.);
#1390 = EDGE_CURVE('',#1383,#1391,#1393,.T.);
#1391 = VERTEX_POINT('',#1392);
#1392 = CARTESIAN_POINT('',(-5.,-6.12499961853,0.65));
#1393 = LINE('',#1394,#1395);
#1394 = CARTESIAN_POINT('',(-5.,-6.12499961853,0.));
#1395 = VECTOR('',#1396,1.);
#1396 = DIRECTION('',(0.,0.,1.));
#1397 = ORIENTED_EDGE('',*,*,#1398,.T.);
#1398 = EDGE_CURVE('',#1391,#1399,#1401,.T.);
#1399 = VERTEX_POINT('',#1400);
#1400 = CARTESIAN_POINT('',(-5.3,-6.12499961853,0.65));
#1401 = LINE('',#1402,#1403);
#1402 = CARTESIAN_POINT('',(-5.,-6.12499961853,0.65));
#1403 = VECTOR('',#1404,1.);
#1404 = DIRECTION('',(-1.,-0.,-0.));
#1405 = ORIENTED_EDGE('',*,*,#1406,.F.);
#1406 = EDGE_CURVE('',#1314,#1399,#1407,.T.);
#1407 = CIRCLE('',#1408,0.2);
#1408 = AXIS2_PLACEMENT_3D('',#1409,#1410,#1411);
#1409 = CARTESIAN_POINT('',(-5.3,-6.12499961853,0.45));
#1410 = DIRECTION('',(0.,1.,0.));
#1411 = DIRECTION('',(0.,0.,1.));
#1412 = PLANE('',#1413);
#1413 = AXIS2_PLACEMENT_3D('',#1414,#1415,#1416);
#1414 = CARTESIAN_POINT('',(-5.,-6.12499961853,0.));
#1415 = DIRECTION('',(0.,1.,0.));
#1416 = DIRECTION('',(0.,0.,-1.));
#1417 = ADVANCED_FACE('',(#1418),#1443,.T.);
#1418 = FACE_BOUND('',#1419,.F.);
#1419 = EDGE_LOOP('',(#1420,#1421,#1429,#1437));
#1420 = ORIENTED_EDGE('',*,*,#1313,.T.);
#1421 = ORIENTED_EDGE('',*,*,#1422,.T.);
#1422 = EDGE_CURVE('',#1316,#1423,#1425,.T.);
#1423 = VERTEX_POINT('',#1424);
#1424 = CARTESIAN_POINT('',(-5.5,-5.87499961853,0.2));
#1425 = LINE('',#1426,#1427);
#1426 = CARTESIAN_POINT('',(-5.5,-6.12499961853,0.2));
#1427 = VECTOR('',#1428,1.);
#1428 = DIRECTION('',(0.,1.,0.));
#1429 = ORIENTED_EDGE('',*,*,#1430,.F.);
#1430 = EDGE_CURVE('',#1431,#1423,#1433,.T.);
#1431 = VERTEX_POINT('',#1432);
#1432 = CARTESIAN_POINT('',(-5.5,-5.87499961853,0.45));
#1433 = LINE('',#1434,#1435);
#1434 = CARTESIAN_POINT('',(-5.5,-5.87499961853,5.E-02));
#1435 = VECTOR('',#1436,1.);
#1436 = DIRECTION('',(-0.,-0.,-1.));
#1437 = ORIENTED_EDGE('',*,*,#1438,.F.);
#1438 = EDGE_CURVE('',#1314,#1431,#1439,.T.);
#1439 = LINE('',#1440,#1441);
#1440 = CARTESIAN_POINT('',(-5.5,-6.12499961853,0.45));
#1441 = VECTOR('',#1442,1.);
#1442 = DIRECTION('',(0.,1.,0.));
#1443 = PLANE('',#1444);
#1444 = AXIS2_PLACEMENT_3D('',#1445,#1446,#1447);
#1445 = CARTESIAN_POINT('',(-5.5,-6.52499961853,0.1));
#1446 = DIRECTION('',(-1.,-0.,-0.));
#1447 = DIRECTION('',(0.,0.,-1.));
#1448 = ADVANCED_FACE('',(#1449),#1468,.T.);
#1449 = FACE_BOUND('',#1450,.T.);
#1450 = EDGE_LOOP('',(#1451,#1452,#1460,#1467));
#1451 = ORIENTED_EDGE('',*,*,#1406,.T.);
#1452 = ORIENTED_EDGE('',*,*,#1453,.T.);
#1453 = EDGE_CURVE('',#1399,#1454,#1456,.T.);
#1454 = VERTEX_POINT('',#1455);
#1455 = CARTESIAN_POINT('',(-5.3,-5.87499961853,0.65));
#1456 = LINE('',#1457,#1458);
#1457 = CARTESIAN_POINT('',(-5.3,-6.12499961853,0.65));
#1458 = VECTOR('',#1459,1.);
#1459 = DIRECTION('',(0.,1.,0.));
#1460 = ORIENTED_EDGE('',*,*,#1461,.F.);
#1461 = EDGE_CURVE('',#1431,#1454,#1462,.T.);
#1462 = CIRCLE('',#1463,0.2);
#1463 = AXIS2_PLACEMENT_3D('',#1464,#1465,#1466);
#1464 = CARTESIAN_POINT('',(-5.3,-5.87499961853,0.45));
#1465 = DIRECTION('',(0.,1.,0.));
#1466 = DIRECTION('',(0.,0.,1.));
#1467 = ORIENTED_EDGE('',*,*,#1438,.F.);
#1468 = CYLINDRICAL_SURFACE('',#1469,0.2);
#1469 = AXIS2_PLACEMENT_3D('',#1470,#1471,#1472);
#1470 = CARTESIAN_POINT('',(-5.3,-6.12499961853,0.45));
#1471 = DIRECTION('',(0.,1.,0.));
#1472 = DIRECTION('',(-1.,-0.,-0.));
#1473 = ADVANCED_FACE('',(#1474),#1493,.F.);
#1474 = FACE_BOUND('',#1475,.T.);
#1475 = EDGE_LOOP('',(#1476,#1477,#1478,#1487));
#1476 = ORIENTED_EDGE('',*,*,#1323,.T.);
#1477 = ORIENTED_EDGE('',*,*,#1422,.T.);
#1478 = ORIENTED_EDGE('',*,*,#1479,.F.);
#1479 = EDGE_CURVE('',#1480,#1423,#1482,.T.);
#1480 = VERTEX_POINT('',#1481);
#1481 = CARTESIAN_POINT('',(-5.6,-5.87499961853,0.1));
#1482 = CIRCLE('',#1483,0.1);
#1483 = AXIS2_PLACEMENT_3D('',#1484,#1485,#1486);
#1484 = CARTESIAN_POINT('',(-5.6,-5.87499961853,0.2));
#1485 = DIRECTION('',(0.,-1.,0.));
#1486 = DIRECTION('',(0.,0.,1.));
#1487 = ORIENTED_EDGE('',*,*,#1488,.F.);
#1488 = EDGE_CURVE('',#1324,#1480,#1489,.T.);
#1489 = LINE('',#1490,#1491);
#1490 = CARTESIAN_POINT('',(-5.6,-6.12499961853,0.1));
#1491 = VECTOR('',#1492,1.);
#1492 = DIRECTION('',(0.,1.,0.));
#1493 = CYLINDRICAL_SURFACE('',#1494,0.1);
#1494 = AXIS2_PLACEMENT_3D('',#1495,#1496,#1497);
#1495 = CARTESIAN_POINT('',(-5.6,-6.12499961853,0.2));
#1496 = DIRECTION('',(0.,1.,0.));
#1497 = DIRECTION('',(-0.,-0.,-1.));
#1498 = ADVANCED_FACE('',(#1499),#1517,.T.);
#1499 = FACE_BOUND('',#1500,.F.);
#1500 = EDGE_LOOP('',(#1501,#1509,#1515,#1516));
#1501 = ORIENTED_EDGE('',*,*,#1502,.F.);
#1502 = EDGE_CURVE('',#1503,#1454,#1505,.T.);
#1503 = VERTEX_POINT('',#1504);
#1504 = CARTESIAN_POINT('',(-5.,-5.87499961853,0.65));
#1505 = LINE('',#1506,#1507);
#1506 = CARTESIAN_POINT('',(-5.,-5.87499961853,0.65));
#1507 = VECTOR('',#1508,1.);
#1508 = DIRECTION('',(-1.,-0.,-0.));
#1509 = ORIENTED_EDGE('',*,*,#1510,.F.);
#1510 = EDGE_CURVE('',#1391,#1503,#1511,.T.);
#1511 = LINE('',#1512,#1513);
#1512 = CARTESIAN_POINT('',(-5.,-6.12499961853,0.65));
#1513 = VECTOR('',#1514,1.);
#1514 = DIRECTION('',(0.,1.,0.));
#1515 = ORIENTED_EDGE('',*,*,#1398,.T.);
#1516 = ORIENTED_EDGE('',*,*,#1453,.T.);
#1517 = PLANE('',#1518);
#1518 = AXIS2_PLACEMENT_3D('',#1519,#1520,#1521);
#1519 = CARTESIAN_POINT('',(-5.,-6.12499961853,0.65));
#1520 = DIRECTION('',(0.,0.,1.));
#1521 = DIRECTION('',(1.,0.,0.));
#1522 = ADVANCED_FACE('',(#1523),#1541,.T.);
#1523 = FACE_BOUND('',#1524,.F.);
#1524 = EDGE_LOOP('',(#1525,#1533,#1534,#1535));
#1525 = ORIENTED_EDGE('',*,*,#1526,.F.);
#1526 = EDGE_CURVE('',#1480,#1527,#1529,.T.);
#1527 = VERTEX_POINT('',#1528);
#1528 = CARTESIAN_POINT('',(-5.9,-5.87499961853,0.1));
#1529 = LINE('',#1530,#1531);
#1530 = CARTESIAN_POINT('',(-5.25,-5.87499961853,0.1));
#1531 = VECTOR('',#1532,1.);
#1532 = DIRECTION('',(-1.,-0.,-0.));
#1533 = ORIENTED_EDGE('',*,*,#1488,.F.);
#1534 = ORIENTED_EDGE('',*,*,#1332,.T.);
#1535 = ORIENTED_EDGE('',*,*,#1536,.F.);
#1536 = EDGE_CURVE('',#1527,#1333,#1537,.T.);
#1537 = LINE('',#1538,#1539);
#1538 = CARTESIAN_POINT('',(-5.9,-6.32499961853,0.1));
#1539 = VECTOR('',#1540,1.);
#1540 = DIRECTION('',(-0.,-1.,-0.));
#1541 = PLANE('',#1542);
#1542 = AXIS2_PLACEMENT_3D('',#1543,#1544,#1545);
#1543 = CARTESIAN_POINT('',(-5.5,-6.52499961853,0.1));
#1544 = DIRECTION('',(0.,0.,1.));
#1545 = DIRECTION('',(1.,0.,0.));
#1546 = ADVANCED_FACE('',(#1547),#1565,.F.);
#1547 = FACE_BOUND('',#1548,.T.);
#1548 = EDGE_LOOP('',(#1549,#1550,#1558,#1564));
#1549 = ORIENTED_EDGE('',*,*,#1390,.F.);
#1550 = ORIENTED_EDGE('',*,*,#1551,.F.);
#1551 = EDGE_CURVE('',#1552,#1383,#1554,.T.);
#1552 = VERTEX_POINT('',#1553);
#1553 = CARTESIAN_POINT('',(-5.,-5.87499961853,0.55));
#1554 = LINE('',#1555,#1556);
#1555 = CARTESIAN_POINT('',(-5.,-6.32499961853,0.55));
#1556 = VECTOR('',#1557,1.);
#1557 = DIRECTION('',(-0.,-1.,-0.));
#1558 = ORIENTED_EDGE('',*,*,#1559,.T.);
#1559 = EDGE_CURVE('',#1552,#1503,#1560,.T.);
#1560 = LINE('',#1561,#1562);
#1561 = CARTESIAN_POINT('',(-5.,-5.87499961853,0.));
#1562 = VECTOR('',#1563,1.);
#1563 = DIRECTION('',(0.,0.,1.));
#1564 = ORIENTED_EDGE('',*,*,#1510,.F.);
#1565 = PLANE('',#1566);
#1566 = AXIS2_PLACEMENT_3D('',#1567,#1568,#1569);
#1567 = CARTESIAN_POINT('',(-5.,-6.12499961853,0.));
#1568 = DIRECTION('',(-1.,-0.,-0.));
#1569 = DIRECTION('',(0.,0.,-1.));
#1570 = ADVANCED_FACE('',(#1571),#1589,.T.);
#1571 = FACE_BOUND('',#1572,.F.);
#1572 = EDGE_LOOP('',(#1573,#1574,#1582,#1588));
#1573 = ORIENTED_EDGE('',*,*,#1340,.F.);
#1574 = ORIENTED_EDGE('',*,*,#1575,.T.);
#1575 = EDGE_CURVE('',#1341,#1576,#1578,.T.);
#1576 = VERTEX_POINT('',#1577);
#1577 = CARTESIAN_POINT('',(-5.9,-5.87499961853,0.));
#1578 = LINE('',#1579,#1580);
#1579 = CARTESIAN_POINT('',(-5.9,-6.12499961853,0.));
#1580 = VECTOR('',#1581,1.);
#1581 = DIRECTION('',(0.,1.,0.));
#1582 = ORIENTED_EDGE('',*,*,#1583,.T.);
#1583 = EDGE_CURVE('',#1576,#1527,#1584,.T.);
#1584 = LINE('',#1585,#1586);
#1585 = CARTESIAN_POINT('',(-5.9,-5.87499961853,0.));
#1586 = VECTOR('',#1587,1.);
#1587 = DIRECTION('',(0.,0.,1.));
#1588 = ORIENTED_EDGE('',*,*,#1536,.T.);
#1589 = PLANE('',#1590);
#1590 = AXIS2_PLACEMENT_3D('',#1591,#1592,#1593);
#1591 = CARTESIAN_POINT('',(-5.9,-6.12499961853,0.));
#1592 = DIRECTION('',(-1.,-0.,-0.));
#1593 = DIRECTION('',(0.,0.,-1.));
#1594 = ADVANCED_FACE('',(#1595),#1613,.F.);
#1595 = FACE_BOUND('',#1596,.T.);
#1596 = EDGE_LOOP('',(#1597,#1598,#1606,#1612));
#1597 = ORIENTED_EDGE('',*,*,#1382,.T.);
#1598 = ORIENTED_EDGE('',*,*,#1599,.T.);
#1599 = EDGE_CURVE('',#1374,#1600,#1602,.T.);
#1600 = VERTEX_POINT('',#1601);
#1601 = CARTESIAN_POINT('',(-5.3,-5.87499961853,0.55));
#1602 = LINE('',#1603,#1604);
#1603 = CARTESIAN_POINT('',(-5.3,-6.12499961853,0.55));
#1604 = VECTOR('',#1605,1.);
#1605 = DIRECTION('',(0.,1.,0.));
#1606 = ORIENTED_EDGE('',*,*,#1607,.F.);
#1607 = EDGE_CURVE('',#1552,#1600,#1608,.T.);
#1608 = LINE('',#1609,#1610);
#1609 = CARTESIAN_POINT('',(-4.5,-5.87499961853,0.55));
#1610 = VECTOR('',#1611,1.);
#1611 = DIRECTION('',(-1.,-0.,-0.));
#1612 = ORIENTED_EDGE('',*,*,#1551,.T.);
#1613 = PLANE('',#1614);
#1614 = AXIS2_PLACEMENT_3D('',#1615,#1616,#1617);
#1615 = CARTESIAN_POINT('',(-4.,-6.52499961853,0.55));
#1616 = DIRECTION('',(0.,0.,1.));
#1617 = DIRECTION('',(1.,0.,0.));
#1618 = ADVANCED_FACE('',(#1619),#1637,.F.);
#1619 = FACE_BOUND('',#1620,.T.);
#1620 = EDGE_LOOP('',(#1621,#1629,#1635,#1636));
#1621 = ORIENTED_EDGE('',*,*,#1622,.F.);
#1622 = EDGE_CURVE('',#1623,#1576,#1625,.T.);
#1623 = VERTEX_POINT('',#1624);
#1624 = CARTESIAN_POINT('',(-5.6,-5.87499961853,-2.775557561563E-17));
#1625 = LINE('',#1626,#1627);
#1626 = CARTESIAN_POINT('',(-5.,-5.87499961853,0.));
#1627 = VECTOR('',#1628,1.);
#1628 = DIRECTION('',(-1.,-0.,-0.));
#1629 = ORIENTED_EDGE('',*,*,#1630,.F.);
#1630 = EDGE_CURVE('',#1349,#1623,#1631,.T.);
#1631 = LINE('',#1632,#1633);
#1632 = CARTESIAN_POINT('',(-5.6,-6.12499961853,-2.775557561563E-17));
#1633 = VECTOR('',#1634,1.);
#1634 = DIRECTION('',(0.,1.,0.));
#1635 = ORIENTED_EDGE('',*,*,#1348,.T.);
#1636 = ORIENTED_EDGE('',*,*,#1575,.T.);
#1637 = PLANE('',#1638);
#1638 = AXIS2_PLACEMENT_3D('',#1639,#1640,#1641);
#1639 = CARTESIAN_POINT('',(-5.,-6.12499961853,0.));
#1640 = DIRECTION('',(0.,0.,1.));
#1641 = DIRECTION('',(1.,0.,0.));
#1642 = ADVANCED_FACE('',(#1643),#1662,.F.);
#1643 = FACE_BOUND('',#1644,.T.);
#1644 = EDGE_LOOP('',(#1645,#1646,#1654,#1661));
#1645 = ORIENTED_EDGE('',*,*,#1373,.T.);
#1646 = ORIENTED_EDGE('',*,*,#1647,.T.);
#1647 = EDGE_CURVE('',#1366,#1648,#1650,.T.);
#1648 = VERTEX_POINT('',#1649);
#1649 = CARTESIAN_POINT('',(-5.4,-5.87499961853,0.45));
#1650 = LINE('',#1651,#1652);
#1651 = CARTESIAN_POINT('',(-5.4,-6.12499961853,0.45));
#1652 = VECTOR('',#1653,1.);
#1653 = DIRECTION('',(0.,1.,0.));
#1654 = ORIENTED_EDGE('',*,*,#1655,.F.);
#1655 = EDGE_CURVE('',#1600,#1648,#1656,.T.);
#1656 = CIRCLE('',#1657,0.1);
#1657 = AXIS2_PLACEMENT_3D('',#1658,#1659,#1660);
#1658 = CARTESIAN_POINT('',(-5.3,-5.87499961853,0.45));
#1659 = DIRECTION('',(0.,-1.,0.));
#1660 = DIRECTION('',(0.,0.,1.));
#1661 = ORIENTED_EDGE('',*,*,#1599,.F.);
#1662 = CYLINDRICAL_SURFACE('',#1663,0.1);
#1663 = AXIS2_PLACEMENT_3D('',#1664,#1665,#1666);
#1664 = CARTESIAN_POINT('',(-5.3,-6.12499961853,0.45));
#1665 = DIRECTION('',(0.,1.,0.));
#1666 = DIRECTION('',(0.,0.,1.));
#1667 = ADVANCED_FACE('',(#1668),#1687,.T.);
#1668 = FACE_BOUND('',#1669,.F.);
#1669 = EDGE_LOOP('',(#1670,#1671,#1679,#1686));
#1670 = ORIENTED_EDGE('',*,*,#1356,.T.);
#1671 = ORIENTED_EDGE('',*,*,#1672,.T.);
#1672 = EDGE_CURVE('',#1357,#1673,#1675,.T.);
#1673 = VERTEX_POINT('',#1674);
#1674 = CARTESIAN_POINT('',(-5.4,-5.87499961853,0.2));
#1675 = LINE('',#1676,#1677);
#1676 = CARTESIAN_POINT('',(-5.4,-6.12499961853,0.2));
#1677 = VECTOR('',#1678,1.);
#1678 = DIRECTION('',(0.,1.,0.));
#1679 = ORIENTED_EDGE('',*,*,#1680,.F.);
#1680 = EDGE_CURVE('',#1623,#1673,#1681,.T.);
#1681 = CIRCLE('',#1682,0.2);
#1682 = AXIS2_PLACEMENT_3D('',#1683,#1684,#1685);
#1683 = CARTESIAN_POINT('',(-5.6,-5.87499961853,0.2));
#1684 = DIRECTION('',(0.,-1.,0.));
#1685 = DIRECTION('',(0.,0.,1.));
#1686 = ORIENTED_EDGE('',*,*,#1630,.F.);
#1687 = CYLINDRICAL_SURFACE('',#1688,0.2);
#1688 = AXIS2_PLACEMENT_3D('',#1689,#1690,#1691);
#1689 = CARTESIAN_POINT('',(-5.6,-6.12499961853,0.2));
#1690 = DIRECTION('',(0.,1.,0.));
#1691 = DIRECTION('',(-0.,-0.,-1.));
#1692 = ADVANCED_FACE('',(#1693),#1704,.F.);
#1693 = FACE_BOUND('',#1694,.T.);
#1694 = EDGE_LOOP('',(#1695,#1701,#1702,#1703));
#1695 = ORIENTED_EDGE('',*,*,#1696,.F.);
#1696 = EDGE_CURVE('',#1648,#1673,#1697,.T.);
#1697 = LINE('',#1698,#1699);
#1698 = CARTESIAN_POINT('',(-5.4,-5.87499961853,-5.E-02));
#1699 = VECTOR('',#1700,1.);
#1700 = DIRECTION('',(-0.,-0.,-1.));
#1701 = ORIENTED_EDGE('',*,*,#1647,.F.);
#1702 = ORIENTED_EDGE('',*,*,#1365,.T.);
#1703 = ORIENTED_EDGE('',*,*,#1672,.T.);
#1704 = PLANE('',#1705);
#1705 = AXIS2_PLACEMENT_3D('',#1706,#1707,#1708);
#1706 = CARTESIAN_POINT('',(-5.4,-6.52499961853,-0.1));
#1707 = DIRECTION('',(-1.,-0.,-0.));
#1708 = DIRECTION('',(0.,0.,-1.));
#1709 = ADVANCED_FACE('',(#1710),#1724,.T.);
#1710 = FACE_BOUND('',#1711,.F.);
#1711 = EDGE_LOOP('',(#1712,#1713,#1714,#1715,#1716,#1717,#1718,#1719,
    #1720,#1721,#1722,#1723));
#1712 = ORIENTED_EDGE('',*,*,#1430,.T.);
#1713 = ORIENTED_EDGE('',*,*,#1479,.F.);
#1714 = ORIENTED_EDGE('',*,*,#1526,.T.);
#1715 = ORIENTED_EDGE('',*,*,#1583,.F.);
#1716 = ORIENTED_EDGE('',*,*,#1622,.F.);
#1717 = ORIENTED_EDGE('',*,*,#1680,.T.);
#1718 = ORIENTED_EDGE('',*,*,#1696,.F.);
#1719 = ORIENTED_EDGE('',*,*,#1655,.F.);
#1720 = ORIENTED_EDGE('',*,*,#1607,.F.);
#1721 = ORIENTED_EDGE('',*,*,#1559,.T.);
#1722 = ORIENTED_EDGE('',*,*,#1502,.T.);
#1723 = ORIENTED_EDGE('',*,*,#1461,.F.);
#1724 = PLANE('',#1725);
#1725 = AXIS2_PLACEMENT_3D('',#1726,#1727,#1728);
#1726 = CARTESIAN_POINT('',(-5.,-5.87499961853,0.));
#1727 = DIRECTION('',(0.,1.,0.));
#1728 = DIRECTION('',(0.,0.,-1.));
#1729 = MANIFOLD_SOLID_BREP('',#1730);
#1730 = CLOSED_SHELL('',(#1731,#1839,#1870,#1895,#1920,#1944,#1968,#1992
    ,#2016,#2040,#2064,#2089,#2114,#2131));
#1731 = ADVANCED_FACE('',(#1732),#1834,.F.);
#1732 = FACE_BOUND('',#1733,.T.);
#1733 = EDGE_LOOP('',(#1734,#1744,#1753,#1761,#1769,#1777,#1786,#1794,
    #1803,#1811,#1819,#1827));
#1734 = ORIENTED_EDGE('',*,*,#1735,.T.);
#1735 = EDGE_CURVE('',#1736,#1738,#1740,.T.);
#1736 = VERTEX_POINT('',#1737);
#1737 = CARTESIAN_POINT('',(-5.5,-5.32499961853,0.45));
#1738 = VERTEX_POINT('',#1739);
#1739 = CARTESIAN_POINT('',(-5.5,-5.32499961853,0.2));
#1740 = LINE('',#1741,#1742);
#1741 = CARTESIAN_POINT('',(-5.5,-5.32499961853,5.E-02));
#1742 = VECTOR('',#1743,1.);
#1743 = DIRECTION('',(-0.,-0.,-1.));
#1744 = ORIENTED_EDGE('',*,*,#1745,.F.);
#1745 = EDGE_CURVE('',#1746,#1738,#1748,.T.);
#1746 = VERTEX_POINT('',#1747);
#1747 = CARTESIAN_POINT('',(-5.6,-5.32499961853,0.1));
#1748 = CIRCLE('',#1749,0.1);
#1749 = AXIS2_PLACEMENT_3D('',#1750,#1751,#1752);
#1750 = CARTESIAN_POINT('',(-5.6,-5.32499961853,0.2));
#1751 = DIRECTION('',(0.,-1.,0.));
#1752 = DIRECTION('',(0.,0.,1.));
#1753 = ORIENTED_EDGE('',*,*,#1754,.T.);
#1754 = EDGE_CURVE('',#1746,#1755,#1757,.T.);
#1755 = VERTEX_POINT('',#1756);
#1756 = CARTESIAN_POINT('',(-5.9,-5.32499961853,0.1));
#1757 = LINE('',#1758,#1759);
#1758 = CARTESIAN_POINT('',(-5.25,-5.32499961853,0.1));
#1759 = VECTOR('',#1760,1.);
#1760 = DIRECTION('',(-1.,-0.,-0.));
#1761 = ORIENTED_EDGE('',*,*,#1762,.F.);
#1762 = EDGE_CURVE('',#1763,#1755,#1765,.T.);
#1763 = VERTEX_POINT('',#1764);
#1764 = CARTESIAN_POINT('',(-5.9,-5.32499961853,0.));
#1765 = LINE('',#1766,#1767);
#1766 = CARTESIAN_POINT('',(-5.9,-5.32499961853,0.));
#1767 = VECTOR('',#1768,1.);
#1768 = DIRECTION('',(0.,0.,1.));
#1769 = ORIENTED_EDGE('',*,*,#1770,.F.);
#1770 = EDGE_CURVE('',#1771,#1763,#1773,.T.);
#1771 = VERTEX_POINT('',#1772);
#1772 = CARTESIAN_POINT('',(-5.6,-5.32499961853,-2.775557561563E-17));
#1773 = LINE('',#1774,#1775);
#1774 = CARTESIAN_POINT('',(-5.,-5.32499961853,0.));
#1775 = VECTOR('',#1776,1.);
#1776 = DIRECTION('',(-1.,-0.,-0.));
#1777 = ORIENTED_EDGE('',*,*,#1778,.T.);
#1778 = EDGE_CURVE('',#1771,#1779,#1781,.T.);
#1779 = VERTEX_POINT('',#1780);
#1780 = CARTESIAN_POINT('',(-5.4,-5.32499961853,0.2));
#1781 = CIRCLE('',#1782,0.2);
#1782 = AXIS2_PLACEMENT_3D('',#1783,#1784,#1785);
#1783 = CARTESIAN_POINT('',(-5.6,-5.32499961853,0.2));
#1784 = DIRECTION('',(0.,-1.,0.));
#1785 = DIRECTION('',(0.,0.,1.));
#1786 = ORIENTED_EDGE('',*,*,#1787,.F.);
#1787 = EDGE_CURVE('',#1788,#1779,#1790,.T.);
#1788 = VERTEX_POINT('',#1789);
#1789 = CARTESIAN_POINT('',(-5.4,-5.32499961853,0.45));
#1790 = LINE('',#1791,#1792);
#1791 = CARTESIAN_POINT('',(-5.4,-5.32499961853,-5.E-02));
#1792 = VECTOR('',#1793,1.);
#1793 = DIRECTION('',(-0.,-0.,-1.));
#1794 = ORIENTED_EDGE('',*,*,#1795,.F.);
#1795 = EDGE_CURVE('',#1796,#1788,#1798,.T.);
#1796 = VERTEX_POINT('',#1797);
#1797 = CARTESIAN_POINT('',(-5.3,-5.32499961853,0.55));
#1798 = CIRCLE('',#1799,0.1);
#1799 = AXIS2_PLACEMENT_3D('',#1800,#1801,#1802);
#1800 = CARTESIAN_POINT('',(-5.3,-5.32499961853,0.45));
#1801 = DIRECTION('',(0.,-1.,0.));
#1802 = DIRECTION('',(0.,0.,1.));
#1803 = ORIENTED_EDGE('',*,*,#1804,.F.);
#1804 = EDGE_CURVE('',#1805,#1796,#1807,.T.);
#1805 = VERTEX_POINT('',#1806);
#1806 = CARTESIAN_POINT('',(-5.,-5.32499961853,0.55));
#1807 = LINE('',#1808,#1809);
#1808 = CARTESIAN_POINT('',(-4.5,-5.32499961853,0.55));
#1809 = VECTOR('',#1810,1.);
#1810 = DIRECTION('',(-1.,-0.,-0.));
#1811 = ORIENTED_EDGE('',*,*,#1812,.T.);
#1812 = EDGE_CURVE('',#1805,#1813,#1815,.T.);
#1813 = VERTEX_POINT('',#1814);
#1814 = CARTESIAN_POINT('',(-5.,-5.32499961853,0.65));
#1815 = LINE('',#1816,#1817);
#1816 = CARTESIAN_POINT('',(-5.,-5.32499961853,0.));
#1817 = VECTOR('',#1818,1.);
#1818 = DIRECTION('',(0.,0.,1.));
#1819 = ORIENTED_EDGE('',*,*,#1820,.T.);
#1820 = EDGE_CURVE('',#1813,#1821,#1823,.T.);
#1821 = VERTEX_POINT('',#1822);
#1822 = CARTESIAN_POINT('',(-5.3,-5.32499961853,0.65));
#1823 = LINE('',#1824,#1825);
#1824 = CARTESIAN_POINT('',(-5.,-5.32499961853,0.65));
#1825 = VECTOR('',#1826,1.);
#1826 = DIRECTION('',(-1.,-0.,-0.));
#1827 = ORIENTED_EDGE('',*,*,#1828,.F.);
#1828 = EDGE_CURVE('',#1736,#1821,#1829,.T.);
#1829 = CIRCLE('',#1830,0.2);
#1830 = AXIS2_PLACEMENT_3D('',#1831,#1832,#1833);
#1831 = CARTESIAN_POINT('',(-5.3,-5.32499961853,0.45));
#1832 = DIRECTION('',(0.,1.,0.));
#1833 = DIRECTION('',(0.,0.,1.));
#1834 = PLANE('',#1835);
#1835 = AXIS2_PLACEMENT_3D('',#1836,#1837,#1838);
#1836 = CARTESIAN_POINT('',(-5.,-5.32499961853,0.));
#1837 = DIRECTION('',(0.,1.,0.));
#1838 = DIRECTION('',(0.,0.,-1.));
#1839 = ADVANCED_FACE('',(#1840),#1865,.T.);
#1840 = FACE_BOUND('',#1841,.F.);
#1841 = EDGE_LOOP('',(#1842,#1843,#1851,#1859));
#1842 = ORIENTED_EDGE('',*,*,#1735,.T.);
#1843 = ORIENTED_EDGE('',*,*,#1844,.T.);
#1844 = EDGE_CURVE('',#1738,#1845,#1847,.T.);
#1845 = VERTEX_POINT('',#1846);
#1846 = CARTESIAN_POINT('',(-5.5,-5.07499961853,0.2));
#1847 = LINE('',#1848,#1849);
#1848 = CARTESIAN_POINT('',(-5.5,-5.32499961853,0.2));
#1849 = VECTOR('',#1850,1.);
#1850 = DIRECTION('',(0.,1.,0.));
#1851 = ORIENTED_EDGE('',*,*,#1852,.F.);
#1852 = EDGE_CURVE('',#1853,#1845,#1855,.T.);
#1853 = VERTEX_POINT('',#1854);
#1854 = CARTESIAN_POINT('',(-5.5,-5.07499961853,0.45));
#1855 = LINE('',#1856,#1857);
#1856 = CARTESIAN_POINT('',(-5.5,-5.07499961853,5.E-02));
#1857 = VECTOR('',#1858,1.);
#1858 = DIRECTION('',(-0.,-0.,-1.));
#1859 = ORIENTED_EDGE('',*,*,#1860,.F.);
#1860 = EDGE_CURVE('',#1736,#1853,#1861,.T.);
#1861 = LINE('',#1862,#1863);
#1862 = CARTESIAN_POINT('',(-5.5,-5.32499961853,0.45));
#1863 = VECTOR('',#1864,1.);
#1864 = DIRECTION('',(0.,1.,0.));
#1865 = PLANE('',#1866);
#1866 = AXIS2_PLACEMENT_3D('',#1867,#1868,#1869);
#1867 = CARTESIAN_POINT('',(-5.5,-5.72499961853,0.1));
#1868 = DIRECTION('',(-1.,-0.,-0.));
#1869 = DIRECTION('',(0.,0.,-1.));
#1870 = ADVANCED_FACE('',(#1871),#1890,.T.);
#1871 = FACE_BOUND('',#1872,.T.);
#1872 = EDGE_LOOP('',(#1873,#1874,#1882,#1889));
#1873 = ORIENTED_EDGE('',*,*,#1828,.T.);
#1874 = ORIENTED_EDGE('',*,*,#1875,.T.);
#1875 = EDGE_CURVE('',#1821,#1876,#1878,.T.);
#1876 = VERTEX_POINT('',#1877);
#1877 = CARTESIAN_POINT('',(-5.3,-5.07499961853,0.65));
#1878 = LINE('',#1879,#1880);
#1879 = CARTESIAN_POINT('',(-5.3,-5.32499961853,0.65));
#1880 = VECTOR('',#1881,1.);
#1881 = DIRECTION('',(0.,1.,0.));
#1882 = ORIENTED_EDGE('',*,*,#1883,.F.);
#1883 = EDGE_CURVE('',#1853,#1876,#1884,.T.);
#1884 = CIRCLE('',#1885,0.2);
#1885 = AXIS2_PLACEMENT_3D('',#1886,#1887,#1888);
#1886 = CARTESIAN_POINT('',(-5.3,-5.07499961853,0.45));
#1887 = DIRECTION('',(0.,1.,0.));
#1888 = DIRECTION('',(0.,0.,1.));
#1889 = ORIENTED_EDGE('',*,*,#1860,.F.);
#1890 = CYLINDRICAL_SURFACE('',#1891,0.2);
#1891 = AXIS2_PLACEMENT_3D('',#1892,#1893,#1894);
#1892 = CARTESIAN_POINT('',(-5.3,-5.32499961853,0.45));
#1893 = DIRECTION('',(0.,1.,0.));
#1894 = DIRECTION('',(-1.,-0.,-0.));
#1895 = ADVANCED_FACE('',(#1896),#1915,.F.);
#1896 = FACE_BOUND('',#1897,.T.);
#1897 = EDGE_LOOP('',(#1898,#1899,#1900,#1909));
#1898 = ORIENTED_EDGE('',*,*,#1745,.T.);
#1899 = ORIENTED_EDGE('',*,*,#1844,.T.);
#1900 = ORIENTED_EDGE('',*,*,#1901,.F.);
#1901 = EDGE_CURVE('',#1902,#1845,#1904,.T.);
#1902 = VERTEX_POINT('',#1903);
#1903 = CARTESIAN_POINT('',(-5.6,-5.07499961853,0.1));
#1904 = CIRCLE('',#1905,0.1);
#1905 = AXIS2_PLACEMENT_3D('',#1906,#1907,#1908);
#1906 = CARTESIAN_POINT('',(-5.6,-5.07499961853,0.2));
#1907 = DIRECTION('',(0.,-1.,0.));
#1908 = DIRECTION('',(0.,0.,1.));
#1909 = ORIENTED_EDGE('',*,*,#1910,.F.);
#1910 = EDGE_CURVE('',#1746,#1902,#1911,.T.);
#1911 = LINE('',#1912,#1913);
#1912 = CARTESIAN_POINT('',(-5.6,-5.32499961853,0.1));
#1913 = VECTOR('',#1914,1.);
#1914 = DIRECTION('',(0.,1.,0.));
#1915 = CYLINDRICAL_SURFACE('',#1916,0.1);
#1916 = AXIS2_PLACEMENT_3D('',#1917,#1918,#1919);
#1917 = CARTESIAN_POINT('',(-5.6,-5.32499961853,0.2));
#1918 = DIRECTION('',(0.,1.,0.));
#1919 = DIRECTION('',(-0.,-0.,-1.));
#1920 = ADVANCED_FACE('',(#1921),#1939,.T.);
#1921 = FACE_BOUND('',#1922,.F.);
#1922 = EDGE_LOOP('',(#1923,#1931,#1937,#1938));
#1923 = ORIENTED_EDGE('',*,*,#1924,.F.);
#1924 = EDGE_CURVE('',#1925,#1876,#1927,.T.);
#1925 = VERTEX_POINT('',#1926);
#1926 = CARTESIAN_POINT('',(-5.,-5.07499961853,0.65));
#1927 = LINE('',#1928,#1929);
#1928 = CARTESIAN_POINT('',(-5.,-5.07499961853,0.65));
#1929 = VECTOR('',#1930,1.);
#1930 = DIRECTION('',(-1.,-0.,-0.));
#1931 = ORIENTED_EDGE('',*,*,#1932,.F.);
#1932 = EDGE_CURVE('',#1813,#1925,#1933,.T.);
#1933 = LINE('',#1934,#1935);
#1934 = CARTESIAN_POINT('',(-5.,-5.32499961853,0.65));
#1935 = VECTOR('',#1936,1.);
#1936 = DIRECTION('',(0.,1.,0.));
#1937 = ORIENTED_EDGE('',*,*,#1820,.T.);
#1938 = ORIENTED_EDGE('',*,*,#1875,.T.);
#1939 = PLANE('',#1940);
#1940 = AXIS2_PLACEMENT_3D('',#1941,#1942,#1943);
#1941 = CARTESIAN_POINT('',(-5.,-5.32499961853,0.65));
#1942 = DIRECTION('',(0.,0.,1.));
#1943 = DIRECTION('',(1.,0.,0.));
#1944 = ADVANCED_FACE('',(#1945),#1963,.T.);
#1945 = FACE_BOUND('',#1946,.F.);
#1946 = EDGE_LOOP('',(#1947,#1955,#1956,#1957));
#1947 = ORIENTED_EDGE('',*,*,#1948,.F.);
#1948 = EDGE_CURVE('',#1902,#1949,#1951,.T.);
#1949 = VERTEX_POINT('',#1950);
#1950 = CARTESIAN_POINT('',(-5.9,-5.07499961853,0.1));
#1951 = LINE('',#1952,#1953);
#1952 = CARTESIAN_POINT('',(-5.25,-5.07499961853,0.1));
#1953 = VECTOR('',#1954,1.);
#1954 = DIRECTION('',(-1.,-0.,-0.));
#1955 = ORIENTED_EDGE('',*,*,#1910,.F.);
#1956 = ORIENTED_EDGE('',*,*,#1754,.T.);
#1957 = ORIENTED_EDGE('',*,*,#1958,.F.);
#1958 = EDGE_CURVE('',#1949,#1755,#1959,.T.);
#1959 = LINE('',#1960,#1961);
#1960 = CARTESIAN_POINT('',(-5.9,-5.52499961853,0.1));
#1961 = VECTOR('',#1962,1.);
#1962 = DIRECTION('',(-0.,-1.,-0.));
#1963 = PLANE('',#1964);
#1964 = AXIS2_PLACEMENT_3D('',#1965,#1966,#1967);
#1965 = CARTESIAN_POINT('',(-5.5,-5.72499961853,0.1));
#1966 = DIRECTION('',(0.,0.,1.));
#1967 = DIRECTION('',(1.,0.,0.));
#1968 = ADVANCED_FACE('',(#1969),#1987,.F.);
#1969 = FACE_BOUND('',#1970,.T.);
#1970 = EDGE_LOOP('',(#1971,#1972,#1980,#1986));
#1971 = ORIENTED_EDGE('',*,*,#1812,.F.);
#1972 = ORIENTED_EDGE('',*,*,#1973,.F.);
#1973 = EDGE_CURVE('',#1974,#1805,#1976,.T.);
#1974 = VERTEX_POINT('',#1975);
#1975 = CARTESIAN_POINT('',(-5.,-5.07499961853,0.55));
#1976 = LINE('',#1977,#1978);
#1977 = CARTESIAN_POINT('',(-5.,-5.52499961853,0.55));
#1978 = VECTOR('',#1979,1.);
#1979 = DIRECTION('',(-0.,-1.,-0.));
#1980 = ORIENTED_EDGE('',*,*,#1981,.T.);
#1981 = EDGE_CURVE('',#1974,#1925,#1982,.T.);
#1982 = LINE('',#1983,#1984);
#1983 = CARTESIAN_POINT('',(-5.,-5.07499961853,0.));
#1984 = VECTOR('',#1985,1.);
#1985 = DIRECTION('',(0.,0.,1.));
#1986 = ORIENTED_EDGE('',*,*,#1932,.F.);
#1987 = PLANE('',#1988);
#1988 = AXIS2_PLACEMENT_3D('',#1989,#1990,#1991);
#1989 = CARTESIAN_POINT('',(-5.,-5.32499961853,0.));
#1990 = DIRECTION('',(-1.,-0.,-0.));
#1991 = DIRECTION('',(0.,0.,-1.));
#1992 = ADVANCED_FACE('',(#1993),#2011,.T.);
#1993 = FACE_BOUND('',#1994,.F.);
#1994 = EDGE_LOOP('',(#1995,#1996,#2004,#2010));
#1995 = ORIENTED_EDGE('',*,*,#1762,.F.);
#1996 = ORIENTED_EDGE('',*,*,#1997,.T.);
#1997 = EDGE_CURVE('',#1763,#1998,#2000,.T.);
#1998 = VERTEX_POINT('',#1999);
#1999 = CARTESIAN_POINT('',(-5.9,-5.07499961853,0.));
#2000 = LINE('',#2001,#2002);
#2001 = CARTESIAN_POINT('',(-5.9,-5.32499961853,0.));
#2002 = VECTOR('',#2003,1.);
#2003 = DIRECTION('',(0.,1.,0.));
#2004 = ORIENTED_EDGE('',*,*,#2005,.T.);
#2005 = EDGE_CURVE('',#1998,#1949,#2006,.T.);
#2006 = LINE('',#2007,#2008);
#2007 = CARTESIAN_POINT('',(-5.9,-5.07499961853,0.));
#2008 = VECTOR('',#2009,1.);
#2009 = DIRECTION('',(0.,0.,1.));
#2010 = ORIENTED_EDGE('',*,*,#1958,.T.);
#2011 = PLANE('',#2012);
#2012 = AXIS2_PLACEMENT_3D('',#2013,#2014,#2015);
#2013 = CARTESIAN_POINT('',(-5.9,-5.32499961853,0.));
#2014 = DIRECTION('',(-1.,-0.,-0.));
#2015 = DIRECTION('',(0.,0.,-1.));
#2016 = ADVANCED_FACE('',(#2017),#2035,.F.);
#2017 = FACE_BOUND('',#2018,.T.);
#2018 = EDGE_LOOP('',(#2019,#2020,#2028,#2034));
#2019 = ORIENTED_EDGE('',*,*,#1804,.T.);
#2020 = ORIENTED_EDGE('',*,*,#2021,.T.);
#2021 = EDGE_CURVE('',#1796,#2022,#2024,.T.);
#2022 = VERTEX_POINT('',#2023);
#2023 = CARTESIAN_POINT('',(-5.3,-5.07499961853,0.55));
#2024 = LINE('',#2025,#2026);
#2025 = CARTESIAN_POINT('',(-5.3,-5.32499961853,0.55));
#2026 = VECTOR('',#2027,1.);
#2027 = DIRECTION('',(0.,1.,0.));
#2028 = ORIENTED_EDGE('',*,*,#2029,.F.);
#2029 = EDGE_CURVE('',#1974,#2022,#2030,.T.);
#2030 = LINE('',#2031,#2032);
#2031 = CARTESIAN_POINT('',(-4.5,-5.07499961853,0.55));
#2032 = VECTOR('',#2033,1.);
#2033 = DIRECTION('',(-1.,-0.,-0.));
#2034 = ORIENTED_EDGE('',*,*,#1973,.T.);
#2035 = PLANE('',#2036);
#2036 = AXIS2_PLACEMENT_3D('',#2037,#2038,#2039);
#2037 = CARTESIAN_POINT('',(-4.,-5.72499961853,0.55));
#2038 = DIRECTION('',(0.,0.,1.));
#2039 = DIRECTION('',(1.,0.,0.));
#2040 = ADVANCED_FACE('',(#2041),#2059,.F.);
#2041 = FACE_BOUND('',#2042,.T.);
#2042 = EDGE_LOOP('',(#2043,#2051,#2057,#2058));
#2043 = ORIENTED_EDGE('',*,*,#2044,.F.);
#2044 = EDGE_CURVE('',#2045,#1998,#2047,.T.);
#2045 = VERTEX_POINT('',#2046);
#2046 = CARTESIAN_POINT('',(-5.6,-5.07499961853,-2.775557561563E-17));
#2047 = LINE('',#2048,#2049);
#2048 = CARTESIAN_POINT('',(-5.,-5.07499961853,0.));
#2049 = VECTOR('',#2050,1.);
#2050 = DIRECTION('',(-1.,-0.,-0.));
#2051 = ORIENTED_EDGE('',*,*,#2052,.F.);
#2052 = EDGE_CURVE('',#1771,#2045,#2053,.T.);
#2053 = LINE('',#2054,#2055);
#2054 = CARTESIAN_POINT('',(-5.6,-5.32499961853,-2.775557561563E-17));
#2055 = VECTOR('',#2056,1.);
#2056 = DIRECTION('',(0.,1.,0.));
#2057 = ORIENTED_EDGE('',*,*,#1770,.T.);
#2058 = ORIENTED_EDGE('',*,*,#1997,.T.);
#2059 = PLANE('',#2060);
#2060 = AXIS2_PLACEMENT_3D('',#2061,#2062,#2063);
#2061 = CARTESIAN_POINT('',(-5.,-5.32499961853,0.));
#2062 = DIRECTION('',(0.,0.,1.));
#2063 = DIRECTION('',(1.,0.,0.));
#2064 = ADVANCED_FACE('',(#2065),#2084,.F.);
#2065 = FACE_BOUND('',#2066,.T.);
#2066 = EDGE_LOOP('',(#2067,#2068,#2076,#2083));
#2067 = ORIENTED_EDGE('',*,*,#1795,.T.);
#2068 = ORIENTED_EDGE('',*,*,#2069,.T.);
#2069 = EDGE_CURVE('',#1788,#2070,#2072,.T.);
#2070 = VERTEX_POINT('',#2071);
#2071 = CARTESIAN_POINT('',(-5.4,-5.07499961853,0.45));
#2072 = LINE('',#2073,#2074);
#2073 = CARTESIAN_POINT('',(-5.4,-5.32499961853,0.45));
#2074 = VECTOR('',#2075,1.);
#2075 = DIRECTION('',(0.,1.,0.));
#2076 = ORIENTED_EDGE('',*,*,#2077,.F.);
#2077 = EDGE_CURVE('',#2022,#2070,#2078,.T.);
#2078 = CIRCLE('',#2079,0.1);
#2079 = AXIS2_PLACEMENT_3D('',#2080,#2081,#2082);
#2080 = CARTESIAN_POINT('',(-5.3,-5.07499961853,0.45));
#2081 = DIRECTION('',(0.,-1.,0.));
#2082 = DIRECTION('',(0.,0.,1.));
#2083 = ORIENTED_EDGE('',*,*,#2021,.F.);
#2084 = CYLINDRICAL_SURFACE('',#2085,0.1);
#2085 = AXIS2_PLACEMENT_3D('',#2086,#2087,#2088);
#2086 = CARTESIAN_POINT('',(-5.3,-5.32499961853,0.45));
#2087 = DIRECTION('',(0.,1.,0.));
#2088 = DIRECTION('',(0.,0.,1.));
#2089 = ADVANCED_FACE('',(#2090),#2109,.T.);
#2090 = FACE_BOUND('',#2091,.F.);
#2091 = EDGE_LOOP('',(#2092,#2093,#2101,#2108));
#2092 = ORIENTED_EDGE('',*,*,#1778,.T.);
#2093 = ORIENTED_EDGE('',*,*,#2094,.T.);
#2094 = EDGE_CURVE('',#1779,#2095,#2097,.T.);
#2095 = VERTEX_POINT('',#2096);
#2096 = CARTESIAN_POINT('',(-5.4,-5.07499961853,0.2));
#2097 = LINE('',#2098,#2099);
#2098 = CARTESIAN_POINT('',(-5.4,-5.32499961853,0.2));
#2099 = VECTOR('',#2100,1.);
#2100 = DIRECTION('',(0.,1.,0.));
#2101 = ORIENTED_EDGE('',*,*,#2102,.F.);
#2102 = EDGE_CURVE('',#2045,#2095,#2103,.T.);
#2103 = CIRCLE('',#2104,0.2);
#2104 = AXIS2_PLACEMENT_3D('',#2105,#2106,#2107);
#2105 = CARTESIAN_POINT('',(-5.6,-5.07499961853,0.2));
#2106 = DIRECTION('',(0.,-1.,0.));
#2107 = DIRECTION('',(0.,0.,1.));
#2108 = ORIENTED_EDGE('',*,*,#2052,.F.);
#2109 = CYLINDRICAL_SURFACE('',#2110,0.2);
#2110 = AXIS2_PLACEMENT_3D('',#2111,#2112,#2113);
#2111 = CARTESIAN_POINT('',(-5.6,-5.32499961853,0.2));
#2112 = DIRECTION('',(0.,1.,0.));
#2113 = DIRECTION('',(-0.,-0.,-1.));
#2114 = ADVANCED_FACE('',(#2115),#2126,.F.);
#2115 = FACE_BOUND('',#2116,.T.);
#2116 = EDGE_LOOP('',(#2117,#2123,#2124,#2125));
#2117 = ORIENTED_EDGE('',*,*,#2118,.F.);
#2118 = EDGE_CURVE('',#2070,#2095,#2119,.T.);
#2119 = LINE('',#2120,#2121);
#2120 = CARTESIAN_POINT('',(-5.4,-5.07499961853,-5.E-02));
#2121 = VECTOR('',#2122,1.);
#2122 = DIRECTION('',(-0.,-0.,-1.));
#2123 = ORIENTED_EDGE('',*,*,#2069,.F.);
#2124 = ORIENTED_EDGE('',*,*,#1787,.T.);
#2125 = ORIENTED_EDGE('',*,*,#2094,.T.);
#2126 = PLANE('',#2127);
#2127 = AXIS2_PLACEMENT_3D('',#2128,#2129,#2130);
#2128 = CARTESIAN_POINT('',(-5.4,-5.72499961853,-0.1));
#2129 = DIRECTION('',(-1.,-0.,-0.));
#2130 = DIRECTION('',(0.,0.,-1.));
#2131 = ADVANCED_FACE('',(#2132),#2146,.T.);
#2132 = FACE_BOUND('',#2133,.F.);
#2133 = EDGE_LOOP('',(#2134,#2135,#2136,#2137,#2138,#2139,#2140,#2141,
    #2142,#2143,#2144,#2145));
#2134 = ORIENTED_EDGE('',*,*,#1852,.T.);
#2135 = ORIENTED_EDGE('',*,*,#1901,.F.);
#2136 = ORIENTED_EDGE('',*,*,#1948,.T.);
#2137 = ORIENTED_EDGE('',*,*,#2005,.F.);
#2138 = ORIENTED_EDGE('',*,*,#2044,.F.);
#2139 = ORIENTED_EDGE('',*,*,#2102,.T.);
#2140 = ORIENTED_EDGE('',*,*,#2118,.F.);
#2141 = ORIENTED_EDGE('',*,*,#2077,.F.);
#2142 = ORIENTED_EDGE('',*,*,#2029,.F.);
#2143 = ORIENTED_EDGE('',*,*,#1981,.T.);
#2144 = ORIENTED_EDGE('',*,*,#1924,.T.);
#2145 = ORIENTED_EDGE('',*,*,#1883,.F.);
#2146 = PLANE('',#2147);
#2147 = AXIS2_PLACEMENT_3D('',#2148,#2149,#2150);
#2148 = CARTESIAN_POINT('',(-5.,-5.07499961853,0.));
#2149 = DIRECTION('',(0.,1.,0.));
#2150 = DIRECTION('',(0.,0.,-1.));
#2151 = MANIFOLD_SOLID_BREP('',#2152);
#2152 = CLOSED_SHELL('',(#2153,#2261,#2292,#2317,#2342,#2366,#2390,#2414
    ,#2438,#2462,#2486,#2511,#2536,#2553));
#2153 = ADVANCED_FACE('',(#2154),#2256,.F.);
#2154 = FACE_BOUND('',#2155,.T.);
#2155 = EDGE_LOOP('',(#2156,#2166,#2175,#2183,#2191,#2199,#2208,#2216,
    #2225,#2233,#2241,#2249));
#2156 = ORIENTED_EDGE('',*,*,#2157,.T.);
#2157 = EDGE_CURVE('',#2158,#2160,#2162,.T.);
#2158 = VERTEX_POINT('',#2159);
#2159 = CARTESIAN_POINT('',(-5.5,-4.52499961853,0.45));
#2160 = VERTEX_POINT('',#2161);
#2161 = CARTESIAN_POINT('',(-5.5,-4.52499961853,0.2));
#2162 = LINE('',#2163,#2164);
#2163 = CARTESIAN_POINT('',(-5.5,-4.52499961853,5.E-02));
#2164 = VECTOR('',#2165,1.);
#2165 = DIRECTION('',(-0.,-0.,-1.));
#2166 = ORIENTED_EDGE('',*,*,#2167,.F.);
#2167 = EDGE_CURVE('',#2168,#2160,#2170,.T.);
#2168 = VERTEX_POINT('',#2169);
#2169 = CARTESIAN_POINT('',(-5.6,-4.52499961853,0.1));
#2170 = CIRCLE('',#2171,0.1);
#2171 = AXIS2_PLACEMENT_3D('',#2172,#2173,#2174);
#2172 = CARTESIAN_POINT('',(-5.6,-4.52499961853,0.2));
#2173 = DIRECTION('',(0.,-1.,0.));
#2174 = DIRECTION('',(0.,0.,1.));
#2175 = ORIENTED_EDGE('',*,*,#2176,.T.);
#2176 = EDGE_CURVE('',#2168,#2177,#2179,.T.);
#2177 = VERTEX_POINT('',#2178);
#2178 = CARTESIAN_POINT('',(-5.9,-4.52499961853,0.1));
#2179 = LINE('',#2180,#2181);
#2180 = CARTESIAN_POINT('',(-5.25,-4.52499961853,0.1));
#2181 = VECTOR('',#2182,1.);
#2182 = DIRECTION('',(-1.,-0.,-0.));
#2183 = ORIENTED_EDGE('',*,*,#2184,.F.);
#2184 = EDGE_CURVE('',#2185,#2177,#2187,.T.);
#2185 = VERTEX_POINT('',#2186);
#2186 = CARTESIAN_POINT('',(-5.9,-4.52499961853,0.));
#2187 = LINE('',#2188,#2189);
#2188 = CARTESIAN_POINT('',(-5.9,-4.52499961853,0.));
#2189 = VECTOR('',#2190,1.);
#2190 = DIRECTION('',(0.,0.,1.));
#2191 = ORIENTED_EDGE('',*,*,#2192,.F.);
#2192 = EDGE_CURVE('',#2193,#2185,#2195,.T.);
#2193 = VERTEX_POINT('',#2194);
#2194 = CARTESIAN_POINT('',(-5.6,-4.52499961853,-2.775557561563E-17));
#2195 = LINE('',#2196,#2197);
#2196 = CARTESIAN_POINT('',(-5.,-4.52499961853,0.));
#2197 = VECTOR('',#2198,1.);
#2198 = DIRECTION('',(-1.,-0.,-0.));
#2199 = ORIENTED_EDGE('',*,*,#2200,.T.);
#2200 = EDGE_CURVE('',#2193,#2201,#2203,.T.);
#2201 = VERTEX_POINT('',#2202);
#2202 = CARTESIAN_POINT('',(-5.4,-4.52499961853,0.2));
#2203 = CIRCLE('',#2204,0.2);
#2204 = AXIS2_PLACEMENT_3D('',#2205,#2206,#2207);
#2205 = CARTESIAN_POINT('',(-5.6,-4.52499961853,0.2));
#2206 = DIRECTION('',(0.,-1.,0.));
#2207 = DIRECTION('',(0.,0.,1.));
#2208 = ORIENTED_EDGE('',*,*,#2209,.F.);
#2209 = EDGE_CURVE('',#2210,#2201,#2212,.T.);
#2210 = VERTEX_POINT('',#2211);
#2211 = CARTESIAN_POINT('',(-5.4,-4.52499961853,0.45));
#2212 = LINE('',#2213,#2214);
#2213 = CARTESIAN_POINT('',(-5.4,-4.52499961853,-5.E-02));
#2214 = VECTOR('',#2215,1.);
#2215 = DIRECTION('',(-0.,-0.,-1.));
#2216 = ORIENTED_EDGE('',*,*,#2217,.F.);
#2217 = EDGE_CURVE('',#2218,#2210,#2220,.T.);
#2218 = VERTEX_POINT('',#2219);
#2219 = CARTESIAN_POINT('',(-5.3,-4.52499961853,0.55));
#2220 = CIRCLE('',#2221,0.1);
#2221 = AXIS2_PLACEMENT_3D('',#2222,#2223,#2224);
#2222 = CARTESIAN_POINT('',(-5.3,-4.52499961853,0.45));
#2223 = DIRECTION('',(0.,-1.,0.));
#2224 = DIRECTION('',(0.,0.,1.));
#2225 = ORIENTED_EDGE('',*,*,#2226,.F.);
#2226 = EDGE_CURVE('',#2227,#2218,#2229,.T.);
#2227 = VERTEX_POINT('',#2228);
#2228 = CARTESIAN_POINT('',(-5.,-4.52499961853,0.55));
#2229 = LINE('',#2230,#2231);
#2230 = CARTESIAN_POINT('',(-4.5,-4.52499961853,0.55));
#2231 = VECTOR('',#2232,1.);
#2232 = DIRECTION('',(-1.,-0.,-0.));
#2233 = ORIENTED_EDGE('',*,*,#2234,.T.);
#2234 = EDGE_CURVE('',#2227,#2235,#2237,.T.);
#2235 = VERTEX_POINT('',#2236);
#2236 = CARTESIAN_POINT('',(-5.,-4.52499961853,0.65));
#2237 = LINE('',#2238,#2239);
#2238 = CARTESIAN_POINT('',(-5.,-4.52499961853,0.));
#2239 = VECTOR('',#2240,1.);
#2240 = DIRECTION('',(0.,0.,1.));
#2241 = ORIENTED_EDGE('',*,*,#2242,.T.);
#2242 = EDGE_CURVE('',#2235,#2243,#2245,.T.);
#2243 = VERTEX_POINT('',#2244);
#2244 = CARTESIAN_POINT('',(-5.3,-4.52499961853,0.65));
#2245 = LINE('',#2246,#2247);
#2246 = CARTESIAN_POINT('',(-5.,-4.52499961853,0.65));
#2247 = VECTOR('',#2248,1.);
#2248 = DIRECTION('',(-1.,-0.,-0.));
#2249 = ORIENTED_EDGE('',*,*,#2250,.F.);
#2250 = EDGE_CURVE('',#2158,#2243,#2251,.T.);
#2251 = CIRCLE('',#2252,0.2);
#2252 = AXIS2_PLACEMENT_3D('',#2253,#2254,#2255);
#2253 = CARTESIAN_POINT('',(-5.3,-4.52499961853,0.45));
#2254 = DIRECTION('',(0.,1.,0.));
#2255 = DIRECTION('',(0.,0.,1.));
#2256 = PLANE('',#2257);
#2257 = AXIS2_PLACEMENT_3D('',#2258,#2259,#2260);
#2258 = CARTESIAN_POINT('',(-5.,-4.52499961853,0.));
#2259 = DIRECTION('',(0.,1.,0.));
#2260 = DIRECTION('',(0.,0.,-1.));
#2261 = ADVANCED_FACE('',(#2262),#2287,.T.);
#2262 = FACE_BOUND('',#2263,.F.);
#2263 = EDGE_LOOP('',(#2264,#2265,#2273,#2281));
#2264 = ORIENTED_EDGE('',*,*,#2157,.T.);
#2265 = ORIENTED_EDGE('',*,*,#2266,.T.);
#2266 = EDGE_CURVE('',#2160,#2267,#2269,.T.);
#2267 = VERTEX_POINT('',#2268);
#2268 = CARTESIAN_POINT('',(-5.5,-4.27499961853,0.2));
#2269 = LINE('',#2270,#2271);
#2270 = CARTESIAN_POINT('',(-5.5,-4.52499961853,0.2));
#2271 = VECTOR('',#2272,1.);
#2272 = DIRECTION('',(0.,1.,0.));
#2273 = ORIENTED_EDGE('',*,*,#2274,.F.);
#2274 = EDGE_CURVE('',#2275,#2267,#2277,.T.);
#2275 = VERTEX_POINT('',#2276);
#2276 = CARTESIAN_POINT('',(-5.5,-4.27499961853,0.45));
#2277 = LINE('',#2278,#2279);
#2278 = CARTESIAN_POINT('',(-5.5,-4.27499961853,5.E-02));
#2279 = VECTOR('',#2280,1.);
#2280 = DIRECTION('',(-0.,-0.,-1.));
#2281 = ORIENTED_EDGE('',*,*,#2282,.F.);
#2282 = EDGE_CURVE('',#2158,#2275,#2283,.T.);
#2283 = LINE('',#2284,#2285);
#2284 = CARTESIAN_POINT('',(-5.5,-4.52499961853,0.45));
#2285 = VECTOR('',#2286,1.);
#2286 = DIRECTION('',(0.,1.,0.));
#2287 = PLANE('',#2288);
#2288 = AXIS2_PLACEMENT_3D('',#2289,#2290,#2291);
#2289 = CARTESIAN_POINT('',(-5.5,-4.92499961853,0.1));
#2290 = DIRECTION('',(-1.,-0.,-0.));
#2291 = DIRECTION('',(0.,0.,-1.));
#2292 = ADVANCED_FACE('',(#2293),#2312,.T.);
#2293 = FACE_BOUND('',#2294,.T.);
#2294 = EDGE_LOOP('',(#2295,#2296,#2304,#2311));
#2295 = ORIENTED_EDGE('',*,*,#2250,.T.);
#2296 = ORIENTED_EDGE('',*,*,#2297,.T.);
#2297 = EDGE_CURVE('',#2243,#2298,#2300,.T.);
#2298 = VERTEX_POINT('',#2299);
#2299 = CARTESIAN_POINT('',(-5.3,-4.27499961853,0.65));
#2300 = LINE('',#2301,#2302);
#2301 = CARTESIAN_POINT('',(-5.3,-4.52499961853,0.65));
#2302 = VECTOR('',#2303,1.);
#2303 = DIRECTION('',(0.,1.,0.));
#2304 = ORIENTED_EDGE('',*,*,#2305,.F.);
#2305 = EDGE_CURVE('',#2275,#2298,#2306,.T.);
#2306 = CIRCLE('',#2307,0.2);
#2307 = AXIS2_PLACEMENT_3D('',#2308,#2309,#2310);
#2308 = CARTESIAN_POINT('',(-5.3,-4.27499961853,0.45));
#2309 = DIRECTION('',(0.,1.,0.));
#2310 = DIRECTION('',(0.,0.,1.));
#2311 = ORIENTED_EDGE('',*,*,#2282,.F.);
#2312 = CYLINDRICAL_SURFACE('',#2313,0.2);
#2313 = AXIS2_PLACEMENT_3D('',#2314,#2315,#2316);
#2314 = CARTESIAN_POINT('',(-5.3,-4.52499961853,0.45));
#2315 = DIRECTION('',(0.,1.,0.));
#2316 = DIRECTION('',(-1.,-0.,-0.));
#2317 = ADVANCED_FACE('',(#2318),#2337,.F.);
#2318 = FACE_BOUND('',#2319,.T.);
#2319 = EDGE_LOOP('',(#2320,#2321,#2322,#2331));
#2320 = ORIENTED_EDGE('',*,*,#2167,.T.);
#2321 = ORIENTED_EDGE('',*,*,#2266,.T.);
#2322 = ORIENTED_EDGE('',*,*,#2323,.F.);
#2323 = EDGE_CURVE('',#2324,#2267,#2326,.T.);
#2324 = VERTEX_POINT('',#2325);
#2325 = CARTESIAN_POINT('',(-5.6,-4.27499961853,0.1));
#2326 = CIRCLE('',#2327,0.1);
#2327 = AXIS2_PLACEMENT_3D('',#2328,#2329,#2330);
#2328 = CARTESIAN_POINT('',(-5.6,-4.27499961853,0.2));
#2329 = DIRECTION('',(0.,-1.,0.));
#2330 = DIRECTION('',(0.,0.,1.));
#2331 = ORIENTED_EDGE('',*,*,#2332,.F.);
#2332 = EDGE_CURVE('',#2168,#2324,#2333,.T.);
#2333 = LINE('',#2334,#2335);
#2334 = CARTESIAN_POINT('',(-5.6,-4.52499961853,0.1));
#2335 = VECTOR('',#2336,1.);
#2336 = DIRECTION('',(0.,1.,0.));
#2337 = CYLINDRICAL_SURFACE('',#2338,0.1);
#2338 = AXIS2_PLACEMENT_3D('',#2339,#2340,#2341);
#2339 = CARTESIAN_POINT('',(-5.6,-4.52499961853,0.2));
#2340 = DIRECTION('',(0.,1.,0.));
#2341 = DIRECTION('',(-0.,-0.,-1.));
#2342 = ADVANCED_FACE('',(#2343),#2361,.T.);
#2343 = FACE_BOUND('',#2344,.F.);
#2344 = EDGE_LOOP('',(#2345,#2353,#2359,#2360));
#2345 = ORIENTED_EDGE('',*,*,#2346,.F.);
#2346 = EDGE_CURVE('',#2347,#2298,#2349,.T.);
#2347 = VERTEX_POINT('',#2348);
#2348 = CARTESIAN_POINT('',(-5.,-4.27499961853,0.65));
#2349 = LINE('',#2350,#2351);
#2350 = CARTESIAN_POINT('',(-5.,-4.27499961853,0.65));
#2351 = VECTOR('',#2352,1.);
#2352 = DIRECTION('',(-1.,-0.,-0.));
#2353 = ORIENTED_EDGE('',*,*,#2354,.F.);
#2354 = EDGE_CURVE('',#2235,#2347,#2355,.T.);
#2355 = LINE('',#2356,#2357);
#2356 = CARTESIAN_POINT('',(-5.,-4.52499961853,0.65));
#2357 = VECTOR('',#2358,1.);
#2358 = DIRECTION('',(0.,1.,0.));
#2359 = ORIENTED_EDGE('',*,*,#2242,.T.);
#2360 = ORIENTED_EDGE('',*,*,#2297,.T.);
#2361 = PLANE('',#2362);
#2362 = AXIS2_PLACEMENT_3D('',#2363,#2364,#2365);
#2363 = CARTESIAN_POINT('',(-5.,-4.52499961853,0.65));
#2364 = DIRECTION('',(0.,0.,1.));
#2365 = DIRECTION('',(1.,0.,0.));
#2366 = ADVANCED_FACE('',(#2367),#2385,.T.);
#2367 = FACE_BOUND('',#2368,.F.);
#2368 = EDGE_LOOP('',(#2369,#2377,#2378,#2379));
#2369 = ORIENTED_EDGE('',*,*,#2370,.F.);
#2370 = EDGE_CURVE('',#2324,#2371,#2373,.T.);
#2371 = VERTEX_POINT('',#2372);
#2372 = CARTESIAN_POINT('',(-5.9,-4.27499961853,0.1));
#2373 = LINE('',#2374,#2375);
#2374 = CARTESIAN_POINT('',(-5.25,-4.27499961853,0.1));
#2375 = VECTOR('',#2376,1.);
#2376 = DIRECTION('',(-1.,-0.,-0.));
#2377 = ORIENTED_EDGE('',*,*,#2332,.F.);
#2378 = ORIENTED_EDGE('',*,*,#2176,.T.);
#2379 = ORIENTED_EDGE('',*,*,#2380,.F.);
#2380 = EDGE_CURVE('',#2371,#2177,#2381,.T.);
#2381 = LINE('',#2382,#2383);
#2382 = CARTESIAN_POINT('',(-5.9,-4.72499961853,0.1));
#2383 = VECTOR('',#2384,1.);
#2384 = DIRECTION('',(-0.,-1.,-0.));
#2385 = PLANE('',#2386);
#2386 = AXIS2_PLACEMENT_3D('',#2387,#2388,#2389);
#2387 = CARTESIAN_POINT('',(-5.5,-4.92499961853,0.1));
#2388 = DIRECTION('',(0.,0.,1.));
#2389 = DIRECTION('',(1.,0.,0.));
#2390 = ADVANCED_FACE('',(#2391),#2409,.F.);
#2391 = FACE_BOUND('',#2392,.T.);
#2392 = EDGE_LOOP('',(#2393,#2394,#2402,#2408));
#2393 = ORIENTED_EDGE('',*,*,#2234,.F.);
#2394 = ORIENTED_EDGE('',*,*,#2395,.F.);
#2395 = EDGE_CURVE('',#2396,#2227,#2398,.T.);
#2396 = VERTEX_POINT('',#2397);
#2397 = CARTESIAN_POINT('',(-5.,-4.27499961853,0.55));
#2398 = LINE('',#2399,#2400);
#2399 = CARTESIAN_POINT('',(-5.,-4.72499961853,0.55));
#2400 = VECTOR('',#2401,1.);
#2401 = DIRECTION('',(-0.,-1.,-0.));
#2402 = ORIENTED_EDGE('',*,*,#2403,.T.);
#2403 = EDGE_CURVE('',#2396,#2347,#2404,.T.);
#2404 = LINE('',#2405,#2406);
#2405 = CARTESIAN_POINT('',(-5.,-4.27499961853,0.));
#2406 = VECTOR('',#2407,1.);
#2407 = DIRECTION('',(0.,0.,1.));
#2408 = ORIENTED_EDGE('',*,*,#2354,.F.);
#2409 = PLANE('',#2410);
#2410 = AXIS2_PLACEMENT_3D('',#2411,#2412,#2413);
#2411 = CARTESIAN_POINT('',(-5.,-4.52499961853,0.));
#2412 = DIRECTION('',(-1.,-0.,-0.));
#2413 = DIRECTION('',(0.,0.,-1.));
#2414 = ADVANCED_FACE('',(#2415),#2433,.T.);
#2415 = FACE_BOUND('',#2416,.F.);
#2416 = EDGE_LOOP('',(#2417,#2418,#2426,#2432));
#2417 = ORIENTED_EDGE('',*,*,#2184,.F.);
#2418 = ORIENTED_EDGE('',*,*,#2419,.T.);
#2419 = EDGE_CURVE('',#2185,#2420,#2422,.T.);
#2420 = VERTEX_POINT('',#2421);
#2421 = CARTESIAN_POINT('',(-5.9,-4.27499961853,0.));
#2422 = LINE('',#2423,#2424);
#2423 = CARTESIAN_POINT('',(-5.9,-4.52499961853,0.));
#2424 = VECTOR('',#2425,1.);
#2425 = DIRECTION('',(0.,1.,0.));
#2426 = ORIENTED_EDGE('',*,*,#2427,.T.);
#2427 = EDGE_CURVE('',#2420,#2371,#2428,.T.);
#2428 = LINE('',#2429,#2430);
#2429 = CARTESIAN_POINT('',(-5.9,-4.27499961853,0.));
#2430 = VECTOR('',#2431,1.);
#2431 = DIRECTION('',(0.,0.,1.));
#2432 = ORIENTED_EDGE('',*,*,#2380,.T.);
#2433 = PLANE('',#2434);
#2434 = AXIS2_PLACEMENT_3D('',#2435,#2436,#2437);
#2435 = CARTESIAN_POINT('',(-5.9,-4.52499961853,0.));
#2436 = DIRECTION('',(-1.,-0.,-0.));
#2437 = DIRECTION('',(0.,0.,-1.));
#2438 = ADVANCED_FACE('',(#2439),#2457,.F.);
#2439 = FACE_BOUND('',#2440,.T.);
#2440 = EDGE_LOOP('',(#2441,#2442,#2450,#2456));
#2441 = ORIENTED_EDGE('',*,*,#2226,.T.);
#2442 = ORIENTED_EDGE('',*,*,#2443,.T.);
#2443 = EDGE_CURVE('',#2218,#2444,#2446,.T.);
#2444 = VERTEX_POINT('',#2445);
#2445 = CARTESIAN_POINT('',(-5.3,-4.27499961853,0.55));
#2446 = LINE('',#2447,#2448);
#2447 = CARTESIAN_POINT('',(-5.3,-4.52499961853,0.55));
#2448 = VECTOR('',#2449,1.);
#2449 = DIRECTION('',(0.,1.,0.));
#2450 = ORIENTED_EDGE('',*,*,#2451,.F.);
#2451 = EDGE_CURVE('',#2396,#2444,#2452,.T.);
#2452 = LINE('',#2453,#2454);
#2453 = CARTESIAN_POINT('',(-4.5,-4.27499961853,0.55));
#2454 = VECTOR('',#2455,1.);
#2455 = DIRECTION('',(-1.,-0.,-0.));
#2456 = ORIENTED_EDGE('',*,*,#2395,.T.);
#2457 = PLANE('',#2458);
#2458 = AXIS2_PLACEMENT_3D('',#2459,#2460,#2461);
#2459 = CARTESIAN_POINT('',(-4.,-4.92499961853,0.55));
#2460 = DIRECTION('',(0.,0.,1.));
#2461 = DIRECTION('',(1.,0.,0.));
#2462 = ADVANCED_FACE('',(#2463),#2481,.F.);
#2463 = FACE_BOUND('',#2464,.T.);
#2464 = EDGE_LOOP('',(#2465,#2473,#2479,#2480));
#2465 = ORIENTED_EDGE('',*,*,#2466,.F.);
#2466 = EDGE_CURVE('',#2467,#2420,#2469,.T.);
#2467 = VERTEX_POINT('',#2468);
#2468 = CARTESIAN_POINT('',(-5.6,-4.27499961853,-2.775557561563E-17));
#2469 = LINE('',#2470,#2471);
#2470 = CARTESIAN_POINT('',(-5.,-4.27499961853,0.));
#2471 = VECTOR('',#2472,1.);
#2472 = DIRECTION('',(-1.,-0.,-0.));
#2473 = ORIENTED_EDGE('',*,*,#2474,.F.);
#2474 = EDGE_CURVE('',#2193,#2467,#2475,.T.);
#2475 = LINE('',#2476,#2477);
#2476 = CARTESIAN_POINT('',(-5.6,-4.52499961853,-2.775557561563E-17));
#2477 = VECTOR('',#2478,1.);
#2478 = DIRECTION('',(0.,1.,0.));
#2479 = ORIENTED_EDGE('',*,*,#2192,.T.);
#2480 = ORIENTED_EDGE('',*,*,#2419,.T.);
#2481 = PLANE('',#2482);
#2482 = AXIS2_PLACEMENT_3D('',#2483,#2484,#2485);
#2483 = CARTESIAN_POINT('',(-5.,-4.52499961853,0.));
#2484 = DIRECTION('',(0.,0.,1.));
#2485 = DIRECTION('',(1.,0.,0.));
#2486 = ADVANCED_FACE('',(#2487),#2506,.F.);
#2487 = FACE_BOUND('',#2488,.T.);
#2488 = EDGE_LOOP('',(#2489,#2490,#2498,#2505));
#2489 = ORIENTED_EDGE('',*,*,#2217,.T.);
#2490 = ORIENTED_EDGE('',*,*,#2491,.T.);
#2491 = EDGE_CURVE('',#2210,#2492,#2494,.T.);
#2492 = VERTEX_POINT('',#2493);
#2493 = CARTESIAN_POINT('',(-5.4,-4.27499961853,0.45));
#2494 = LINE('',#2495,#2496);
#2495 = CARTESIAN_POINT('',(-5.4,-4.52499961853,0.45));
#2496 = VECTOR('',#2497,1.);
#2497 = DIRECTION('',(0.,1.,0.));
#2498 = ORIENTED_EDGE('',*,*,#2499,.F.);
#2499 = EDGE_CURVE('',#2444,#2492,#2500,.T.);
#2500 = CIRCLE('',#2501,0.1);
#2501 = AXIS2_PLACEMENT_3D('',#2502,#2503,#2504);
#2502 = CARTESIAN_POINT('',(-5.3,-4.27499961853,0.45));
#2503 = DIRECTION('',(0.,-1.,0.));
#2504 = DIRECTION('',(0.,0.,1.));
#2505 = ORIENTED_EDGE('',*,*,#2443,.F.);
#2506 = CYLINDRICAL_SURFACE('',#2507,0.1);
#2507 = AXIS2_PLACEMENT_3D('',#2508,#2509,#2510);
#2508 = CARTESIAN_POINT('',(-5.3,-4.52499961853,0.45));
#2509 = DIRECTION('',(0.,1.,0.));
#2510 = DIRECTION('',(0.,0.,1.));
#2511 = ADVANCED_FACE('',(#2512),#2531,.T.);
#2512 = FACE_BOUND('',#2513,.F.);
#2513 = EDGE_LOOP('',(#2514,#2515,#2523,#2530));
#2514 = ORIENTED_EDGE('',*,*,#2200,.T.);
#2515 = ORIENTED_EDGE('',*,*,#2516,.T.);
#2516 = EDGE_CURVE('',#2201,#2517,#2519,.T.);
#2517 = VERTEX_POINT('',#2518);
#2518 = CARTESIAN_POINT('',(-5.4,-4.27499961853,0.2));
#2519 = LINE('',#2520,#2521);
#2520 = CARTESIAN_POINT('',(-5.4,-4.52499961853,0.2));
#2521 = VECTOR('',#2522,1.);
#2522 = DIRECTION('',(0.,1.,0.));
#2523 = ORIENTED_EDGE('',*,*,#2524,.F.);
#2524 = EDGE_CURVE('',#2467,#2517,#2525,.T.);
#2525 = CIRCLE('',#2526,0.2);
#2526 = AXIS2_PLACEMENT_3D('',#2527,#2528,#2529);
#2527 = CARTESIAN_POINT('',(-5.6,-4.27499961853,0.2));
#2528 = DIRECTION('',(0.,-1.,0.));
#2529 = DIRECTION('',(0.,0.,1.));
#2530 = ORIENTED_EDGE('',*,*,#2474,.F.);
#2531 = CYLINDRICAL_SURFACE('',#2532,0.2);
#2532 = AXIS2_PLACEMENT_3D('',#2533,#2534,#2535);
#2533 = CARTESIAN_POINT('',(-5.6,-4.52499961853,0.2));
#2534 = DIRECTION('',(0.,1.,0.));
#2535 = DIRECTION('',(-0.,-0.,-1.));
#2536 = ADVANCED_FACE('',(#2537),#2548,.F.);
#2537 = FACE_BOUND('',#2538,.T.);
#2538 = EDGE_LOOP('',(#2539,#2545,#2546,#2547));
#2539 = ORIENTED_EDGE('',*,*,#2540,.F.);
#2540 = EDGE_CURVE('',#2492,#2517,#2541,.T.);
#2541 = LINE('',#2542,#2543);
#2542 = CARTESIAN_POINT('',(-5.4,-4.27499961853,-5.E-02));
#2543 = VECTOR('',#2544,1.);
#2544 = DIRECTION('',(-0.,-0.,-1.));
#2545 = ORIENTED_EDGE('',*,*,#2491,.F.);
#2546 = ORIENTED_EDGE('',*,*,#2209,.T.);
#2547 = ORIENTED_EDGE('',*,*,#2516,.T.);
#2548 = PLANE('',#2549);
#2549 = AXIS2_PLACEMENT_3D('',#2550,#2551,#2552);
#2550 = CARTESIAN_POINT('',(-5.4,-4.92499961853,-0.1));
#2551 = DIRECTION('',(-1.,-0.,-0.));
#2552 = DIRECTION('',(0.,0.,-1.));
#2553 = ADVANCED_FACE('',(#2554),#2568,.T.);
#2554 = FACE_BOUND('',#2555,.F.);
#2555 = EDGE_LOOP('',(#2556,#2557,#2558,#2559,#2560,#2561,#2562,#2563,
    #2564,#2565,#2566,#2567));
#2556 = ORIENTED_EDGE('',*,*,#2274,.T.);
#2557 = ORIENTED_EDGE('',*,*,#2323,.F.);
#2558 = ORIENTED_EDGE('',*,*,#2370,.T.);
#2559 = ORIENTED_EDGE('',*,*,#2427,.F.);
#2560 = ORIENTED_EDGE('',*,*,#2466,.F.);
#2561 = ORIENTED_EDGE('',*,*,#2524,.T.);
#2562 = ORIENTED_EDGE('',*,*,#2540,.F.);
#2563 = ORIENTED_EDGE('',*,*,#2499,.F.);
#2564 = ORIENTED_EDGE('',*,*,#2451,.F.);
#2565 = ORIENTED_EDGE('',*,*,#2403,.T.);
#2566 = ORIENTED_EDGE('',*,*,#2346,.T.);
#2567 = ORIENTED_EDGE('',*,*,#2305,.F.);
#2568 = PLANE('',#2569);
#2569 = AXIS2_PLACEMENT_3D('',#2570,#2571,#2572);
#2570 = CARTESIAN_POINT('',(-5.,-4.27499961853,0.));
#2571 = DIRECTION('',(0.,1.,0.));
#2572 = DIRECTION('',(0.,0.,-1.));
#2573 = MANIFOLD_SOLID_BREP('',#2574);
#2574 = CLOSED_SHELL('',(#2575,#2683,#2714,#2739,#2764,#2788,#2812,#2836
    ,#2860,#2884,#2908,#2933,#2958,#2975));
#2575 = ADVANCED_FACE('',(#2576),#2678,.F.);
#2576 = FACE_BOUND('',#2577,.T.);
#2577 = EDGE_LOOP('',(#2578,#2588,#2597,#2605,#2613,#2621,#2630,#2638,
    #2647,#2655,#2663,#2671));
#2578 = ORIENTED_EDGE('',*,*,#2579,.T.);
#2579 = EDGE_CURVE('',#2580,#2582,#2584,.T.);
#2580 = VERTEX_POINT('',#2581);
#2581 = CARTESIAN_POINT('',(-5.5,-3.72499961853,0.45));
#2582 = VERTEX_POINT('',#2583);
#2583 = CARTESIAN_POINT('',(-5.5,-3.72499961853,0.2));
#2584 = LINE('',#2585,#2586);
#2585 = CARTESIAN_POINT('',(-5.5,-3.72499961853,5.E-02));
#2586 = VECTOR('',#2587,1.);
#2587 = DIRECTION('',(-0.,-0.,-1.));
#2588 = ORIENTED_EDGE('',*,*,#2589,.F.);
#2589 = EDGE_CURVE('',#2590,#2582,#2592,.T.);
#2590 = VERTEX_POINT('',#2591);
#2591 = CARTESIAN_POINT('',(-5.6,-3.72499961853,0.1));
#2592 = CIRCLE('',#2593,0.1);
#2593 = AXIS2_PLACEMENT_3D('',#2594,#2595,#2596);
#2594 = CARTESIAN_POINT('',(-5.6,-3.72499961853,0.2));
#2595 = DIRECTION('',(0.,-1.,0.));
#2596 = DIRECTION('',(0.,0.,1.));
#2597 = ORIENTED_EDGE('',*,*,#2598,.T.);
#2598 = EDGE_CURVE('',#2590,#2599,#2601,.T.);
#2599 = VERTEX_POINT('',#2600);
#2600 = CARTESIAN_POINT('',(-5.9,-3.72499961853,0.1));
#2601 = LINE('',#2602,#2603);
#2602 = CARTESIAN_POINT('',(-5.25,-3.72499961853,0.1));
#2603 = VECTOR('',#2604,1.);
#2604 = DIRECTION('',(-1.,-0.,-0.));
#2605 = ORIENTED_EDGE('',*,*,#2606,.F.);
#2606 = EDGE_CURVE('',#2607,#2599,#2609,.T.);
#2607 = VERTEX_POINT('',#2608);
#2608 = CARTESIAN_POINT('',(-5.9,-3.72499961853,0.));
#2609 = LINE('',#2610,#2611);
#2610 = CARTESIAN_POINT('',(-5.9,-3.72499961853,0.));
#2611 = VECTOR('',#2612,1.);
#2612 = DIRECTION('',(0.,0.,1.));
#2613 = ORIENTED_EDGE('',*,*,#2614,.F.);
#2614 = EDGE_CURVE('',#2615,#2607,#2617,.T.);
#2615 = VERTEX_POINT('',#2616);
#2616 = CARTESIAN_POINT('',(-5.6,-3.72499961853,-2.775557561563E-17));
#2617 = LINE('',#2618,#2619);
#2618 = CARTESIAN_POINT('',(-5.,-3.72499961853,0.));
#2619 = VECTOR('',#2620,1.);
#2620 = DIRECTION('',(-1.,-0.,-0.));
#2621 = ORIENTED_EDGE('',*,*,#2622,.T.);
#2622 = EDGE_CURVE('',#2615,#2623,#2625,.T.);
#2623 = VERTEX_POINT('',#2624);
#2624 = CARTESIAN_POINT('',(-5.4,-3.72499961853,0.2));
#2625 = CIRCLE('',#2626,0.2);
#2626 = AXIS2_PLACEMENT_3D('',#2627,#2628,#2629);
#2627 = CARTESIAN_POINT('',(-5.6,-3.72499961853,0.2));
#2628 = DIRECTION('',(0.,-1.,0.));
#2629 = DIRECTION('',(0.,0.,1.));
#2630 = ORIENTED_EDGE('',*,*,#2631,.F.);
#2631 = EDGE_CURVE('',#2632,#2623,#2634,.T.);
#2632 = VERTEX_POINT('',#2633);
#2633 = CARTESIAN_POINT('',(-5.4,-3.72499961853,0.45));
#2634 = LINE('',#2635,#2636);
#2635 = CARTESIAN_POINT('',(-5.4,-3.72499961853,-5.E-02));
#2636 = VECTOR('',#2637,1.);
#2637 = DIRECTION('',(-0.,-0.,-1.));
#2638 = ORIENTED_EDGE('',*,*,#2639,.F.);
#2639 = EDGE_CURVE('',#2640,#2632,#2642,.T.);
#2640 = VERTEX_POINT('',#2641);
#2641 = CARTESIAN_POINT('',(-5.3,-3.72499961853,0.55));
#2642 = CIRCLE('',#2643,0.1);
#2643 = AXIS2_PLACEMENT_3D('',#2644,#2645,#2646);
#2644 = CARTESIAN_POINT('',(-5.3,-3.72499961853,0.45));
#2645 = DIRECTION('',(0.,-1.,0.));
#2646 = DIRECTION('',(0.,0.,1.));
#2647 = ORIENTED_EDGE('',*,*,#2648,.F.);
#2648 = EDGE_CURVE('',#2649,#2640,#2651,.T.);
#2649 = VERTEX_POINT('',#2650);
#2650 = CARTESIAN_POINT('',(-5.,-3.72499961853,0.55));
#2651 = LINE('',#2652,#2653);
#2652 = CARTESIAN_POINT('',(-4.5,-3.72499961853,0.55));
#2653 = VECTOR('',#2654,1.);
#2654 = DIRECTION('',(-1.,-0.,-0.));
#2655 = ORIENTED_EDGE('',*,*,#2656,.T.);
#2656 = EDGE_CURVE('',#2649,#2657,#2659,.T.);
#2657 = VERTEX_POINT('',#2658);
#2658 = CARTESIAN_POINT('',(-5.,-3.72499961853,0.65));
#2659 = LINE('',#2660,#2661);
#2660 = CARTESIAN_POINT('',(-5.,-3.72499961853,0.));
#2661 = VECTOR('',#2662,1.);
#2662 = DIRECTION('',(0.,0.,1.));
#2663 = ORIENTED_EDGE('',*,*,#2664,.T.);
#2664 = EDGE_CURVE('',#2657,#2665,#2667,.T.);
#2665 = VERTEX_POINT('',#2666);
#2666 = CARTESIAN_POINT('',(-5.3,-3.72499961853,0.65));
#2667 = LINE('',#2668,#2669);
#2668 = CARTESIAN_POINT('',(-5.,-3.72499961853,0.65));
#2669 = VECTOR('',#2670,1.);
#2670 = DIRECTION('',(-1.,-0.,-0.));
#2671 = ORIENTED_EDGE('',*,*,#2672,.F.);
#2672 = EDGE_CURVE('',#2580,#2665,#2673,.T.);
#2673 = CIRCLE('',#2674,0.2);
#2674 = AXIS2_PLACEMENT_3D('',#2675,#2676,#2677);
#2675 = CARTESIAN_POINT('',(-5.3,-3.72499961853,0.45));
#2676 = DIRECTION('',(0.,1.,0.));
#2677 = DIRECTION('',(0.,0.,1.));
#2678 = PLANE('',#2679);
#2679 = AXIS2_PLACEMENT_3D('',#2680,#2681,#2682);
#2680 = CARTESIAN_POINT('',(-5.,-3.72499961853,0.));
#2681 = DIRECTION('',(0.,1.,0.));
#2682 = DIRECTION('',(0.,0.,-1.));
#2683 = ADVANCED_FACE('',(#2684),#2709,.T.);
#2684 = FACE_BOUND('',#2685,.F.);
#2685 = EDGE_LOOP('',(#2686,#2687,#2695,#2703));
#2686 = ORIENTED_EDGE('',*,*,#2579,.T.);
#2687 = ORIENTED_EDGE('',*,*,#2688,.T.);
#2688 = EDGE_CURVE('',#2582,#2689,#2691,.T.);
#2689 = VERTEX_POINT('',#2690);
#2690 = CARTESIAN_POINT('',(-5.5,-3.47499961853,0.2));
#2691 = LINE('',#2692,#2693);
#2692 = CARTESIAN_POINT('',(-5.5,-3.72499961853,0.2));
#2693 = VECTOR('',#2694,1.);
#2694 = DIRECTION('',(0.,1.,0.));
#2695 = ORIENTED_EDGE('',*,*,#2696,.F.);
#2696 = EDGE_CURVE('',#2697,#2689,#2699,.T.);
#2697 = VERTEX_POINT('',#2698);
#2698 = CARTESIAN_POINT('',(-5.5,-3.47499961853,0.45));
#2699 = LINE('',#2700,#2701);
#2700 = CARTESIAN_POINT('',(-5.5,-3.47499961853,5.E-02));
#2701 = VECTOR('',#2702,1.);
#2702 = DIRECTION('',(-0.,-0.,-1.));
#2703 = ORIENTED_EDGE('',*,*,#2704,.F.);
#2704 = EDGE_CURVE('',#2580,#2697,#2705,.T.);
#2705 = LINE('',#2706,#2707);
#2706 = CARTESIAN_POINT('',(-5.5,-3.72499961853,0.45));
#2707 = VECTOR('',#2708,1.);
#2708 = DIRECTION('',(0.,1.,0.));
#2709 = PLANE('',#2710);
#2710 = AXIS2_PLACEMENT_3D('',#2711,#2712,#2713);
#2711 = CARTESIAN_POINT('',(-5.5,-4.12499961853,0.1));
#2712 = DIRECTION('',(-1.,-0.,-0.));
#2713 = DIRECTION('',(0.,0.,-1.));
#2714 = ADVANCED_FACE('',(#2715),#2734,.T.);
#2715 = FACE_BOUND('',#2716,.T.);
#2716 = EDGE_LOOP('',(#2717,#2718,#2726,#2733));
#2717 = ORIENTED_EDGE('',*,*,#2672,.T.);
#2718 = ORIENTED_EDGE('',*,*,#2719,.T.);
#2719 = EDGE_CURVE('',#2665,#2720,#2722,.T.);
#2720 = VERTEX_POINT('',#2721);
#2721 = CARTESIAN_POINT('',(-5.3,-3.47499961853,0.65));
#2722 = LINE('',#2723,#2724);
#2723 = CARTESIAN_POINT('',(-5.3,-3.72499961853,0.65));
#2724 = VECTOR('',#2725,1.);
#2725 = DIRECTION('',(0.,1.,0.));
#2726 = ORIENTED_EDGE('',*,*,#2727,.F.);
#2727 = EDGE_CURVE('',#2697,#2720,#2728,.T.);
#2728 = CIRCLE('',#2729,0.2);
#2729 = AXIS2_PLACEMENT_3D('',#2730,#2731,#2732);
#2730 = CARTESIAN_POINT('',(-5.3,-3.47499961853,0.45));
#2731 = DIRECTION('',(0.,1.,0.));
#2732 = DIRECTION('',(0.,0.,1.));
#2733 = ORIENTED_EDGE('',*,*,#2704,.F.);
#2734 = CYLINDRICAL_SURFACE('',#2735,0.2);
#2735 = AXIS2_PLACEMENT_3D('',#2736,#2737,#2738);
#2736 = CARTESIAN_POINT('',(-5.3,-3.72499961853,0.45));
#2737 = DIRECTION('',(0.,1.,0.));
#2738 = DIRECTION('',(-1.,-0.,-0.));
#2739 = ADVANCED_FACE('',(#2740),#2759,.F.);
#2740 = FACE_BOUND('',#2741,.T.);
#2741 = EDGE_LOOP('',(#2742,#2743,#2744,#2753));
#2742 = ORIENTED_EDGE('',*,*,#2589,.T.);
#2743 = ORIENTED_EDGE('',*,*,#2688,.T.);
#2744 = ORIENTED_EDGE('',*,*,#2745,.F.);
#2745 = EDGE_CURVE('',#2746,#2689,#2748,.T.);
#2746 = VERTEX_POINT('',#2747);
#2747 = CARTESIAN_POINT('',(-5.6,-3.47499961853,0.1));
#2748 = CIRCLE('',#2749,0.1);
#2749 = AXIS2_PLACEMENT_3D('',#2750,#2751,#2752);
#2750 = CARTESIAN_POINT('',(-5.6,-3.47499961853,0.2));
#2751 = DIRECTION('',(0.,-1.,0.));
#2752 = DIRECTION('',(0.,0.,1.));
#2753 = ORIENTED_EDGE('',*,*,#2754,.F.);
#2754 = EDGE_CURVE('',#2590,#2746,#2755,.T.);
#2755 = LINE('',#2756,#2757);
#2756 = CARTESIAN_POINT('',(-5.6,-3.72499961853,0.1));
#2757 = VECTOR('',#2758,1.);
#2758 = DIRECTION('',(0.,1.,0.));
#2759 = CYLINDRICAL_SURFACE('',#2760,0.1);
#2760 = AXIS2_PLACEMENT_3D('',#2761,#2762,#2763);
#2761 = CARTESIAN_POINT('',(-5.6,-3.72499961853,0.2));
#2762 = DIRECTION('',(0.,1.,0.));
#2763 = DIRECTION('',(-0.,-0.,-1.));
#2764 = ADVANCED_FACE('',(#2765),#2783,.T.);
#2765 = FACE_BOUND('',#2766,.F.);
#2766 = EDGE_LOOP('',(#2767,#2775,#2781,#2782));
#2767 = ORIENTED_EDGE('',*,*,#2768,.F.);
#2768 = EDGE_CURVE('',#2769,#2720,#2771,.T.);
#2769 = VERTEX_POINT('',#2770);
#2770 = CARTESIAN_POINT('',(-5.,-3.47499961853,0.65));
#2771 = LINE('',#2772,#2773);
#2772 = CARTESIAN_POINT('',(-5.,-3.47499961853,0.65));
#2773 = VECTOR('',#2774,1.);
#2774 = DIRECTION('',(-1.,-0.,-0.));
#2775 = ORIENTED_EDGE('',*,*,#2776,.F.);
#2776 = EDGE_CURVE('',#2657,#2769,#2777,.T.);
#2777 = LINE('',#2778,#2779);
#2778 = CARTESIAN_POINT('',(-5.,-3.72499961853,0.65));
#2779 = VECTOR('',#2780,1.);
#2780 = DIRECTION('',(0.,1.,0.));
#2781 = ORIENTED_EDGE('',*,*,#2664,.T.);
#2782 = ORIENTED_EDGE('',*,*,#2719,.T.);
#2783 = PLANE('',#2784);
#2784 = AXIS2_PLACEMENT_3D('',#2785,#2786,#2787);
#2785 = CARTESIAN_POINT('',(-5.,-3.72499961853,0.65));
#2786 = DIRECTION('',(0.,0.,1.));
#2787 = DIRECTION('',(1.,0.,0.));
#2788 = ADVANCED_FACE('',(#2789),#2807,.T.);
#2789 = FACE_BOUND('',#2790,.F.);
#2790 = EDGE_LOOP('',(#2791,#2799,#2800,#2801));
#2791 = ORIENTED_EDGE('',*,*,#2792,.F.);
#2792 = EDGE_CURVE('',#2746,#2793,#2795,.T.);
#2793 = VERTEX_POINT('',#2794);
#2794 = CARTESIAN_POINT('',(-5.9,-3.47499961853,0.1));
#2795 = LINE('',#2796,#2797);
#2796 = CARTESIAN_POINT('',(-5.25,-3.47499961853,0.1));
#2797 = VECTOR('',#2798,1.);
#2798 = DIRECTION('',(-1.,-0.,-0.));
#2799 = ORIENTED_EDGE('',*,*,#2754,.F.);
#2800 = ORIENTED_EDGE('',*,*,#2598,.T.);
#2801 = ORIENTED_EDGE('',*,*,#2802,.F.);
#2802 = EDGE_CURVE('',#2793,#2599,#2803,.T.);
#2803 = LINE('',#2804,#2805);
#2804 = CARTESIAN_POINT('',(-5.9,-3.92499961853,0.1));
#2805 = VECTOR('',#2806,1.);
#2806 = DIRECTION('',(-0.,-1.,-0.));
#2807 = PLANE('',#2808);
#2808 = AXIS2_PLACEMENT_3D('',#2809,#2810,#2811);
#2809 = CARTESIAN_POINT('',(-5.5,-4.12499961853,0.1));
#2810 = DIRECTION('',(0.,0.,1.));
#2811 = DIRECTION('',(1.,0.,0.));
#2812 = ADVANCED_FACE('',(#2813),#2831,.F.);
#2813 = FACE_BOUND('',#2814,.T.);
#2814 = EDGE_LOOP('',(#2815,#2816,#2824,#2830));
#2815 = ORIENTED_EDGE('',*,*,#2656,.F.);
#2816 = ORIENTED_EDGE('',*,*,#2817,.F.);
#2817 = EDGE_CURVE('',#2818,#2649,#2820,.T.);
#2818 = VERTEX_POINT('',#2819);
#2819 = CARTESIAN_POINT('',(-5.,-3.47499961853,0.55));
#2820 = LINE('',#2821,#2822);
#2821 = CARTESIAN_POINT('',(-5.,-3.92499961853,0.55));
#2822 = VECTOR('',#2823,1.);
#2823 = DIRECTION('',(-0.,-1.,-0.));
#2824 = ORIENTED_EDGE('',*,*,#2825,.T.);
#2825 = EDGE_CURVE('',#2818,#2769,#2826,.T.);
#2826 = LINE('',#2827,#2828);
#2827 = CARTESIAN_POINT('',(-5.,-3.47499961853,0.));
#2828 = VECTOR('',#2829,1.);
#2829 = DIRECTION('',(0.,0.,1.));
#2830 = ORIENTED_EDGE('',*,*,#2776,.F.);
#2831 = PLANE('',#2832);
#2832 = AXIS2_PLACEMENT_3D('',#2833,#2834,#2835);
#2833 = CARTESIAN_POINT('',(-5.,-3.72499961853,0.));
#2834 = DIRECTION('',(-1.,-0.,-0.));
#2835 = DIRECTION('',(0.,0.,-1.));
#2836 = ADVANCED_FACE('',(#2837),#2855,.T.);
#2837 = FACE_BOUND('',#2838,.F.);
#2838 = EDGE_LOOP('',(#2839,#2840,#2848,#2854));
#2839 = ORIENTED_EDGE('',*,*,#2606,.F.);
#2840 = ORIENTED_EDGE('',*,*,#2841,.T.);
#2841 = EDGE_CURVE('',#2607,#2842,#2844,.T.);
#2842 = VERTEX_POINT('',#2843);
#2843 = CARTESIAN_POINT('',(-5.9,-3.47499961853,0.));
#2844 = LINE('',#2845,#2846);
#2845 = CARTESIAN_POINT('',(-5.9,-3.72499961853,0.));
#2846 = VECTOR('',#2847,1.);
#2847 = DIRECTION('',(0.,1.,0.));
#2848 = ORIENTED_EDGE('',*,*,#2849,.T.);
#2849 = EDGE_CURVE('',#2842,#2793,#2850,.T.);
#2850 = LINE('',#2851,#2852);
#2851 = CARTESIAN_POINT('',(-5.9,-3.47499961853,0.));
#2852 = VECTOR('',#2853,1.);
#2853 = DIRECTION('',(0.,0.,1.));
#2854 = ORIENTED_EDGE('',*,*,#2802,.T.);
#2855 = PLANE('',#2856);
#2856 = AXIS2_PLACEMENT_3D('',#2857,#2858,#2859);
#2857 = CARTESIAN_POINT('',(-5.9,-3.72499961853,0.));
#2858 = DIRECTION('',(-1.,-0.,-0.));
#2859 = DIRECTION('',(0.,0.,-1.));
#2860 = ADVANCED_FACE('',(#2861),#2879,.F.);
#2861 = FACE_BOUND('',#2862,.T.);
#2862 = EDGE_LOOP('',(#2863,#2864,#2872,#2878));
#2863 = ORIENTED_EDGE('',*,*,#2648,.T.);
#2864 = ORIENTED_EDGE('',*,*,#2865,.T.);
#2865 = EDGE_CURVE('',#2640,#2866,#2868,.T.);
#2866 = VERTEX_POINT('',#2867);
#2867 = CARTESIAN_POINT('',(-5.3,-3.47499961853,0.55));
#2868 = LINE('',#2869,#2870);
#2869 = CARTESIAN_POINT('',(-5.3,-3.72499961853,0.55));
#2870 = VECTOR('',#2871,1.);
#2871 = DIRECTION('',(0.,1.,0.));
#2872 = ORIENTED_EDGE('',*,*,#2873,.F.);
#2873 = EDGE_CURVE('',#2818,#2866,#2874,.T.);
#2874 = LINE('',#2875,#2876);
#2875 = CARTESIAN_POINT('',(-4.5,-3.47499961853,0.55));
#2876 = VECTOR('',#2877,1.);
#2877 = DIRECTION('',(-1.,-0.,-0.));
#2878 = ORIENTED_EDGE('',*,*,#2817,.T.);
#2879 = PLANE('',#2880);
#2880 = AXIS2_PLACEMENT_3D('',#2881,#2882,#2883);
#2881 = CARTESIAN_POINT('',(-4.,-4.12499961853,0.55));
#2882 = DIRECTION('',(0.,0.,1.));
#2883 = DIRECTION('',(1.,0.,0.));
#2884 = ADVANCED_FACE('',(#2885),#2903,.F.);
#2885 = FACE_BOUND('',#2886,.T.);
#2886 = EDGE_LOOP('',(#2887,#2895,#2901,#2902));
#2887 = ORIENTED_EDGE('',*,*,#2888,.F.);
#2888 = EDGE_CURVE('',#2889,#2842,#2891,.T.);
#2889 = VERTEX_POINT('',#2890);
#2890 = CARTESIAN_POINT('',(-5.6,-3.47499961853,-2.775557561563E-17));
#2891 = LINE('',#2892,#2893);
#2892 = CARTESIAN_POINT('',(-5.,-3.47499961853,0.));
#2893 = VECTOR('',#2894,1.);
#2894 = DIRECTION('',(-1.,-0.,-0.));
#2895 = ORIENTED_EDGE('',*,*,#2896,.F.);
#2896 = EDGE_CURVE('',#2615,#2889,#2897,.T.);
#2897 = LINE('',#2898,#2899);
#2898 = CARTESIAN_POINT('',(-5.6,-3.72499961853,-2.775557561563E-17));
#2899 = VECTOR('',#2900,1.);
#2900 = DIRECTION('',(0.,1.,0.));
#2901 = ORIENTED_EDGE('',*,*,#2614,.T.);
#2902 = ORIENTED_EDGE('',*,*,#2841,.T.);
#2903 = PLANE('',#2904);
#2904 = AXIS2_PLACEMENT_3D('',#2905,#2906,#2907);
#2905 = CARTESIAN_POINT('',(-5.,-3.72499961853,0.));
#2906 = DIRECTION('',(0.,0.,1.));
#2907 = DIRECTION('',(1.,0.,0.));
#2908 = ADVANCED_FACE('',(#2909),#2928,.F.);
#2909 = FACE_BOUND('',#2910,.T.);
#2910 = EDGE_LOOP('',(#2911,#2912,#2920,#2927));
#2911 = ORIENTED_EDGE('',*,*,#2639,.T.);
#2912 = ORIENTED_EDGE('',*,*,#2913,.T.);
#2913 = EDGE_CURVE('',#2632,#2914,#2916,.T.);
#2914 = VERTEX_POINT('',#2915);
#2915 = CARTESIAN_POINT('',(-5.4,-3.47499961853,0.45));
#2916 = LINE('',#2917,#2918);
#2917 = CARTESIAN_POINT('',(-5.4,-3.72499961853,0.45));
#2918 = VECTOR('',#2919,1.);
#2919 = DIRECTION('',(0.,1.,0.));
#2920 = ORIENTED_EDGE('',*,*,#2921,.F.);
#2921 = EDGE_CURVE('',#2866,#2914,#2922,.T.);
#2922 = CIRCLE('',#2923,0.1);
#2923 = AXIS2_PLACEMENT_3D('',#2924,#2925,#2926);
#2924 = CARTESIAN_POINT('',(-5.3,-3.47499961853,0.45));
#2925 = DIRECTION('',(0.,-1.,0.));
#2926 = DIRECTION('',(0.,0.,1.));
#2927 = ORIENTED_EDGE('',*,*,#2865,.F.);
#2928 = CYLINDRICAL_SURFACE('',#2929,0.1);
#2929 = AXIS2_PLACEMENT_3D('',#2930,#2931,#2932);
#2930 = CARTESIAN_POINT('',(-5.3,-3.72499961853,0.45));
#2931 = DIRECTION('',(0.,1.,0.));
#2932 = DIRECTION('',(0.,0.,1.));
#2933 = ADVANCED_FACE('',(#2934),#2953,.T.);
#2934 = FACE_BOUND('',#2935,.F.);
#2935 = EDGE_LOOP('',(#2936,#2937,#2945,#2952));
#2936 = ORIENTED_EDGE('',*,*,#2622,.T.);
#2937 = ORIENTED_EDGE('',*,*,#2938,.T.);
#2938 = EDGE_CURVE('',#2623,#2939,#2941,.T.);
#2939 = VERTEX_POINT('',#2940);
#2940 = CARTESIAN_POINT('',(-5.4,-3.47499961853,0.2));
#2941 = LINE('',#2942,#2943);
#2942 = CARTESIAN_POINT('',(-5.4,-3.72499961853,0.2));
#2943 = VECTOR('',#2944,1.);
#2944 = DIRECTION('',(0.,1.,0.));
#2945 = ORIENTED_EDGE('',*,*,#2946,.F.);
#2946 = EDGE_CURVE('',#2889,#2939,#2947,.T.);
#2947 = CIRCLE('',#2948,0.2);
#2948 = AXIS2_PLACEMENT_3D('',#2949,#2950,#2951);
#2949 = CARTESIAN_POINT('',(-5.6,-3.47499961853,0.2));
#2950 = DIRECTION('',(0.,-1.,0.));
#2951 = DIRECTION('',(0.,0.,1.));
#2952 = ORIENTED_EDGE('',*,*,#2896,.F.);
#2953 = CYLINDRICAL_SURFACE('',#2954,0.2);
#2954 = AXIS2_PLACEMENT_3D('',#2955,#2956,#2957);
#2955 = CARTESIAN_POINT('',(-5.6,-3.72499961853,0.2));
#2956 = DIRECTION('',(0.,1.,0.));
#2957 = DIRECTION('',(-0.,-0.,-1.));
#2958 = ADVANCED_FACE('',(#2959),#2970,.F.);
#2959 = FACE_BOUND('',#2960,.T.);
#2960 = EDGE_LOOP('',(#2961,#2967,#2968,#2969));
#2961 = ORIENTED_EDGE('',*,*,#2962,.F.);
#2962 = EDGE_CURVE('',#2914,#2939,#2963,.T.);
#2963 = LINE('',#2964,#2965);
#2964 = CARTESIAN_POINT('',(-5.4,-3.47499961853,-5.E-02));
#2965 = VECTOR('',#2966,1.);
#2966 = DIRECTION('',(-0.,-0.,-1.));
#2967 = ORIENTED_EDGE('',*,*,#2913,.F.);
#2968 = ORIENTED_EDGE('',*,*,#2631,.T.);
#2969 = ORIENTED_EDGE('',*,*,#2938,.T.);
#2970 = PLANE('',#2971);
#2971 = AXIS2_PLACEMENT_3D('',#2972,#2973,#2974);
#2972 = CARTESIAN_POINT('',(-5.4,-4.12499961853,-0.1));
#2973 = DIRECTION('',(-1.,-0.,-0.));
#2974 = DIRECTION('',(0.,0.,-1.));
#2975 = ADVANCED_FACE('',(#2976),#2990,.T.);
#2976 = FACE_BOUND('',#2977,.F.);
#2977 = EDGE_LOOP('',(#2978,#2979,#2980,#2981,#2982,#2983,#2984,#2985,
    #2986,#2987,#2988,#2989));
#2978 = ORIENTED_EDGE('',*,*,#2696,.T.);
#2979 = ORIENTED_EDGE('',*,*,#2745,.F.);
#2980 = ORIENTED_EDGE('',*,*,#2792,.T.);
#2981 = ORIENTED_EDGE('',*,*,#2849,.F.);
#2982 = ORIENTED_EDGE('',*,*,#2888,.F.);
#2983 = ORIENTED_EDGE('',*,*,#2946,.T.);
#2984 = ORIENTED_EDGE('',*,*,#2962,.F.);
#2985 = ORIENTED_EDGE('',*,*,#2921,.F.);
#2986 = ORIENTED_EDGE('',*,*,#2873,.F.);
#2987 = ORIENTED_EDGE('',*,*,#2825,.T.);
#2988 = ORIENTED_EDGE('',*,*,#2768,.T.);
#2989 = ORIENTED_EDGE('',*,*,#2727,.F.);
#2990 = PLANE('',#2991);
#2991 = AXIS2_PLACEMENT_3D('',#2992,#2993,#2994);
#2992 = CARTESIAN_POINT('',(-5.,-3.47499961853,0.));
#2993 = DIRECTION('',(0.,1.,0.));
#2994 = DIRECTION('',(0.,0.,-1.));
#2995 = MANIFOLD_SOLID_BREP('',#2996);
#2996 = CLOSED_SHELL('',(#2997,#3105,#3136,#3161,#3186,#3210,#3234,#3258
    ,#3282,#3306,#3330,#3355,#3380,#3397));
#2997 = ADVANCED_FACE('',(#2998),#3100,.F.);
#2998 = FACE_BOUND('',#2999,.T.);
#2999 = EDGE_LOOP('',(#3000,#3010,#3019,#3027,#3035,#3043,#3052,#3060,
    #3069,#3077,#3085,#3093));
#3000 = ORIENTED_EDGE('',*,*,#3001,.T.);
#3001 = EDGE_CURVE('',#3002,#3004,#3006,.T.);
#3002 = VERTEX_POINT('',#3003);
#3003 = CARTESIAN_POINT('',(-5.5,-2.92499961853,0.45));
#3004 = VERTEX_POINT('',#3005);
#3005 = CARTESIAN_POINT('',(-5.5,-2.92499961853,0.2));
#3006 = LINE('',#3007,#3008);
#3007 = CARTESIAN_POINT('',(-5.5,-2.92499961853,5.E-02));
#3008 = VECTOR('',#3009,1.);
#3009 = DIRECTION('',(-0.,-0.,-1.));
#3010 = ORIENTED_EDGE('',*,*,#3011,.F.);
#3011 = EDGE_CURVE('',#3012,#3004,#3014,.T.);
#3012 = VERTEX_POINT('',#3013);
#3013 = CARTESIAN_POINT('',(-5.6,-2.92499961853,0.1));
#3014 = CIRCLE('',#3015,0.1);
#3015 = AXIS2_PLACEMENT_3D('',#3016,#3017,#3018);
#3016 = CARTESIAN_POINT('',(-5.6,-2.92499961853,0.2));
#3017 = DIRECTION('',(0.,-1.,0.));
#3018 = DIRECTION('',(0.,0.,1.));
#3019 = ORIENTED_EDGE('',*,*,#3020,.T.);
#3020 = EDGE_CURVE('',#3012,#3021,#3023,.T.);
#3021 = VERTEX_POINT('',#3022);
#3022 = CARTESIAN_POINT('',(-5.9,-2.92499961853,0.1));
#3023 = LINE('',#3024,#3025);
#3024 = CARTESIAN_POINT('',(-5.25,-2.92499961853,0.1));
#3025 = VECTOR('',#3026,1.);
#3026 = DIRECTION('',(-1.,-0.,-0.));
#3027 = ORIENTED_EDGE('',*,*,#3028,.F.);
#3028 = EDGE_CURVE('',#3029,#3021,#3031,.T.);
#3029 = VERTEX_POINT('',#3030);
#3030 = CARTESIAN_POINT('',(-5.9,-2.92499961853,0.));
#3031 = LINE('',#3032,#3033);
#3032 = CARTESIAN_POINT('',(-5.9,-2.92499961853,0.));
#3033 = VECTOR('',#3034,1.);
#3034 = DIRECTION('',(0.,0.,1.));
#3035 = ORIENTED_EDGE('',*,*,#3036,.F.);
#3036 = EDGE_CURVE('',#3037,#3029,#3039,.T.);
#3037 = VERTEX_POINT('',#3038);
#3038 = CARTESIAN_POINT('',(-5.6,-2.92499961853,-2.775557561563E-17));
#3039 = LINE('',#3040,#3041);
#3040 = CARTESIAN_POINT('',(-5.,-2.92499961853,0.));
#3041 = VECTOR('',#3042,1.);
#3042 = DIRECTION('',(-1.,-0.,-0.));
#3043 = ORIENTED_EDGE('',*,*,#3044,.T.);
#3044 = EDGE_CURVE('',#3037,#3045,#3047,.T.);
#3045 = VERTEX_POINT('',#3046);
#3046 = CARTESIAN_POINT('',(-5.4,-2.92499961853,0.2));
#3047 = CIRCLE('',#3048,0.2);
#3048 = AXIS2_PLACEMENT_3D('',#3049,#3050,#3051);
#3049 = CARTESIAN_POINT('',(-5.6,-2.92499961853,0.2));
#3050 = DIRECTION('',(0.,-1.,0.));
#3051 = DIRECTION('',(0.,0.,1.));
#3052 = ORIENTED_EDGE('',*,*,#3053,.F.);
#3053 = EDGE_CURVE('',#3054,#3045,#3056,.T.);
#3054 = VERTEX_POINT('',#3055);
#3055 = CARTESIAN_POINT('',(-5.4,-2.92499961853,0.45));
#3056 = LINE('',#3057,#3058);
#3057 = CARTESIAN_POINT('',(-5.4,-2.92499961853,-5.E-02));
#3058 = VECTOR('',#3059,1.);
#3059 = DIRECTION('',(-0.,-0.,-1.));
#3060 = ORIENTED_EDGE('',*,*,#3061,.F.);
#3061 = EDGE_CURVE('',#3062,#3054,#3064,.T.);
#3062 = VERTEX_POINT('',#3063);
#3063 = CARTESIAN_POINT('',(-5.3,-2.92499961853,0.55));
#3064 = CIRCLE('',#3065,0.1);
#3065 = AXIS2_PLACEMENT_3D('',#3066,#3067,#3068);
#3066 = CARTESIAN_POINT('',(-5.3,-2.92499961853,0.45));
#3067 = DIRECTION('',(0.,-1.,0.));
#3068 = DIRECTION('',(0.,0.,1.));
#3069 = ORIENTED_EDGE('',*,*,#3070,.F.);
#3070 = EDGE_CURVE('',#3071,#3062,#3073,.T.);
#3071 = VERTEX_POINT('',#3072);
#3072 = CARTESIAN_POINT('',(-5.,-2.92499961853,0.55));
#3073 = LINE('',#3074,#3075);
#3074 = CARTESIAN_POINT('',(-4.5,-2.92499961853,0.55));
#3075 = VECTOR('',#3076,1.);
#3076 = DIRECTION('',(-1.,-0.,-0.));
#3077 = ORIENTED_EDGE('',*,*,#3078,.T.);
#3078 = EDGE_CURVE('',#3071,#3079,#3081,.T.);
#3079 = VERTEX_POINT('',#3080);
#3080 = CARTESIAN_POINT('',(-5.,-2.92499961853,0.65));
#3081 = LINE('',#3082,#3083);
#3082 = CARTESIAN_POINT('',(-5.,-2.92499961853,0.));
#3083 = VECTOR('',#3084,1.);
#3084 = DIRECTION('',(0.,0.,1.));
#3085 = ORIENTED_EDGE('',*,*,#3086,.T.);
#3086 = EDGE_CURVE('',#3079,#3087,#3089,.T.);
#3087 = VERTEX_POINT('',#3088);
#3088 = CARTESIAN_POINT('',(-5.3,-2.92499961853,0.65));
#3089 = LINE('',#3090,#3091);
#3090 = CARTESIAN_POINT('',(-5.,-2.92499961853,0.65));
#3091 = VECTOR('',#3092,1.);
#3092 = DIRECTION('',(-1.,-0.,-0.));
#3093 = ORIENTED_EDGE('',*,*,#3094,.F.);
#3094 = EDGE_CURVE('',#3002,#3087,#3095,.T.);
#3095 = CIRCLE('',#3096,0.2);
#3096 = AXIS2_PLACEMENT_3D('',#3097,#3098,#3099);
#3097 = CARTESIAN_POINT('',(-5.3,-2.92499961853,0.45));
#3098 = DIRECTION('',(0.,1.,0.));
#3099 = DIRECTION('',(0.,0.,1.));
#3100 = PLANE('',#3101);
#3101 = AXIS2_PLACEMENT_3D('',#3102,#3103,#3104);
#3102 = CARTESIAN_POINT('',(-5.,-2.92499961853,0.));
#3103 = DIRECTION('',(0.,1.,0.));
#3104 = DIRECTION('',(0.,0.,-1.));
#3105 = ADVANCED_FACE('',(#3106),#3131,.T.);
#3106 = FACE_BOUND('',#3107,.F.);
#3107 = EDGE_LOOP('',(#3108,#3109,#3117,#3125));
#3108 = ORIENTED_EDGE('',*,*,#3001,.T.);
#3109 = ORIENTED_EDGE('',*,*,#3110,.T.);
#3110 = EDGE_CURVE('',#3004,#3111,#3113,.T.);
#3111 = VERTEX_POINT('',#3112);
#3112 = CARTESIAN_POINT('',(-5.5,-2.67499961853,0.2));
#3113 = LINE('',#3114,#3115);
#3114 = CARTESIAN_POINT('',(-5.5,-2.92499961853,0.2));
#3115 = VECTOR('',#3116,1.);
#3116 = DIRECTION('',(0.,1.,0.));
#3117 = ORIENTED_EDGE('',*,*,#3118,.F.);
#3118 = EDGE_CURVE('',#3119,#3111,#3121,.T.);
#3119 = VERTEX_POINT('',#3120);
#3120 = CARTESIAN_POINT('',(-5.5,-2.67499961853,0.45));
#3121 = LINE('',#3122,#3123);
#3122 = CARTESIAN_POINT('',(-5.5,-2.67499961853,5.E-02));
#3123 = VECTOR('',#3124,1.);
#3124 = DIRECTION('',(-0.,-0.,-1.));
#3125 = ORIENTED_EDGE('',*,*,#3126,.F.);
#3126 = EDGE_CURVE('',#3002,#3119,#3127,.T.);
#3127 = LINE('',#3128,#3129);
#3128 = CARTESIAN_POINT('',(-5.5,-2.92499961853,0.45));
#3129 = VECTOR('',#3130,1.);
#3130 = DIRECTION('',(0.,1.,0.));
#3131 = PLANE('',#3132);
#3132 = AXIS2_PLACEMENT_3D('',#3133,#3134,#3135);
#3133 = CARTESIAN_POINT('',(-5.5,-3.32499961853,0.1));
#3134 = DIRECTION('',(-1.,-0.,-0.));
#3135 = DIRECTION('',(0.,0.,-1.));
#3136 = ADVANCED_FACE('',(#3137),#3156,.T.);
#3137 = FACE_BOUND('',#3138,.T.);
#3138 = EDGE_LOOP('',(#3139,#3140,#3148,#3155));
#3139 = ORIENTED_EDGE('',*,*,#3094,.T.);
#3140 = ORIENTED_EDGE('',*,*,#3141,.T.);
#3141 = EDGE_CURVE('',#3087,#3142,#3144,.T.);
#3142 = VERTEX_POINT('',#3143);
#3143 = CARTESIAN_POINT('',(-5.3,-2.67499961853,0.65));
#3144 = LINE('',#3145,#3146);
#3145 = CARTESIAN_POINT('',(-5.3,-2.92499961853,0.65));
#3146 = VECTOR('',#3147,1.);
#3147 = DIRECTION('',(0.,1.,0.));
#3148 = ORIENTED_EDGE('',*,*,#3149,.F.);
#3149 = EDGE_CURVE('',#3119,#3142,#3150,.T.);
#3150 = CIRCLE('',#3151,0.2);
#3151 = AXIS2_PLACEMENT_3D('',#3152,#3153,#3154);
#3152 = CARTESIAN_POINT('',(-5.3,-2.67499961853,0.45));
#3153 = DIRECTION('',(0.,1.,0.));
#3154 = DIRECTION('',(0.,0.,1.));
#3155 = ORIENTED_EDGE('',*,*,#3126,.F.);
#3156 = CYLINDRICAL_SURFACE('',#3157,0.2);
#3157 = AXIS2_PLACEMENT_3D('',#3158,#3159,#3160);
#3158 = CARTESIAN_POINT('',(-5.3,-2.92499961853,0.45));
#3159 = DIRECTION('',(0.,1.,0.));
#3160 = DIRECTION('',(-1.,-0.,-0.));
#3161 = ADVANCED_FACE('',(#3162),#3181,.F.);
#3162 = FACE_BOUND('',#3163,.T.);
#3163 = EDGE_LOOP('',(#3164,#3165,#3166,#3175));
#3164 = ORIENTED_EDGE('',*,*,#3011,.T.);
#3165 = ORIENTED_EDGE('',*,*,#3110,.T.);
#3166 = ORIENTED_EDGE('',*,*,#3167,.F.);
#3167 = EDGE_CURVE('',#3168,#3111,#3170,.T.);
#3168 = VERTEX_POINT('',#3169);
#3169 = CARTESIAN_POINT('',(-5.6,-2.67499961853,0.1));
#3170 = CIRCLE('',#3171,0.1);
#3171 = AXIS2_PLACEMENT_3D('',#3172,#3173,#3174);
#3172 = CARTESIAN_POINT('',(-5.6,-2.67499961853,0.2));
#3173 = DIRECTION('',(0.,-1.,0.));
#3174 = DIRECTION('',(0.,0.,1.));
#3175 = ORIENTED_EDGE('',*,*,#3176,.F.);
#3176 = EDGE_CURVE('',#3012,#3168,#3177,.T.);
#3177 = LINE('',#3178,#3179);
#3178 = CARTESIAN_POINT('',(-5.6,-2.92499961853,0.1));
#3179 = VECTOR('',#3180,1.);
#3180 = DIRECTION('',(0.,1.,0.));
#3181 = CYLINDRICAL_SURFACE('',#3182,0.1);
#3182 = AXIS2_PLACEMENT_3D('',#3183,#3184,#3185);
#3183 = CARTESIAN_POINT('',(-5.6,-2.92499961853,0.2));
#3184 = DIRECTION('',(0.,1.,0.));
#3185 = DIRECTION('',(-0.,-0.,-1.));
#3186 = ADVANCED_FACE('',(#3187),#3205,.T.);
#3187 = FACE_BOUND('',#3188,.F.);
#3188 = EDGE_LOOP('',(#3189,#3197,#3203,#3204));
#3189 = ORIENTED_EDGE('',*,*,#3190,.F.);
#3190 = EDGE_CURVE('',#3191,#3142,#3193,.T.);
#3191 = VERTEX_POINT('',#3192);
#3192 = CARTESIAN_POINT('',(-5.,-2.67499961853,0.65));
#3193 = LINE('',#3194,#3195);
#3194 = CARTESIAN_POINT('',(-5.,-2.67499961853,0.65));
#3195 = VECTOR('',#3196,1.);
#3196 = DIRECTION('',(-1.,-0.,-0.));
#3197 = ORIENTED_EDGE('',*,*,#3198,.F.);
#3198 = EDGE_CURVE('',#3079,#3191,#3199,.T.);
#3199 = LINE('',#3200,#3201);
#3200 = CARTESIAN_POINT('',(-5.,-2.92499961853,0.65));
#3201 = VECTOR('',#3202,1.);
#3202 = DIRECTION('',(0.,1.,0.));
#3203 = ORIENTED_EDGE('',*,*,#3086,.T.);
#3204 = ORIENTED_EDGE('',*,*,#3141,.T.);
#3205 = PLANE('',#3206);
#3206 = AXIS2_PLACEMENT_3D('',#3207,#3208,#3209);
#3207 = CARTESIAN_POINT('',(-5.,-2.92499961853,0.65));
#3208 = DIRECTION('',(0.,0.,1.));
#3209 = DIRECTION('',(1.,0.,0.));
#3210 = ADVANCED_FACE('',(#3211),#3229,.T.);
#3211 = FACE_BOUND('',#3212,.F.);
#3212 = EDGE_LOOP('',(#3213,#3221,#3222,#3223));
#3213 = ORIENTED_EDGE('',*,*,#3214,.F.);
#3214 = EDGE_CURVE('',#3168,#3215,#3217,.T.);
#3215 = VERTEX_POINT('',#3216);
#3216 = CARTESIAN_POINT('',(-5.9,-2.67499961853,0.1));
#3217 = LINE('',#3218,#3219);
#3218 = CARTESIAN_POINT('',(-5.25,-2.67499961853,0.1));
#3219 = VECTOR('',#3220,1.);
#3220 = DIRECTION('',(-1.,-0.,-0.));
#3221 = ORIENTED_EDGE('',*,*,#3176,.F.);
#3222 = ORIENTED_EDGE('',*,*,#3020,.T.);
#3223 = ORIENTED_EDGE('',*,*,#3224,.F.);
#3224 = EDGE_CURVE('',#3215,#3021,#3225,.T.);
#3225 = LINE('',#3226,#3227);
#3226 = CARTESIAN_POINT('',(-5.9,-3.12499961853,0.1));
#3227 = VECTOR('',#3228,1.);
#3228 = DIRECTION('',(-0.,-1.,-0.));
#3229 = PLANE('',#3230);
#3230 = AXIS2_PLACEMENT_3D('',#3231,#3232,#3233);
#3231 = CARTESIAN_POINT('',(-5.5,-3.32499961853,0.1));
#3232 = DIRECTION('',(0.,0.,1.));
#3233 = DIRECTION('',(1.,0.,0.));
#3234 = ADVANCED_FACE('',(#3235),#3253,.F.);
#3235 = FACE_BOUND('',#3236,.T.);
#3236 = EDGE_LOOP('',(#3237,#3238,#3246,#3252));
#3237 = ORIENTED_EDGE('',*,*,#3078,.F.);
#3238 = ORIENTED_EDGE('',*,*,#3239,.F.);
#3239 = EDGE_CURVE('',#3240,#3071,#3242,.T.);
#3240 = VERTEX_POINT('',#3241);
#3241 = CARTESIAN_POINT('',(-5.,-2.67499961853,0.55));
#3242 = LINE('',#3243,#3244);
#3243 = CARTESIAN_POINT('',(-5.,-3.12499961853,0.55));
#3244 = VECTOR('',#3245,1.);
#3245 = DIRECTION('',(-0.,-1.,-0.));
#3246 = ORIENTED_EDGE('',*,*,#3247,.T.);
#3247 = EDGE_CURVE('',#3240,#3191,#3248,.T.);
#3248 = LINE('',#3249,#3250);
#3249 = CARTESIAN_POINT('',(-5.,-2.67499961853,0.));
#3250 = VECTOR('',#3251,1.);
#3251 = DIRECTION('',(0.,0.,1.));
#3252 = ORIENTED_EDGE('',*,*,#3198,.F.);
#3253 = PLANE('',#3254);
#3254 = AXIS2_PLACEMENT_3D('',#3255,#3256,#3257);
#3255 = CARTESIAN_POINT('',(-5.,-2.92499961853,0.));
#3256 = DIRECTION('',(-1.,-0.,-0.));
#3257 = DIRECTION('',(0.,0.,-1.));
#3258 = ADVANCED_FACE('',(#3259),#3277,.T.);
#3259 = FACE_BOUND('',#3260,.F.);
#3260 = EDGE_LOOP('',(#3261,#3262,#3270,#3276));
#3261 = ORIENTED_EDGE('',*,*,#3028,.F.);
#3262 = ORIENTED_EDGE('',*,*,#3263,.T.);
#3263 = EDGE_CURVE('',#3029,#3264,#3266,.T.);
#3264 = VERTEX_POINT('',#3265);
#3265 = CARTESIAN_POINT('',(-5.9,-2.67499961853,0.));
#3266 = LINE('',#3267,#3268);
#3267 = CARTESIAN_POINT('',(-5.9,-2.92499961853,0.));
#3268 = VECTOR('',#3269,1.);
#3269 = DIRECTION('',(0.,1.,0.));
#3270 = ORIENTED_EDGE('',*,*,#3271,.T.);
#3271 = EDGE_CURVE('',#3264,#3215,#3272,.T.);
#3272 = LINE('',#3273,#3274);
#3273 = CARTESIAN_POINT('',(-5.9,-2.67499961853,0.));
#3274 = VECTOR('',#3275,1.);
#3275 = DIRECTION('',(0.,0.,1.));
#3276 = ORIENTED_EDGE('',*,*,#3224,.T.);
#3277 = PLANE('',#3278);
#3278 = AXIS2_PLACEMENT_3D('',#3279,#3280,#3281);
#3279 = CARTESIAN_POINT('',(-5.9,-2.92499961853,0.));
#3280 = DIRECTION('',(-1.,-0.,-0.));
#3281 = DIRECTION('',(0.,0.,-1.));
#3282 = ADVANCED_FACE('',(#3283),#3301,.F.);
#3283 = FACE_BOUND('',#3284,.T.);
#3284 = EDGE_LOOP('',(#3285,#3286,#3294,#3300));
#3285 = ORIENTED_EDGE('',*,*,#3070,.T.);
#3286 = ORIENTED_EDGE('',*,*,#3287,.T.);
#3287 = EDGE_CURVE('',#3062,#3288,#3290,.T.);
#3288 = VERTEX_POINT('',#3289);
#3289 = CARTESIAN_POINT('',(-5.3,-2.67499961853,0.55));
#3290 = LINE('',#3291,#3292);
#3291 = CARTESIAN_POINT('',(-5.3,-2.92499961853,0.55));
#3292 = VECTOR('',#3293,1.);
#3293 = DIRECTION('',(0.,1.,0.));
#3294 = ORIENTED_EDGE('',*,*,#3295,.F.);
#3295 = EDGE_CURVE('',#3240,#3288,#3296,.T.);
#3296 = LINE('',#3297,#3298);
#3297 = CARTESIAN_POINT('',(-4.5,-2.67499961853,0.55));
#3298 = VECTOR('',#3299,1.);
#3299 = DIRECTION('',(-1.,-0.,-0.));
#3300 = ORIENTED_EDGE('',*,*,#3239,.T.);
#3301 = PLANE('',#3302);
#3302 = AXIS2_PLACEMENT_3D('',#3303,#3304,#3305);
#3303 = CARTESIAN_POINT('',(-4.,-3.32499961853,0.55));
#3304 = DIRECTION('',(0.,0.,1.));
#3305 = DIRECTION('',(1.,0.,0.));
#3306 = ADVANCED_FACE('',(#3307),#3325,.F.);
#3307 = FACE_BOUND('',#3308,.T.);
#3308 = EDGE_LOOP('',(#3309,#3317,#3323,#3324));
#3309 = ORIENTED_EDGE('',*,*,#3310,.F.);
#3310 = EDGE_CURVE('',#3311,#3264,#3313,.T.);
#3311 = VERTEX_POINT('',#3312);
#3312 = CARTESIAN_POINT('',(-5.6,-2.67499961853,-2.775557561563E-17));
#3313 = LINE('',#3314,#3315);
#3314 = CARTESIAN_POINT('',(-5.,-2.67499961853,0.));
#3315 = VECTOR('',#3316,1.);
#3316 = DIRECTION('',(-1.,-0.,-0.));
#3317 = ORIENTED_EDGE('',*,*,#3318,.F.);
#3318 = EDGE_CURVE('',#3037,#3311,#3319,.T.);
#3319 = LINE('',#3320,#3321);
#3320 = CARTESIAN_POINT('',(-5.6,-2.92499961853,-2.775557561563E-17));
#3321 = VECTOR('',#3322,1.);
#3322 = DIRECTION('',(0.,1.,0.));
#3323 = ORIENTED_EDGE('',*,*,#3036,.T.);
#3324 = ORIENTED_EDGE('',*,*,#3263,.T.);
#3325 = PLANE('',#3326);
#3326 = AXIS2_PLACEMENT_3D('',#3327,#3328,#3329);
#3327 = CARTESIAN_POINT('',(-5.,-2.92499961853,0.));
#3328 = DIRECTION('',(0.,0.,1.));
#3329 = DIRECTION('',(1.,0.,0.));
#3330 = ADVANCED_FACE('',(#3331),#3350,.F.);
#3331 = FACE_BOUND('',#3332,.T.);
#3332 = EDGE_LOOP('',(#3333,#3334,#3342,#3349));
#3333 = ORIENTED_EDGE('',*,*,#3061,.T.);
#3334 = ORIENTED_EDGE('',*,*,#3335,.T.);
#3335 = EDGE_CURVE('',#3054,#3336,#3338,.T.);
#3336 = VERTEX_POINT('',#3337);
#3337 = CARTESIAN_POINT('',(-5.4,-2.67499961853,0.45));
#3338 = LINE('',#3339,#3340);
#3339 = CARTESIAN_POINT('',(-5.4,-2.92499961853,0.45));
#3340 = VECTOR('',#3341,1.);
#3341 = DIRECTION('',(0.,1.,0.));
#3342 = ORIENTED_EDGE('',*,*,#3343,.F.);
#3343 = EDGE_CURVE('',#3288,#3336,#3344,.T.);
#3344 = CIRCLE('',#3345,0.1);
#3345 = AXIS2_PLACEMENT_3D('',#3346,#3347,#3348);
#3346 = CARTESIAN_POINT('',(-5.3,-2.67499961853,0.45));
#3347 = DIRECTION('',(0.,-1.,0.));
#3348 = DIRECTION('',(0.,0.,1.));
#3349 = ORIENTED_EDGE('',*,*,#3287,.F.);
#3350 = CYLINDRICAL_SURFACE('',#3351,0.1);
#3351 = AXIS2_PLACEMENT_3D('',#3352,#3353,#3354);
#3352 = CARTESIAN_POINT('',(-5.3,-2.92499961853,0.45));
#3353 = DIRECTION('',(0.,1.,0.));
#3354 = DIRECTION('',(0.,0.,1.));
#3355 = ADVANCED_FACE('',(#3356),#3375,.T.);
#3356 = FACE_BOUND('',#3357,.F.);
#3357 = EDGE_LOOP('',(#3358,#3359,#3367,#3374));
#3358 = ORIENTED_EDGE('',*,*,#3044,.T.);
#3359 = ORIENTED_EDGE('',*,*,#3360,.T.);
#3360 = EDGE_CURVE('',#3045,#3361,#3363,.T.);
#3361 = VERTEX_POINT('',#3362);
#3362 = CARTESIAN_POINT('',(-5.4,-2.67499961853,0.2));
#3363 = LINE('',#3364,#3365);
#3364 = CARTESIAN_POINT('',(-5.4,-2.92499961853,0.2));
#3365 = VECTOR('',#3366,1.);
#3366 = DIRECTION('',(0.,1.,0.));
#3367 = ORIENTED_EDGE('',*,*,#3368,.F.);
#3368 = EDGE_CURVE('',#3311,#3361,#3369,.T.);
#3369 = CIRCLE('',#3370,0.2);
#3370 = AXIS2_PLACEMENT_3D('',#3371,#3372,#3373);
#3371 = CARTESIAN_POINT('',(-5.6,-2.67499961853,0.2));
#3372 = DIRECTION('',(0.,-1.,0.));
#3373 = DIRECTION('',(0.,0.,1.));
#3374 = ORIENTED_EDGE('',*,*,#3318,.F.);
#3375 = CYLINDRICAL_SURFACE('',#3376,0.2);
#3376 = AXIS2_PLACEMENT_3D('',#3377,#3378,#3379);
#3377 = CARTESIAN_POINT('',(-5.6,-2.92499961853,0.2));
#3378 = DIRECTION('',(0.,1.,0.));
#3379 = DIRECTION('',(-0.,-0.,-1.));
#3380 = ADVANCED_FACE('',(#3381),#3392,.F.);
#3381 = FACE_BOUND('',#3382,.T.);
#3382 = EDGE_LOOP('',(#3383,#3389,#3390,#3391));
#3383 = ORIENTED_EDGE('',*,*,#3384,.F.);
#3384 = EDGE_CURVE('',#3336,#3361,#3385,.T.);
#3385 = LINE('',#3386,#3387);
#3386 = CARTESIAN_POINT('',(-5.4,-2.67499961853,-5.E-02));
#3387 = VECTOR('',#3388,1.);
#3388 = DIRECTION('',(-0.,-0.,-1.));
#3389 = ORIENTED_EDGE('',*,*,#3335,.F.);
#3390 = ORIENTED_EDGE('',*,*,#3053,.T.);
#3391 = ORIENTED_EDGE('',*,*,#3360,.T.);
#3392 = PLANE('',#3393);
#3393 = AXIS2_PLACEMENT_3D('',#3394,#3395,#3396);
#3394 = CARTESIAN_POINT('',(-5.4,-3.32499961853,-0.1));
#3395 = DIRECTION('',(-1.,-0.,-0.));
#3396 = DIRECTION('',(0.,0.,-1.));
#3397 = ADVANCED_FACE('',(#3398),#3412,.T.);
#3398 = FACE_BOUND('',#3399,.F.);
#3399 = EDGE_LOOP('',(#3400,#3401,#3402,#3403,#3404,#3405,#3406,#3407,
    #3408,#3409,#3410,#3411));
#3400 = ORIENTED_EDGE('',*,*,#3118,.T.);
#3401 = ORIENTED_EDGE('',*,*,#3167,.F.);
#3402 = ORIENTED_EDGE('',*,*,#3214,.T.);
#3403 = ORIENTED_EDGE('',*,*,#3271,.F.);
#3404 = ORIENTED_EDGE('',*,*,#3310,.F.);
#3405 = ORIENTED_EDGE('',*,*,#3368,.T.);
#3406 = ORIENTED_EDGE('',*,*,#3384,.F.);
#3407 = ORIENTED_EDGE('',*,*,#3343,.F.);
#3408 = ORIENTED_EDGE('',*,*,#3295,.F.);
#3409 = ORIENTED_EDGE('',*,*,#3247,.T.);
#3410 = ORIENTED_EDGE('',*,*,#3190,.T.);
#3411 = ORIENTED_EDGE('',*,*,#3149,.F.);
#3412 = PLANE('',#3413);
#3413 = AXIS2_PLACEMENT_3D('',#3414,#3415,#3416);
#3414 = CARTESIAN_POINT('',(-5.,-2.67499961853,0.));
#3415 = DIRECTION('',(0.,1.,0.));
#3416 = DIRECTION('',(0.,0.,-1.));
#3417 = MANIFOLD_SOLID_BREP('',#3418);
#3418 = CLOSED_SHELL('',(#3419,#3527,#3558,#3583,#3608,#3632,#3656,#3680
    ,#3704,#3728,#3752,#3777,#3802,#3819));
#3419 = ADVANCED_FACE('',(#3420),#3522,.F.);
#3420 = FACE_BOUND('',#3421,.T.);
#3421 = EDGE_LOOP('',(#3422,#3432,#3441,#3449,#3457,#3465,#3474,#3482,
    #3491,#3499,#3507,#3515));
#3422 = ORIENTED_EDGE('',*,*,#3423,.T.);
#3423 = EDGE_CURVE('',#3424,#3426,#3428,.T.);
#3424 = VERTEX_POINT('',#3425);
#3425 = CARTESIAN_POINT('',(-5.5,-2.12499961853,0.45));
#3426 = VERTEX_POINT('',#3427);
#3427 = CARTESIAN_POINT('',(-5.5,-2.12499961853,0.2));
#3428 = LINE('',#3429,#3430);
#3429 = CARTESIAN_POINT('',(-5.5,-2.12499961853,5.E-02));
#3430 = VECTOR('',#3431,1.);
#3431 = DIRECTION('',(-0.,-0.,-1.));
#3432 = ORIENTED_EDGE('',*,*,#3433,.F.);
#3433 = EDGE_CURVE('',#3434,#3426,#3436,.T.);
#3434 = VERTEX_POINT('',#3435);
#3435 = CARTESIAN_POINT('',(-5.6,-2.12499961853,0.1));
#3436 = CIRCLE('',#3437,0.1);
#3437 = AXIS2_PLACEMENT_3D('',#3438,#3439,#3440);
#3438 = CARTESIAN_POINT('',(-5.6,-2.12499961853,0.2));
#3439 = DIRECTION('',(0.,-1.,0.));
#3440 = DIRECTION('',(0.,0.,1.));
#3441 = ORIENTED_EDGE('',*,*,#3442,.T.);
#3442 = EDGE_CURVE('',#3434,#3443,#3445,.T.);
#3443 = VERTEX_POINT('',#3444);
#3444 = CARTESIAN_POINT('',(-5.9,-2.12499961853,0.1));
#3445 = LINE('',#3446,#3447);
#3446 = CARTESIAN_POINT('',(-5.25,-2.12499961853,0.1));
#3447 = VECTOR('',#3448,1.);
#3448 = DIRECTION('',(-1.,-0.,-0.));
#3449 = ORIENTED_EDGE('',*,*,#3450,.F.);
#3450 = EDGE_CURVE('',#3451,#3443,#3453,.T.);
#3451 = VERTEX_POINT('',#3452);
#3452 = CARTESIAN_POINT('',(-5.9,-2.12499961853,0.));
#3453 = LINE('',#3454,#3455);
#3454 = CARTESIAN_POINT('',(-5.9,-2.12499961853,0.));
#3455 = VECTOR('',#3456,1.);
#3456 = DIRECTION('',(0.,0.,1.));
#3457 = ORIENTED_EDGE('',*,*,#3458,.F.);
#3458 = EDGE_CURVE('',#3459,#3451,#3461,.T.);
#3459 = VERTEX_POINT('',#3460);
#3460 = CARTESIAN_POINT('',(-5.6,-2.12499961853,-2.775557561563E-17));
#3461 = LINE('',#3462,#3463);
#3462 = CARTESIAN_POINT('',(-5.,-2.12499961853,0.));
#3463 = VECTOR('',#3464,1.);
#3464 = DIRECTION('',(-1.,-0.,-0.));
#3465 = ORIENTED_EDGE('',*,*,#3466,.T.);
#3466 = EDGE_CURVE('',#3459,#3467,#3469,.T.);
#3467 = VERTEX_POINT('',#3468);
#3468 = CARTESIAN_POINT('',(-5.4,-2.12499961853,0.2));
#3469 = CIRCLE('',#3470,0.2);
#3470 = AXIS2_PLACEMENT_3D('',#3471,#3472,#3473);
#3471 = CARTESIAN_POINT('',(-5.6,-2.12499961853,0.2));
#3472 = DIRECTION('',(0.,-1.,0.));
#3473 = DIRECTION('',(0.,0.,1.));
#3474 = ORIENTED_EDGE('',*,*,#3475,.F.);
#3475 = EDGE_CURVE('',#3476,#3467,#3478,.T.);
#3476 = VERTEX_POINT('',#3477);
#3477 = CARTESIAN_POINT('',(-5.4,-2.12499961853,0.45));
#3478 = LINE('',#3479,#3480);
#3479 = CARTESIAN_POINT('',(-5.4,-2.12499961853,-5.E-02));
#3480 = VECTOR('',#3481,1.);
#3481 = DIRECTION('',(-0.,-0.,-1.));
#3482 = ORIENTED_EDGE('',*,*,#3483,.F.);
#3483 = EDGE_CURVE('',#3484,#3476,#3486,.T.);
#3484 = VERTEX_POINT('',#3485);
#3485 = CARTESIAN_POINT('',(-5.3,-2.12499961853,0.55));
#3486 = CIRCLE('',#3487,0.1);
#3487 = AXIS2_PLACEMENT_3D('',#3488,#3489,#3490);
#3488 = CARTESIAN_POINT('',(-5.3,-2.12499961853,0.45));
#3489 = DIRECTION('',(0.,-1.,0.));
#3490 = DIRECTION('',(0.,0.,1.));
#3491 = ORIENTED_EDGE('',*,*,#3492,.F.);
#3492 = EDGE_CURVE('',#3493,#3484,#3495,.T.);
#3493 = VERTEX_POINT('',#3494);
#3494 = CARTESIAN_POINT('',(-5.,-2.12499961853,0.55));
#3495 = LINE('',#3496,#3497);
#3496 = CARTESIAN_POINT('',(-4.5,-2.12499961853,0.55));
#3497 = VECTOR('',#3498,1.);
#3498 = DIRECTION('',(-1.,-0.,-0.));
#3499 = ORIENTED_EDGE('',*,*,#3500,.T.);
#3500 = EDGE_CURVE('',#3493,#3501,#3503,.T.);
#3501 = VERTEX_POINT('',#3502);
#3502 = CARTESIAN_POINT('',(-5.,-2.12499961853,0.65));
#3503 = LINE('',#3504,#3505);
#3504 = CARTESIAN_POINT('',(-5.,-2.12499961853,0.));
#3505 = VECTOR('',#3506,1.);
#3506 = DIRECTION('',(0.,0.,1.));
#3507 = ORIENTED_EDGE('',*,*,#3508,.T.);
#3508 = EDGE_CURVE('',#3501,#3509,#3511,.T.);
#3509 = VERTEX_POINT('',#3510);
#3510 = CARTESIAN_POINT('',(-5.3,-2.12499961853,0.65));
#3511 = LINE('',#3512,#3513);
#3512 = CARTESIAN_POINT('',(-5.,-2.12499961853,0.65));
#3513 = VECTOR('',#3514,1.);
#3514 = DIRECTION('',(-1.,-0.,-0.));
#3515 = ORIENTED_EDGE('',*,*,#3516,.F.);
#3516 = EDGE_CURVE('',#3424,#3509,#3517,.T.);
#3517 = CIRCLE('',#3518,0.2);
#3518 = AXIS2_PLACEMENT_3D('',#3519,#3520,#3521);
#3519 = CARTESIAN_POINT('',(-5.3,-2.12499961853,0.45));
#3520 = DIRECTION('',(0.,1.,0.));
#3521 = DIRECTION('',(0.,0.,1.));
#3522 = PLANE('',#3523);
#3523 = AXIS2_PLACEMENT_3D('',#3524,#3525,#3526);
#3524 = CARTESIAN_POINT('',(-5.,-2.12499961853,0.));
#3525 = DIRECTION('',(0.,1.,0.));
#3526 = DIRECTION('',(0.,0.,-1.));
#3527 = ADVANCED_FACE('',(#3528),#3553,.T.);
#3528 = FACE_BOUND('',#3529,.F.);
#3529 = EDGE_LOOP('',(#3530,#3531,#3539,#3547));
#3530 = ORIENTED_EDGE('',*,*,#3423,.T.);
#3531 = ORIENTED_EDGE('',*,*,#3532,.T.);
#3532 = EDGE_CURVE('',#3426,#3533,#3535,.T.);
#3533 = VERTEX_POINT('',#3534);
#3534 = CARTESIAN_POINT('',(-5.5,-1.87499961853,0.2));
#3535 = LINE('',#3536,#3537);
#3536 = CARTESIAN_POINT('',(-5.5,-2.12499961853,0.2));
#3537 = VECTOR('',#3538,1.);
#3538 = DIRECTION('',(0.,1.,0.));
#3539 = ORIENTED_EDGE('',*,*,#3540,.F.);
#3540 = EDGE_CURVE('',#3541,#3533,#3543,.T.);
#3541 = VERTEX_POINT('',#3542);
#3542 = CARTESIAN_POINT('',(-5.5,-1.87499961853,0.45));
#3543 = LINE('',#3544,#3545);
#3544 = CARTESIAN_POINT('',(-5.5,-1.87499961853,5.E-02));
#3545 = VECTOR('',#3546,1.);
#3546 = DIRECTION('',(-0.,-0.,-1.));
#3547 = ORIENTED_EDGE('',*,*,#3548,.F.);
#3548 = EDGE_CURVE('',#3424,#3541,#3549,.T.);
#3549 = LINE('',#3550,#3551);
#3550 = CARTESIAN_POINT('',(-5.5,-2.12499961853,0.45));
#3551 = VECTOR('',#3552,1.);
#3552 = DIRECTION('',(0.,1.,0.));
#3553 = PLANE('',#3554);
#3554 = AXIS2_PLACEMENT_3D('',#3555,#3556,#3557);
#3555 = CARTESIAN_POINT('',(-5.5,-2.52499961853,0.1));
#3556 = DIRECTION('',(-1.,-0.,-0.));
#3557 = DIRECTION('',(0.,0.,-1.));
#3558 = ADVANCED_FACE('',(#3559),#3578,.T.);
#3559 = FACE_BOUND('',#3560,.T.);
#3560 = EDGE_LOOP('',(#3561,#3562,#3570,#3577));
#3561 = ORIENTED_EDGE('',*,*,#3516,.T.);
#3562 = ORIENTED_EDGE('',*,*,#3563,.T.);
#3563 = EDGE_CURVE('',#3509,#3564,#3566,.T.);
#3564 = VERTEX_POINT('',#3565);
#3565 = CARTESIAN_POINT('',(-5.3,-1.87499961853,0.65));
#3566 = LINE('',#3567,#3568);
#3567 = CARTESIAN_POINT('',(-5.3,-2.12499961853,0.65));
#3568 = VECTOR('',#3569,1.);
#3569 = DIRECTION('',(0.,1.,0.));
#3570 = ORIENTED_EDGE('',*,*,#3571,.F.);
#3571 = EDGE_CURVE('',#3541,#3564,#3572,.T.);
#3572 = CIRCLE('',#3573,0.2);
#3573 = AXIS2_PLACEMENT_3D('',#3574,#3575,#3576);
#3574 = CARTESIAN_POINT('',(-5.3,-1.87499961853,0.45));
#3575 = DIRECTION('',(0.,1.,0.));
#3576 = DIRECTION('',(0.,0.,1.));
#3577 = ORIENTED_EDGE('',*,*,#3548,.F.);
#3578 = CYLINDRICAL_SURFACE('',#3579,0.2);
#3579 = AXIS2_PLACEMENT_3D('',#3580,#3581,#3582);
#3580 = CARTESIAN_POINT('',(-5.3,-2.12499961853,0.45));
#3581 = DIRECTION('',(0.,1.,0.));
#3582 = DIRECTION('',(-1.,-0.,-0.));
#3583 = ADVANCED_FACE('',(#3584),#3603,.F.);
#3584 = FACE_BOUND('',#3585,.T.);
#3585 = EDGE_LOOP('',(#3586,#3587,#3588,#3597));
#3586 = ORIENTED_EDGE('',*,*,#3433,.T.);
#3587 = ORIENTED_EDGE('',*,*,#3532,.T.);
#3588 = ORIENTED_EDGE('',*,*,#3589,.F.);
#3589 = EDGE_CURVE('',#3590,#3533,#3592,.T.);
#3590 = VERTEX_POINT('',#3591);
#3591 = CARTESIAN_POINT('',(-5.6,-1.87499961853,0.1));
#3592 = CIRCLE('',#3593,0.1);
#3593 = AXIS2_PLACEMENT_3D('',#3594,#3595,#3596);
#3594 = CARTESIAN_POINT('',(-5.6,-1.87499961853,0.2));
#3595 = DIRECTION('',(0.,-1.,0.));
#3596 = DIRECTION('',(0.,0.,1.));
#3597 = ORIENTED_EDGE('',*,*,#3598,.F.);
#3598 = EDGE_CURVE('',#3434,#3590,#3599,.T.);
#3599 = LINE('',#3600,#3601);
#3600 = CARTESIAN_POINT('',(-5.6,-2.12499961853,0.1));
#3601 = VECTOR('',#3602,1.);
#3602 = DIRECTION('',(0.,1.,0.));
#3603 = CYLINDRICAL_SURFACE('',#3604,0.1);
#3604 = AXIS2_PLACEMENT_3D('',#3605,#3606,#3607);
#3605 = CARTESIAN_POINT('',(-5.6,-2.12499961853,0.2));
#3606 = DIRECTION('',(0.,1.,0.));
#3607 = DIRECTION('',(-0.,-0.,-1.));
#3608 = ADVANCED_FACE('',(#3609),#3627,.T.);
#3609 = FACE_BOUND('',#3610,.F.);
#3610 = EDGE_LOOP('',(#3611,#3619,#3625,#3626));
#3611 = ORIENTED_EDGE('',*,*,#3612,.F.);
#3612 = EDGE_CURVE('',#3613,#3564,#3615,.T.);
#3613 = VERTEX_POINT('',#3614);
#3614 = CARTESIAN_POINT('',(-5.,-1.87499961853,0.65));
#3615 = LINE('',#3616,#3617);
#3616 = CARTESIAN_POINT('',(-5.,-1.87499961853,0.65));
#3617 = VECTOR('',#3618,1.);
#3618 = DIRECTION('',(-1.,-0.,-0.));
#3619 = ORIENTED_EDGE('',*,*,#3620,.F.);
#3620 = EDGE_CURVE('',#3501,#3613,#3621,.T.);
#3621 = LINE('',#3622,#3623);
#3622 = CARTESIAN_POINT('',(-5.,-2.12499961853,0.65));
#3623 = VECTOR('',#3624,1.);
#3624 = DIRECTION('',(0.,1.,0.));
#3625 = ORIENTED_EDGE('',*,*,#3508,.T.);
#3626 = ORIENTED_EDGE('',*,*,#3563,.T.);
#3627 = PLANE('',#3628);
#3628 = AXIS2_PLACEMENT_3D('',#3629,#3630,#3631);
#3629 = CARTESIAN_POINT('',(-5.,-2.12499961853,0.65));
#3630 = DIRECTION('',(0.,0.,1.));
#3631 = DIRECTION('',(1.,0.,0.));
#3632 = ADVANCED_FACE('',(#3633),#3651,.T.);
#3633 = FACE_BOUND('',#3634,.F.);
#3634 = EDGE_LOOP('',(#3635,#3643,#3644,#3645));
#3635 = ORIENTED_EDGE('',*,*,#3636,.F.);
#3636 = EDGE_CURVE('',#3590,#3637,#3639,.T.);
#3637 = VERTEX_POINT('',#3638);
#3638 = CARTESIAN_POINT('',(-5.9,-1.87499961853,0.1));
#3639 = LINE('',#3640,#3641);
#3640 = CARTESIAN_POINT('',(-5.25,-1.87499961853,0.1));
#3641 = VECTOR('',#3642,1.);
#3642 = DIRECTION('',(-1.,-0.,-0.));
#3643 = ORIENTED_EDGE('',*,*,#3598,.F.);
#3644 = ORIENTED_EDGE('',*,*,#3442,.T.);
#3645 = ORIENTED_EDGE('',*,*,#3646,.F.);
#3646 = EDGE_CURVE('',#3637,#3443,#3647,.T.);
#3647 = LINE('',#3648,#3649);
#3648 = CARTESIAN_POINT('',(-5.9,-2.32499961853,0.1));
#3649 = VECTOR('',#3650,1.);
#3650 = DIRECTION('',(-0.,-1.,-0.));
#3651 = PLANE('',#3652);
#3652 = AXIS2_PLACEMENT_3D('',#3653,#3654,#3655);
#3653 = CARTESIAN_POINT('',(-5.5,-2.52499961853,0.1));
#3654 = DIRECTION('',(0.,0.,1.));
#3655 = DIRECTION('',(1.,0.,0.));
#3656 = ADVANCED_FACE('',(#3657),#3675,.F.);
#3657 = FACE_BOUND('',#3658,.T.);
#3658 = EDGE_LOOP('',(#3659,#3660,#3668,#3674));
#3659 = ORIENTED_EDGE('',*,*,#3500,.F.);
#3660 = ORIENTED_EDGE('',*,*,#3661,.F.);
#3661 = EDGE_CURVE('',#3662,#3493,#3664,.T.);
#3662 = VERTEX_POINT('',#3663);
#3663 = CARTESIAN_POINT('',(-5.,-1.87499961853,0.55));
#3664 = LINE('',#3665,#3666);
#3665 = CARTESIAN_POINT('',(-5.,-2.32499961853,0.55));
#3666 = VECTOR('',#3667,1.);
#3667 = DIRECTION('',(-0.,-1.,-0.));
#3668 = ORIENTED_EDGE('',*,*,#3669,.T.);
#3669 = EDGE_CURVE('',#3662,#3613,#3670,.T.);
#3670 = LINE('',#3671,#3672);
#3671 = CARTESIAN_POINT('',(-5.,-1.87499961853,0.));
#3672 = VECTOR('',#3673,1.);
#3673 = DIRECTION('',(0.,0.,1.));
#3674 = ORIENTED_EDGE('',*,*,#3620,.F.);
#3675 = PLANE('',#3676);
#3676 = AXIS2_PLACEMENT_3D('',#3677,#3678,#3679);
#3677 = CARTESIAN_POINT('',(-5.,-2.12499961853,0.));
#3678 = DIRECTION('',(-1.,-0.,-0.));
#3679 = DIRECTION('',(0.,0.,-1.));
#3680 = ADVANCED_FACE('',(#3681),#3699,.T.);
#3681 = FACE_BOUND('',#3682,.F.);
#3682 = EDGE_LOOP('',(#3683,#3684,#3692,#3698));
#3683 = ORIENTED_EDGE('',*,*,#3450,.F.);
#3684 = ORIENTED_EDGE('',*,*,#3685,.T.);
#3685 = EDGE_CURVE('',#3451,#3686,#3688,.T.);
#3686 = VERTEX_POINT('',#3687);
#3687 = CARTESIAN_POINT('',(-5.9,-1.87499961853,0.));
#3688 = LINE('',#3689,#3690);
#3689 = CARTESIAN_POINT('',(-5.9,-2.12499961853,0.));
#3690 = VECTOR('',#3691,1.);
#3691 = DIRECTION('',(0.,1.,0.));
#3692 = ORIENTED_EDGE('',*,*,#3693,.T.);
#3693 = EDGE_CURVE('',#3686,#3637,#3694,.T.);
#3694 = LINE('',#3695,#3696);
#3695 = CARTESIAN_POINT('',(-5.9,-1.87499961853,0.));
#3696 = VECTOR('',#3697,1.);
#3697 = DIRECTION('',(0.,0.,1.));
#3698 = ORIENTED_EDGE('',*,*,#3646,.T.);
#3699 = PLANE('',#3700);
#3700 = AXIS2_PLACEMENT_3D('',#3701,#3702,#3703);
#3701 = CARTESIAN_POINT('',(-5.9,-2.12499961853,0.));
#3702 = DIRECTION('',(-1.,-0.,-0.));
#3703 = DIRECTION('',(0.,0.,-1.));
#3704 = ADVANCED_FACE('',(#3705),#3723,.F.);
#3705 = FACE_BOUND('',#3706,.T.);
#3706 = EDGE_LOOP('',(#3707,#3708,#3716,#3722));
#3707 = ORIENTED_EDGE('',*,*,#3492,.T.);
#3708 = ORIENTED_EDGE('',*,*,#3709,.T.);
#3709 = EDGE_CURVE('',#3484,#3710,#3712,.T.);
#3710 = VERTEX_POINT('',#3711);
#3711 = CARTESIAN_POINT('',(-5.3,-1.87499961853,0.55));
#3712 = LINE('',#3713,#3714);
#3713 = CARTESIAN_POINT('',(-5.3,-2.12499961853,0.55));
#3714 = VECTOR('',#3715,1.);
#3715 = DIRECTION('',(0.,1.,0.));
#3716 = ORIENTED_EDGE('',*,*,#3717,.F.);
#3717 = EDGE_CURVE('',#3662,#3710,#3718,.T.);
#3718 = LINE('',#3719,#3720);
#3719 = CARTESIAN_POINT('',(-4.5,-1.87499961853,0.55));
#3720 = VECTOR('',#3721,1.);
#3721 = DIRECTION('',(-1.,-0.,-0.));
#3722 = ORIENTED_EDGE('',*,*,#3661,.T.);
#3723 = PLANE('',#3724);
#3724 = AXIS2_PLACEMENT_3D('',#3725,#3726,#3727);
#3725 = CARTESIAN_POINT('',(-4.,-2.52499961853,0.55));
#3726 = DIRECTION('',(0.,0.,1.));
#3727 = DIRECTION('',(1.,0.,0.));
#3728 = ADVANCED_FACE('',(#3729),#3747,.F.);
#3729 = FACE_BOUND('',#3730,.T.);
#3730 = EDGE_LOOP('',(#3731,#3739,#3745,#3746));
#3731 = ORIENTED_EDGE('',*,*,#3732,.F.);
#3732 = EDGE_CURVE('',#3733,#3686,#3735,.T.);
#3733 = VERTEX_POINT('',#3734);
#3734 = CARTESIAN_POINT('',(-5.6,-1.87499961853,-2.775557561563E-17));
#3735 = LINE('',#3736,#3737);
#3736 = CARTESIAN_POINT('',(-5.,-1.87499961853,0.));
#3737 = VECTOR('',#3738,1.);
#3738 = DIRECTION('',(-1.,-0.,-0.));
#3739 = ORIENTED_EDGE('',*,*,#3740,.F.);
#3740 = EDGE_CURVE('',#3459,#3733,#3741,.T.);
#3741 = LINE('',#3742,#3743);
#3742 = CARTESIAN_POINT('',(-5.6,-2.12499961853,-2.775557561563E-17));
#3743 = VECTOR('',#3744,1.);
#3744 = DIRECTION('',(0.,1.,0.));
#3745 = ORIENTED_EDGE('',*,*,#3458,.T.);
#3746 = ORIENTED_EDGE('',*,*,#3685,.T.);
#3747 = PLANE('',#3748);
#3748 = AXIS2_PLACEMENT_3D('',#3749,#3750,#3751);
#3749 = CARTESIAN_POINT('',(-5.,-2.12499961853,0.));
#3750 = DIRECTION('',(0.,0.,1.));
#3751 = DIRECTION('',(1.,0.,0.));
#3752 = ADVANCED_FACE('',(#3753),#3772,.F.);
#3753 = FACE_BOUND('',#3754,.T.);
#3754 = EDGE_LOOP('',(#3755,#3756,#3764,#3771));
#3755 = ORIENTED_EDGE('',*,*,#3483,.T.);
#3756 = ORIENTED_EDGE('',*,*,#3757,.T.);
#3757 = EDGE_CURVE('',#3476,#3758,#3760,.T.);
#3758 = VERTEX_POINT('',#3759);
#3759 = CARTESIAN_POINT('',(-5.4,-1.87499961853,0.45));
#3760 = LINE('',#3761,#3762);
#3761 = CARTESIAN_POINT('',(-5.4,-2.12499961853,0.45));
#3762 = VECTOR('',#3763,1.);
#3763 = DIRECTION('',(0.,1.,0.));
#3764 = ORIENTED_EDGE('',*,*,#3765,.F.);
#3765 = EDGE_CURVE('',#3710,#3758,#3766,.T.);
#3766 = CIRCLE('',#3767,0.1);
#3767 = AXIS2_PLACEMENT_3D('',#3768,#3769,#3770);
#3768 = CARTESIAN_POINT('',(-5.3,-1.87499961853,0.45));
#3769 = DIRECTION('',(0.,-1.,0.));
#3770 = DIRECTION('',(0.,0.,1.));
#3771 = ORIENTED_EDGE('',*,*,#3709,.F.);
#3772 = CYLINDRICAL_SURFACE('',#3773,0.1);
#3773 = AXIS2_PLACEMENT_3D('',#3774,#3775,#3776);
#3774 = CARTESIAN_POINT('',(-5.3,-2.12499961853,0.45));
#3775 = DIRECTION('',(0.,1.,0.));
#3776 = DIRECTION('',(0.,0.,1.));
#3777 = ADVANCED_FACE('',(#3778),#3797,.T.);
#3778 = FACE_BOUND('',#3779,.F.);
#3779 = EDGE_LOOP('',(#3780,#3781,#3789,#3796));
#3780 = ORIENTED_EDGE('',*,*,#3466,.T.);
#3781 = ORIENTED_EDGE('',*,*,#3782,.T.);
#3782 = EDGE_CURVE('',#3467,#3783,#3785,.T.);
#3783 = VERTEX_POINT('',#3784);
#3784 = CARTESIAN_POINT('',(-5.4,-1.87499961853,0.2));
#3785 = LINE('',#3786,#3787);
#3786 = CARTESIAN_POINT('',(-5.4,-2.12499961853,0.2));
#3787 = VECTOR('',#3788,1.);
#3788 = DIRECTION('',(0.,1.,0.));
#3789 = ORIENTED_EDGE('',*,*,#3790,.F.);
#3790 = EDGE_CURVE('',#3733,#3783,#3791,.T.);
#3791 = CIRCLE('',#3792,0.2);
#3792 = AXIS2_PLACEMENT_3D('',#3793,#3794,#3795);
#3793 = CARTESIAN_POINT('',(-5.6,-1.87499961853,0.2));
#3794 = DIRECTION('',(0.,-1.,0.));
#3795 = DIRECTION('',(0.,0.,1.));
#3796 = ORIENTED_EDGE('',*,*,#3740,.F.);
#3797 = CYLINDRICAL_SURFACE('',#3798,0.2);
#3798 = AXIS2_PLACEMENT_3D('',#3799,#3800,#3801);
#3799 = CARTESIAN_POINT('',(-5.6,-2.12499961853,0.2));
#3800 = DIRECTION('',(0.,1.,0.));
#3801 = DIRECTION('',(-0.,-0.,-1.));
#3802 = ADVANCED_FACE('',(#3803),#3814,.F.);
#3803 = FACE_BOUND('',#3804,.T.);
#3804 = EDGE_LOOP('',(#3805,#3811,#3812,#3813));
#3805 = ORIENTED_EDGE('',*,*,#3806,.F.);
#3806 = EDGE_CURVE('',#3758,#3783,#3807,.T.);
#3807 = LINE('',#3808,#3809);
#3808 = CARTESIAN_POINT('',(-5.4,-1.87499961853,-5.E-02));
#3809 = VECTOR('',#3810,1.);
#3810 = DIRECTION('',(-0.,-0.,-1.));
#3811 = ORIENTED_EDGE('',*,*,#3757,.F.);
#3812 = ORIENTED_EDGE('',*,*,#3475,.T.);
#3813 = ORIENTED_EDGE('',*,*,#3782,.T.);
#3814 = PLANE('',#3815);
#3815 = AXIS2_PLACEMENT_3D('',#3816,#3817,#3818);
#3816 = CARTESIAN_POINT('',(-5.4,-2.52499961853,-0.1));
#3817 = DIRECTION('',(-1.,-0.,-0.));
#3818 = DIRECTION('',(0.,0.,-1.));
#3819 = ADVANCED_FACE('',(#3820),#3834,.T.);
#3820 = FACE_BOUND('',#3821,.F.);
#3821 = EDGE_LOOP('',(#3822,#3823,#3824,#3825,#3826,#3827,#3828,#3829,
    #3830,#3831,#3832,#3833));
#3822 = ORIENTED_EDGE('',*,*,#3540,.T.);
#3823 = ORIENTED_EDGE('',*,*,#3589,.F.);
#3824 = ORIENTED_EDGE('',*,*,#3636,.T.);
#3825 = ORIENTED_EDGE('',*,*,#3693,.F.);
#3826 = ORIENTED_EDGE('',*,*,#3732,.F.);
#3827 = ORIENTED_EDGE('',*,*,#3790,.T.);
#3828 = ORIENTED_EDGE('',*,*,#3806,.F.);
#3829 = ORIENTED_EDGE('',*,*,#3765,.F.);
#3830 = ORIENTED_EDGE('',*,*,#3717,.F.);
#3831 = ORIENTED_EDGE('',*,*,#3669,.T.);
#3832 = ORIENTED_EDGE('',*,*,#3612,.T.);
#3833 = ORIENTED_EDGE('',*,*,#3571,.F.);
#3834 = PLANE('',#3835);
#3835 = AXIS2_PLACEMENT_3D('',#3836,#3837,#3838);
#3836 = CARTESIAN_POINT('',(-5.,-1.87499961853,0.));
#3837 = DIRECTION('',(0.,1.,0.));
#3838 = DIRECTION('',(0.,0.,-1.));
#3839 = MANIFOLD_SOLID_BREP('',#3840);
#3840 = CLOSED_SHELL('',(#3841,#3949,#3980,#4005,#4030,#4054,#4078,#4102
    ,#4126,#4150,#4174,#4199,#4224,#4241));
#3841 = ADVANCED_FACE('',(#3842),#3944,.F.);
#3842 = FACE_BOUND('',#3843,.T.);
#3843 = EDGE_LOOP('',(#3844,#3854,#3863,#3871,#3879,#3887,#3896,#3904,
    #3913,#3921,#3929,#3937));
#3844 = ORIENTED_EDGE('',*,*,#3845,.T.);
#3845 = EDGE_CURVE('',#3846,#3848,#3850,.T.);
#3846 = VERTEX_POINT('',#3847);
#3847 = CARTESIAN_POINT('',(-5.5,-1.32499961853,0.45));
#3848 = VERTEX_POINT('',#3849);
#3849 = CARTESIAN_POINT('',(-5.5,-1.32499961853,0.2));
#3850 = LINE('',#3851,#3852);
#3851 = CARTESIAN_POINT('',(-5.5,-1.32499961853,5.E-02));
#3852 = VECTOR('',#3853,1.);
#3853 = DIRECTION('',(-0.,-0.,-1.));
#3854 = ORIENTED_EDGE('',*,*,#3855,.F.);
#3855 = EDGE_CURVE('',#3856,#3848,#3858,.T.);
#3856 = VERTEX_POINT('',#3857);
#3857 = CARTESIAN_POINT('',(-5.6,-1.32499961853,0.1));
#3858 = CIRCLE('',#3859,0.1);
#3859 = AXIS2_PLACEMENT_3D('',#3860,#3861,#3862);
#3860 = CARTESIAN_POINT('',(-5.6,-1.32499961853,0.2));
#3861 = DIRECTION('',(0.,-1.,0.));
#3862 = DIRECTION('',(0.,0.,1.));
#3863 = ORIENTED_EDGE('',*,*,#3864,.T.);
#3864 = EDGE_CURVE('',#3856,#3865,#3867,.T.);
#3865 = VERTEX_POINT('',#3866);
#3866 = CARTESIAN_POINT('',(-5.9,-1.32499961853,0.1));
#3867 = LINE('',#3868,#3869);
#3868 = CARTESIAN_POINT('',(-5.25,-1.32499961853,0.1));
#3869 = VECTOR('',#3870,1.);
#3870 = DIRECTION('',(-1.,-0.,-0.));
#3871 = ORIENTED_EDGE('',*,*,#3872,.F.);
#3872 = EDGE_CURVE('',#3873,#3865,#3875,.T.);
#3873 = VERTEX_POINT('',#3874);
#3874 = CARTESIAN_POINT('',(-5.9,-1.32499961853,0.));
#3875 = LINE('',#3876,#3877);
#3876 = CARTESIAN_POINT('',(-5.9,-1.32499961853,0.));
#3877 = VECTOR('',#3878,1.);
#3878 = DIRECTION('',(0.,0.,1.));
#3879 = ORIENTED_EDGE('',*,*,#3880,.F.);
#3880 = EDGE_CURVE('',#3881,#3873,#3883,.T.);
#3881 = VERTEX_POINT('',#3882);
#3882 = CARTESIAN_POINT('',(-5.6,-1.32499961853,-2.775557561563E-17));
#3883 = LINE('',#3884,#3885);
#3884 = CARTESIAN_POINT('',(-5.,-1.32499961853,0.));
#3885 = VECTOR('',#3886,1.);
#3886 = DIRECTION('',(-1.,-0.,-0.));
#3887 = ORIENTED_EDGE('',*,*,#3888,.T.);
#3888 = EDGE_CURVE('',#3881,#3889,#3891,.T.);
#3889 = VERTEX_POINT('',#3890);
#3890 = CARTESIAN_POINT('',(-5.4,-1.32499961853,0.2));
#3891 = CIRCLE('',#3892,0.2);
#3892 = AXIS2_PLACEMENT_3D('',#3893,#3894,#3895);
#3893 = CARTESIAN_POINT('',(-5.6,-1.32499961853,0.2));
#3894 = DIRECTION('',(0.,-1.,0.));
#3895 = DIRECTION('',(0.,0.,1.));
#3896 = ORIENTED_EDGE('',*,*,#3897,.F.);
#3897 = EDGE_CURVE('',#3898,#3889,#3900,.T.);
#3898 = VERTEX_POINT('',#3899);
#3899 = CARTESIAN_POINT('',(-5.4,-1.32499961853,0.45));
#3900 = LINE('',#3901,#3902);
#3901 = CARTESIAN_POINT('',(-5.4,-1.32499961853,-5.E-02));
#3902 = VECTOR('',#3903,1.);
#3903 = DIRECTION('',(-0.,-0.,-1.));
#3904 = ORIENTED_EDGE('',*,*,#3905,.F.);
#3905 = EDGE_CURVE('',#3906,#3898,#3908,.T.);
#3906 = VERTEX_POINT('',#3907);
#3907 = CARTESIAN_POINT('',(-5.3,-1.32499961853,0.55));
#3908 = CIRCLE('',#3909,0.1);
#3909 = AXIS2_PLACEMENT_3D('',#3910,#3911,#3912);
#3910 = CARTESIAN_POINT('',(-5.3,-1.32499961853,0.45));
#3911 = DIRECTION('',(0.,-1.,0.));
#3912 = DIRECTION('',(0.,0.,1.));
#3913 = ORIENTED_EDGE('',*,*,#3914,.F.);
#3914 = EDGE_CURVE('',#3915,#3906,#3917,.T.);
#3915 = VERTEX_POINT('',#3916);
#3916 = CARTESIAN_POINT('',(-5.,-1.32499961853,0.55));
#3917 = LINE('',#3918,#3919);
#3918 = CARTESIAN_POINT('',(-4.5,-1.32499961853,0.55));
#3919 = VECTOR('',#3920,1.);
#3920 = DIRECTION('',(-1.,-0.,-0.));
#3921 = ORIENTED_EDGE('',*,*,#3922,.T.);
#3922 = EDGE_CURVE('',#3915,#3923,#3925,.T.);
#3923 = VERTEX_POINT('',#3924);
#3924 = CARTESIAN_POINT('',(-5.,-1.32499961853,0.65));
#3925 = LINE('',#3926,#3927);
#3926 = CARTESIAN_POINT('',(-5.,-1.32499961853,0.));
#3927 = VECTOR('',#3928,1.);
#3928 = DIRECTION('',(0.,0.,1.));
#3929 = ORIENTED_EDGE('',*,*,#3930,.T.);
#3930 = EDGE_CURVE('',#3923,#3931,#3933,.T.);
#3931 = VERTEX_POINT('',#3932);
#3932 = CARTESIAN_POINT('',(-5.3,-1.32499961853,0.65));
#3933 = LINE('',#3934,#3935);
#3934 = CARTESIAN_POINT('',(-5.,-1.32499961853,0.65));
#3935 = VECTOR('',#3936,1.);
#3936 = DIRECTION('',(-1.,-0.,-0.));
#3937 = ORIENTED_EDGE('',*,*,#3938,.F.);
#3938 = EDGE_CURVE('',#3846,#3931,#3939,.T.);
#3939 = CIRCLE('',#3940,0.2);
#3940 = AXIS2_PLACEMENT_3D('',#3941,#3942,#3943);
#3941 = CARTESIAN_POINT('',(-5.3,-1.32499961853,0.45));
#3942 = DIRECTION('',(0.,1.,0.));
#3943 = DIRECTION('',(0.,0.,1.));
#3944 = PLANE('',#3945);
#3945 = AXIS2_PLACEMENT_3D('',#3946,#3947,#3948);
#3946 = CARTESIAN_POINT('',(-5.,-1.32499961853,0.));
#3947 = DIRECTION('',(0.,1.,0.));
#3948 = DIRECTION('',(0.,0.,-1.));
#3949 = ADVANCED_FACE('',(#3950),#3975,.T.);
#3950 = FACE_BOUND('',#3951,.F.);
#3951 = EDGE_LOOP('',(#3952,#3953,#3961,#3969));
#3952 = ORIENTED_EDGE('',*,*,#3845,.T.);
#3953 = ORIENTED_EDGE('',*,*,#3954,.T.);
#3954 = EDGE_CURVE('',#3848,#3955,#3957,.T.);
#3955 = VERTEX_POINT('',#3956);
#3956 = CARTESIAN_POINT('',(-5.5,-1.07499961853,0.2));
#3957 = LINE('',#3958,#3959);
#3958 = CARTESIAN_POINT('',(-5.5,-1.32499961853,0.2));
#3959 = VECTOR('',#3960,1.);
#3960 = DIRECTION('',(0.,1.,0.));
#3961 = ORIENTED_EDGE('',*,*,#3962,.F.);
#3962 = EDGE_CURVE('',#3963,#3955,#3965,.T.);
#3963 = VERTEX_POINT('',#3964);
#3964 = CARTESIAN_POINT('',(-5.5,-1.07499961853,0.45));
#3965 = LINE('',#3966,#3967);
#3966 = CARTESIAN_POINT('',(-5.5,-1.07499961853,5.E-02));
#3967 = VECTOR('',#3968,1.);
#3968 = DIRECTION('',(-0.,-0.,-1.));
#3969 = ORIENTED_EDGE('',*,*,#3970,.F.);
#3970 = EDGE_CURVE('',#3846,#3963,#3971,.T.);
#3971 = LINE('',#3972,#3973);
#3972 = CARTESIAN_POINT('',(-5.5,-1.32499961853,0.45));
#3973 = VECTOR('',#3974,1.);
#3974 = DIRECTION('',(0.,1.,0.));
#3975 = PLANE('',#3976);
#3976 = AXIS2_PLACEMENT_3D('',#3977,#3978,#3979);
#3977 = CARTESIAN_POINT('',(-5.5,-1.72499961853,0.1));
#3978 = DIRECTION('',(-1.,-0.,-0.));
#3979 = DIRECTION('',(0.,0.,-1.));
#3980 = ADVANCED_FACE('',(#3981),#4000,.T.);
#3981 = FACE_BOUND('',#3982,.T.);
#3982 = EDGE_LOOP('',(#3983,#3984,#3992,#3999));
#3983 = ORIENTED_EDGE('',*,*,#3938,.T.);
#3984 = ORIENTED_EDGE('',*,*,#3985,.T.);
#3985 = EDGE_CURVE('',#3931,#3986,#3988,.T.);
#3986 = VERTEX_POINT('',#3987);
#3987 = CARTESIAN_POINT('',(-5.3,-1.07499961853,0.65));
#3988 = LINE('',#3989,#3990);
#3989 = CARTESIAN_POINT('',(-5.3,-1.32499961853,0.65));
#3990 = VECTOR('',#3991,1.);
#3991 = DIRECTION('',(0.,1.,0.));
#3992 = ORIENTED_EDGE('',*,*,#3993,.F.);
#3993 = EDGE_CURVE('',#3963,#3986,#3994,.T.);
#3994 = CIRCLE('',#3995,0.2);
#3995 = AXIS2_PLACEMENT_3D('',#3996,#3997,#3998);
#3996 = CARTESIAN_POINT('',(-5.3,-1.07499961853,0.45));
#3997 = DIRECTION('',(0.,1.,0.));
#3998 = DIRECTION('',(0.,0.,1.));
#3999 = ORIENTED_EDGE('',*,*,#3970,.F.);
#4000 = CYLINDRICAL_SURFACE('',#4001,0.2);
#4001 = AXIS2_PLACEMENT_3D('',#4002,#4003,#4004);
#4002 = CARTESIAN_POINT('',(-5.3,-1.32499961853,0.45));
#4003 = DIRECTION('',(0.,1.,0.));
#4004 = DIRECTION('',(-1.,-0.,-0.));
#4005 = ADVANCED_FACE('',(#4006),#4025,.F.);
#4006 = FACE_BOUND('',#4007,.T.);
#4007 = EDGE_LOOP('',(#4008,#4009,#4010,#4019));
#4008 = ORIENTED_EDGE('',*,*,#3855,.T.);
#4009 = ORIENTED_EDGE('',*,*,#3954,.T.);
#4010 = ORIENTED_EDGE('',*,*,#4011,.F.);
#4011 = EDGE_CURVE('',#4012,#3955,#4014,.T.);
#4012 = VERTEX_POINT('',#4013);
#4013 = CARTESIAN_POINT('',(-5.6,-1.07499961853,0.1));
#4014 = CIRCLE('',#4015,0.1);
#4015 = AXIS2_PLACEMENT_3D('',#4016,#4017,#4018);
#4016 = CARTESIAN_POINT('',(-5.6,-1.07499961853,0.2));
#4017 = DIRECTION('',(0.,-1.,0.));
#4018 = DIRECTION('',(0.,0.,1.));
#4019 = ORIENTED_EDGE('',*,*,#4020,.F.);
#4020 = EDGE_CURVE('',#3856,#4012,#4021,.T.);
#4021 = LINE('',#4022,#4023);
#4022 = CARTESIAN_POINT('',(-5.6,-1.32499961853,0.1));
#4023 = VECTOR('',#4024,1.);
#4024 = DIRECTION('',(0.,1.,0.));
#4025 = CYLINDRICAL_SURFACE('',#4026,0.1);
#4026 = AXIS2_PLACEMENT_3D('',#4027,#4028,#4029);
#4027 = CARTESIAN_POINT('',(-5.6,-1.32499961853,0.2));
#4028 = DIRECTION('',(0.,1.,0.));
#4029 = DIRECTION('',(-0.,-0.,-1.));
#4030 = ADVANCED_FACE('',(#4031),#4049,.T.);
#4031 = FACE_BOUND('',#4032,.F.);
#4032 = EDGE_LOOP('',(#4033,#4041,#4047,#4048));
#4033 = ORIENTED_EDGE('',*,*,#4034,.F.);
#4034 = EDGE_CURVE('',#4035,#3986,#4037,.T.);
#4035 = VERTEX_POINT('',#4036);
#4036 = CARTESIAN_POINT('',(-5.,-1.07499961853,0.65));
#4037 = LINE('',#4038,#4039);
#4038 = CARTESIAN_POINT('',(-5.,-1.07499961853,0.65));
#4039 = VECTOR('',#4040,1.);
#4040 = DIRECTION('',(-1.,-0.,-0.));
#4041 = ORIENTED_EDGE('',*,*,#4042,.F.);
#4042 = EDGE_CURVE('',#3923,#4035,#4043,.T.);
#4043 = LINE('',#4044,#4045);
#4044 = CARTESIAN_POINT('',(-5.,-1.32499961853,0.65));
#4045 = VECTOR('',#4046,1.);
#4046 = DIRECTION('',(0.,1.,0.));
#4047 = ORIENTED_EDGE('',*,*,#3930,.T.);
#4048 = ORIENTED_EDGE('',*,*,#3985,.T.);
#4049 = PLANE('',#4050);
#4050 = AXIS2_PLACEMENT_3D('',#4051,#4052,#4053);
#4051 = CARTESIAN_POINT('',(-5.,-1.32499961853,0.65));
#4052 = DIRECTION('',(0.,0.,1.));
#4053 = DIRECTION('',(1.,0.,0.));
#4054 = ADVANCED_FACE('',(#4055),#4073,.T.);
#4055 = FACE_BOUND('',#4056,.F.);
#4056 = EDGE_LOOP('',(#4057,#4065,#4066,#4067));
#4057 = ORIENTED_EDGE('',*,*,#4058,.F.);
#4058 = EDGE_CURVE('',#4012,#4059,#4061,.T.);
#4059 = VERTEX_POINT('',#4060);
#4060 = CARTESIAN_POINT('',(-5.9,-1.07499961853,0.1));
#4061 = LINE('',#4062,#4063);
#4062 = CARTESIAN_POINT('',(-5.25,-1.07499961853,0.1));
#4063 = VECTOR('',#4064,1.);
#4064 = DIRECTION('',(-1.,-0.,-0.));
#4065 = ORIENTED_EDGE('',*,*,#4020,.F.);
#4066 = ORIENTED_EDGE('',*,*,#3864,.T.);
#4067 = ORIENTED_EDGE('',*,*,#4068,.F.);
#4068 = EDGE_CURVE('',#4059,#3865,#4069,.T.);
#4069 = LINE('',#4070,#4071);
#4070 = CARTESIAN_POINT('',(-5.9,-1.52499961853,0.1));
#4071 = VECTOR('',#4072,1.);
#4072 = DIRECTION('',(-0.,-1.,-0.));
#4073 = PLANE('',#4074);
#4074 = AXIS2_PLACEMENT_3D('',#4075,#4076,#4077);
#4075 = CARTESIAN_POINT('',(-5.5,-1.72499961853,0.1));
#4076 = DIRECTION('',(0.,0.,1.));
#4077 = DIRECTION('',(1.,0.,0.));
#4078 = ADVANCED_FACE('',(#4079),#4097,.F.);
#4079 = FACE_BOUND('',#4080,.T.);
#4080 = EDGE_LOOP('',(#4081,#4082,#4090,#4096));
#4081 = ORIENTED_EDGE('',*,*,#3922,.F.);
#4082 = ORIENTED_EDGE('',*,*,#4083,.F.);
#4083 = EDGE_CURVE('',#4084,#3915,#4086,.T.);
#4084 = VERTEX_POINT('',#4085);
#4085 = CARTESIAN_POINT('',(-5.,-1.07499961853,0.55));
#4086 = LINE('',#4087,#4088);
#4087 = CARTESIAN_POINT('',(-5.,-1.52499961853,0.55));
#4088 = VECTOR('',#4089,1.);
#4089 = DIRECTION('',(-0.,-1.,-0.));
#4090 = ORIENTED_EDGE('',*,*,#4091,.T.);
#4091 = EDGE_CURVE('',#4084,#4035,#4092,.T.);
#4092 = LINE('',#4093,#4094);
#4093 = CARTESIAN_POINT('',(-5.,-1.07499961853,0.));
#4094 = VECTOR('',#4095,1.);
#4095 = DIRECTION('',(0.,0.,1.));
#4096 = ORIENTED_EDGE('',*,*,#4042,.F.);
#4097 = PLANE('',#4098);
#4098 = AXIS2_PLACEMENT_3D('',#4099,#4100,#4101);
#4099 = CARTESIAN_POINT('',(-5.,-1.32499961853,0.));
#4100 = DIRECTION('',(-1.,-0.,-0.));
#4101 = DIRECTION('',(0.,0.,-1.));
#4102 = ADVANCED_FACE('',(#4103),#4121,.T.);
#4103 = FACE_BOUND('',#4104,.F.);
#4104 = EDGE_LOOP('',(#4105,#4106,#4114,#4120));
#4105 = ORIENTED_EDGE('',*,*,#3872,.F.);
#4106 = ORIENTED_EDGE('',*,*,#4107,.T.);
#4107 = EDGE_CURVE('',#3873,#4108,#4110,.T.);
#4108 = VERTEX_POINT('',#4109);
#4109 = CARTESIAN_POINT('',(-5.9,-1.07499961853,0.));
#4110 = LINE('',#4111,#4112);
#4111 = CARTESIAN_POINT('',(-5.9,-1.32499961853,0.));
#4112 = VECTOR('',#4113,1.);
#4113 = DIRECTION('',(0.,1.,0.));
#4114 = ORIENTED_EDGE('',*,*,#4115,.T.);
#4115 = EDGE_CURVE('',#4108,#4059,#4116,.T.);
#4116 = LINE('',#4117,#4118);
#4117 = CARTESIAN_POINT('',(-5.9,-1.07499961853,0.));
#4118 = VECTOR('',#4119,1.);
#4119 = DIRECTION('',(0.,0.,1.));
#4120 = ORIENTED_EDGE('',*,*,#4068,.T.);
#4121 = PLANE('',#4122);
#4122 = AXIS2_PLACEMENT_3D('',#4123,#4124,#4125);
#4123 = CARTESIAN_POINT('',(-5.9,-1.32499961853,0.));
#4124 = DIRECTION('',(-1.,-0.,-0.));
#4125 = DIRECTION('',(0.,0.,-1.));
#4126 = ADVANCED_FACE('',(#4127),#4145,.F.);
#4127 = FACE_BOUND('',#4128,.T.);
#4128 = EDGE_LOOP('',(#4129,#4130,#4138,#4144));
#4129 = ORIENTED_EDGE('',*,*,#3914,.T.);
#4130 = ORIENTED_EDGE('',*,*,#4131,.T.);
#4131 = EDGE_CURVE('',#3906,#4132,#4134,.T.);
#4132 = VERTEX_POINT('',#4133);
#4133 = CARTESIAN_POINT('',(-5.3,-1.07499961853,0.55));
#4134 = LINE('',#4135,#4136);
#4135 = CARTESIAN_POINT('',(-5.3,-1.32499961853,0.55));
#4136 = VECTOR('',#4137,1.);
#4137 = DIRECTION('',(0.,1.,0.));
#4138 = ORIENTED_EDGE('',*,*,#4139,.F.);
#4139 = EDGE_CURVE('',#4084,#4132,#4140,.T.);
#4140 = LINE('',#4141,#4142);
#4141 = CARTESIAN_POINT('',(-4.5,-1.07499961853,0.55));
#4142 = VECTOR('',#4143,1.);
#4143 = DIRECTION('',(-1.,-0.,-0.));
#4144 = ORIENTED_EDGE('',*,*,#4083,.T.);
#4145 = PLANE('',#4146);
#4146 = AXIS2_PLACEMENT_3D('',#4147,#4148,#4149);
#4147 = CARTESIAN_POINT('',(-4.,-1.72499961853,0.55));
#4148 = DIRECTION('',(0.,0.,1.));
#4149 = DIRECTION('',(1.,0.,0.));
#4150 = ADVANCED_FACE('',(#4151),#4169,.F.);
#4151 = FACE_BOUND('',#4152,.T.);
#4152 = EDGE_LOOP('',(#4153,#4161,#4167,#4168));
#4153 = ORIENTED_EDGE('',*,*,#4154,.F.);
#4154 = EDGE_CURVE('',#4155,#4108,#4157,.T.);
#4155 = VERTEX_POINT('',#4156);
#4156 = CARTESIAN_POINT('',(-5.6,-1.07499961853,-2.775557561563E-17));
#4157 = LINE('',#4158,#4159);
#4158 = CARTESIAN_POINT('',(-5.,-1.07499961853,0.));
#4159 = VECTOR('',#4160,1.);
#4160 = DIRECTION('',(-1.,-0.,-0.));
#4161 = ORIENTED_EDGE('',*,*,#4162,.F.);
#4162 = EDGE_CURVE('',#3881,#4155,#4163,.T.);
#4163 = LINE('',#4164,#4165);
#4164 = CARTESIAN_POINT('',(-5.6,-1.32499961853,-2.775557561563E-17));
#4165 = VECTOR('',#4166,1.);
#4166 = DIRECTION('',(0.,1.,0.));
#4167 = ORIENTED_EDGE('',*,*,#3880,.T.);
#4168 = ORIENTED_EDGE('',*,*,#4107,.T.);
#4169 = PLANE('',#4170);
#4170 = AXIS2_PLACEMENT_3D('',#4171,#4172,#4173);
#4171 = CARTESIAN_POINT('',(-5.,-1.32499961853,0.));
#4172 = DIRECTION('',(0.,0.,1.));
#4173 = DIRECTION('',(1.,0.,0.));
#4174 = ADVANCED_FACE('',(#4175),#4194,.F.);
#4175 = FACE_BOUND('',#4176,.T.);
#4176 = EDGE_LOOP('',(#4177,#4178,#4186,#4193));
#4177 = ORIENTED_EDGE('',*,*,#3905,.T.);
#4178 = ORIENTED_EDGE('',*,*,#4179,.T.);
#4179 = EDGE_CURVE('',#3898,#4180,#4182,.T.);
#4180 = VERTEX_POINT('',#4181);
#4181 = CARTESIAN_POINT('',(-5.4,-1.07499961853,0.45));
#4182 = LINE('',#4183,#4184);
#4183 = CARTESIAN_POINT('',(-5.4,-1.32499961853,0.45));
#4184 = VECTOR('',#4185,1.);
#4185 = DIRECTION('',(0.,1.,0.));
#4186 = ORIENTED_EDGE('',*,*,#4187,.F.);
#4187 = EDGE_CURVE('',#4132,#4180,#4188,.T.);
#4188 = CIRCLE('',#4189,0.1);
#4189 = AXIS2_PLACEMENT_3D('',#4190,#4191,#4192);
#4190 = CARTESIAN_POINT('',(-5.3,-1.07499961853,0.45));
#4191 = DIRECTION('',(0.,-1.,0.));
#4192 = DIRECTION('',(0.,0.,1.));
#4193 = ORIENTED_EDGE('',*,*,#4131,.F.);
#4194 = CYLINDRICAL_SURFACE('',#4195,0.1);
#4195 = AXIS2_PLACEMENT_3D('',#4196,#4197,#4198);
#4196 = CARTESIAN_POINT('',(-5.3,-1.32499961853,0.45));
#4197 = DIRECTION('',(0.,1.,0.));
#4198 = DIRECTION('',(0.,0.,1.));
#4199 = ADVANCED_FACE('',(#4200),#4219,.T.);
#4200 = FACE_BOUND('',#4201,.F.);
#4201 = EDGE_LOOP('',(#4202,#4203,#4211,#4218));
#4202 = ORIENTED_EDGE('',*,*,#3888,.T.);
#4203 = ORIENTED_EDGE('',*,*,#4204,.T.);
#4204 = EDGE_CURVE('',#3889,#4205,#4207,.T.);
#4205 = VERTEX_POINT('',#4206);
#4206 = CARTESIAN_POINT('',(-5.4,-1.07499961853,0.2));
#4207 = LINE('',#4208,#4209);
#4208 = CARTESIAN_POINT('',(-5.4,-1.32499961853,0.2));
#4209 = VECTOR('',#4210,1.);
#4210 = DIRECTION('',(0.,1.,0.));
#4211 = ORIENTED_EDGE('',*,*,#4212,.F.);
#4212 = EDGE_CURVE('',#4155,#4205,#4213,.T.);
#4213 = CIRCLE('',#4214,0.2);
#4214 = AXIS2_PLACEMENT_3D('',#4215,#4216,#4217);
#4215 = CARTESIAN_POINT('',(-5.6,-1.07499961853,0.2));
#4216 = DIRECTION('',(0.,-1.,0.));
#4217 = DIRECTION('',(0.,0.,1.));
#4218 = ORIENTED_EDGE('',*,*,#4162,.F.);
#4219 = CYLINDRICAL_SURFACE('',#4220,0.2);
#4220 = AXIS2_PLACEMENT_3D('',#4221,#4222,#4223);
#4221 = CARTESIAN_POINT('',(-5.6,-1.32499961853,0.2));
#4222 = DIRECTION('',(0.,1.,0.));
#4223 = DIRECTION('',(-0.,-0.,-1.));
#4224 = ADVANCED_FACE('',(#4225),#4236,.F.);
#4225 = FACE_BOUND('',#4226,.T.);
#4226 = EDGE_LOOP('',(#4227,#4233,#4234,#4235));
#4227 = ORIENTED_EDGE('',*,*,#4228,.F.);
#4228 = EDGE_CURVE('',#4180,#4205,#4229,.T.);
#4229 = LINE('',#4230,#4231);
#4230 = CARTESIAN_POINT('',(-5.4,-1.07499961853,-5.E-02));
#4231 = VECTOR('',#4232,1.);
#4232 = DIRECTION('',(-0.,-0.,-1.));
#4233 = ORIENTED_EDGE('',*,*,#4179,.F.);
#4234 = ORIENTED_EDGE('',*,*,#3897,.T.);
#4235 = ORIENTED_EDGE('',*,*,#4204,.T.);
#4236 = PLANE('',#4237);
#4237 = AXIS2_PLACEMENT_3D('',#4238,#4239,#4240);
#4238 = CARTESIAN_POINT('',(-5.4,-1.72499961853,-0.1));
#4239 = DIRECTION('',(-1.,-0.,-0.));
#4240 = DIRECTION('',(0.,0.,-1.));
#4241 = ADVANCED_FACE('',(#4242),#4256,.T.);
#4242 = FACE_BOUND('',#4243,.F.);
#4243 = EDGE_LOOP('',(#4244,#4245,#4246,#4247,#4248,#4249,#4250,#4251,
    #4252,#4253,#4254,#4255));
#4244 = ORIENTED_EDGE('',*,*,#3962,.T.);
#4245 = ORIENTED_EDGE('',*,*,#4011,.F.);
#4246 = ORIENTED_EDGE('',*,*,#4058,.T.);
#4247 = ORIENTED_EDGE('',*,*,#4115,.F.);
#4248 = ORIENTED_EDGE('',*,*,#4154,.F.);
#4249 = ORIENTED_EDGE('',*,*,#4212,.T.);
#4250 = ORIENTED_EDGE('',*,*,#4228,.F.);
#4251 = ORIENTED_EDGE('',*,*,#4187,.F.);
#4252 = ORIENTED_EDGE('',*,*,#4139,.F.);
#4253 = ORIENTED_EDGE('',*,*,#4091,.T.);
#4254 = ORIENTED_EDGE('',*,*,#4034,.T.);
#4255 = ORIENTED_EDGE('',*,*,#3993,.F.);
#4256 = PLANE('',#4257);
#4257 = AXIS2_PLACEMENT_3D('',#4258,#4259,#4260);
#4258 = CARTESIAN_POINT('',(-5.,-1.07499961853,0.));
#4259 = DIRECTION('',(0.,1.,0.));
#4260 = DIRECTION('',(0.,0.,-1.));
#4261 = MANIFOLD_SOLID_BREP('',#4262);
#4262 = CLOSED_SHELL('',(#4263,#4371,#4402,#4427,#4452,#4476,#4500,#4524
    ,#4548,#4572,#4596,#4621,#4646,#4663));
#4263 = ADVANCED_FACE('',(#4264),#4366,.F.);
#4264 = FACE_BOUND('',#4265,.T.);
#4265 = EDGE_LOOP('',(#4266,#4276,#4285,#4293,#4301,#4309,#4318,#4326,
    #4335,#4343,#4351,#4359));
#4266 = ORIENTED_EDGE('',*,*,#4267,.T.);
#4267 = EDGE_CURVE('',#4268,#4270,#4272,.T.);
#4268 = VERTEX_POINT('',#4269);
#4269 = CARTESIAN_POINT('',(-5.5,-0.52499961853,0.45));
#4270 = VERTEX_POINT('',#4271);
#4271 = CARTESIAN_POINT('',(-5.5,-0.52499961853,0.2));
#4272 = LINE('',#4273,#4274);
#4273 = CARTESIAN_POINT('',(-5.5,-0.52499961853,5.E-02));
#4274 = VECTOR('',#4275,1.);
#4275 = DIRECTION('',(-0.,-0.,-1.));
#4276 = ORIENTED_EDGE('',*,*,#4277,.F.);
#4277 = EDGE_CURVE('',#4278,#4270,#4280,.T.);
#4278 = VERTEX_POINT('',#4279);
#4279 = CARTESIAN_POINT('',(-5.6,-0.52499961853,0.1));
#4280 = CIRCLE('',#4281,0.1);
#4281 = AXIS2_PLACEMENT_3D('',#4282,#4283,#4284);
#4282 = CARTESIAN_POINT('',(-5.6,-0.52499961853,0.2));
#4283 = DIRECTION('',(0.,-1.,0.));
#4284 = DIRECTION('',(0.,0.,1.));
#4285 = ORIENTED_EDGE('',*,*,#4286,.T.);
#4286 = EDGE_CURVE('',#4278,#4287,#4289,.T.);
#4287 = VERTEX_POINT('',#4288);
#4288 = CARTESIAN_POINT('',(-5.9,-0.52499961853,0.1));
#4289 = LINE('',#4290,#4291);
#4290 = CARTESIAN_POINT('',(-5.25,-0.52499961853,0.1));
#4291 = VECTOR('',#4292,1.);
#4292 = DIRECTION('',(-1.,-0.,-0.));
#4293 = ORIENTED_EDGE('',*,*,#4294,.F.);
#4294 = EDGE_CURVE('',#4295,#4287,#4297,.T.);
#4295 = VERTEX_POINT('',#4296);
#4296 = CARTESIAN_POINT('',(-5.9,-0.52499961853,0.));
#4297 = LINE('',#4298,#4299);
#4298 = CARTESIAN_POINT('',(-5.9,-0.52499961853,0.));
#4299 = VECTOR('',#4300,1.);
#4300 = DIRECTION('',(0.,0.,1.));
#4301 = ORIENTED_EDGE('',*,*,#4302,.F.);
#4302 = EDGE_CURVE('',#4303,#4295,#4305,.T.);
#4303 = VERTEX_POINT('',#4304);
#4304 = CARTESIAN_POINT('',(-5.6,-0.52499961853,-2.775557561563E-17));
#4305 = LINE('',#4306,#4307);
#4306 = CARTESIAN_POINT('',(-5.,-0.52499961853,0.));
#4307 = VECTOR('',#4308,1.);
#4308 = DIRECTION('',(-1.,-0.,-0.));
#4309 = ORIENTED_EDGE('',*,*,#4310,.T.);
#4310 = EDGE_CURVE('',#4303,#4311,#4313,.T.);
#4311 = VERTEX_POINT('',#4312);
#4312 = CARTESIAN_POINT('',(-5.4,-0.52499961853,0.2));
#4313 = CIRCLE('',#4314,0.2);
#4314 = AXIS2_PLACEMENT_3D('',#4315,#4316,#4317);
#4315 = CARTESIAN_POINT('',(-5.6,-0.52499961853,0.2));
#4316 = DIRECTION('',(0.,-1.,0.));
#4317 = DIRECTION('',(0.,0.,1.));
#4318 = ORIENTED_EDGE('',*,*,#4319,.F.);
#4319 = EDGE_CURVE('',#4320,#4311,#4322,.T.);
#4320 = VERTEX_POINT('',#4321);
#4321 = CARTESIAN_POINT('',(-5.4,-0.52499961853,0.45));
#4322 = LINE('',#4323,#4324);
#4323 = CARTESIAN_POINT('',(-5.4,-0.52499961853,-5.E-02));
#4324 = VECTOR('',#4325,1.);
#4325 = DIRECTION('',(-0.,-0.,-1.));
#4326 = ORIENTED_EDGE('',*,*,#4327,.F.);
#4327 = EDGE_CURVE('',#4328,#4320,#4330,.T.);
#4328 = VERTEX_POINT('',#4329);
#4329 = CARTESIAN_POINT('',(-5.3,-0.52499961853,0.55));
#4330 = CIRCLE('',#4331,0.1);
#4331 = AXIS2_PLACEMENT_3D('',#4332,#4333,#4334);
#4332 = CARTESIAN_POINT('',(-5.3,-0.52499961853,0.45));
#4333 = DIRECTION('',(0.,-1.,0.));
#4334 = DIRECTION('',(0.,0.,1.));
#4335 = ORIENTED_EDGE('',*,*,#4336,.F.);
#4336 = EDGE_CURVE('',#4337,#4328,#4339,.T.);
#4337 = VERTEX_POINT('',#4338);
#4338 = CARTESIAN_POINT('',(-5.,-0.52499961853,0.55));
#4339 = LINE('',#4340,#4341);
#4340 = CARTESIAN_POINT('',(-4.5,-0.52499961853,0.55));
#4341 = VECTOR('',#4342,1.);
#4342 = DIRECTION('',(-1.,-0.,-0.));
#4343 = ORIENTED_EDGE('',*,*,#4344,.T.);
#4344 = EDGE_CURVE('',#4337,#4345,#4347,.T.);
#4345 = VERTEX_POINT('',#4346);
#4346 = CARTESIAN_POINT('',(-5.,-0.52499961853,0.65));
#4347 = LINE('',#4348,#4349);
#4348 = CARTESIAN_POINT('',(-5.,-0.52499961853,0.));
#4349 = VECTOR('',#4350,1.);
#4350 = DIRECTION('',(0.,0.,1.));
#4351 = ORIENTED_EDGE('',*,*,#4352,.T.);
#4352 = EDGE_CURVE('',#4345,#4353,#4355,.T.);
#4353 = VERTEX_POINT('',#4354);
#4354 = CARTESIAN_POINT('',(-5.3,-0.52499961853,0.65));
#4355 = LINE('',#4356,#4357);
#4356 = CARTESIAN_POINT('',(-5.,-0.52499961853,0.65));
#4357 = VECTOR('',#4358,1.);
#4358 = DIRECTION('',(-1.,-0.,-0.));
#4359 = ORIENTED_EDGE('',*,*,#4360,.F.);
#4360 = EDGE_CURVE('',#4268,#4353,#4361,.T.);
#4361 = CIRCLE('',#4362,0.2);
#4362 = AXIS2_PLACEMENT_3D('',#4363,#4364,#4365);
#4363 = CARTESIAN_POINT('',(-5.3,-0.52499961853,0.45));
#4364 = DIRECTION('',(0.,1.,0.));
#4365 = DIRECTION('',(0.,0.,1.));
#4366 = PLANE('',#4367);
#4367 = AXIS2_PLACEMENT_3D('',#4368,#4369,#4370);
#4368 = CARTESIAN_POINT('',(-5.,-0.52499961853,0.));
#4369 = DIRECTION('',(0.,1.,0.));
#4370 = DIRECTION('',(0.,0.,-1.));
#4371 = ADVANCED_FACE('',(#4372),#4397,.T.);
#4372 = FACE_BOUND('',#4373,.F.);
#4373 = EDGE_LOOP('',(#4374,#4375,#4383,#4391));
#4374 = ORIENTED_EDGE('',*,*,#4267,.T.);
#4375 = ORIENTED_EDGE('',*,*,#4376,.T.);
#4376 = EDGE_CURVE('',#4270,#4377,#4379,.T.);
#4377 = VERTEX_POINT('',#4378);
#4378 = CARTESIAN_POINT('',(-5.5,-0.27499961853,0.2));
#4379 = LINE('',#4380,#4381);
#4380 = CARTESIAN_POINT('',(-5.5,-0.52499961853,0.2));
#4381 = VECTOR('',#4382,1.);
#4382 = DIRECTION('',(0.,1.,0.));
#4383 = ORIENTED_EDGE('',*,*,#4384,.F.);
#4384 = EDGE_CURVE('',#4385,#4377,#4387,.T.);
#4385 = VERTEX_POINT('',#4386);
#4386 = CARTESIAN_POINT('',(-5.5,-0.27499961853,0.45));
#4387 = LINE('',#4388,#4389);
#4388 = CARTESIAN_POINT('',(-5.5,-0.27499961853,5.E-02));
#4389 = VECTOR('',#4390,1.);
#4390 = DIRECTION('',(-0.,-0.,-1.));
#4391 = ORIENTED_EDGE('',*,*,#4392,.F.);
#4392 = EDGE_CURVE('',#4268,#4385,#4393,.T.);
#4393 = LINE('',#4394,#4395);
#4394 = CARTESIAN_POINT('',(-5.5,-0.52499961853,0.45));
#4395 = VECTOR('',#4396,1.);
#4396 = DIRECTION('',(0.,1.,0.));
#4397 = PLANE('',#4398);
#4398 = AXIS2_PLACEMENT_3D('',#4399,#4400,#4401);
#4399 = CARTESIAN_POINT('',(-5.5,-0.92499961853,0.1));
#4400 = DIRECTION('',(-1.,-0.,-0.));
#4401 = DIRECTION('',(0.,0.,-1.));
#4402 = ADVANCED_FACE('',(#4403),#4422,.T.);
#4403 = FACE_BOUND('',#4404,.T.);
#4404 = EDGE_LOOP('',(#4405,#4406,#4414,#4421));
#4405 = ORIENTED_EDGE('',*,*,#4360,.T.);
#4406 = ORIENTED_EDGE('',*,*,#4407,.T.);
#4407 = EDGE_CURVE('',#4353,#4408,#4410,.T.);
#4408 = VERTEX_POINT('',#4409);
#4409 = CARTESIAN_POINT('',(-5.3,-0.27499961853,0.65));
#4410 = LINE('',#4411,#4412);
#4411 = CARTESIAN_POINT('',(-5.3,-0.52499961853,0.65));
#4412 = VECTOR('',#4413,1.);
#4413 = DIRECTION('',(0.,1.,0.));
#4414 = ORIENTED_EDGE('',*,*,#4415,.F.);
#4415 = EDGE_CURVE('',#4385,#4408,#4416,.T.);
#4416 = CIRCLE('',#4417,0.2);
#4417 = AXIS2_PLACEMENT_3D('',#4418,#4419,#4420);
#4418 = CARTESIAN_POINT('',(-5.3,-0.27499961853,0.45));
#4419 = DIRECTION('',(0.,1.,0.));
#4420 = DIRECTION('',(0.,0.,1.));
#4421 = ORIENTED_EDGE('',*,*,#4392,.F.);
#4422 = CYLINDRICAL_SURFACE('',#4423,0.2);
#4423 = AXIS2_PLACEMENT_3D('',#4424,#4425,#4426);
#4424 = CARTESIAN_POINT('',(-5.3,-0.52499961853,0.45));
#4425 = DIRECTION('',(0.,1.,0.));
#4426 = DIRECTION('',(-1.,-0.,-0.));
#4427 = ADVANCED_FACE('',(#4428),#4447,.F.);
#4428 = FACE_BOUND('',#4429,.T.);
#4429 = EDGE_LOOP('',(#4430,#4431,#4432,#4441));
#4430 = ORIENTED_EDGE('',*,*,#4277,.T.);
#4431 = ORIENTED_EDGE('',*,*,#4376,.T.);
#4432 = ORIENTED_EDGE('',*,*,#4433,.F.);
#4433 = EDGE_CURVE('',#4434,#4377,#4436,.T.);
#4434 = VERTEX_POINT('',#4435);
#4435 = CARTESIAN_POINT('',(-5.6,-0.27499961853,0.1));
#4436 = CIRCLE('',#4437,0.1);
#4437 = AXIS2_PLACEMENT_3D('',#4438,#4439,#4440);
#4438 = CARTESIAN_POINT('',(-5.6,-0.27499961853,0.2));
#4439 = DIRECTION('',(0.,-1.,0.));
#4440 = DIRECTION('',(0.,0.,1.));
#4441 = ORIENTED_EDGE('',*,*,#4442,.F.);
#4442 = EDGE_CURVE('',#4278,#4434,#4443,.T.);
#4443 = LINE('',#4444,#4445);
#4444 = CARTESIAN_POINT('',(-5.6,-0.52499961853,0.1));
#4445 = VECTOR('',#4446,1.);
#4446 = DIRECTION('',(0.,1.,0.));
#4447 = CYLINDRICAL_SURFACE('',#4448,0.1);
#4448 = AXIS2_PLACEMENT_3D('',#4449,#4450,#4451);
#4449 = CARTESIAN_POINT('',(-5.6,-0.52499961853,0.2));
#4450 = DIRECTION('',(0.,1.,0.));
#4451 = DIRECTION('',(-0.,-0.,-1.));
#4452 = ADVANCED_FACE('',(#4453),#4471,.T.);
#4453 = FACE_BOUND('',#4454,.F.);
#4454 = EDGE_LOOP('',(#4455,#4463,#4469,#4470));
#4455 = ORIENTED_EDGE('',*,*,#4456,.F.);
#4456 = EDGE_CURVE('',#4457,#4408,#4459,.T.);
#4457 = VERTEX_POINT('',#4458);
#4458 = CARTESIAN_POINT('',(-5.,-0.27499961853,0.65));
#4459 = LINE('',#4460,#4461);
#4460 = CARTESIAN_POINT('',(-5.,-0.27499961853,0.65));
#4461 = VECTOR('',#4462,1.);
#4462 = DIRECTION('',(-1.,-0.,-0.));
#4463 = ORIENTED_EDGE('',*,*,#4464,.F.);
#4464 = EDGE_CURVE('',#4345,#4457,#4465,.T.);
#4465 = LINE('',#4466,#4467);
#4466 = CARTESIAN_POINT('',(-5.,-0.52499961853,0.65));
#4467 = VECTOR('',#4468,1.);
#4468 = DIRECTION('',(0.,1.,0.));
#4469 = ORIENTED_EDGE('',*,*,#4352,.T.);
#4470 = ORIENTED_EDGE('',*,*,#4407,.T.);
#4471 = PLANE('',#4472);
#4472 = AXIS2_PLACEMENT_3D('',#4473,#4474,#4475);
#4473 = CARTESIAN_POINT('',(-5.,-0.52499961853,0.65));
#4474 = DIRECTION('',(0.,0.,1.));
#4475 = DIRECTION('',(1.,0.,0.));
#4476 = ADVANCED_FACE('',(#4477),#4495,.T.);
#4477 = FACE_BOUND('',#4478,.F.);
#4478 = EDGE_LOOP('',(#4479,#4487,#4488,#4489));
#4479 = ORIENTED_EDGE('',*,*,#4480,.F.);
#4480 = EDGE_CURVE('',#4434,#4481,#4483,.T.);
#4481 = VERTEX_POINT('',#4482);
#4482 = CARTESIAN_POINT('',(-5.9,-0.27499961853,0.1));
#4483 = LINE('',#4484,#4485);
#4484 = CARTESIAN_POINT('',(-5.25,-0.27499961853,0.1));
#4485 = VECTOR('',#4486,1.);
#4486 = DIRECTION('',(-1.,-0.,-0.));
#4487 = ORIENTED_EDGE('',*,*,#4442,.F.);
#4488 = ORIENTED_EDGE('',*,*,#4286,.T.);
#4489 = ORIENTED_EDGE('',*,*,#4490,.F.);
#4490 = EDGE_CURVE('',#4481,#4287,#4491,.T.);
#4491 = LINE('',#4492,#4493);
#4492 = CARTESIAN_POINT('',(-5.9,-0.72499961853,0.1));
#4493 = VECTOR('',#4494,1.);
#4494 = DIRECTION('',(-0.,-1.,-0.));
#4495 = PLANE('',#4496);
#4496 = AXIS2_PLACEMENT_3D('',#4497,#4498,#4499);
#4497 = CARTESIAN_POINT('',(-5.5,-0.92499961853,0.1));
#4498 = DIRECTION('',(0.,0.,1.));
#4499 = DIRECTION('',(1.,0.,0.));
#4500 = ADVANCED_FACE('',(#4501),#4519,.F.);
#4501 = FACE_BOUND('',#4502,.T.);
#4502 = EDGE_LOOP('',(#4503,#4504,#4512,#4518));
#4503 = ORIENTED_EDGE('',*,*,#4344,.F.);
#4504 = ORIENTED_EDGE('',*,*,#4505,.F.);
#4505 = EDGE_CURVE('',#4506,#4337,#4508,.T.);
#4506 = VERTEX_POINT('',#4507);
#4507 = CARTESIAN_POINT('',(-5.,-0.27499961853,0.55));
#4508 = LINE('',#4509,#4510);
#4509 = CARTESIAN_POINT('',(-5.,-0.72499961853,0.55));
#4510 = VECTOR('',#4511,1.);
#4511 = DIRECTION('',(-0.,-1.,-0.));
#4512 = ORIENTED_EDGE('',*,*,#4513,.T.);
#4513 = EDGE_CURVE('',#4506,#4457,#4514,.T.);
#4514 = LINE('',#4515,#4516);
#4515 = CARTESIAN_POINT('',(-5.,-0.27499961853,0.));
#4516 = VECTOR('',#4517,1.);
#4517 = DIRECTION('',(0.,0.,1.));
#4518 = ORIENTED_EDGE('',*,*,#4464,.F.);
#4519 = PLANE('',#4520);
#4520 = AXIS2_PLACEMENT_3D('',#4521,#4522,#4523);
#4521 = CARTESIAN_POINT('',(-5.,-0.52499961853,0.));
#4522 = DIRECTION('',(-1.,-0.,-0.));
#4523 = DIRECTION('',(0.,0.,-1.));
#4524 = ADVANCED_FACE('',(#4525),#4543,.T.);
#4525 = FACE_BOUND('',#4526,.F.);
#4526 = EDGE_LOOP('',(#4527,#4528,#4536,#4542));
#4527 = ORIENTED_EDGE('',*,*,#4294,.F.);
#4528 = ORIENTED_EDGE('',*,*,#4529,.T.);
#4529 = EDGE_CURVE('',#4295,#4530,#4532,.T.);
#4530 = VERTEX_POINT('',#4531);
#4531 = CARTESIAN_POINT('',(-5.9,-0.27499961853,0.));
#4532 = LINE('',#4533,#4534);
#4533 = CARTESIAN_POINT('',(-5.9,-0.52499961853,0.));
#4534 = VECTOR('',#4535,1.);
#4535 = DIRECTION('',(0.,1.,0.));
#4536 = ORIENTED_EDGE('',*,*,#4537,.T.);
#4537 = EDGE_CURVE('',#4530,#4481,#4538,.T.);
#4538 = LINE('',#4539,#4540);
#4539 = CARTESIAN_POINT('',(-5.9,-0.27499961853,0.));
#4540 = VECTOR('',#4541,1.);
#4541 = DIRECTION('',(0.,0.,1.));
#4542 = ORIENTED_EDGE('',*,*,#4490,.T.);
#4543 = PLANE('',#4544);
#4544 = AXIS2_PLACEMENT_3D('',#4545,#4546,#4547);
#4545 = CARTESIAN_POINT('',(-5.9,-0.52499961853,0.));
#4546 = DIRECTION('',(-1.,-0.,-0.));
#4547 = DIRECTION('',(0.,0.,-1.));
#4548 = ADVANCED_FACE('',(#4549),#4567,.F.);
#4549 = FACE_BOUND('',#4550,.T.);
#4550 = EDGE_LOOP('',(#4551,#4552,#4560,#4566));
#4551 = ORIENTED_EDGE('',*,*,#4336,.T.);
#4552 = ORIENTED_EDGE('',*,*,#4553,.T.);
#4553 = EDGE_CURVE('',#4328,#4554,#4556,.T.);
#4554 = VERTEX_POINT('',#4555);
#4555 = CARTESIAN_POINT('',(-5.3,-0.27499961853,0.55));
#4556 = LINE('',#4557,#4558);
#4557 = CARTESIAN_POINT('',(-5.3,-0.52499961853,0.55));
#4558 = VECTOR('',#4559,1.);
#4559 = DIRECTION('',(0.,1.,0.));
#4560 = ORIENTED_EDGE('',*,*,#4561,.F.);
#4561 = EDGE_CURVE('',#4506,#4554,#4562,.T.);
#4562 = LINE('',#4563,#4564);
#4563 = CARTESIAN_POINT('',(-4.5,-0.27499961853,0.55));
#4564 = VECTOR('',#4565,1.);
#4565 = DIRECTION('',(-1.,-0.,-0.));
#4566 = ORIENTED_EDGE('',*,*,#4505,.T.);
#4567 = PLANE('',#4568);
#4568 = AXIS2_PLACEMENT_3D('',#4569,#4570,#4571);
#4569 = CARTESIAN_POINT('',(-4.,-0.92499961853,0.55));
#4570 = DIRECTION('',(0.,0.,1.));
#4571 = DIRECTION('',(1.,0.,0.));
#4572 = ADVANCED_FACE('',(#4573),#4591,.F.);
#4573 = FACE_BOUND('',#4574,.T.);
#4574 = EDGE_LOOP('',(#4575,#4583,#4589,#4590));
#4575 = ORIENTED_EDGE('',*,*,#4576,.F.);
#4576 = EDGE_CURVE('',#4577,#4530,#4579,.T.);
#4577 = VERTEX_POINT('',#4578);
#4578 = CARTESIAN_POINT('',(-5.6,-0.27499961853,-2.775557561563E-17));
#4579 = LINE('',#4580,#4581);
#4580 = CARTESIAN_POINT('',(-5.,-0.27499961853,0.));
#4581 = VECTOR('',#4582,1.);
#4582 = DIRECTION('',(-1.,-0.,-0.));
#4583 = ORIENTED_EDGE('',*,*,#4584,.F.);
#4584 = EDGE_CURVE('',#4303,#4577,#4585,.T.);
#4585 = LINE('',#4586,#4587);
#4586 = CARTESIAN_POINT('',(-5.6,-0.52499961853,-2.775557561563E-17));
#4587 = VECTOR('',#4588,1.);
#4588 = DIRECTION('',(0.,1.,0.));
#4589 = ORIENTED_EDGE('',*,*,#4302,.T.);
#4590 = ORIENTED_EDGE('',*,*,#4529,.T.);
#4591 = PLANE('',#4592);
#4592 = AXIS2_PLACEMENT_3D('',#4593,#4594,#4595);
#4593 = CARTESIAN_POINT('',(-5.,-0.52499961853,0.));
#4594 = DIRECTION('',(0.,0.,1.));
#4595 = DIRECTION('',(1.,0.,0.));
#4596 = ADVANCED_FACE('',(#4597),#4616,.F.);
#4597 = FACE_BOUND('',#4598,.T.);
#4598 = EDGE_LOOP('',(#4599,#4600,#4608,#4615));
#4599 = ORIENTED_EDGE('',*,*,#4327,.T.);
#4600 = ORIENTED_EDGE('',*,*,#4601,.T.);
#4601 = EDGE_CURVE('',#4320,#4602,#4604,.T.);
#4602 = VERTEX_POINT('',#4603);
#4603 = CARTESIAN_POINT('',(-5.4,-0.27499961853,0.45));
#4604 = LINE('',#4605,#4606);
#4605 = CARTESIAN_POINT('',(-5.4,-0.52499961853,0.45));
#4606 = VECTOR('',#4607,1.);
#4607 = DIRECTION('',(0.,1.,0.));
#4608 = ORIENTED_EDGE('',*,*,#4609,.F.);
#4609 = EDGE_CURVE('',#4554,#4602,#4610,.T.);
#4610 = CIRCLE('',#4611,0.1);
#4611 = AXIS2_PLACEMENT_3D('',#4612,#4613,#4614);
#4612 = CARTESIAN_POINT('',(-5.3,-0.27499961853,0.45));
#4613 = DIRECTION('',(0.,-1.,0.));
#4614 = DIRECTION('',(0.,0.,1.));
#4615 = ORIENTED_EDGE('',*,*,#4553,.F.);
#4616 = CYLINDRICAL_SURFACE('',#4617,0.1);
#4617 = AXIS2_PLACEMENT_3D('',#4618,#4619,#4620);
#4618 = CARTESIAN_POINT('',(-5.3,-0.52499961853,0.45));
#4619 = DIRECTION('',(0.,1.,0.));
#4620 = DIRECTION('',(0.,0.,1.));
#4621 = ADVANCED_FACE('',(#4622),#4641,.T.);
#4622 = FACE_BOUND('',#4623,.F.);
#4623 = EDGE_LOOP('',(#4624,#4625,#4633,#4640));
#4624 = ORIENTED_EDGE('',*,*,#4310,.T.);
#4625 = ORIENTED_EDGE('',*,*,#4626,.T.);
#4626 = EDGE_CURVE('',#4311,#4627,#4629,.T.);
#4627 = VERTEX_POINT('',#4628);
#4628 = CARTESIAN_POINT('',(-5.4,-0.27499961853,0.2));
#4629 = LINE('',#4630,#4631);
#4630 = CARTESIAN_POINT('',(-5.4,-0.52499961853,0.2));
#4631 = VECTOR('',#4632,1.);
#4632 = DIRECTION('',(0.,1.,0.));
#4633 = ORIENTED_EDGE('',*,*,#4634,.F.);
#4634 = EDGE_CURVE('',#4577,#4627,#4635,.T.);
#4635 = CIRCLE('',#4636,0.2);
#4636 = AXIS2_PLACEMENT_3D('',#4637,#4638,#4639);
#4637 = CARTESIAN_POINT('',(-5.6,-0.27499961853,0.2));
#4638 = DIRECTION('',(0.,-1.,0.));
#4639 = DIRECTION('',(0.,0.,1.));
#4640 = ORIENTED_EDGE('',*,*,#4584,.F.);
#4641 = CYLINDRICAL_SURFACE('',#4642,0.2);
#4642 = AXIS2_PLACEMENT_3D('',#4643,#4644,#4645);
#4643 = CARTESIAN_POINT('',(-5.6,-0.52499961853,0.2));
#4644 = DIRECTION('',(0.,1.,0.));
#4645 = DIRECTION('',(-0.,-0.,-1.));
#4646 = ADVANCED_FACE('',(#4647),#4658,.F.);
#4647 = FACE_BOUND('',#4648,.T.);
#4648 = EDGE_LOOP('',(#4649,#4655,#4656,#4657));
#4649 = ORIENTED_EDGE('',*,*,#4650,.F.);
#4650 = EDGE_CURVE('',#4602,#4627,#4651,.T.);
#4651 = LINE('',#4652,#4653);
#4652 = CARTESIAN_POINT('',(-5.4,-0.27499961853,-5.E-02));
#4653 = VECTOR('',#4654,1.);
#4654 = DIRECTION('',(-0.,-0.,-1.));
#4655 = ORIENTED_EDGE('',*,*,#4601,.F.);
#4656 = ORIENTED_EDGE('',*,*,#4319,.T.);
#4657 = ORIENTED_EDGE('',*,*,#4626,.T.);
#4658 = PLANE('',#4659);
#4659 = AXIS2_PLACEMENT_3D('',#4660,#4661,#4662);
#4660 = CARTESIAN_POINT('',(-5.4,-0.92499961853,-0.1));
#4661 = DIRECTION('',(-1.,-0.,-0.));
#4662 = DIRECTION('',(0.,0.,-1.));
#4663 = ADVANCED_FACE('',(#4664),#4678,.T.);
#4664 = FACE_BOUND('',#4665,.F.);
#4665 = EDGE_LOOP('',(#4666,#4667,#4668,#4669,#4670,#4671,#4672,#4673,
    #4674,#4675,#4676,#4677));
#4666 = ORIENTED_EDGE('',*,*,#4384,.T.);
#4667 = ORIENTED_EDGE('',*,*,#4433,.F.);
#4668 = ORIENTED_EDGE('',*,*,#4480,.T.);
#4669 = ORIENTED_EDGE('',*,*,#4537,.F.);
#4670 = ORIENTED_EDGE('',*,*,#4576,.F.);
#4671 = ORIENTED_EDGE('',*,*,#4634,.T.);
#4672 = ORIENTED_EDGE('',*,*,#4650,.F.);
#4673 = ORIENTED_EDGE('',*,*,#4609,.F.);
#4674 = ORIENTED_EDGE('',*,*,#4561,.F.);
#4675 = ORIENTED_EDGE('',*,*,#4513,.T.);
#4676 = ORIENTED_EDGE('',*,*,#4456,.T.);
#4677 = ORIENTED_EDGE('',*,*,#4415,.F.);
#4678 = PLANE('',#4679);
#4679 = AXIS2_PLACEMENT_3D('',#4680,#4681,#4682);
#4680 = CARTESIAN_POINT('',(-5.,-0.27499961853,0.));
#4681 = DIRECTION('',(0.,1.,0.));
#4682 = DIRECTION('',(0.,0.,-1.));
#4683 = MANIFOLD_SOLID_BREP('',#4684);
#4684 = CLOSED_SHELL('',(#4685,#4793,#4824,#4849,#4874,#4898,#4922,#4946
    ,#4970,#4994,#5018,#5043,#5068,#5085));
#4685 = ADVANCED_FACE('',(#4686),#4788,.F.);
#4686 = FACE_BOUND('',#4687,.T.);
#4687 = EDGE_LOOP('',(#4688,#4698,#4707,#4715,#4723,#4731,#4740,#4748,
    #4757,#4765,#4773,#4781));
#4688 = ORIENTED_EDGE('',*,*,#4689,.T.);
#4689 = EDGE_CURVE('',#4690,#4692,#4694,.T.);
#4690 = VERTEX_POINT('',#4691);
#4691 = CARTESIAN_POINT('',(-5.5,0.27500038147,0.45));
#4692 = VERTEX_POINT('',#4693);
#4693 = CARTESIAN_POINT('',(-5.5,0.27500038147,0.2));
#4694 = LINE('',#4695,#4696);
#4695 = CARTESIAN_POINT('',(-5.5,0.27500038147,5.E-02));
#4696 = VECTOR('',#4697,1.);
#4697 = DIRECTION('',(-0.,-0.,-1.));
#4698 = ORIENTED_EDGE('',*,*,#4699,.F.);
#4699 = EDGE_CURVE('',#4700,#4692,#4702,.T.);
#4700 = VERTEX_POINT('',#4701);
#4701 = CARTESIAN_POINT('',(-5.6,0.27500038147,0.1));
#4702 = CIRCLE('',#4703,0.1);
#4703 = AXIS2_PLACEMENT_3D('',#4704,#4705,#4706);
#4704 = CARTESIAN_POINT('',(-5.6,0.27500038147,0.2));
#4705 = DIRECTION('',(0.,-1.,0.));
#4706 = DIRECTION('',(0.,0.,1.));
#4707 = ORIENTED_EDGE('',*,*,#4708,.T.);
#4708 = EDGE_CURVE('',#4700,#4709,#4711,.T.);
#4709 = VERTEX_POINT('',#4710);
#4710 = CARTESIAN_POINT('',(-5.9,0.27500038147,0.1));
#4711 = LINE('',#4712,#4713);
#4712 = CARTESIAN_POINT('',(-5.25,0.27500038147,0.1));
#4713 = VECTOR('',#4714,1.);
#4714 = DIRECTION('',(-1.,-0.,-0.));
#4715 = ORIENTED_EDGE('',*,*,#4716,.F.);
#4716 = EDGE_CURVE('',#4717,#4709,#4719,.T.);
#4717 = VERTEX_POINT('',#4718);
#4718 = CARTESIAN_POINT('',(-5.9,0.27500038147,0.));
#4719 = LINE('',#4720,#4721);
#4720 = CARTESIAN_POINT('',(-5.9,0.27500038147,0.));
#4721 = VECTOR('',#4722,1.);
#4722 = DIRECTION('',(0.,0.,1.));
#4723 = ORIENTED_EDGE('',*,*,#4724,.F.);
#4724 = EDGE_CURVE('',#4725,#4717,#4727,.T.);
#4725 = VERTEX_POINT('',#4726);
#4726 = CARTESIAN_POINT('',(-5.6,0.27500038147,-2.775557561563E-17));
#4727 = LINE('',#4728,#4729);
#4728 = CARTESIAN_POINT('',(-5.,0.27500038147,0.));
#4729 = VECTOR('',#4730,1.);
#4730 = DIRECTION('',(-1.,-0.,-0.));
#4731 = ORIENTED_EDGE('',*,*,#4732,.T.);
#4732 = EDGE_CURVE('',#4725,#4733,#4735,.T.);
#4733 = VERTEX_POINT('',#4734);
#4734 = CARTESIAN_POINT('',(-5.4,0.27500038147,0.2));
#4735 = CIRCLE('',#4736,0.2);
#4736 = AXIS2_PLACEMENT_3D('',#4737,#4738,#4739);
#4737 = CARTESIAN_POINT('',(-5.6,0.27500038147,0.2));
#4738 = DIRECTION('',(0.,-1.,0.));
#4739 = DIRECTION('',(0.,0.,1.));
#4740 = ORIENTED_EDGE('',*,*,#4741,.F.);
#4741 = EDGE_CURVE('',#4742,#4733,#4744,.T.);
#4742 = VERTEX_POINT('',#4743);
#4743 = CARTESIAN_POINT('',(-5.4,0.27500038147,0.45));
#4744 = LINE('',#4745,#4746);
#4745 = CARTESIAN_POINT('',(-5.4,0.27500038147,-5.E-02));
#4746 = VECTOR('',#4747,1.);
#4747 = DIRECTION('',(-0.,-0.,-1.));
#4748 = ORIENTED_EDGE('',*,*,#4749,.F.);
#4749 = EDGE_CURVE('',#4750,#4742,#4752,.T.);
#4750 = VERTEX_POINT('',#4751);
#4751 = CARTESIAN_POINT('',(-5.3,0.27500038147,0.55));
#4752 = CIRCLE('',#4753,0.1);
#4753 = AXIS2_PLACEMENT_3D('',#4754,#4755,#4756);
#4754 = CARTESIAN_POINT('',(-5.3,0.27500038147,0.45));
#4755 = DIRECTION('',(0.,-1.,0.));
#4756 = DIRECTION('',(0.,0.,1.));
#4757 = ORIENTED_EDGE('',*,*,#4758,.F.);
#4758 = EDGE_CURVE('',#4759,#4750,#4761,.T.);
#4759 = VERTEX_POINT('',#4760);
#4760 = CARTESIAN_POINT('',(-5.,0.27500038147,0.55));
#4761 = LINE('',#4762,#4763);
#4762 = CARTESIAN_POINT('',(-4.5,0.27500038147,0.55));
#4763 = VECTOR('',#4764,1.);
#4764 = DIRECTION('',(-1.,-0.,-0.));
#4765 = ORIENTED_EDGE('',*,*,#4766,.T.);
#4766 = EDGE_CURVE('',#4759,#4767,#4769,.T.);
#4767 = VERTEX_POINT('',#4768);
#4768 = CARTESIAN_POINT('',(-5.,0.27500038147,0.65));
#4769 = LINE('',#4770,#4771);
#4770 = CARTESIAN_POINT('',(-5.,0.27500038147,0.));
#4771 = VECTOR('',#4772,1.);
#4772 = DIRECTION('',(0.,0.,1.));
#4773 = ORIENTED_EDGE('',*,*,#4774,.T.);
#4774 = EDGE_CURVE('',#4767,#4775,#4777,.T.);
#4775 = VERTEX_POINT('',#4776);
#4776 = CARTESIAN_POINT('',(-5.3,0.27500038147,0.65));
#4777 = LINE('',#4778,#4779);
#4778 = CARTESIAN_POINT('',(-5.,0.27500038147,0.65));
#4779 = VECTOR('',#4780,1.);
#4780 = DIRECTION('',(-1.,-0.,-0.));
#4781 = ORIENTED_EDGE('',*,*,#4782,.F.);
#4782 = EDGE_CURVE('',#4690,#4775,#4783,.T.);
#4783 = CIRCLE('',#4784,0.2);
#4784 = AXIS2_PLACEMENT_3D('',#4785,#4786,#4787);
#4785 = CARTESIAN_POINT('',(-5.3,0.27500038147,0.45));
#4786 = DIRECTION('',(0.,1.,0.));
#4787 = DIRECTION('',(0.,0.,1.));
#4788 = PLANE('',#4789);
#4789 = AXIS2_PLACEMENT_3D('',#4790,#4791,#4792);
#4790 = CARTESIAN_POINT('',(-5.,0.27500038147,0.));
#4791 = DIRECTION('',(0.,1.,0.));
#4792 = DIRECTION('',(0.,0.,-1.));
#4793 = ADVANCED_FACE('',(#4794),#4819,.T.);
#4794 = FACE_BOUND('',#4795,.F.);
#4795 = EDGE_LOOP('',(#4796,#4797,#4805,#4813));
#4796 = ORIENTED_EDGE('',*,*,#4689,.T.);
#4797 = ORIENTED_EDGE('',*,*,#4798,.T.);
#4798 = EDGE_CURVE('',#4692,#4799,#4801,.T.);
#4799 = VERTEX_POINT('',#4800);
#4800 = CARTESIAN_POINT('',(-5.5,0.52500038147,0.2));
#4801 = LINE('',#4802,#4803);
#4802 = CARTESIAN_POINT('',(-5.5,0.27500038147,0.2));
#4803 = VECTOR('',#4804,1.);
#4804 = DIRECTION('',(0.,1.,0.));
#4805 = ORIENTED_EDGE('',*,*,#4806,.F.);
#4806 = EDGE_CURVE('',#4807,#4799,#4809,.T.);
#4807 = VERTEX_POINT('',#4808);
#4808 = CARTESIAN_POINT('',(-5.5,0.52500038147,0.45));
#4809 = LINE('',#4810,#4811);
#4810 = CARTESIAN_POINT('',(-5.5,0.52500038147,5.E-02));
#4811 = VECTOR('',#4812,1.);
#4812 = DIRECTION('',(-0.,-0.,-1.));
#4813 = ORIENTED_EDGE('',*,*,#4814,.F.);
#4814 = EDGE_CURVE('',#4690,#4807,#4815,.T.);
#4815 = LINE('',#4816,#4817);
#4816 = CARTESIAN_POINT('',(-5.5,0.27500038147,0.45));
#4817 = VECTOR('',#4818,1.);
#4818 = DIRECTION('',(0.,1.,0.));
#4819 = PLANE('',#4820);
#4820 = AXIS2_PLACEMENT_3D('',#4821,#4822,#4823);
#4821 = CARTESIAN_POINT('',(-5.5,-0.12499961853,0.1));
#4822 = DIRECTION('',(-1.,-0.,-0.));
#4823 = DIRECTION('',(0.,0.,-1.));
#4824 = ADVANCED_FACE('',(#4825),#4844,.T.);
#4825 = FACE_BOUND('',#4826,.T.);
#4826 = EDGE_LOOP('',(#4827,#4828,#4836,#4843));
#4827 = ORIENTED_EDGE('',*,*,#4782,.T.);
#4828 = ORIENTED_EDGE('',*,*,#4829,.T.);
#4829 = EDGE_CURVE('',#4775,#4830,#4832,.T.);
#4830 = VERTEX_POINT('',#4831);
#4831 = CARTESIAN_POINT('',(-5.3,0.52500038147,0.65));
#4832 = LINE('',#4833,#4834);
#4833 = CARTESIAN_POINT('',(-5.3,0.27500038147,0.65));
#4834 = VECTOR('',#4835,1.);
#4835 = DIRECTION('',(0.,1.,0.));
#4836 = ORIENTED_EDGE('',*,*,#4837,.F.);
#4837 = EDGE_CURVE('',#4807,#4830,#4838,.T.);
#4838 = CIRCLE('',#4839,0.2);
#4839 = AXIS2_PLACEMENT_3D('',#4840,#4841,#4842);
#4840 = CARTESIAN_POINT('',(-5.3,0.52500038147,0.45));
#4841 = DIRECTION('',(0.,1.,0.));
#4842 = DIRECTION('',(0.,0.,1.));
#4843 = ORIENTED_EDGE('',*,*,#4814,.F.);
#4844 = CYLINDRICAL_SURFACE('',#4845,0.2);
#4845 = AXIS2_PLACEMENT_3D('',#4846,#4847,#4848);
#4846 = CARTESIAN_POINT('',(-5.3,0.27500038147,0.45));
#4847 = DIRECTION('',(0.,1.,0.));
#4848 = DIRECTION('',(-1.,-0.,-0.));
#4849 = ADVANCED_FACE('',(#4850),#4869,.F.);
#4850 = FACE_BOUND('',#4851,.T.);
#4851 = EDGE_LOOP('',(#4852,#4853,#4854,#4863));
#4852 = ORIENTED_EDGE('',*,*,#4699,.T.);
#4853 = ORIENTED_EDGE('',*,*,#4798,.T.);
#4854 = ORIENTED_EDGE('',*,*,#4855,.F.);
#4855 = EDGE_CURVE('',#4856,#4799,#4858,.T.);
#4856 = VERTEX_POINT('',#4857);
#4857 = CARTESIAN_POINT('',(-5.6,0.52500038147,0.1));
#4858 = CIRCLE('',#4859,0.1);
#4859 = AXIS2_PLACEMENT_3D('',#4860,#4861,#4862);
#4860 = CARTESIAN_POINT('',(-5.6,0.52500038147,0.2));
#4861 = DIRECTION('',(0.,-1.,0.));
#4862 = DIRECTION('',(0.,0.,1.));
#4863 = ORIENTED_EDGE('',*,*,#4864,.F.);
#4864 = EDGE_CURVE('',#4700,#4856,#4865,.T.);
#4865 = LINE('',#4866,#4867);
#4866 = CARTESIAN_POINT('',(-5.6,0.27500038147,0.1));
#4867 = VECTOR('',#4868,1.);
#4868 = DIRECTION('',(0.,1.,0.));
#4869 = CYLINDRICAL_SURFACE('',#4870,0.1);
#4870 = AXIS2_PLACEMENT_3D('',#4871,#4872,#4873);
#4871 = CARTESIAN_POINT('',(-5.6,0.27500038147,0.2));
#4872 = DIRECTION('',(0.,1.,0.));
#4873 = DIRECTION('',(-0.,-0.,-1.));
#4874 = ADVANCED_FACE('',(#4875),#4893,.T.);
#4875 = FACE_BOUND('',#4876,.F.);
#4876 = EDGE_LOOP('',(#4877,#4885,#4891,#4892));
#4877 = ORIENTED_EDGE('',*,*,#4878,.F.);
#4878 = EDGE_CURVE('',#4879,#4830,#4881,.T.);
#4879 = VERTEX_POINT('',#4880);
#4880 = CARTESIAN_POINT('',(-5.,0.52500038147,0.65));
#4881 = LINE('',#4882,#4883);
#4882 = CARTESIAN_POINT('',(-5.,0.52500038147,0.65));
#4883 = VECTOR('',#4884,1.);
#4884 = DIRECTION('',(-1.,-0.,-0.));
#4885 = ORIENTED_EDGE('',*,*,#4886,.F.);
#4886 = EDGE_CURVE('',#4767,#4879,#4887,.T.);
#4887 = LINE('',#4888,#4889);
#4888 = CARTESIAN_POINT('',(-5.,0.27500038147,0.65));
#4889 = VECTOR('',#4890,1.);
#4890 = DIRECTION('',(0.,1.,0.));
#4891 = ORIENTED_EDGE('',*,*,#4774,.T.);
#4892 = ORIENTED_EDGE('',*,*,#4829,.T.);
#4893 = PLANE('',#4894);
#4894 = AXIS2_PLACEMENT_3D('',#4895,#4896,#4897);
#4895 = CARTESIAN_POINT('',(-5.,0.27500038147,0.65));
#4896 = DIRECTION('',(0.,0.,1.));
#4897 = DIRECTION('',(1.,0.,0.));
#4898 = ADVANCED_FACE('',(#4899),#4917,.T.);
#4899 = FACE_BOUND('',#4900,.F.);
#4900 = EDGE_LOOP('',(#4901,#4909,#4910,#4911));
#4901 = ORIENTED_EDGE('',*,*,#4902,.F.);
#4902 = EDGE_CURVE('',#4856,#4903,#4905,.T.);
#4903 = VERTEX_POINT('',#4904);
#4904 = CARTESIAN_POINT('',(-5.9,0.52500038147,0.1));
#4905 = LINE('',#4906,#4907);
#4906 = CARTESIAN_POINT('',(-5.25,0.52500038147,0.1));
#4907 = VECTOR('',#4908,1.);
#4908 = DIRECTION('',(-1.,-0.,-0.));
#4909 = ORIENTED_EDGE('',*,*,#4864,.F.);
#4910 = ORIENTED_EDGE('',*,*,#4708,.T.);
#4911 = ORIENTED_EDGE('',*,*,#4912,.F.);
#4912 = EDGE_CURVE('',#4903,#4709,#4913,.T.);
#4913 = LINE('',#4914,#4915);
#4914 = CARTESIAN_POINT('',(-5.9,7.500038146973E-02,0.1));
#4915 = VECTOR('',#4916,1.);
#4916 = DIRECTION('',(-0.,-1.,-0.));
#4917 = PLANE('',#4918);
#4918 = AXIS2_PLACEMENT_3D('',#4919,#4920,#4921);
#4919 = CARTESIAN_POINT('',(-5.5,-0.12499961853,0.1));
#4920 = DIRECTION('',(0.,0.,1.));
#4921 = DIRECTION('',(1.,0.,0.));
#4922 = ADVANCED_FACE('',(#4923),#4941,.F.);
#4923 = FACE_BOUND('',#4924,.T.);
#4924 = EDGE_LOOP('',(#4925,#4926,#4934,#4940));
#4925 = ORIENTED_EDGE('',*,*,#4766,.F.);
#4926 = ORIENTED_EDGE('',*,*,#4927,.F.);
#4927 = EDGE_CURVE('',#4928,#4759,#4930,.T.);
#4928 = VERTEX_POINT('',#4929);
#4929 = CARTESIAN_POINT('',(-5.,0.52500038147,0.55));
#4930 = LINE('',#4931,#4932);
#4931 = CARTESIAN_POINT('',(-5.,7.500038146973E-02,0.55));
#4932 = VECTOR('',#4933,1.);
#4933 = DIRECTION('',(-0.,-1.,-0.));
#4934 = ORIENTED_EDGE('',*,*,#4935,.T.);
#4935 = EDGE_CURVE('',#4928,#4879,#4936,.T.);
#4936 = LINE('',#4937,#4938);
#4937 = CARTESIAN_POINT('',(-5.,0.52500038147,0.));
#4938 = VECTOR('',#4939,1.);
#4939 = DIRECTION('',(0.,0.,1.));
#4940 = ORIENTED_EDGE('',*,*,#4886,.F.);
#4941 = PLANE('',#4942);
#4942 = AXIS2_PLACEMENT_3D('',#4943,#4944,#4945);
#4943 = CARTESIAN_POINT('',(-5.,0.27500038147,0.));
#4944 = DIRECTION('',(-1.,-0.,-0.));
#4945 = DIRECTION('',(0.,0.,-1.));
#4946 = ADVANCED_FACE('',(#4947),#4965,.T.);
#4947 = FACE_BOUND('',#4948,.F.);
#4948 = EDGE_LOOP('',(#4949,#4950,#4958,#4964));
#4949 = ORIENTED_EDGE('',*,*,#4716,.F.);
#4950 = ORIENTED_EDGE('',*,*,#4951,.T.);
#4951 = EDGE_CURVE('',#4717,#4952,#4954,.T.);
#4952 = VERTEX_POINT('',#4953);
#4953 = CARTESIAN_POINT('',(-5.9,0.52500038147,0.));
#4954 = LINE('',#4955,#4956);
#4955 = CARTESIAN_POINT('',(-5.9,0.27500038147,0.));
#4956 = VECTOR('',#4957,1.);
#4957 = DIRECTION('',(0.,1.,0.));
#4958 = ORIENTED_EDGE('',*,*,#4959,.T.);
#4959 = EDGE_CURVE('',#4952,#4903,#4960,.T.);
#4960 = LINE('',#4961,#4962);
#4961 = CARTESIAN_POINT('',(-5.9,0.52500038147,0.));
#4962 = VECTOR('',#4963,1.);
#4963 = DIRECTION('',(0.,0.,1.));
#4964 = ORIENTED_EDGE('',*,*,#4912,.T.);
#4965 = PLANE('',#4966);
#4966 = AXIS2_PLACEMENT_3D('',#4967,#4968,#4969);
#4967 = CARTESIAN_POINT('',(-5.9,0.27500038147,0.));
#4968 = DIRECTION('',(-1.,-0.,-0.));
#4969 = DIRECTION('',(0.,0.,-1.));
#4970 = ADVANCED_FACE('',(#4971),#4989,.F.);
#4971 = FACE_BOUND('',#4972,.T.);
#4972 = EDGE_LOOP('',(#4973,#4974,#4982,#4988));
#4973 = ORIENTED_EDGE('',*,*,#4758,.T.);
#4974 = ORIENTED_EDGE('',*,*,#4975,.T.);
#4975 = EDGE_CURVE('',#4750,#4976,#4978,.T.);
#4976 = VERTEX_POINT('',#4977);
#4977 = CARTESIAN_POINT('',(-5.3,0.52500038147,0.55));
#4978 = LINE('',#4979,#4980);
#4979 = CARTESIAN_POINT('',(-5.3,0.27500038147,0.55));
#4980 = VECTOR('',#4981,1.);
#4981 = DIRECTION('',(0.,1.,0.));
#4982 = ORIENTED_EDGE('',*,*,#4983,.F.);
#4983 = EDGE_CURVE('',#4928,#4976,#4984,.T.);
#4984 = LINE('',#4985,#4986);
#4985 = CARTESIAN_POINT('',(-4.5,0.52500038147,0.55));
#4986 = VECTOR('',#4987,1.);
#4987 = DIRECTION('',(-1.,-0.,-0.));
#4988 = ORIENTED_EDGE('',*,*,#4927,.T.);
#4989 = PLANE('',#4990);
#4990 = AXIS2_PLACEMENT_3D('',#4991,#4992,#4993);
#4991 = CARTESIAN_POINT('',(-4.,-0.12499961853,0.55));
#4992 = DIRECTION('',(0.,0.,1.));
#4993 = DIRECTION('',(1.,0.,0.));
#4994 = ADVANCED_FACE('',(#4995),#5013,.F.);
#4995 = FACE_BOUND('',#4996,.T.);
#4996 = EDGE_LOOP('',(#4997,#5005,#5011,#5012));
#4997 = ORIENTED_EDGE('',*,*,#4998,.F.);
#4998 = EDGE_CURVE('',#4999,#4952,#5001,.T.);
#4999 = VERTEX_POINT('',#5000);
#5000 = CARTESIAN_POINT('',(-5.6,0.52500038147,-2.775557561563E-17));
#5001 = LINE('',#5002,#5003);
#5002 = CARTESIAN_POINT('',(-5.,0.52500038147,0.));
#5003 = VECTOR('',#5004,1.);
#5004 = DIRECTION('',(-1.,-0.,-0.));
#5005 = ORIENTED_EDGE('',*,*,#5006,.F.);
#5006 = EDGE_CURVE('',#4725,#4999,#5007,.T.);
#5007 = LINE('',#5008,#5009);
#5008 = CARTESIAN_POINT('',(-5.6,0.27500038147,-2.775557561563E-17));
#5009 = VECTOR('',#5010,1.);
#5010 = DIRECTION('',(0.,1.,0.));
#5011 = ORIENTED_EDGE('',*,*,#4724,.T.);
#5012 = ORIENTED_EDGE('',*,*,#4951,.T.);
#5013 = PLANE('',#5014);
#5014 = AXIS2_PLACEMENT_3D('',#5015,#5016,#5017);
#5015 = CARTESIAN_POINT('',(-5.,0.27500038147,0.));
#5016 = DIRECTION('',(0.,0.,1.));
#5017 = DIRECTION('',(1.,0.,0.));
#5018 = ADVANCED_FACE('',(#5019),#5038,.F.);
#5019 = FACE_BOUND('',#5020,.T.);
#5020 = EDGE_LOOP('',(#5021,#5022,#5030,#5037));
#5021 = ORIENTED_EDGE('',*,*,#4749,.T.);
#5022 = ORIENTED_EDGE('',*,*,#5023,.T.);
#5023 = EDGE_CURVE('',#4742,#5024,#5026,.T.);
#5024 = VERTEX_POINT('',#5025);
#5025 = CARTESIAN_POINT('',(-5.4,0.52500038147,0.45));
#5026 = LINE('',#5027,#5028);
#5027 = CARTESIAN_POINT('',(-5.4,0.27500038147,0.45));
#5028 = VECTOR('',#5029,1.);
#5029 = DIRECTION('',(0.,1.,0.));
#5030 = ORIENTED_EDGE('',*,*,#5031,.F.);
#5031 = EDGE_CURVE('',#4976,#5024,#5032,.T.);
#5032 = CIRCLE('',#5033,0.1);
#5033 = AXIS2_PLACEMENT_3D('',#5034,#5035,#5036);
#5034 = CARTESIAN_POINT('',(-5.3,0.52500038147,0.45));
#5035 = DIRECTION('',(0.,-1.,0.));
#5036 = DIRECTION('',(0.,0.,1.));
#5037 = ORIENTED_EDGE('',*,*,#4975,.F.);
#5038 = CYLINDRICAL_SURFACE('',#5039,0.1);
#5039 = AXIS2_PLACEMENT_3D('',#5040,#5041,#5042);
#5040 = CARTESIAN_POINT('',(-5.3,0.27500038147,0.45));
#5041 = DIRECTION('',(0.,1.,0.));
#5042 = DIRECTION('',(0.,0.,1.));
#5043 = ADVANCED_FACE('',(#5044),#5063,.T.);
#5044 = FACE_BOUND('',#5045,.F.);
#5045 = EDGE_LOOP('',(#5046,#5047,#5055,#5062));
#5046 = ORIENTED_EDGE('',*,*,#4732,.T.);
#5047 = ORIENTED_EDGE('',*,*,#5048,.T.);
#5048 = EDGE_CURVE('',#4733,#5049,#5051,.T.);
#5049 = VERTEX_POINT('',#5050);
#5050 = CARTESIAN_POINT('',(-5.4,0.52500038147,0.2));
#5051 = LINE('',#5052,#5053);
#5052 = CARTESIAN_POINT('',(-5.4,0.27500038147,0.2));
#5053 = VECTOR('',#5054,1.);
#5054 = DIRECTION('',(0.,1.,0.));
#5055 = ORIENTED_EDGE('',*,*,#5056,.F.);
#5056 = EDGE_CURVE('',#4999,#5049,#5057,.T.);
#5057 = CIRCLE('',#5058,0.2);
#5058 = AXIS2_PLACEMENT_3D('',#5059,#5060,#5061);
#5059 = CARTESIAN_POINT('',(-5.6,0.52500038147,0.2));
#5060 = DIRECTION('',(0.,-1.,0.));
#5061 = DIRECTION('',(0.,0.,1.));
#5062 = ORIENTED_EDGE('',*,*,#5006,.F.);
#5063 = CYLINDRICAL_SURFACE('',#5064,0.2);
#5064 = AXIS2_PLACEMENT_3D('',#5065,#5066,#5067);
#5065 = CARTESIAN_POINT('',(-5.6,0.27500038147,0.2));
#5066 = DIRECTION('',(0.,1.,0.));
#5067 = DIRECTION('',(-0.,-0.,-1.));
#5068 = ADVANCED_FACE('',(#5069),#5080,.F.);
#5069 = FACE_BOUND('',#5070,.T.);
#5070 = EDGE_LOOP('',(#5071,#5077,#5078,#5079));
#5071 = ORIENTED_EDGE('',*,*,#5072,.F.);
#5072 = EDGE_CURVE('',#5024,#5049,#5073,.T.);
#5073 = LINE('',#5074,#5075);
#5074 = CARTESIAN_POINT('',(-5.4,0.52500038147,-5.E-02));
#5075 = VECTOR('',#5076,1.);
#5076 = DIRECTION('',(-0.,-0.,-1.));
#5077 = ORIENTED_EDGE('',*,*,#5023,.F.);
#5078 = ORIENTED_EDGE('',*,*,#4741,.T.);
#5079 = ORIENTED_EDGE('',*,*,#5048,.T.);
#5080 = PLANE('',#5081);
#5081 = AXIS2_PLACEMENT_3D('',#5082,#5083,#5084);
#5082 = CARTESIAN_POINT('',(-5.4,-0.12499961853,-0.1));
#5083 = DIRECTION('',(-1.,-0.,-0.));
#5084 = DIRECTION('',(0.,0.,-1.));
#5085 = ADVANCED_FACE('',(#5086),#5100,.T.);
#5086 = FACE_BOUND('',#5087,.F.);
#5087 = EDGE_LOOP('',(#5088,#5089,#5090,#5091,#5092,#5093,#5094,#5095,
    #5096,#5097,#5098,#5099));
#5088 = ORIENTED_EDGE('',*,*,#4806,.T.);
#5089 = ORIENTED_EDGE('',*,*,#4855,.F.);
#5090 = ORIENTED_EDGE('',*,*,#4902,.T.);
#5091 = ORIENTED_EDGE('',*,*,#4959,.F.);
#5092 = ORIENTED_EDGE('',*,*,#4998,.F.);
#5093 = ORIENTED_EDGE('',*,*,#5056,.T.);
#5094 = ORIENTED_EDGE('',*,*,#5072,.F.);
#5095 = ORIENTED_EDGE('',*,*,#5031,.F.);
#5096 = ORIENTED_EDGE('',*,*,#4983,.F.);
#5097 = ORIENTED_EDGE('',*,*,#4935,.T.);
#5098 = ORIENTED_EDGE('',*,*,#4878,.T.);
#5099 = ORIENTED_EDGE('',*,*,#4837,.F.);
#5100 = PLANE('',#5101);
#5101 = AXIS2_PLACEMENT_3D('',#5102,#5103,#5104);
#5102 = CARTESIAN_POINT('',(-5.,0.52500038147,0.));
#5103 = DIRECTION('',(0.,1.,0.));
#5104 = DIRECTION('',(0.,0.,-1.));
#5105 = MANIFOLD_SOLID_BREP('',#5106);
#5106 = CLOSED_SHELL('',(#5107,#5215,#5246,#5271,#5296,#5320,#5344,#5368
    ,#5392,#5416,#5440,#5465,#5490,#5507));
#5107 = ADVANCED_FACE('',(#5108),#5210,.F.);
#5108 = FACE_BOUND('',#5109,.T.);
#5109 = EDGE_LOOP('',(#5110,#5120,#5129,#5137,#5145,#5153,#5162,#5170,
    #5179,#5187,#5195,#5203));
#5110 = ORIENTED_EDGE('',*,*,#5111,.T.);
#5111 = EDGE_CURVE('',#5112,#5114,#5116,.T.);
#5112 = VERTEX_POINT('',#5113);
#5113 = CARTESIAN_POINT('',(-5.5,1.07500038147,0.45));
#5114 = VERTEX_POINT('',#5115);
#5115 = CARTESIAN_POINT('',(-5.5,1.07500038147,0.2));
#5116 = LINE('',#5117,#5118);
#5117 = CARTESIAN_POINT('',(-5.5,1.07500038147,5.E-02));
#5118 = VECTOR('',#5119,1.);
#5119 = DIRECTION('',(-0.,-0.,-1.));
#5120 = ORIENTED_EDGE('',*,*,#5121,.F.);
#5121 = EDGE_CURVE('',#5122,#5114,#5124,.T.);
#5122 = VERTEX_POINT('',#5123);
#5123 = CARTESIAN_POINT('',(-5.6,1.07500038147,0.1));
#5124 = CIRCLE('',#5125,0.1);
#5125 = AXIS2_PLACEMENT_3D('',#5126,#5127,#5128);
#5126 = CARTESIAN_POINT('',(-5.6,1.07500038147,0.2));
#5127 = DIRECTION('',(0.,-1.,0.));
#5128 = DIRECTION('',(0.,0.,1.));
#5129 = ORIENTED_EDGE('',*,*,#5130,.T.);
#5130 = EDGE_CURVE('',#5122,#5131,#5133,.T.);
#5131 = VERTEX_POINT('',#5132);
#5132 = CARTESIAN_POINT('',(-5.9,1.07500038147,0.1));
#5133 = LINE('',#5134,#5135);
#5134 = CARTESIAN_POINT('',(-5.25,1.07500038147,0.1));
#5135 = VECTOR('',#5136,1.);
#5136 = DIRECTION('',(-1.,-0.,-0.));
#5137 = ORIENTED_EDGE('',*,*,#5138,.F.);
#5138 = EDGE_CURVE('',#5139,#5131,#5141,.T.);
#5139 = VERTEX_POINT('',#5140);
#5140 = CARTESIAN_POINT('',(-5.9,1.07500038147,0.));
#5141 = LINE('',#5142,#5143);
#5142 = CARTESIAN_POINT('',(-5.9,1.07500038147,0.));
#5143 = VECTOR('',#5144,1.);
#5144 = DIRECTION('',(0.,0.,1.));
#5145 = ORIENTED_EDGE('',*,*,#5146,.F.);
#5146 = EDGE_CURVE('',#5147,#5139,#5149,.T.);
#5147 = VERTEX_POINT('',#5148);
#5148 = CARTESIAN_POINT('',(-5.6,1.07500038147,-2.775557561563E-17));
#5149 = LINE('',#5150,#5151);
#5150 = CARTESIAN_POINT('',(-5.,1.07500038147,0.));
#5151 = VECTOR('',#5152,1.);
#5152 = DIRECTION('',(-1.,-0.,-0.));
#5153 = ORIENTED_EDGE('',*,*,#5154,.T.);
#5154 = EDGE_CURVE('',#5147,#5155,#5157,.T.);
#5155 = VERTEX_POINT('',#5156);
#5156 = CARTESIAN_POINT('',(-5.4,1.07500038147,0.2));
#5157 = CIRCLE('',#5158,0.2);
#5158 = AXIS2_PLACEMENT_3D('',#5159,#5160,#5161);
#5159 = CARTESIAN_POINT('',(-5.6,1.07500038147,0.2));
#5160 = DIRECTION('',(0.,-1.,0.));
#5161 = DIRECTION('',(0.,0.,1.));
#5162 = ORIENTED_EDGE('',*,*,#5163,.F.);
#5163 = EDGE_CURVE('',#5164,#5155,#5166,.T.);
#5164 = VERTEX_POINT('',#5165);
#5165 = CARTESIAN_POINT('',(-5.4,1.07500038147,0.45));
#5166 = LINE('',#5167,#5168);
#5167 = CARTESIAN_POINT('',(-5.4,1.07500038147,-5.E-02));
#5168 = VECTOR('',#5169,1.);
#5169 = DIRECTION('',(-0.,-0.,-1.));
#5170 = ORIENTED_EDGE('',*,*,#5171,.F.);
#5171 = EDGE_CURVE('',#5172,#5164,#5174,.T.);
#5172 = VERTEX_POINT('',#5173);
#5173 = CARTESIAN_POINT('',(-5.3,1.07500038147,0.55));
#5174 = CIRCLE('',#5175,0.1);
#5175 = AXIS2_PLACEMENT_3D('',#5176,#5177,#5178);
#5176 = CARTESIAN_POINT('',(-5.3,1.07500038147,0.45));
#5177 = DIRECTION('',(0.,-1.,0.));
#5178 = DIRECTION('',(0.,0.,1.));
#5179 = ORIENTED_EDGE('',*,*,#5180,.F.);
#5180 = EDGE_CURVE('',#5181,#5172,#5183,.T.);
#5181 = VERTEX_POINT('',#5182);
#5182 = CARTESIAN_POINT('',(-5.,1.07500038147,0.55));
#5183 = LINE('',#5184,#5185);
#5184 = CARTESIAN_POINT('',(-4.5,1.07500038147,0.55));
#5185 = VECTOR('',#5186,1.);
#5186 = DIRECTION('',(-1.,-0.,-0.));
#5187 = ORIENTED_EDGE('',*,*,#5188,.T.);
#5188 = EDGE_CURVE('',#5181,#5189,#5191,.T.);
#5189 = VERTEX_POINT('',#5190);
#5190 = CARTESIAN_POINT('',(-5.,1.07500038147,0.65));
#5191 = LINE('',#5192,#5193);
#5192 = CARTESIAN_POINT('',(-5.,1.07500038147,0.));
#5193 = VECTOR('',#5194,1.);
#5194 = DIRECTION('',(0.,0.,1.));
#5195 = ORIENTED_EDGE('',*,*,#5196,.T.);
#5196 = EDGE_CURVE('',#5189,#5197,#5199,.T.);
#5197 = VERTEX_POINT('',#5198);
#5198 = CARTESIAN_POINT('',(-5.3,1.07500038147,0.65));
#5199 = LINE('',#5200,#5201);
#5200 = CARTESIAN_POINT('',(-5.,1.07500038147,0.65));
#5201 = VECTOR('',#5202,1.);
#5202 = DIRECTION('',(-1.,-0.,-0.));
#5203 = ORIENTED_EDGE('',*,*,#5204,.F.);
#5204 = EDGE_CURVE('',#5112,#5197,#5205,.T.);
#5205 = CIRCLE('',#5206,0.2);
#5206 = AXIS2_PLACEMENT_3D('',#5207,#5208,#5209);
#5207 = CARTESIAN_POINT('',(-5.3,1.07500038147,0.45));
#5208 = DIRECTION('',(0.,1.,0.));
#5209 = DIRECTION('',(0.,0.,1.));
#5210 = PLANE('',#5211);
#5211 = AXIS2_PLACEMENT_3D('',#5212,#5213,#5214);
#5212 = CARTESIAN_POINT('',(-5.,1.07500038147,0.));
#5213 = DIRECTION('',(0.,1.,0.));
#5214 = DIRECTION('',(0.,0.,-1.));
#5215 = ADVANCED_FACE('',(#5216),#5241,.T.);
#5216 = FACE_BOUND('',#5217,.F.);
#5217 = EDGE_LOOP('',(#5218,#5219,#5227,#5235));
#5218 = ORIENTED_EDGE('',*,*,#5111,.T.);
#5219 = ORIENTED_EDGE('',*,*,#5220,.T.);
#5220 = EDGE_CURVE('',#5114,#5221,#5223,.T.);
#5221 = VERTEX_POINT('',#5222);
#5222 = CARTESIAN_POINT('',(-5.5,1.32500038147,0.2));
#5223 = LINE('',#5224,#5225);
#5224 = CARTESIAN_POINT('',(-5.5,1.07500038147,0.2));
#5225 = VECTOR('',#5226,1.);
#5226 = DIRECTION('',(0.,1.,0.));
#5227 = ORIENTED_EDGE('',*,*,#5228,.F.);
#5228 = EDGE_CURVE('',#5229,#5221,#5231,.T.);
#5229 = VERTEX_POINT('',#5230);
#5230 = CARTESIAN_POINT('',(-5.5,1.32500038147,0.45));
#5231 = LINE('',#5232,#5233);
#5232 = CARTESIAN_POINT('',(-5.5,1.32500038147,5.E-02));
#5233 = VECTOR('',#5234,1.);
#5234 = DIRECTION('',(-0.,-0.,-1.));
#5235 = ORIENTED_EDGE('',*,*,#5236,.F.);
#5236 = EDGE_CURVE('',#5112,#5229,#5237,.T.);
#5237 = LINE('',#5238,#5239);
#5238 = CARTESIAN_POINT('',(-5.5,1.07500038147,0.45));
#5239 = VECTOR('',#5240,1.);
#5240 = DIRECTION('',(0.,1.,0.));
#5241 = PLANE('',#5242);
#5242 = AXIS2_PLACEMENT_3D('',#5243,#5244,#5245);
#5243 = CARTESIAN_POINT('',(-5.5,0.67500038147,0.1));
#5244 = DIRECTION('',(-1.,-0.,-0.));
#5245 = DIRECTION('',(0.,0.,-1.));
#5246 = ADVANCED_FACE('',(#5247),#5266,.T.);
#5247 = FACE_BOUND('',#5248,.T.);
#5248 = EDGE_LOOP('',(#5249,#5250,#5258,#5265));
#5249 = ORIENTED_EDGE('',*,*,#5204,.T.);
#5250 = ORIENTED_EDGE('',*,*,#5251,.T.);
#5251 = EDGE_CURVE('',#5197,#5252,#5254,.T.);
#5252 = VERTEX_POINT('',#5253);
#5253 = CARTESIAN_POINT('',(-5.3,1.32500038147,0.65));
#5254 = LINE('',#5255,#5256);
#5255 = CARTESIAN_POINT('',(-5.3,1.07500038147,0.65));
#5256 = VECTOR('',#5257,1.);
#5257 = DIRECTION('',(0.,1.,0.));
#5258 = ORIENTED_EDGE('',*,*,#5259,.F.);
#5259 = EDGE_CURVE('',#5229,#5252,#5260,.T.);
#5260 = CIRCLE('',#5261,0.2);
#5261 = AXIS2_PLACEMENT_3D('',#5262,#5263,#5264);
#5262 = CARTESIAN_POINT('',(-5.3,1.32500038147,0.45));
#5263 = DIRECTION('',(0.,1.,0.));
#5264 = DIRECTION('',(0.,0.,1.));
#5265 = ORIENTED_EDGE('',*,*,#5236,.F.);
#5266 = CYLINDRICAL_SURFACE('',#5267,0.2);
#5267 = AXIS2_PLACEMENT_3D('',#5268,#5269,#5270);
#5268 = CARTESIAN_POINT('',(-5.3,1.07500038147,0.45));
#5269 = DIRECTION('',(0.,1.,0.));
#5270 = DIRECTION('',(-1.,-0.,-0.));
#5271 = ADVANCED_FACE('',(#5272),#5291,.F.);
#5272 = FACE_BOUND('',#5273,.T.);
#5273 = EDGE_LOOP('',(#5274,#5275,#5276,#5285));
#5274 = ORIENTED_EDGE('',*,*,#5121,.T.);
#5275 = ORIENTED_EDGE('',*,*,#5220,.T.);
#5276 = ORIENTED_EDGE('',*,*,#5277,.F.);
#5277 = EDGE_CURVE('',#5278,#5221,#5280,.T.);
#5278 = VERTEX_POINT('',#5279);
#5279 = CARTESIAN_POINT('',(-5.6,1.32500038147,0.1));
#5280 = CIRCLE('',#5281,0.1);
#5281 = AXIS2_PLACEMENT_3D('',#5282,#5283,#5284);
#5282 = CARTESIAN_POINT('',(-5.6,1.32500038147,0.2));
#5283 = DIRECTION('',(0.,-1.,0.));
#5284 = DIRECTION('',(0.,0.,1.));
#5285 = ORIENTED_EDGE('',*,*,#5286,.F.);
#5286 = EDGE_CURVE('',#5122,#5278,#5287,.T.);
#5287 = LINE('',#5288,#5289);
#5288 = CARTESIAN_POINT('',(-5.6,1.07500038147,0.1));
#5289 = VECTOR('',#5290,1.);
#5290 = DIRECTION('',(0.,1.,0.));
#5291 = CYLINDRICAL_SURFACE('',#5292,0.1);
#5292 = AXIS2_PLACEMENT_3D('',#5293,#5294,#5295);
#5293 = CARTESIAN_POINT('',(-5.6,1.07500038147,0.2));
#5294 = DIRECTION('',(0.,1.,0.));
#5295 = DIRECTION('',(-0.,-0.,-1.));
#5296 = ADVANCED_FACE('',(#5297),#5315,.T.);
#5297 = FACE_BOUND('',#5298,.F.);
#5298 = EDGE_LOOP('',(#5299,#5307,#5313,#5314));
#5299 = ORIENTED_EDGE('',*,*,#5300,.F.);
#5300 = EDGE_CURVE('',#5301,#5252,#5303,.T.);
#5301 = VERTEX_POINT('',#5302);
#5302 = CARTESIAN_POINT('',(-5.,1.32500038147,0.65));
#5303 = LINE('',#5304,#5305);
#5304 = CARTESIAN_POINT('',(-5.,1.32500038147,0.65));
#5305 = VECTOR('',#5306,1.);
#5306 = DIRECTION('',(-1.,-0.,-0.));
#5307 = ORIENTED_EDGE('',*,*,#5308,.F.);
#5308 = EDGE_CURVE('',#5189,#5301,#5309,.T.);
#5309 = LINE('',#5310,#5311);
#5310 = CARTESIAN_POINT('',(-5.,1.07500038147,0.65));
#5311 = VECTOR('',#5312,1.);
#5312 = DIRECTION('',(0.,1.,0.));
#5313 = ORIENTED_EDGE('',*,*,#5196,.T.);
#5314 = ORIENTED_EDGE('',*,*,#5251,.T.);
#5315 = PLANE('',#5316);
#5316 = AXIS2_PLACEMENT_3D('',#5317,#5318,#5319);
#5317 = CARTESIAN_POINT('',(-5.,1.07500038147,0.65));
#5318 = DIRECTION('',(0.,0.,1.));
#5319 = DIRECTION('',(1.,0.,0.));
#5320 = ADVANCED_FACE('',(#5321),#5339,.T.);
#5321 = FACE_BOUND('',#5322,.F.);
#5322 = EDGE_LOOP('',(#5323,#5331,#5332,#5333));
#5323 = ORIENTED_EDGE('',*,*,#5324,.F.);
#5324 = EDGE_CURVE('',#5278,#5325,#5327,.T.);
#5325 = VERTEX_POINT('',#5326);
#5326 = CARTESIAN_POINT('',(-5.9,1.32500038147,0.1));
#5327 = LINE('',#5328,#5329);
#5328 = CARTESIAN_POINT('',(-5.25,1.32500038147,0.1));
#5329 = VECTOR('',#5330,1.);
#5330 = DIRECTION('',(-1.,-0.,-0.));
#5331 = ORIENTED_EDGE('',*,*,#5286,.F.);
#5332 = ORIENTED_EDGE('',*,*,#5130,.T.);
#5333 = ORIENTED_EDGE('',*,*,#5334,.F.);
#5334 = EDGE_CURVE('',#5325,#5131,#5335,.T.);
#5335 = LINE('',#5336,#5337);
#5336 = CARTESIAN_POINT('',(-5.9,0.87500038147,0.1));
#5337 = VECTOR('',#5338,1.);
#5338 = DIRECTION('',(-0.,-1.,-0.));
#5339 = PLANE('',#5340);
#5340 = AXIS2_PLACEMENT_3D('',#5341,#5342,#5343);
#5341 = CARTESIAN_POINT('',(-5.5,0.67500038147,0.1));
#5342 = DIRECTION('',(0.,0.,1.));
#5343 = DIRECTION('',(1.,0.,0.));
#5344 = ADVANCED_FACE('',(#5345),#5363,.F.);
#5345 = FACE_BOUND('',#5346,.T.);
#5346 = EDGE_LOOP('',(#5347,#5348,#5356,#5362));
#5347 = ORIENTED_EDGE('',*,*,#5188,.F.);
#5348 = ORIENTED_EDGE('',*,*,#5349,.F.);
#5349 = EDGE_CURVE('',#5350,#5181,#5352,.T.);
#5350 = VERTEX_POINT('',#5351);
#5351 = CARTESIAN_POINT('',(-5.,1.32500038147,0.55));
#5352 = LINE('',#5353,#5354);
#5353 = CARTESIAN_POINT('',(-5.,0.87500038147,0.55));
#5354 = VECTOR('',#5355,1.);
#5355 = DIRECTION('',(-0.,-1.,-0.));
#5356 = ORIENTED_EDGE('',*,*,#5357,.T.);
#5357 = EDGE_CURVE('',#5350,#5301,#5358,.T.);
#5358 = LINE('',#5359,#5360);
#5359 = CARTESIAN_POINT('',(-5.,1.32500038147,0.));
#5360 = VECTOR('',#5361,1.);
#5361 = DIRECTION('',(0.,0.,1.));
#5362 = ORIENTED_EDGE('',*,*,#5308,.F.);
#5363 = PLANE('',#5364);
#5364 = AXIS2_PLACEMENT_3D('',#5365,#5366,#5367);
#5365 = CARTESIAN_POINT('',(-5.,1.07500038147,0.));
#5366 = DIRECTION('',(-1.,-0.,-0.));
#5367 = DIRECTION('',(0.,0.,-1.));
#5368 = ADVANCED_FACE('',(#5369),#5387,.T.);
#5369 = FACE_BOUND('',#5370,.F.);
#5370 = EDGE_LOOP('',(#5371,#5372,#5380,#5386));
#5371 = ORIENTED_EDGE('',*,*,#5138,.F.);
#5372 = ORIENTED_EDGE('',*,*,#5373,.T.);
#5373 = EDGE_CURVE('',#5139,#5374,#5376,.T.);
#5374 = VERTEX_POINT('',#5375);
#5375 = CARTESIAN_POINT('',(-5.9,1.32500038147,0.));
#5376 = LINE('',#5377,#5378);
#5377 = CARTESIAN_POINT('',(-5.9,1.07500038147,0.));
#5378 = VECTOR('',#5379,1.);
#5379 = DIRECTION('',(0.,1.,0.));
#5380 = ORIENTED_EDGE('',*,*,#5381,.T.);
#5381 = EDGE_CURVE('',#5374,#5325,#5382,.T.);
#5382 = LINE('',#5383,#5384);
#5383 = CARTESIAN_POINT('',(-5.9,1.32500038147,0.));
#5384 = VECTOR('',#5385,1.);
#5385 = DIRECTION('',(0.,0.,1.));
#5386 = ORIENTED_EDGE('',*,*,#5334,.T.);
#5387 = PLANE('',#5388);
#5388 = AXIS2_PLACEMENT_3D('',#5389,#5390,#5391);
#5389 = CARTESIAN_POINT('',(-5.9,1.07500038147,0.));
#5390 = DIRECTION('',(-1.,-0.,-0.));
#5391 = DIRECTION('',(0.,0.,-1.));
#5392 = ADVANCED_FACE('',(#5393),#5411,.F.);
#5393 = FACE_BOUND('',#5394,.T.);
#5394 = EDGE_LOOP('',(#5395,#5396,#5404,#5410));
#5395 = ORIENTED_EDGE('',*,*,#5180,.T.);
#5396 = ORIENTED_EDGE('',*,*,#5397,.T.);
#5397 = EDGE_CURVE('',#5172,#5398,#5400,.T.);
#5398 = VERTEX_POINT('',#5399);
#5399 = CARTESIAN_POINT('',(-5.3,1.32500038147,0.55));
#5400 = LINE('',#5401,#5402);
#5401 = CARTESIAN_POINT('',(-5.3,1.07500038147,0.55));
#5402 = VECTOR('',#5403,1.);
#5403 = DIRECTION('',(0.,1.,0.));
#5404 = ORIENTED_EDGE('',*,*,#5405,.F.);
#5405 = EDGE_CURVE('',#5350,#5398,#5406,.T.);
#5406 = LINE('',#5407,#5408);
#5407 = CARTESIAN_POINT('',(-4.5,1.32500038147,0.55));
#5408 = VECTOR('',#5409,1.);
#5409 = DIRECTION('',(-1.,-0.,-0.));
#5410 = ORIENTED_EDGE('',*,*,#5349,.T.);
#5411 = PLANE('',#5412);
#5412 = AXIS2_PLACEMENT_3D('',#5413,#5414,#5415);
#5413 = CARTESIAN_POINT('',(-4.,0.67500038147,0.55));
#5414 = DIRECTION('',(0.,0.,1.));
#5415 = DIRECTION('',(1.,0.,0.));
#5416 = ADVANCED_FACE('',(#5417),#5435,.F.);
#5417 = FACE_BOUND('',#5418,.T.);
#5418 = EDGE_LOOP('',(#5419,#5427,#5433,#5434));
#5419 = ORIENTED_EDGE('',*,*,#5420,.F.);
#5420 = EDGE_CURVE('',#5421,#5374,#5423,.T.);
#5421 = VERTEX_POINT('',#5422);
#5422 = CARTESIAN_POINT('',(-5.6,1.32500038147,-2.775557561563E-17));
#5423 = LINE('',#5424,#5425);
#5424 = CARTESIAN_POINT('',(-5.,1.32500038147,0.));
#5425 = VECTOR('',#5426,1.);
#5426 = DIRECTION('',(-1.,-0.,-0.));
#5427 = ORIENTED_EDGE('',*,*,#5428,.F.);
#5428 = EDGE_CURVE('',#5147,#5421,#5429,.T.);
#5429 = LINE('',#5430,#5431);
#5430 = CARTESIAN_POINT('',(-5.6,1.07500038147,-2.775557561563E-17));
#5431 = VECTOR('',#5432,1.);
#5432 = DIRECTION('',(0.,1.,0.));
#5433 = ORIENTED_EDGE('',*,*,#5146,.T.);
#5434 = ORIENTED_EDGE('',*,*,#5373,.T.);
#5435 = PLANE('',#5436);
#5436 = AXIS2_PLACEMENT_3D('',#5437,#5438,#5439);
#5437 = CARTESIAN_POINT('',(-5.,1.07500038147,0.));
#5438 = DIRECTION('',(0.,0.,1.));
#5439 = DIRECTION('',(1.,0.,0.));
#5440 = ADVANCED_FACE('',(#5441),#5460,.F.);
#5441 = FACE_BOUND('',#5442,.T.);
#5442 = EDGE_LOOP('',(#5443,#5444,#5452,#5459));
#5443 = ORIENTED_EDGE('',*,*,#5171,.T.);
#5444 = ORIENTED_EDGE('',*,*,#5445,.T.);
#5445 = EDGE_CURVE('',#5164,#5446,#5448,.T.);
#5446 = VERTEX_POINT('',#5447);
#5447 = CARTESIAN_POINT('',(-5.4,1.32500038147,0.45));
#5448 = LINE('',#5449,#5450);
#5449 = CARTESIAN_POINT('',(-5.4,1.07500038147,0.45));
#5450 = VECTOR('',#5451,1.);
#5451 = DIRECTION('',(0.,1.,0.));
#5452 = ORIENTED_EDGE('',*,*,#5453,.F.);
#5453 = EDGE_CURVE('',#5398,#5446,#5454,.T.);
#5454 = CIRCLE('',#5455,0.1);
#5455 = AXIS2_PLACEMENT_3D('',#5456,#5457,#5458);
#5456 = CARTESIAN_POINT('',(-5.3,1.32500038147,0.45));
#5457 = DIRECTION('',(0.,-1.,0.));
#5458 = DIRECTION('',(0.,0.,1.));
#5459 = ORIENTED_EDGE('',*,*,#5397,.F.);
#5460 = CYLINDRICAL_SURFACE('',#5461,0.1);
#5461 = AXIS2_PLACEMENT_3D('',#5462,#5463,#5464);
#5462 = CARTESIAN_POINT('',(-5.3,1.07500038147,0.45));
#5463 = DIRECTION('',(0.,1.,0.));
#5464 = DIRECTION('',(0.,0.,1.));
#5465 = ADVANCED_FACE('',(#5466),#5485,.T.);
#5466 = FACE_BOUND('',#5467,.F.);
#5467 = EDGE_LOOP('',(#5468,#5469,#5477,#5484));
#5468 = ORIENTED_EDGE('',*,*,#5154,.T.);
#5469 = ORIENTED_EDGE('',*,*,#5470,.T.);
#5470 = EDGE_CURVE('',#5155,#5471,#5473,.T.);
#5471 = VERTEX_POINT('',#5472);
#5472 = CARTESIAN_POINT('',(-5.4,1.32500038147,0.2));
#5473 = LINE('',#5474,#5475);
#5474 = CARTESIAN_POINT('',(-5.4,1.07500038147,0.2));
#5475 = VECTOR('',#5476,1.);
#5476 = DIRECTION('',(0.,1.,0.));
#5477 = ORIENTED_EDGE('',*,*,#5478,.F.);
#5478 = EDGE_CURVE('',#5421,#5471,#5479,.T.);
#5479 = CIRCLE('',#5480,0.2);
#5480 = AXIS2_PLACEMENT_3D('',#5481,#5482,#5483);
#5481 = CARTESIAN_POINT('',(-5.6,1.32500038147,0.2));
#5482 = DIRECTION('',(0.,-1.,0.));
#5483 = DIRECTION('',(0.,0.,1.));
#5484 = ORIENTED_EDGE('',*,*,#5428,.F.);
#5485 = CYLINDRICAL_SURFACE('',#5486,0.2);
#5486 = AXIS2_PLACEMENT_3D('',#5487,#5488,#5489);
#5487 = CARTESIAN_POINT('',(-5.6,1.07500038147,0.2));
#5488 = DIRECTION('',(0.,1.,0.));
#5489 = DIRECTION('',(-0.,-0.,-1.));
#5490 = ADVANCED_FACE('',(#5491),#5502,.F.);
#5491 = FACE_BOUND('',#5492,.T.);
#5492 = EDGE_LOOP('',(#5493,#5499,#5500,#5501));
#5493 = ORIENTED_EDGE('',*,*,#5494,.F.);
#5494 = EDGE_CURVE('',#5446,#5471,#5495,.T.);
#5495 = LINE('',#5496,#5497);
#5496 = CARTESIAN_POINT('',(-5.4,1.32500038147,-5.E-02));
#5497 = VECTOR('',#5498,1.);
#5498 = DIRECTION('',(-0.,-0.,-1.));
#5499 = ORIENTED_EDGE('',*,*,#5445,.F.);
#5500 = ORIENTED_EDGE('',*,*,#5163,.T.);
#5501 = ORIENTED_EDGE('',*,*,#5470,.T.);
#5502 = PLANE('',#5503);
#5503 = AXIS2_PLACEMENT_3D('',#5504,#5505,#5506);
#5504 = CARTESIAN_POINT('',(-5.4,0.67500038147,-0.1));
#5505 = DIRECTION('',(-1.,-0.,-0.));
#5506 = DIRECTION('',(0.,0.,-1.));
#5507 = ADVANCED_FACE('',(#5508),#5522,.T.);
#5508 = FACE_BOUND('',#5509,.F.);
#5509 = EDGE_LOOP('',(#5510,#5511,#5512,#5513,#5514,#5515,#5516,#5517,
    #5518,#5519,#5520,#5521));
#5510 = ORIENTED_EDGE('',*,*,#5228,.T.);
#5511 = ORIENTED_EDGE('',*,*,#5277,.F.);
#5512 = ORIENTED_EDGE('',*,*,#5324,.T.);
#5513 = ORIENTED_EDGE('',*,*,#5381,.F.);
#5514 = ORIENTED_EDGE('',*,*,#5420,.F.);
#5515 = ORIENTED_EDGE('',*,*,#5478,.T.);
#5516 = ORIENTED_EDGE('',*,*,#5494,.F.);
#5517 = ORIENTED_EDGE('',*,*,#5453,.F.);
#5518 = ORIENTED_EDGE('',*,*,#5405,.F.);
#5519 = ORIENTED_EDGE('',*,*,#5357,.T.);
#5520 = ORIENTED_EDGE('',*,*,#5300,.T.);
#5521 = ORIENTED_EDGE('',*,*,#5259,.F.);
#5522 = PLANE('',#5523);
#5523 = AXIS2_PLACEMENT_3D('',#5524,#5525,#5526);
#5524 = CARTESIAN_POINT('',(-5.,1.32500038147,0.));
#5525 = DIRECTION('',(0.,1.,0.));
#5526 = DIRECTION('',(0.,0.,-1.));
#5527 = MANIFOLD_SOLID_BREP('',#5528);
#5528 = CLOSED_SHELL('',(#5529,#5637,#5668,#5693,#5718,#5742,#5766,#5790
    ,#5814,#5838,#5862,#5887,#5912,#5929));
#5529 = ADVANCED_FACE('',(#5530),#5632,.F.);
#5530 = FACE_BOUND('',#5531,.T.);
#5531 = EDGE_LOOP('',(#5532,#5542,#5551,#5559,#5567,#5575,#5584,#5592,
    #5601,#5609,#5617,#5625));
#5532 = ORIENTED_EDGE('',*,*,#5533,.T.);
#5533 = EDGE_CURVE('',#5534,#5536,#5538,.T.);
#5534 = VERTEX_POINT('',#5535);
#5535 = CARTESIAN_POINT('',(-5.5,1.87500038147,0.45));
#5536 = VERTEX_POINT('',#5537);
#5537 = CARTESIAN_POINT('',(-5.5,1.87500038147,0.2));
#5538 = LINE('',#5539,#5540);
#5539 = CARTESIAN_POINT('',(-5.5,1.87500038147,5.E-02));
#5540 = VECTOR('',#5541,1.);
#5541 = DIRECTION('',(-0.,-0.,-1.));
#5542 = ORIENTED_EDGE('',*,*,#5543,.F.);
#5543 = EDGE_CURVE('',#5544,#5536,#5546,.T.);
#5544 = VERTEX_POINT('',#5545);
#5545 = CARTESIAN_POINT('',(-5.6,1.87500038147,0.1));
#5546 = CIRCLE('',#5547,0.1);
#5547 = AXIS2_PLACEMENT_3D('',#5548,#5549,#5550);
#5548 = CARTESIAN_POINT('',(-5.6,1.87500038147,0.2));
#5549 = DIRECTION('',(0.,-1.,0.));
#5550 = DIRECTION('',(0.,0.,1.));
#5551 = ORIENTED_EDGE('',*,*,#5552,.T.);
#5552 = EDGE_CURVE('',#5544,#5553,#5555,.T.);
#5553 = VERTEX_POINT('',#5554);
#5554 = CARTESIAN_POINT('',(-5.9,1.87500038147,0.1));
#5555 = LINE('',#5556,#5557);
#5556 = CARTESIAN_POINT('',(-5.25,1.87500038147,0.1));
#5557 = VECTOR('',#5558,1.);
#5558 = DIRECTION('',(-1.,-0.,-0.));
#5559 = ORIENTED_EDGE('',*,*,#5560,.F.);
#5560 = EDGE_CURVE('',#5561,#5553,#5563,.T.);
#5561 = VERTEX_POINT('',#5562);
#5562 = CARTESIAN_POINT('',(-5.9,1.87500038147,0.));
#5563 = LINE('',#5564,#5565);
#5564 = CARTESIAN_POINT('',(-5.9,1.87500038147,0.));
#5565 = VECTOR('',#5566,1.);
#5566 = DIRECTION('',(0.,0.,1.));
#5567 = ORIENTED_EDGE('',*,*,#5568,.F.);
#5568 = EDGE_CURVE('',#5569,#5561,#5571,.T.);
#5569 = VERTEX_POINT('',#5570);
#5570 = CARTESIAN_POINT('',(-5.6,1.87500038147,-2.775557561563E-17));
#5571 = LINE('',#5572,#5573);
#5572 = CARTESIAN_POINT('',(-5.,1.87500038147,0.));
#5573 = VECTOR('',#5574,1.);
#5574 = DIRECTION('',(-1.,-0.,-0.));
#5575 = ORIENTED_EDGE('',*,*,#5576,.T.);
#5576 = EDGE_CURVE('',#5569,#5577,#5579,.T.);
#5577 = VERTEX_POINT('',#5578);
#5578 = CARTESIAN_POINT('',(-5.4,1.87500038147,0.2));
#5579 = CIRCLE('',#5580,0.2);
#5580 = AXIS2_PLACEMENT_3D('',#5581,#5582,#5583);
#5581 = CARTESIAN_POINT('',(-5.6,1.87500038147,0.2));
#5582 = DIRECTION('',(0.,-1.,0.));
#5583 = DIRECTION('',(0.,0.,1.));
#5584 = ORIENTED_EDGE('',*,*,#5585,.F.);
#5585 = EDGE_CURVE('',#5586,#5577,#5588,.T.);
#5586 = VERTEX_POINT('',#5587);
#5587 = CARTESIAN_POINT('',(-5.4,1.87500038147,0.45));
#5588 = LINE('',#5589,#5590);
#5589 = CARTESIAN_POINT('',(-5.4,1.87500038147,-5.E-02));
#5590 = VECTOR('',#5591,1.);
#5591 = DIRECTION('',(-0.,-0.,-1.));
#5592 = ORIENTED_EDGE('',*,*,#5593,.F.);
#5593 = EDGE_CURVE('',#5594,#5586,#5596,.T.);
#5594 = VERTEX_POINT('',#5595);
#5595 = CARTESIAN_POINT('',(-5.3,1.87500038147,0.55));
#5596 = CIRCLE('',#5597,0.1);
#5597 = AXIS2_PLACEMENT_3D('',#5598,#5599,#5600);
#5598 = CARTESIAN_POINT('',(-5.3,1.87500038147,0.45));
#5599 = DIRECTION('',(0.,-1.,0.));
#5600 = DIRECTION('',(0.,0.,1.));
#5601 = ORIENTED_EDGE('',*,*,#5602,.F.);
#5602 = EDGE_CURVE('',#5603,#5594,#5605,.T.);
#5603 = VERTEX_POINT('',#5604);
#5604 = CARTESIAN_POINT('',(-5.,1.87500038147,0.55));
#5605 = LINE('',#5606,#5607);
#5606 = CARTESIAN_POINT('',(-4.5,1.87500038147,0.55));
#5607 = VECTOR('',#5608,1.);
#5608 = DIRECTION('',(-1.,-0.,-0.));
#5609 = ORIENTED_EDGE('',*,*,#5610,.T.);
#5610 = EDGE_CURVE('',#5603,#5611,#5613,.T.);
#5611 = VERTEX_POINT('',#5612);
#5612 = CARTESIAN_POINT('',(-5.,1.87500038147,0.65));
#5613 = LINE('',#5614,#5615);
#5614 = CARTESIAN_POINT('',(-5.,1.87500038147,0.));
#5615 = VECTOR('',#5616,1.);
#5616 = DIRECTION('',(0.,0.,1.));
#5617 = ORIENTED_EDGE('',*,*,#5618,.T.);
#5618 = EDGE_CURVE('',#5611,#5619,#5621,.T.);
#5619 = VERTEX_POINT('',#5620);
#5620 = CARTESIAN_POINT('',(-5.3,1.87500038147,0.65));
#5621 = LINE('',#5622,#5623);
#5622 = CARTESIAN_POINT('',(-5.,1.87500038147,0.65));
#5623 = VECTOR('',#5624,1.);
#5624 = DIRECTION('',(-1.,-0.,-0.));
#5625 = ORIENTED_EDGE('',*,*,#5626,.F.);
#5626 = EDGE_CURVE('',#5534,#5619,#5627,.T.);
#5627 = CIRCLE('',#5628,0.2);
#5628 = AXIS2_PLACEMENT_3D('',#5629,#5630,#5631);
#5629 = CARTESIAN_POINT('',(-5.3,1.87500038147,0.45));
#5630 = DIRECTION('',(0.,1.,0.));
#5631 = DIRECTION('',(0.,0.,1.));
#5632 = PLANE('',#5633);
#5633 = AXIS2_PLACEMENT_3D('',#5634,#5635,#5636);
#5634 = CARTESIAN_POINT('',(-5.,1.87500038147,0.));
#5635 = DIRECTION('',(0.,1.,0.));
#5636 = DIRECTION('',(0.,0.,-1.));
#5637 = ADVANCED_FACE('',(#5638),#5663,.T.);
#5638 = FACE_BOUND('',#5639,.F.);
#5639 = EDGE_LOOP('',(#5640,#5641,#5649,#5657));
#5640 = ORIENTED_EDGE('',*,*,#5533,.T.);
#5641 = ORIENTED_EDGE('',*,*,#5642,.T.);
#5642 = EDGE_CURVE('',#5536,#5643,#5645,.T.);
#5643 = VERTEX_POINT('',#5644);
#5644 = CARTESIAN_POINT('',(-5.5,2.12500038147,0.2));
#5645 = LINE('',#5646,#5647);
#5646 = CARTESIAN_POINT('',(-5.5,1.87500038147,0.2));
#5647 = VECTOR('',#5648,1.);
#5648 = DIRECTION('',(0.,1.,0.));
#5649 = ORIENTED_EDGE('',*,*,#5650,.F.);
#5650 = EDGE_CURVE('',#5651,#5643,#5653,.T.);
#5651 = VERTEX_POINT('',#5652);
#5652 = CARTESIAN_POINT('',(-5.5,2.12500038147,0.45));
#5653 = LINE('',#5654,#5655);
#5654 = CARTESIAN_POINT('',(-5.5,2.12500038147,5.E-02));
#5655 = VECTOR('',#5656,1.);
#5656 = DIRECTION('',(-0.,-0.,-1.));
#5657 = ORIENTED_EDGE('',*,*,#5658,.F.);
#5658 = EDGE_CURVE('',#5534,#5651,#5659,.T.);
#5659 = LINE('',#5660,#5661);
#5660 = CARTESIAN_POINT('',(-5.5,1.87500038147,0.45));
#5661 = VECTOR('',#5662,1.);
#5662 = DIRECTION('',(0.,1.,0.));
#5663 = PLANE('',#5664);
#5664 = AXIS2_PLACEMENT_3D('',#5665,#5666,#5667);
#5665 = CARTESIAN_POINT('',(-5.5,1.47500038147,0.1));
#5666 = DIRECTION('',(-1.,-0.,-0.));
#5667 = DIRECTION('',(0.,0.,-1.));
#5668 = ADVANCED_FACE('',(#5669),#5688,.T.);
#5669 = FACE_BOUND('',#5670,.T.);
#5670 = EDGE_LOOP('',(#5671,#5672,#5680,#5687));
#5671 = ORIENTED_EDGE('',*,*,#5626,.T.);
#5672 = ORIENTED_EDGE('',*,*,#5673,.T.);
#5673 = EDGE_CURVE('',#5619,#5674,#5676,.T.);
#5674 = VERTEX_POINT('',#5675);
#5675 = CARTESIAN_POINT('',(-5.3,2.12500038147,0.65));
#5676 = LINE('',#5677,#5678);
#5677 = CARTESIAN_POINT('',(-5.3,1.87500038147,0.65));
#5678 = VECTOR('',#5679,1.);
#5679 = DIRECTION('',(0.,1.,0.));
#5680 = ORIENTED_EDGE('',*,*,#5681,.F.);
#5681 = EDGE_CURVE('',#5651,#5674,#5682,.T.);
#5682 = CIRCLE('',#5683,0.2);
#5683 = AXIS2_PLACEMENT_3D('',#5684,#5685,#5686);
#5684 = CARTESIAN_POINT('',(-5.3,2.12500038147,0.45));
#5685 = DIRECTION('',(0.,1.,0.));
#5686 = DIRECTION('',(0.,0.,1.));
#5687 = ORIENTED_EDGE('',*,*,#5658,.F.);
#5688 = CYLINDRICAL_SURFACE('',#5689,0.2);
#5689 = AXIS2_PLACEMENT_3D('',#5690,#5691,#5692);
#5690 = CARTESIAN_POINT('',(-5.3,1.87500038147,0.45));
#5691 = DIRECTION('',(0.,1.,0.));
#5692 = DIRECTION('',(-1.,-0.,-0.));
#5693 = ADVANCED_FACE('',(#5694),#5713,.F.);
#5694 = FACE_BOUND('',#5695,.T.);
#5695 = EDGE_LOOP('',(#5696,#5697,#5698,#5707));
#5696 = ORIENTED_EDGE('',*,*,#5543,.T.);
#5697 = ORIENTED_EDGE('',*,*,#5642,.T.);
#5698 = ORIENTED_EDGE('',*,*,#5699,.F.);
#5699 = EDGE_CURVE('',#5700,#5643,#5702,.T.);
#5700 = VERTEX_POINT('',#5701);
#5701 = CARTESIAN_POINT('',(-5.6,2.12500038147,0.1));
#5702 = CIRCLE('',#5703,0.1);
#5703 = AXIS2_PLACEMENT_3D('',#5704,#5705,#5706);
#5704 = CARTESIAN_POINT('',(-5.6,2.12500038147,0.2));
#5705 = DIRECTION('',(0.,-1.,0.));
#5706 = DIRECTION('',(0.,0.,1.));
#5707 = ORIENTED_EDGE('',*,*,#5708,.F.);
#5708 = EDGE_CURVE('',#5544,#5700,#5709,.T.);
#5709 = LINE('',#5710,#5711);
#5710 = CARTESIAN_POINT('',(-5.6,1.87500038147,0.1));
#5711 = VECTOR('',#5712,1.);
#5712 = DIRECTION('',(0.,1.,0.));
#5713 = CYLINDRICAL_SURFACE('',#5714,0.1);
#5714 = AXIS2_PLACEMENT_3D('',#5715,#5716,#5717);
#5715 = CARTESIAN_POINT('',(-5.6,1.87500038147,0.2));
#5716 = DIRECTION('',(0.,1.,0.));
#5717 = DIRECTION('',(-0.,-0.,-1.));
#5718 = ADVANCED_FACE('',(#5719),#5737,.T.);
#5719 = FACE_BOUND('',#5720,.F.);
#5720 = EDGE_LOOP('',(#5721,#5729,#5735,#5736));
#5721 = ORIENTED_EDGE('',*,*,#5722,.F.);
#5722 = EDGE_CURVE('',#5723,#5674,#5725,.T.);
#5723 = VERTEX_POINT('',#5724);
#5724 = CARTESIAN_POINT('',(-5.,2.12500038147,0.65));
#5725 = LINE('',#5726,#5727);
#5726 = CARTESIAN_POINT('',(-5.,2.12500038147,0.65));
#5727 = VECTOR('',#5728,1.);
#5728 = DIRECTION('',(-1.,-0.,-0.));
#5729 = ORIENTED_EDGE('',*,*,#5730,.F.);
#5730 = EDGE_CURVE('',#5611,#5723,#5731,.T.);
#5731 = LINE('',#5732,#5733);
#5732 = CARTESIAN_POINT('',(-5.,1.87500038147,0.65));
#5733 = VECTOR('',#5734,1.);
#5734 = DIRECTION('',(0.,1.,0.));
#5735 = ORIENTED_EDGE('',*,*,#5618,.T.);
#5736 = ORIENTED_EDGE('',*,*,#5673,.T.);
#5737 = PLANE('',#5738);
#5738 = AXIS2_PLACEMENT_3D('',#5739,#5740,#5741);
#5739 = CARTESIAN_POINT('',(-5.,1.87500038147,0.65));
#5740 = DIRECTION('',(0.,0.,1.));
#5741 = DIRECTION('',(1.,0.,0.));
#5742 = ADVANCED_FACE('',(#5743),#5761,.T.);
#5743 = FACE_BOUND('',#5744,.F.);
#5744 = EDGE_LOOP('',(#5745,#5753,#5754,#5755));
#5745 = ORIENTED_EDGE('',*,*,#5746,.F.);
#5746 = EDGE_CURVE('',#5700,#5747,#5749,.T.);
#5747 = VERTEX_POINT('',#5748);
#5748 = CARTESIAN_POINT('',(-5.9,2.12500038147,0.1));
#5749 = LINE('',#5750,#5751);
#5750 = CARTESIAN_POINT('',(-5.25,2.12500038147,0.1));
#5751 = VECTOR('',#5752,1.);
#5752 = DIRECTION('',(-1.,-0.,-0.));
#5753 = ORIENTED_EDGE('',*,*,#5708,.F.);
#5754 = ORIENTED_EDGE('',*,*,#5552,.T.);
#5755 = ORIENTED_EDGE('',*,*,#5756,.F.);
#5756 = EDGE_CURVE('',#5747,#5553,#5757,.T.);
#5757 = LINE('',#5758,#5759);
#5758 = CARTESIAN_POINT('',(-5.9,1.67500038147,0.1));
#5759 = VECTOR('',#5760,1.);
#5760 = DIRECTION('',(-0.,-1.,-0.));
#5761 = PLANE('',#5762);
#5762 = AXIS2_PLACEMENT_3D('',#5763,#5764,#5765);
#5763 = CARTESIAN_POINT('',(-5.5,1.47500038147,0.1));
#5764 = DIRECTION('',(0.,0.,1.));
#5765 = DIRECTION('',(1.,0.,0.));
#5766 = ADVANCED_FACE('',(#5767),#5785,.F.);
#5767 = FACE_BOUND('',#5768,.T.);
#5768 = EDGE_LOOP('',(#5769,#5770,#5778,#5784));
#5769 = ORIENTED_EDGE('',*,*,#5610,.F.);
#5770 = ORIENTED_EDGE('',*,*,#5771,.F.);
#5771 = EDGE_CURVE('',#5772,#5603,#5774,.T.);
#5772 = VERTEX_POINT('',#5773);
#5773 = CARTESIAN_POINT('',(-5.,2.12500038147,0.55));
#5774 = LINE('',#5775,#5776);
#5775 = CARTESIAN_POINT('',(-5.,1.67500038147,0.55));
#5776 = VECTOR('',#5777,1.);
#5777 = DIRECTION('',(-0.,-1.,-0.));
#5778 = ORIENTED_EDGE('',*,*,#5779,.T.);
#5779 = EDGE_CURVE('',#5772,#5723,#5780,.T.);
#5780 = LINE('',#5781,#5782);
#5781 = CARTESIAN_POINT('',(-5.,2.12500038147,0.));
#5782 = VECTOR('',#5783,1.);
#5783 = DIRECTION('',(0.,0.,1.));
#5784 = ORIENTED_EDGE('',*,*,#5730,.F.);
#5785 = PLANE('',#5786);
#5786 = AXIS2_PLACEMENT_3D('',#5787,#5788,#5789);
#5787 = CARTESIAN_POINT('',(-5.,1.87500038147,0.));
#5788 = DIRECTION('',(-1.,-0.,-0.));
#5789 = DIRECTION('',(0.,0.,-1.));
#5790 = ADVANCED_FACE('',(#5791),#5809,.T.);
#5791 = FACE_BOUND('',#5792,.F.);
#5792 = EDGE_LOOP('',(#5793,#5794,#5802,#5808));
#5793 = ORIENTED_EDGE('',*,*,#5560,.F.);
#5794 = ORIENTED_EDGE('',*,*,#5795,.T.);
#5795 = EDGE_CURVE('',#5561,#5796,#5798,.T.);
#5796 = VERTEX_POINT('',#5797);
#5797 = CARTESIAN_POINT('',(-5.9,2.12500038147,0.));
#5798 = LINE('',#5799,#5800);
#5799 = CARTESIAN_POINT('',(-5.9,1.87500038147,0.));
#5800 = VECTOR('',#5801,1.);
#5801 = DIRECTION('',(0.,1.,0.));
#5802 = ORIENTED_EDGE('',*,*,#5803,.T.);
#5803 = EDGE_CURVE('',#5796,#5747,#5804,.T.);
#5804 = LINE('',#5805,#5806);
#5805 = CARTESIAN_POINT('',(-5.9,2.12500038147,0.));
#5806 = VECTOR('',#5807,1.);
#5807 = DIRECTION('',(0.,0.,1.));
#5808 = ORIENTED_EDGE('',*,*,#5756,.T.);
#5809 = PLANE('',#5810);
#5810 = AXIS2_PLACEMENT_3D('',#5811,#5812,#5813);
#5811 = CARTESIAN_POINT('',(-5.9,1.87500038147,0.));
#5812 = DIRECTION('',(-1.,-0.,-0.));
#5813 = DIRECTION('',(0.,0.,-1.));
#5814 = ADVANCED_FACE('',(#5815),#5833,.F.);
#5815 = FACE_BOUND('',#5816,.T.);
#5816 = EDGE_LOOP('',(#5817,#5818,#5826,#5832));
#5817 = ORIENTED_EDGE('',*,*,#5602,.T.);
#5818 = ORIENTED_EDGE('',*,*,#5819,.T.);
#5819 = EDGE_CURVE('',#5594,#5820,#5822,.T.);
#5820 = VERTEX_POINT('',#5821);
#5821 = CARTESIAN_POINT('',(-5.3,2.12500038147,0.55));
#5822 = LINE('',#5823,#5824);
#5823 = CARTESIAN_POINT('',(-5.3,1.87500038147,0.55));
#5824 = VECTOR('',#5825,1.);
#5825 = DIRECTION('',(0.,1.,0.));
#5826 = ORIENTED_EDGE('',*,*,#5827,.F.);
#5827 = EDGE_CURVE('',#5772,#5820,#5828,.T.);
#5828 = LINE('',#5829,#5830);
#5829 = CARTESIAN_POINT('',(-4.5,2.12500038147,0.55));
#5830 = VECTOR('',#5831,1.);
#5831 = DIRECTION('',(-1.,-0.,-0.));
#5832 = ORIENTED_EDGE('',*,*,#5771,.T.);
#5833 = PLANE('',#5834);
#5834 = AXIS2_PLACEMENT_3D('',#5835,#5836,#5837);
#5835 = CARTESIAN_POINT('',(-4.,1.47500038147,0.55));
#5836 = DIRECTION('',(0.,0.,1.));
#5837 = DIRECTION('',(1.,0.,0.));
#5838 = ADVANCED_FACE('',(#5839),#5857,.F.);
#5839 = FACE_BOUND('',#5840,.T.);
#5840 = EDGE_LOOP('',(#5841,#5849,#5855,#5856));
#5841 = ORIENTED_EDGE('',*,*,#5842,.F.);
#5842 = EDGE_CURVE('',#5843,#5796,#5845,.T.);
#5843 = VERTEX_POINT('',#5844);
#5844 = CARTESIAN_POINT('',(-5.6,2.12500038147,-2.775557561563E-17));
#5845 = LINE('',#5846,#5847);
#5846 = CARTESIAN_POINT('',(-5.,2.12500038147,0.));
#5847 = VECTOR('',#5848,1.);
#5848 = DIRECTION('',(-1.,-0.,-0.));
#5849 = ORIENTED_EDGE('',*,*,#5850,.F.);
#5850 = EDGE_CURVE('',#5569,#5843,#5851,.T.);
#5851 = LINE('',#5852,#5853);
#5852 = CARTESIAN_POINT('',(-5.6,1.87500038147,-2.775557561563E-17));
#5853 = VECTOR('',#5854,1.);
#5854 = DIRECTION('',(0.,1.,0.));
#5855 = ORIENTED_EDGE('',*,*,#5568,.T.);
#5856 = ORIENTED_EDGE('',*,*,#5795,.T.);
#5857 = PLANE('',#5858);
#5858 = AXIS2_PLACEMENT_3D('',#5859,#5860,#5861);
#5859 = CARTESIAN_POINT('',(-5.,1.87500038147,0.));
#5860 = DIRECTION('',(0.,0.,1.));
#5861 = DIRECTION('',(1.,0.,0.));
#5862 = ADVANCED_FACE('',(#5863),#5882,.F.);
#5863 = FACE_BOUND('',#5864,.T.);
#5864 = EDGE_LOOP('',(#5865,#5866,#5874,#5881));
#5865 = ORIENTED_EDGE('',*,*,#5593,.T.);
#5866 = ORIENTED_EDGE('',*,*,#5867,.T.);
#5867 = EDGE_CURVE('',#5586,#5868,#5870,.T.);
#5868 = VERTEX_POINT('',#5869);
#5869 = CARTESIAN_POINT('',(-5.4,2.12500038147,0.45));
#5870 = LINE('',#5871,#5872);
#5871 = CARTESIAN_POINT('',(-5.4,1.87500038147,0.45));
#5872 = VECTOR('',#5873,1.);
#5873 = DIRECTION('',(0.,1.,0.));
#5874 = ORIENTED_EDGE('',*,*,#5875,.F.);
#5875 = EDGE_CURVE('',#5820,#5868,#5876,.T.);
#5876 = CIRCLE('',#5877,0.1);
#5877 = AXIS2_PLACEMENT_3D('',#5878,#5879,#5880);
#5878 = CARTESIAN_POINT('',(-5.3,2.12500038147,0.45));
#5879 = DIRECTION('',(0.,-1.,0.));
#5880 = DIRECTION('',(0.,0.,1.));
#5881 = ORIENTED_EDGE('',*,*,#5819,.F.);
#5882 = CYLINDRICAL_SURFACE('',#5883,0.1);
#5883 = AXIS2_PLACEMENT_3D('',#5884,#5885,#5886);
#5884 = CARTESIAN_POINT('',(-5.3,1.87500038147,0.45));
#5885 = DIRECTION('',(0.,1.,0.));
#5886 = DIRECTION('',(0.,0.,1.));
#5887 = ADVANCED_FACE('',(#5888),#5907,.T.);
#5888 = FACE_BOUND('',#5889,.F.);
#5889 = EDGE_LOOP('',(#5890,#5891,#5899,#5906));
#5890 = ORIENTED_EDGE('',*,*,#5576,.T.);
#5891 = ORIENTED_EDGE('',*,*,#5892,.T.);
#5892 = EDGE_CURVE('',#5577,#5893,#5895,.T.);
#5893 = VERTEX_POINT('',#5894);
#5894 = CARTESIAN_POINT('',(-5.4,2.12500038147,0.2));
#5895 = LINE('',#5896,#5897);
#5896 = CARTESIAN_POINT('',(-5.4,1.87500038147,0.2));
#5897 = VECTOR('',#5898,1.);
#5898 = DIRECTION('',(0.,1.,0.));
#5899 = ORIENTED_EDGE('',*,*,#5900,.F.);
#5900 = EDGE_CURVE('',#5843,#5893,#5901,.T.);
#5901 = CIRCLE('',#5902,0.2);
#5902 = AXIS2_PLACEMENT_3D('',#5903,#5904,#5905);
#5903 = CARTESIAN_POINT('',(-5.6,2.12500038147,0.2));
#5904 = DIRECTION('',(0.,-1.,0.));
#5905 = DIRECTION('',(0.,0.,1.));
#5906 = ORIENTED_EDGE('',*,*,#5850,.F.);
#5907 = CYLINDRICAL_SURFACE('',#5908,0.2);
#5908 = AXIS2_PLACEMENT_3D('',#5909,#5910,#5911);
#5909 = CARTESIAN_POINT('',(-5.6,1.87500038147,0.2));
#5910 = DIRECTION('',(0.,1.,0.));
#5911 = DIRECTION('',(-0.,-0.,-1.));
#5912 = ADVANCED_FACE('',(#5913),#5924,.F.);
#5913 = FACE_BOUND('',#5914,.T.);
#5914 = EDGE_LOOP('',(#5915,#5921,#5922,#5923));
#5915 = ORIENTED_EDGE('',*,*,#5916,.F.);
#5916 = EDGE_CURVE('',#5868,#5893,#5917,.T.);
#5917 = LINE('',#5918,#5919);
#5918 = CARTESIAN_POINT('',(-5.4,2.12500038147,-5.E-02));
#5919 = VECTOR('',#5920,1.);
#5920 = DIRECTION('',(-0.,-0.,-1.));
#5921 = ORIENTED_EDGE('',*,*,#5867,.F.);
#5922 = ORIENTED_EDGE('',*,*,#5585,.T.);
#5923 = ORIENTED_EDGE('',*,*,#5892,.T.);
#5924 = PLANE('',#5925);
#5925 = AXIS2_PLACEMENT_3D('',#5926,#5927,#5928);
#5926 = CARTESIAN_POINT('',(-5.4,1.47500038147,-0.1));
#5927 = DIRECTION('',(-1.,-0.,-0.));
#5928 = DIRECTION('',(0.,0.,-1.));
#5929 = ADVANCED_FACE('',(#5930),#5944,.T.);
#5930 = FACE_BOUND('',#5931,.F.);
#5931 = EDGE_LOOP('',(#5932,#5933,#5934,#5935,#5936,#5937,#5938,#5939,
    #5940,#5941,#5942,#5943));
#5932 = ORIENTED_EDGE('',*,*,#5650,.T.);
#5933 = ORIENTED_EDGE('',*,*,#5699,.F.);
#5934 = ORIENTED_EDGE('',*,*,#5746,.T.);
#5935 = ORIENTED_EDGE('',*,*,#5803,.F.);
#5936 = ORIENTED_EDGE('',*,*,#5842,.F.);
#5937 = ORIENTED_EDGE('',*,*,#5900,.T.);
#5938 = ORIENTED_EDGE('',*,*,#5916,.F.);
#5939 = ORIENTED_EDGE('',*,*,#5875,.F.);
#5940 = ORIENTED_EDGE('',*,*,#5827,.F.);
#5941 = ORIENTED_EDGE('',*,*,#5779,.T.);
#5942 = ORIENTED_EDGE('',*,*,#5722,.T.);
#5943 = ORIENTED_EDGE('',*,*,#5681,.F.);
#5944 = PLANE('',#5945);
#5945 = AXIS2_PLACEMENT_3D('',#5946,#5947,#5948);
#5946 = CARTESIAN_POINT('',(-5.,2.12500038147,0.));
#5947 = DIRECTION('',(0.,1.,0.));
#5948 = DIRECTION('',(0.,0.,-1.));
#5949 = MANIFOLD_SOLID_BREP('',#5950);
#5950 = CLOSED_SHELL('',(#5951,#6059,#6090,#6115,#6140,#6164,#6188,#6212
    ,#6236,#6260,#6284,#6309,#6334,#6351));
#5951 = ADVANCED_FACE('',(#5952),#6054,.F.);
#5952 = FACE_BOUND('',#5953,.T.);
#5953 = EDGE_LOOP('',(#5954,#5964,#5973,#5981,#5989,#5997,#6006,#6014,
    #6023,#6031,#6039,#6047));
#5954 = ORIENTED_EDGE('',*,*,#5955,.T.);
#5955 = EDGE_CURVE('',#5956,#5958,#5960,.T.);
#5956 = VERTEX_POINT('',#5957);
#5957 = CARTESIAN_POINT('',(-5.5,2.67500038147,0.45));
#5958 = VERTEX_POINT('',#5959);
#5959 = CARTESIAN_POINT('',(-5.5,2.67500038147,0.2));
#5960 = LINE('',#5961,#5962);
#5961 = CARTESIAN_POINT('',(-5.5,2.67500038147,5.E-02));
#5962 = VECTOR('',#5963,1.);
#5963 = DIRECTION('',(-0.,-0.,-1.));
#5964 = ORIENTED_EDGE('',*,*,#5965,.F.);
#5965 = EDGE_CURVE('',#5966,#5958,#5968,.T.);
#5966 = VERTEX_POINT('',#5967);
#5967 = CARTESIAN_POINT('',(-5.6,2.67500038147,0.1));
#5968 = CIRCLE('',#5969,0.1);
#5969 = AXIS2_PLACEMENT_3D('',#5970,#5971,#5972);
#5970 = CARTESIAN_POINT('',(-5.6,2.67500038147,0.2));
#5971 = DIRECTION('',(0.,-1.,0.));
#5972 = DIRECTION('',(0.,0.,1.));
#5973 = ORIENTED_EDGE('',*,*,#5974,.T.);
#5974 = EDGE_CURVE('',#5966,#5975,#5977,.T.);
#5975 = VERTEX_POINT('',#5976);
#5976 = CARTESIAN_POINT('',(-5.9,2.67500038147,0.1));
#5977 = LINE('',#5978,#5979);
#5978 = CARTESIAN_POINT('',(-5.25,2.67500038147,0.1));
#5979 = VECTOR('',#5980,1.);
#5980 = DIRECTION('',(-1.,-0.,-0.));
#5981 = ORIENTED_EDGE('',*,*,#5982,.F.);
#5982 = EDGE_CURVE('',#5983,#5975,#5985,.T.);
#5983 = VERTEX_POINT('',#5984);
#5984 = CARTESIAN_POINT('',(-5.9,2.67500038147,0.));
#5985 = LINE('',#5986,#5987);
#5986 = CARTESIAN_POINT('',(-5.9,2.67500038147,0.));
#5987 = VECTOR('',#5988,1.);
#5988 = DIRECTION('',(0.,0.,1.));
#5989 = ORIENTED_EDGE('',*,*,#5990,.F.);
#5990 = EDGE_CURVE('',#5991,#5983,#5993,.T.);
#5991 = VERTEX_POINT('',#5992);
#5992 = CARTESIAN_POINT('',(-5.6,2.67500038147,-2.775557561563E-17));
#5993 = LINE('',#5994,#5995);
#5994 = CARTESIAN_POINT('',(-5.,2.67500038147,0.));
#5995 = VECTOR('',#5996,1.);
#5996 = DIRECTION('',(-1.,-0.,-0.));
#5997 = ORIENTED_EDGE('',*,*,#5998,.T.);
#5998 = EDGE_CURVE('',#5991,#5999,#6001,.T.);
#5999 = VERTEX_POINT('',#6000);
#6000 = CARTESIAN_POINT('',(-5.4,2.67500038147,0.2));
#6001 = CIRCLE('',#6002,0.2);
#6002 = AXIS2_PLACEMENT_3D('',#6003,#6004,#6005);
#6003 = CARTESIAN_POINT('',(-5.6,2.67500038147,0.2));
#6004 = DIRECTION('',(0.,-1.,0.));
#6005 = DIRECTION('',(0.,0.,1.));
#6006 = ORIENTED_EDGE('',*,*,#6007,.F.);
#6007 = EDGE_CURVE('',#6008,#5999,#6010,.T.);
#6008 = VERTEX_POINT('',#6009);
#6009 = CARTESIAN_POINT('',(-5.4,2.67500038147,0.45));
#6010 = LINE('',#6011,#6012);
#6011 = CARTESIAN_POINT('',(-5.4,2.67500038147,-5.E-02));
#6012 = VECTOR('',#6013,1.);
#6013 = DIRECTION('',(-0.,-0.,-1.));
#6014 = ORIENTED_EDGE('',*,*,#6015,.F.);
#6015 = EDGE_CURVE('',#6016,#6008,#6018,.T.);
#6016 = VERTEX_POINT('',#6017);
#6017 = CARTESIAN_POINT('',(-5.3,2.67500038147,0.55));
#6018 = CIRCLE('',#6019,0.1);
#6019 = AXIS2_PLACEMENT_3D('',#6020,#6021,#6022);
#6020 = CARTESIAN_POINT('',(-5.3,2.67500038147,0.45));
#6021 = DIRECTION('',(0.,-1.,0.));
#6022 = DIRECTION('',(0.,0.,1.));
#6023 = ORIENTED_EDGE('',*,*,#6024,.F.);
#6024 = EDGE_CURVE('',#6025,#6016,#6027,.T.);
#6025 = VERTEX_POINT('',#6026);
#6026 = CARTESIAN_POINT('',(-5.,2.67500038147,0.55));
#6027 = LINE('',#6028,#6029);
#6028 = CARTESIAN_POINT('',(-4.5,2.67500038147,0.55));
#6029 = VECTOR('',#6030,1.);
#6030 = DIRECTION('',(-1.,-0.,-0.));
#6031 = ORIENTED_EDGE('',*,*,#6032,.T.);
#6032 = EDGE_CURVE('',#6025,#6033,#6035,.T.);
#6033 = VERTEX_POINT('',#6034);
#6034 = CARTESIAN_POINT('',(-5.,2.67500038147,0.65));
#6035 = LINE('',#6036,#6037);
#6036 = CARTESIAN_POINT('',(-5.,2.67500038147,0.));
#6037 = VECTOR('',#6038,1.);
#6038 = DIRECTION('',(0.,0.,1.));
#6039 = ORIENTED_EDGE('',*,*,#6040,.T.);
#6040 = EDGE_CURVE('',#6033,#6041,#6043,.T.);
#6041 = VERTEX_POINT('',#6042);
#6042 = CARTESIAN_POINT('',(-5.3,2.67500038147,0.65));
#6043 = LINE('',#6044,#6045);
#6044 = CARTESIAN_POINT('',(-5.,2.67500038147,0.65));
#6045 = VECTOR('',#6046,1.);
#6046 = DIRECTION('',(-1.,-0.,-0.));
#6047 = ORIENTED_EDGE('',*,*,#6048,.F.);
#6048 = EDGE_CURVE('',#5956,#6041,#6049,.T.);
#6049 = CIRCLE('',#6050,0.2);
#6050 = AXIS2_PLACEMENT_3D('',#6051,#6052,#6053);
#6051 = CARTESIAN_POINT('',(-5.3,2.67500038147,0.45));
#6052 = DIRECTION('',(0.,1.,0.));
#6053 = DIRECTION('',(0.,0.,1.));
#6054 = PLANE('',#6055);
#6055 = AXIS2_PLACEMENT_3D('',#6056,#6057,#6058);
#6056 = CARTESIAN_POINT('',(-5.,2.67500038147,0.));
#6057 = DIRECTION('',(0.,1.,0.));
#6058 = DIRECTION('',(0.,0.,-1.));
#6059 = ADVANCED_FACE('',(#6060),#6085,.T.);
#6060 = FACE_BOUND('',#6061,.F.);
#6061 = EDGE_LOOP('',(#6062,#6063,#6071,#6079));
#6062 = ORIENTED_EDGE('',*,*,#5955,.T.);
#6063 = ORIENTED_EDGE('',*,*,#6064,.T.);
#6064 = EDGE_CURVE('',#5958,#6065,#6067,.T.);
#6065 = VERTEX_POINT('',#6066);
#6066 = CARTESIAN_POINT('',(-5.5,2.92500038147,0.2));
#6067 = LINE('',#6068,#6069);
#6068 = CARTESIAN_POINT('',(-5.5,2.67500038147,0.2));
#6069 = VECTOR('',#6070,1.);
#6070 = DIRECTION('',(0.,1.,0.));
#6071 = ORIENTED_EDGE('',*,*,#6072,.F.);
#6072 = EDGE_CURVE('',#6073,#6065,#6075,.T.);
#6073 = VERTEX_POINT('',#6074);
#6074 = CARTESIAN_POINT('',(-5.5,2.92500038147,0.45));
#6075 = LINE('',#6076,#6077);
#6076 = CARTESIAN_POINT('',(-5.5,2.92500038147,5.E-02));
#6077 = VECTOR('',#6078,1.);
#6078 = DIRECTION('',(-0.,-0.,-1.));
#6079 = ORIENTED_EDGE('',*,*,#6080,.F.);
#6080 = EDGE_CURVE('',#5956,#6073,#6081,.T.);
#6081 = LINE('',#6082,#6083);
#6082 = CARTESIAN_POINT('',(-5.5,2.67500038147,0.45));
#6083 = VECTOR('',#6084,1.);
#6084 = DIRECTION('',(0.,1.,0.));
#6085 = PLANE('',#6086);
#6086 = AXIS2_PLACEMENT_3D('',#6087,#6088,#6089);
#6087 = CARTESIAN_POINT('',(-5.5,2.27500038147,0.1));
#6088 = DIRECTION('',(-1.,-0.,-0.));
#6089 = DIRECTION('',(0.,0.,-1.));
#6090 = ADVANCED_FACE('',(#6091),#6110,.T.);
#6091 = FACE_BOUND('',#6092,.T.);
#6092 = EDGE_LOOP('',(#6093,#6094,#6102,#6109));
#6093 = ORIENTED_EDGE('',*,*,#6048,.T.);
#6094 = ORIENTED_EDGE('',*,*,#6095,.T.);
#6095 = EDGE_CURVE('',#6041,#6096,#6098,.T.);
#6096 = VERTEX_POINT('',#6097);
#6097 = CARTESIAN_POINT('',(-5.3,2.92500038147,0.65));
#6098 = LINE('',#6099,#6100);
#6099 = CARTESIAN_POINT('',(-5.3,2.67500038147,0.65));
#6100 = VECTOR('',#6101,1.);
#6101 = DIRECTION('',(0.,1.,0.));
#6102 = ORIENTED_EDGE('',*,*,#6103,.F.);
#6103 = EDGE_CURVE('',#6073,#6096,#6104,.T.);
#6104 = CIRCLE('',#6105,0.2);
#6105 = AXIS2_PLACEMENT_3D('',#6106,#6107,#6108);
#6106 = CARTESIAN_POINT('',(-5.3,2.92500038147,0.45));
#6107 = DIRECTION('',(0.,1.,0.));
#6108 = DIRECTION('',(0.,0.,1.));
#6109 = ORIENTED_EDGE('',*,*,#6080,.F.);
#6110 = CYLINDRICAL_SURFACE('',#6111,0.2);
#6111 = AXIS2_PLACEMENT_3D('',#6112,#6113,#6114);
#6112 = CARTESIAN_POINT('',(-5.3,2.67500038147,0.45));
#6113 = DIRECTION('',(0.,1.,0.));
#6114 = DIRECTION('',(-1.,-0.,-0.));
#6115 = ADVANCED_FACE('',(#6116),#6135,.F.);
#6116 = FACE_BOUND('',#6117,.T.);
#6117 = EDGE_LOOP('',(#6118,#6119,#6120,#6129));
#6118 = ORIENTED_EDGE('',*,*,#5965,.T.);
#6119 = ORIENTED_EDGE('',*,*,#6064,.T.);
#6120 = ORIENTED_EDGE('',*,*,#6121,.F.);
#6121 = EDGE_CURVE('',#6122,#6065,#6124,.T.);
#6122 = VERTEX_POINT('',#6123);
#6123 = CARTESIAN_POINT('',(-5.6,2.92500038147,0.1));
#6124 = CIRCLE('',#6125,0.1);
#6125 = AXIS2_PLACEMENT_3D('',#6126,#6127,#6128);
#6126 = CARTESIAN_POINT('',(-5.6,2.92500038147,0.2));
#6127 = DIRECTION('',(0.,-1.,0.));
#6128 = DIRECTION('',(0.,0.,1.));
#6129 = ORIENTED_EDGE('',*,*,#6130,.F.);
#6130 = EDGE_CURVE('',#5966,#6122,#6131,.T.);
#6131 = LINE('',#6132,#6133);
#6132 = CARTESIAN_POINT('',(-5.6,2.67500038147,0.1));
#6133 = VECTOR('',#6134,1.);
#6134 = DIRECTION('',(0.,1.,0.));
#6135 = CYLINDRICAL_SURFACE('',#6136,0.1);
#6136 = AXIS2_PLACEMENT_3D('',#6137,#6138,#6139);
#6137 = CARTESIAN_POINT('',(-5.6,2.67500038147,0.2));
#6138 = DIRECTION('',(0.,1.,0.));
#6139 = DIRECTION('',(-0.,-0.,-1.));
#6140 = ADVANCED_FACE('',(#6141),#6159,.T.);
#6141 = FACE_BOUND('',#6142,.F.);
#6142 = EDGE_LOOP('',(#6143,#6151,#6157,#6158));
#6143 = ORIENTED_EDGE('',*,*,#6144,.F.);
#6144 = EDGE_CURVE('',#6145,#6096,#6147,.T.);
#6145 = VERTEX_POINT('',#6146);
#6146 = CARTESIAN_POINT('',(-5.,2.92500038147,0.65));
#6147 = LINE('',#6148,#6149);
#6148 = CARTESIAN_POINT('',(-5.,2.92500038147,0.65));
#6149 = VECTOR('',#6150,1.);
#6150 = DIRECTION('',(-1.,-0.,-0.));
#6151 = ORIENTED_EDGE('',*,*,#6152,.F.);
#6152 = EDGE_CURVE('',#6033,#6145,#6153,.T.);
#6153 = LINE('',#6154,#6155);
#6154 = CARTESIAN_POINT('',(-5.,2.67500038147,0.65));
#6155 = VECTOR('',#6156,1.);
#6156 = DIRECTION('',(0.,1.,0.));
#6157 = ORIENTED_EDGE('',*,*,#6040,.T.);
#6158 = ORIENTED_EDGE('',*,*,#6095,.T.);
#6159 = PLANE('',#6160);
#6160 = AXIS2_PLACEMENT_3D('',#6161,#6162,#6163);
#6161 = CARTESIAN_POINT('',(-5.,2.67500038147,0.65));
#6162 = DIRECTION('',(0.,0.,1.));
#6163 = DIRECTION('',(1.,0.,0.));
#6164 = ADVANCED_FACE('',(#6165),#6183,.T.);
#6165 = FACE_BOUND('',#6166,.F.);
#6166 = EDGE_LOOP('',(#6167,#6175,#6176,#6177));
#6167 = ORIENTED_EDGE('',*,*,#6168,.F.);
#6168 = EDGE_CURVE('',#6122,#6169,#6171,.T.);
#6169 = VERTEX_POINT('',#6170);
#6170 = CARTESIAN_POINT('',(-5.9,2.92500038147,0.1));
#6171 = LINE('',#6172,#6173);
#6172 = CARTESIAN_POINT('',(-5.25,2.92500038147,0.1));
#6173 = VECTOR('',#6174,1.);
#6174 = DIRECTION('',(-1.,-0.,-0.));
#6175 = ORIENTED_EDGE('',*,*,#6130,.F.);
#6176 = ORIENTED_EDGE('',*,*,#5974,.T.);
#6177 = ORIENTED_EDGE('',*,*,#6178,.F.);
#6178 = EDGE_CURVE('',#6169,#5975,#6179,.T.);
#6179 = LINE('',#6180,#6181);
#6180 = CARTESIAN_POINT('',(-5.9,2.47500038147,0.1));
#6181 = VECTOR('',#6182,1.);
#6182 = DIRECTION('',(-0.,-1.,-0.));
#6183 = PLANE('',#6184);
#6184 = AXIS2_PLACEMENT_3D('',#6185,#6186,#6187);
#6185 = CARTESIAN_POINT('',(-5.5,2.27500038147,0.1));
#6186 = DIRECTION('',(0.,0.,1.));
#6187 = DIRECTION('',(1.,0.,0.));
#6188 = ADVANCED_FACE('',(#6189),#6207,.F.);
#6189 = FACE_BOUND('',#6190,.T.);
#6190 = EDGE_LOOP('',(#6191,#6192,#6200,#6206));
#6191 = ORIENTED_EDGE('',*,*,#6032,.F.);
#6192 = ORIENTED_EDGE('',*,*,#6193,.F.);
#6193 = EDGE_CURVE('',#6194,#6025,#6196,.T.);
#6194 = VERTEX_POINT('',#6195);
#6195 = CARTESIAN_POINT('',(-5.,2.92500038147,0.55));
#6196 = LINE('',#6197,#6198);
#6197 = CARTESIAN_POINT('',(-5.,2.47500038147,0.55));
#6198 = VECTOR('',#6199,1.);
#6199 = DIRECTION('',(-0.,-1.,-0.));
#6200 = ORIENTED_EDGE('',*,*,#6201,.T.);
#6201 = EDGE_CURVE('',#6194,#6145,#6202,.T.);
#6202 = LINE('',#6203,#6204);
#6203 = CARTESIAN_POINT('',(-5.,2.92500038147,0.));
#6204 = VECTOR('',#6205,1.);
#6205 = DIRECTION('',(0.,0.,1.));
#6206 = ORIENTED_EDGE('',*,*,#6152,.F.);
#6207 = PLANE('',#6208);
#6208 = AXIS2_PLACEMENT_3D('',#6209,#6210,#6211);
#6209 = CARTESIAN_POINT('',(-5.,2.67500038147,0.));
#6210 = DIRECTION('',(-1.,-0.,-0.));
#6211 = DIRECTION('',(0.,0.,-1.));
#6212 = ADVANCED_FACE('',(#6213),#6231,.T.);
#6213 = FACE_BOUND('',#6214,.F.);
#6214 = EDGE_LOOP('',(#6215,#6216,#6224,#6230));
#6215 = ORIENTED_EDGE('',*,*,#5982,.F.);
#6216 = ORIENTED_EDGE('',*,*,#6217,.T.);
#6217 = EDGE_CURVE('',#5983,#6218,#6220,.T.);
#6218 = VERTEX_POINT('',#6219);
#6219 = CARTESIAN_POINT('',(-5.9,2.92500038147,0.));
#6220 = LINE('',#6221,#6222);
#6221 = CARTESIAN_POINT('',(-5.9,2.67500038147,0.));
#6222 = VECTOR('',#6223,1.);
#6223 = DIRECTION('',(0.,1.,0.));
#6224 = ORIENTED_EDGE('',*,*,#6225,.T.);
#6225 = EDGE_CURVE('',#6218,#6169,#6226,.T.);
#6226 = LINE('',#6227,#6228);
#6227 = CARTESIAN_POINT('',(-5.9,2.92500038147,0.));
#6228 = VECTOR('',#6229,1.);
#6229 = DIRECTION('',(0.,0.,1.));
#6230 = ORIENTED_EDGE('',*,*,#6178,.T.);
#6231 = PLANE('',#6232);
#6232 = AXIS2_PLACEMENT_3D('',#6233,#6234,#6235);
#6233 = CARTESIAN_POINT('',(-5.9,2.67500038147,0.));
#6234 = DIRECTION('',(-1.,-0.,-0.));
#6235 = DIRECTION('',(0.,0.,-1.));
#6236 = ADVANCED_FACE('',(#6237),#6255,.F.);
#6237 = FACE_BOUND('',#6238,.T.);
#6238 = EDGE_LOOP('',(#6239,#6240,#6248,#6254));
#6239 = ORIENTED_EDGE('',*,*,#6024,.T.);
#6240 = ORIENTED_EDGE('',*,*,#6241,.T.);
#6241 = EDGE_CURVE('',#6016,#6242,#6244,.T.);
#6242 = VERTEX_POINT('',#6243);
#6243 = CARTESIAN_POINT('',(-5.3,2.92500038147,0.55));
#6244 = LINE('',#6245,#6246);
#6245 = CARTESIAN_POINT('',(-5.3,2.67500038147,0.55));
#6246 = VECTOR('',#6247,1.);
#6247 = DIRECTION('',(0.,1.,0.));
#6248 = ORIENTED_EDGE('',*,*,#6249,.F.);
#6249 = EDGE_CURVE('',#6194,#6242,#6250,.T.);
#6250 = LINE('',#6251,#6252);
#6251 = CARTESIAN_POINT('',(-4.5,2.92500038147,0.55));
#6252 = VECTOR('',#6253,1.);
#6253 = DIRECTION('',(-1.,-0.,-0.));
#6254 = ORIENTED_EDGE('',*,*,#6193,.T.);
#6255 = PLANE('',#6256);
#6256 = AXIS2_PLACEMENT_3D('',#6257,#6258,#6259);
#6257 = CARTESIAN_POINT('',(-4.,2.27500038147,0.55));
#6258 = DIRECTION('',(0.,0.,1.));
#6259 = DIRECTION('',(1.,0.,0.));
#6260 = ADVANCED_FACE('',(#6261),#6279,.F.);
#6261 = FACE_BOUND('',#6262,.T.);
#6262 = EDGE_LOOP('',(#6263,#6271,#6277,#6278));
#6263 = ORIENTED_EDGE('',*,*,#6264,.F.);
#6264 = EDGE_CURVE('',#6265,#6218,#6267,.T.);
#6265 = VERTEX_POINT('',#6266);
#6266 = CARTESIAN_POINT('',(-5.6,2.92500038147,-2.775557561563E-17));
#6267 = LINE('',#6268,#6269);
#6268 = CARTESIAN_POINT('',(-5.,2.92500038147,0.));
#6269 = VECTOR('',#6270,1.);
#6270 = DIRECTION('',(-1.,-0.,-0.));
#6271 = ORIENTED_EDGE('',*,*,#6272,.F.);
#6272 = EDGE_CURVE('',#5991,#6265,#6273,.T.);
#6273 = LINE('',#6274,#6275);
#6274 = CARTESIAN_POINT('',(-5.6,2.67500038147,-2.775557561563E-17));
#6275 = VECTOR('',#6276,1.);
#6276 = DIRECTION('',(0.,1.,0.));
#6277 = ORIENTED_EDGE('',*,*,#5990,.T.);
#6278 = ORIENTED_EDGE('',*,*,#6217,.T.);
#6279 = PLANE('',#6280);
#6280 = AXIS2_PLACEMENT_3D('',#6281,#6282,#6283);
#6281 = CARTESIAN_POINT('',(-5.,2.67500038147,0.));
#6282 = DIRECTION('',(0.,0.,1.));
#6283 = DIRECTION('',(1.,0.,0.));
#6284 = ADVANCED_FACE('',(#6285),#6304,.F.);
#6285 = FACE_BOUND('',#6286,.T.);
#6286 = EDGE_LOOP('',(#6287,#6288,#6296,#6303));
#6287 = ORIENTED_EDGE('',*,*,#6015,.T.);
#6288 = ORIENTED_EDGE('',*,*,#6289,.T.);
#6289 = EDGE_CURVE('',#6008,#6290,#6292,.T.);
#6290 = VERTEX_POINT('',#6291);
#6291 = CARTESIAN_POINT('',(-5.4,2.92500038147,0.45));
#6292 = LINE('',#6293,#6294);
#6293 = CARTESIAN_POINT('',(-5.4,2.67500038147,0.45));
#6294 = VECTOR('',#6295,1.);
#6295 = DIRECTION('',(0.,1.,0.));
#6296 = ORIENTED_EDGE('',*,*,#6297,.F.);
#6297 = EDGE_CURVE('',#6242,#6290,#6298,.T.);
#6298 = CIRCLE('',#6299,0.1);
#6299 = AXIS2_PLACEMENT_3D('',#6300,#6301,#6302);
#6300 = CARTESIAN_POINT('',(-5.3,2.92500038147,0.45));
#6301 = DIRECTION('',(0.,-1.,0.));
#6302 = DIRECTION('',(0.,0.,1.));
#6303 = ORIENTED_EDGE('',*,*,#6241,.F.);
#6304 = CYLINDRICAL_SURFACE('',#6305,0.1);
#6305 = AXIS2_PLACEMENT_3D('',#6306,#6307,#6308);
#6306 = CARTESIAN_POINT('',(-5.3,2.67500038147,0.45));
#6307 = DIRECTION('',(0.,1.,0.));
#6308 = DIRECTION('',(0.,0.,1.));
#6309 = ADVANCED_FACE('',(#6310),#6329,.T.);
#6310 = FACE_BOUND('',#6311,.F.);
#6311 = EDGE_LOOP('',(#6312,#6313,#6321,#6328));
#6312 = ORIENTED_EDGE('',*,*,#5998,.T.);
#6313 = ORIENTED_EDGE('',*,*,#6314,.T.);
#6314 = EDGE_CURVE('',#5999,#6315,#6317,.T.);
#6315 = VERTEX_POINT('',#6316);
#6316 = CARTESIAN_POINT('',(-5.4,2.92500038147,0.2));
#6317 = LINE('',#6318,#6319);
#6318 = CARTESIAN_POINT('',(-5.4,2.67500038147,0.2));
#6319 = VECTOR('',#6320,1.);
#6320 = DIRECTION('',(0.,1.,0.));
#6321 = ORIENTED_EDGE('',*,*,#6322,.F.);
#6322 = EDGE_CURVE('',#6265,#6315,#6323,.T.);
#6323 = CIRCLE('',#6324,0.2);
#6324 = AXIS2_PLACEMENT_3D('',#6325,#6326,#6327);
#6325 = CARTESIAN_POINT('',(-5.6,2.92500038147,0.2));
#6326 = DIRECTION('',(0.,-1.,0.));
#6327 = DIRECTION('',(0.,0.,1.));
#6328 = ORIENTED_EDGE('',*,*,#6272,.F.);
#6329 = CYLINDRICAL_SURFACE('',#6330,0.2);
#6330 = AXIS2_PLACEMENT_3D('',#6331,#6332,#6333);
#6331 = CARTESIAN_POINT('',(-5.6,2.67500038147,0.2));
#6332 = DIRECTION('',(0.,1.,0.));
#6333 = DIRECTION('',(-0.,-0.,-1.));
#6334 = ADVANCED_FACE('',(#6335),#6346,.F.);
#6335 = FACE_BOUND('',#6336,.T.);
#6336 = EDGE_LOOP('',(#6337,#6343,#6344,#6345));
#6337 = ORIENTED_EDGE('',*,*,#6338,.F.);
#6338 = EDGE_CURVE('',#6290,#6315,#6339,.T.);
#6339 = LINE('',#6340,#6341);
#6340 = CARTESIAN_POINT('',(-5.4,2.92500038147,-5.E-02));
#6341 = VECTOR('',#6342,1.);
#6342 = DIRECTION('',(-0.,-0.,-1.));
#6343 = ORIENTED_EDGE('',*,*,#6289,.F.);
#6344 = ORIENTED_EDGE('',*,*,#6007,.T.);
#6345 = ORIENTED_EDGE('',*,*,#6314,.T.);
#6346 = PLANE('',#6347);
#6347 = AXIS2_PLACEMENT_3D('',#6348,#6349,#6350);
#6348 = CARTESIAN_POINT('',(-5.4,2.27500038147,-0.1));
#6349 = DIRECTION('',(-1.,-0.,-0.));
#6350 = DIRECTION('',(0.,0.,-1.));
#6351 = ADVANCED_FACE('',(#6352),#6366,.T.);
#6352 = FACE_BOUND('',#6353,.F.);
#6353 = EDGE_LOOP('',(#6354,#6355,#6356,#6357,#6358,#6359,#6360,#6361,
    #6362,#6363,#6364,#6365));
#6354 = ORIENTED_EDGE('',*,*,#6072,.T.);
#6355 = ORIENTED_EDGE('',*,*,#6121,.F.);
#6356 = ORIENTED_EDGE('',*,*,#6168,.T.);
#6357 = ORIENTED_EDGE('',*,*,#6225,.F.);
#6358 = ORIENTED_EDGE('',*,*,#6264,.F.);
#6359 = ORIENTED_EDGE('',*,*,#6322,.T.);
#6360 = ORIENTED_EDGE('',*,*,#6338,.F.);
#6361 = ORIENTED_EDGE('',*,*,#6297,.F.);
#6362 = ORIENTED_EDGE('',*,*,#6249,.F.);
#6363 = ORIENTED_EDGE('',*,*,#6201,.T.);
#6364 = ORIENTED_EDGE('',*,*,#6144,.T.);
#6365 = ORIENTED_EDGE('',*,*,#6103,.F.);
#6366 = PLANE('',#6367);
#6367 = AXIS2_PLACEMENT_3D('',#6368,#6369,#6370);
#6368 = CARTESIAN_POINT('',(-5.,2.92500038147,0.));
#6369 = DIRECTION('',(0.,1.,0.));
#6370 = DIRECTION('',(0.,0.,-1.));
#6371 = MANIFOLD_SOLID_BREP('',#6372);
#6372 = CLOSED_SHELL('',(#6373,#6481,#6512,#6537,#6562,#6586,#6610,#6634
    ,#6658,#6682,#6706,#6731,#6756,#6773));
#6373 = ADVANCED_FACE('',(#6374),#6476,.F.);
#6374 = FACE_BOUND('',#6375,.T.);
#6375 = EDGE_LOOP('',(#6376,#6386,#6395,#6403,#6411,#6419,#6428,#6436,
    #6445,#6453,#6461,#6469));
#6376 = ORIENTED_EDGE('',*,*,#6377,.T.);
#6377 = EDGE_CURVE('',#6378,#6380,#6382,.T.);
#6378 = VERTEX_POINT('',#6379);
#6379 = CARTESIAN_POINT('',(-5.5,3.47500038147,0.45));
#6380 = VERTEX_POINT('',#6381);
#6381 = CARTESIAN_POINT('',(-5.5,3.47500038147,0.2));
#6382 = LINE('',#6383,#6384);
#6383 = CARTESIAN_POINT('',(-5.5,3.47500038147,5.E-02));
#6384 = VECTOR('',#6385,1.);
#6385 = DIRECTION('',(-0.,-0.,-1.));
#6386 = ORIENTED_EDGE('',*,*,#6387,.F.);
#6387 = EDGE_CURVE('',#6388,#6380,#6390,.T.);
#6388 = VERTEX_POINT('',#6389);
#6389 = CARTESIAN_POINT('',(-5.6,3.47500038147,0.1));
#6390 = CIRCLE('',#6391,0.1);
#6391 = AXIS2_PLACEMENT_3D('',#6392,#6393,#6394);
#6392 = CARTESIAN_POINT('',(-5.6,3.47500038147,0.2));
#6393 = DIRECTION('',(0.,-1.,0.));
#6394 = DIRECTION('',(0.,0.,1.));
#6395 = ORIENTED_EDGE('',*,*,#6396,.T.);
#6396 = EDGE_CURVE('',#6388,#6397,#6399,.T.);
#6397 = VERTEX_POINT('',#6398);
#6398 = CARTESIAN_POINT('',(-5.9,3.47500038147,0.1));
#6399 = LINE('',#6400,#6401);
#6400 = CARTESIAN_POINT('',(-5.25,3.47500038147,0.1));
#6401 = VECTOR('',#6402,1.);
#6402 = DIRECTION('',(-1.,-0.,-0.));
#6403 = ORIENTED_EDGE('',*,*,#6404,.F.);
#6404 = EDGE_CURVE('',#6405,#6397,#6407,.T.);
#6405 = VERTEX_POINT('',#6406);
#6406 = CARTESIAN_POINT('',(-5.9,3.47500038147,0.));
#6407 = LINE('',#6408,#6409);
#6408 = CARTESIAN_POINT('',(-5.9,3.47500038147,0.));
#6409 = VECTOR('',#6410,1.);
#6410 = DIRECTION('',(0.,0.,1.));
#6411 = ORIENTED_EDGE('',*,*,#6412,.F.);
#6412 = EDGE_CURVE('',#6413,#6405,#6415,.T.);
#6413 = VERTEX_POINT('',#6414);
#6414 = CARTESIAN_POINT('',(-5.6,3.47500038147,-2.775557561563E-17));
#6415 = LINE('',#6416,#6417);
#6416 = CARTESIAN_POINT('',(-5.,3.47500038147,0.));
#6417 = VECTOR('',#6418,1.);
#6418 = DIRECTION('',(-1.,-0.,-0.));
#6419 = ORIENTED_EDGE('',*,*,#6420,.T.);
#6420 = EDGE_CURVE('',#6413,#6421,#6423,.T.);
#6421 = VERTEX_POINT('',#6422);
#6422 = CARTESIAN_POINT('',(-5.4,3.47500038147,0.2));
#6423 = CIRCLE('',#6424,0.2);
#6424 = AXIS2_PLACEMENT_3D('',#6425,#6426,#6427);
#6425 = CARTESIAN_POINT('',(-5.6,3.47500038147,0.2));
#6426 = DIRECTION('',(0.,-1.,0.));
#6427 = DIRECTION('',(0.,0.,1.));
#6428 = ORIENTED_EDGE('',*,*,#6429,.F.);
#6429 = EDGE_CURVE('',#6430,#6421,#6432,.T.);
#6430 = VERTEX_POINT('',#6431);
#6431 = CARTESIAN_POINT('',(-5.4,3.47500038147,0.45));
#6432 = LINE('',#6433,#6434);
#6433 = CARTESIAN_POINT('',(-5.4,3.47500038147,-5.E-02));
#6434 = VECTOR('',#6435,1.);
#6435 = DIRECTION('',(-0.,-0.,-1.));
#6436 = ORIENTED_EDGE('',*,*,#6437,.F.);
#6437 = EDGE_CURVE('',#6438,#6430,#6440,.T.);
#6438 = VERTEX_POINT('',#6439);
#6439 = CARTESIAN_POINT('',(-5.3,3.47500038147,0.55));
#6440 = CIRCLE('',#6441,0.1);
#6441 = AXIS2_PLACEMENT_3D('',#6442,#6443,#6444);
#6442 = CARTESIAN_POINT('',(-5.3,3.47500038147,0.45));
#6443 = DIRECTION('',(0.,-1.,0.));
#6444 = DIRECTION('',(0.,0.,1.));
#6445 = ORIENTED_EDGE('',*,*,#6446,.F.);
#6446 = EDGE_CURVE('',#6447,#6438,#6449,.T.);
#6447 = VERTEX_POINT('',#6448);
#6448 = CARTESIAN_POINT('',(-5.,3.47500038147,0.55));
#6449 = LINE('',#6450,#6451);
#6450 = CARTESIAN_POINT('',(-4.5,3.47500038147,0.55));
#6451 = VECTOR('',#6452,1.);
#6452 = DIRECTION('',(-1.,-0.,-0.));
#6453 = ORIENTED_EDGE('',*,*,#6454,.T.);
#6454 = EDGE_CURVE('',#6447,#6455,#6457,.T.);
#6455 = VERTEX_POINT('',#6456);
#6456 = CARTESIAN_POINT('',(-5.,3.47500038147,0.65));
#6457 = LINE('',#6458,#6459);
#6458 = CARTESIAN_POINT('',(-5.,3.47500038147,0.));
#6459 = VECTOR('',#6460,1.);
#6460 = DIRECTION('',(0.,0.,1.));
#6461 = ORIENTED_EDGE('',*,*,#6462,.T.);
#6462 = EDGE_CURVE('',#6455,#6463,#6465,.T.);
#6463 = VERTEX_POINT('',#6464);
#6464 = CARTESIAN_POINT('',(-5.3,3.47500038147,0.65));
#6465 = LINE('',#6466,#6467);
#6466 = CARTESIAN_POINT('',(-5.,3.47500038147,0.65));
#6467 = VECTOR('',#6468,1.);
#6468 = DIRECTION('',(-1.,-0.,-0.));
#6469 = ORIENTED_EDGE('',*,*,#6470,.F.);
#6470 = EDGE_CURVE('',#6378,#6463,#6471,.T.);
#6471 = CIRCLE('',#6472,0.2);
#6472 = AXIS2_PLACEMENT_3D('',#6473,#6474,#6475);
#6473 = CARTESIAN_POINT('',(-5.3,3.47500038147,0.45));
#6474 = DIRECTION('',(0.,1.,0.));
#6475 = DIRECTION('',(0.,0.,1.));
#6476 = PLANE('',#6477);
#6477 = AXIS2_PLACEMENT_3D('',#6478,#6479,#6480);
#6478 = CARTESIAN_POINT('',(-5.,3.47500038147,0.));
#6479 = DIRECTION('',(0.,1.,0.));
#6480 = DIRECTION('',(0.,0.,-1.));
#6481 = ADVANCED_FACE('',(#6482),#6507,.T.);
#6482 = FACE_BOUND('',#6483,.F.);
#6483 = EDGE_LOOP('',(#6484,#6485,#6493,#6501));
#6484 = ORIENTED_EDGE('',*,*,#6377,.T.);
#6485 = ORIENTED_EDGE('',*,*,#6486,.T.);
#6486 = EDGE_CURVE('',#6380,#6487,#6489,.T.);
#6487 = VERTEX_POINT('',#6488);
#6488 = CARTESIAN_POINT('',(-5.5,3.72500038147,0.2));
#6489 = LINE('',#6490,#6491);
#6490 = CARTESIAN_POINT('',(-5.5,3.47500038147,0.2));
#6491 = VECTOR('',#6492,1.);
#6492 = DIRECTION('',(0.,1.,0.));
#6493 = ORIENTED_EDGE('',*,*,#6494,.F.);
#6494 = EDGE_CURVE('',#6495,#6487,#6497,.T.);
#6495 = VERTEX_POINT('',#6496);
#6496 = CARTESIAN_POINT('',(-5.5,3.72500038147,0.45));
#6497 = LINE('',#6498,#6499);
#6498 = CARTESIAN_POINT('',(-5.5,3.72500038147,5.E-02));
#6499 = VECTOR('',#6500,1.);
#6500 = DIRECTION('',(-0.,-0.,-1.));
#6501 = ORIENTED_EDGE('',*,*,#6502,.F.);
#6502 = EDGE_CURVE('',#6378,#6495,#6503,.T.);
#6503 = LINE('',#6504,#6505);
#6504 = CARTESIAN_POINT('',(-5.5,3.47500038147,0.45));
#6505 = VECTOR('',#6506,1.);
#6506 = DIRECTION('',(0.,1.,0.));
#6507 = PLANE('',#6508);
#6508 = AXIS2_PLACEMENT_3D('',#6509,#6510,#6511);
#6509 = CARTESIAN_POINT('',(-5.5,3.07500038147,0.1));
#6510 = DIRECTION('',(-1.,-0.,-0.));
#6511 = DIRECTION('',(0.,0.,-1.));
#6512 = ADVANCED_FACE('',(#6513),#6532,.T.);
#6513 = FACE_BOUND('',#6514,.T.);
#6514 = EDGE_LOOP('',(#6515,#6516,#6524,#6531));
#6515 = ORIENTED_EDGE('',*,*,#6470,.T.);
#6516 = ORIENTED_EDGE('',*,*,#6517,.T.);
#6517 = EDGE_CURVE('',#6463,#6518,#6520,.T.);
#6518 = VERTEX_POINT('',#6519);
#6519 = CARTESIAN_POINT('',(-5.3,3.72500038147,0.65));
#6520 = LINE('',#6521,#6522);
#6521 = CARTESIAN_POINT('',(-5.3,3.47500038147,0.65));
#6522 = VECTOR('',#6523,1.);
#6523 = DIRECTION('',(0.,1.,0.));
#6524 = ORIENTED_EDGE('',*,*,#6525,.F.);
#6525 = EDGE_CURVE('',#6495,#6518,#6526,.T.);
#6526 = CIRCLE('',#6527,0.2);
#6527 = AXIS2_PLACEMENT_3D('',#6528,#6529,#6530);
#6528 = CARTESIAN_POINT('',(-5.3,3.72500038147,0.45));
#6529 = DIRECTION('',(0.,1.,0.));
#6530 = DIRECTION('',(0.,0.,1.));
#6531 = ORIENTED_EDGE('',*,*,#6502,.F.);
#6532 = CYLINDRICAL_SURFACE('',#6533,0.2);
#6533 = AXIS2_PLACEMENT_3D('',#6534,#6535,#6536);
#6534 = CARTESIAN_POINT('',(-5.3,3.47500038147,0.45));
#6535 = DIRECTION('',(0.,1.,0.));
#6536 = DIRECTION('',(-1.,-0.,-0.));
#6537 = ADVANCED_FACE('',(#6538),#6557,.F.);
#6538 = FACE_BOUND('',#6539,.T.);
#6539 = EDGE_LOOP('',(#6540,#6541,#6542,#6551));
#6540 = ORIENTED_EDGE('',*,*,#6387,.T.);
#6541 = ORIENTED_EDGE('',*,*,#6486,.T.);
#6542 = ORIENTED_EDGE('',*,*,#6543,.F.);
#6543 = EDGE_CURVE('',#6544,#6487,#6546,.T.);
#6544 = VERTEX_POINT('',#6545);
#6545 = CARTESIAN_POINT('',(-5.6,3.72500038147,0.1));
#6546 = CIRCLE('',#6547,0.1);
#6547 = AXIS2_PLACEMENT_3D('',#6548,#6549,#6550);
#6548 = CARTESIAN_POINT('',(-5.6,3.72500038147,0.2));
#6549 = DIRECTION('',(0.,-1.,0.));
#6550 = DIRECTION('',(0.,0.,1.));
#6551 = ORIENTED_EDGE('',*,*,#6552,.F.);
#6552 = EDGE_CURVE('',#6388,#6544,#6553,.T.);
#6553 = LINE('',#6554,#6555);
#6554 = CARTESIAN_POINT('',(-5.6,3.47500038147,0.1));
#6555 = VECTOR('',#6556,1.);
#6556 = DIRECTION('',(0.,1.,0.));
#6557 = CYLINDRICAL_SURFACE('',#6558,0.1);
#6558 = AXIS2_PLACEMENT_3D('',#6559,#6560,#6561);
#6559 = CARTESIAN_POINT('',(-5.6,3.47500038147,0.2));
#6560 = DIRECTION('',(0.,1.,0.));
#6561 = DIRECTION('',(-0.,-0.,-1.));
#6562 = ADVANCED_FACE('',(#6563),#6581,.T.);
#6563 = FACE_BOUND('',#6564,.F.);
#6564 = EDGE_LOOP('',(#6565,#6573,#6579,#6580));
#6565 = ORIENTED_EDGE('',*,*,#6566,.F.);
#6566 = EDGE_CURVE('',#6567,#6518,#6569,.T.);
#6567 = VERTEX_POINT('',#6568);
#6568 = CARTESIAN_POINT('',(-5.,3.72500038147,0.65));
#6569 = LINE('',#6570,#6571);
#6570 = CARTESIAN_POINT('',(-5.,3.72500038147,0.65));
#6571 = VECTOR('',#6572,1.);
#6572 = DIRECTION('',(-1.,-0.,-0.));
#6573 = ORIENTED_EDGE('',*,*,#6574,.F.);
#6574 = EDGE_CURVE('',#6455,#6567,#6575,.T.);
#6575 = LINE('',#6576,#6577);
#6576 = CARTESIAN_POINT('',(-5.,3.47500038147,0.65));
#6577 = VECTOR('',#6578,1.);
#6578 = DIRECTION('',(0.,1.,0.));
#6579 = ORIENTED_EDGE('',*,*,#6462,.T.);
#6580 = ORIENTED_EDGE('',*,*,#6517,.T.);
#6581 = PLANE('',#6582);
#6582 = AXIS2_PLACEMENT_3D('',#6583,#6584,#6585);
#6583 = CARTESIAN_POINT('',(-5.,3.47500038147,0.65));
#6584 = DIRECTION('',(0.,0.,1.));
#6585 = DIRECTION('',(1.,0.,0.));
#6586 = ADVANCED_FACE('',(#6587),#6605,.T.);
#6587 = FACE_BOUND('',#6588,.F.);
#6588 = EDGE_LOOP('',(#6589,#6597,#6598,#6599));
#6589 = ORIENTED_EDGE('',*,*,#6590,.F.);
#6590 = EDGE_CURVE('',#6544,#6591,#6593,.T.);
#6591 = VERTEX_POINT('',#6592);
#6592 = CARTESIAN_POINT('',(-5.9,3.72500038147,0.1));
#6593 = LINE('',#6594,#6595);
#6594 = CARTESIAN_POINT('',(-5.25,3.72500038147,0.1));
#6595 = VECTOR('',#6596,1.);
#6596 = DIRECTION('',(-1.,-0.,-0.));
#6597 = ORIENTED_EDGE('',*,*,#6552,.F.);
#6598 = ORIENTED_EDGE('',*,*,#6396,.T.);
#6599 = ORIENTED_EDGE('',*,*,#6600,.F.);
#6600 = EDGE_CURVE('',#6591,#6397,#6601,.T.);
#6601 = LINE('',#6602,#6603);
#6602 = CARTESIAN_POINT('',(-5.9,3.27500038147,0.1));
#6603 = VECTOR('',#6604,1.);
#6604 = DIRECTION('',(-0.,-1.,-0.));
#6605 = PLANE('',#6606);
#6606 = AXIS2_PLACEMENT_3D('',#6607,#6608,#6609);
#6607 = CARTESIAN_POINT('',(-5.5,3.07500038147,0.1));
#6608 = DIRECTION('',(0.,0.,1.));
#6609 = DIRECTION('',(1.,0.,0.));
#6610 = ADVANCED_FACE('',(#6611),#6629,.F.);
#6611 = FACE_BOUND('',#6612,.T.);
#6612 = EDGE_LOOP('',(#6613,#6614,#6622,#6628));
#6613 = ORIENTED_EDGE('',*,*,#6454,.F.);
#6614 = ORIENTED_EDGE('',*,*,#6615,.F.);
#6615 = EDGE_CURVE('',#6616,#6447,#6618,.T.);
#6616 = VERTEX_POINT('',#6617);
#6617 = CARTESIAN_POINT('',(-5.,3.72500038147,0.55));
#6618 = LINE('',#6619,#6620);
#6619 = CARTESIAN_POINT('',(-5.,3.27500038147,0.55));
#6620 = VECTOR('',#6621,1.);
#6621 = DIRECTION('',(-0.,-1.,-0.));
#6622 = ORIENTED_EDGE('',*,*,#6623,.T.);
#6623 = EDGE_CURVE('',#6616,#6567,#6624,.T.);
#6624 = LINE('',#6625,#6626);
#6625 = CARTESIAN_POINT('',(-5.,3.72500038147,0.));
#6626 = VECTOR('',#6627,1.);
#6627 = DIRECTION('',(0.,0.,1.));
#6628 = ORIENTED_EDGE('',*,*,#6574,.F.);
#6629 = PLANE('',#6630);
#6630 = AXIS2_PLACEMENT_3D('',#6631,#6632,#6633);
#6631 = CARTESIAN_POINT('',(-5.,3.47500038147,0.));
#6632 = DIRECTION('',(-1.,-0.,-0.));
#6633 = DIRECTION('',(0.,0.,-1.));
#6634 = ADVANCED_FACE('',(#6635),#6653,.T.);
#6635 = FACE_BOUND('',#6636,.F.);
#6636 = EDGE_LOOP('',(#6637,#6638,#6646,#6652));
#6637 = ORIENTED_EDGE('',*,*,#6404,.F.);
#6638 = ORIENTED_EDGE('',*,*,#6639,.T.);
#6639 = EDGE_CURVE('',#6405,#6640,#6642,.T.);
#6640 = VERTEX_POINT('',#6641);
#6641 = CARTESIAN_POINT('',(-5.9,3.72500038147,0.));
#6642 = LINE('',#6643,#6644);
#6643 = CARTESIAN_POINT('',(-5.9,3.47500038147,0.));
#6644 = VECTOR('',#6645,1.);
#6645 = DIRECTION('',(0.,1.,0.));
#6646 = ORIENTED_EDGE('',*,*,#6647,.T.);
#6647 = EDGE_CURVE('',#6640,#6591,#6648,.T.);
#6648 = LINE('',#6649,#6650);
#6649 = CARTESIAN_POINT('',(-5.9,3.72500038147,0.));
#6650 = VECTOR('',#6651,1.);
#6651 = DIRECTION('',(0.,0.,1.));
#6652 = ORIENTED_EDGE('',*,*,#6600,.T.);
#6653 = PLANE('',#6654);
#6654 = AXIS2_PLACEMENT_3D('',#6655,#6656,#6657);
#6655 = CARTESIAN_POINT('',(-5.9,3.47500038147,0.));
#6656 = DIRECTION('',(-1.,-0.,-0.));
#6657 = DIRECTION('',(0.,0.,-1.));
#6658 = ADVANCED_FACE('',(#6659),#6677,.F.);
#6659 = FACE_BOUND('',#6660,.T.);
#6660 = EDGE_LOOP('',(#6661,#6662,#6670,#6676));
#6661 = ORIENTED_EDGE('',*,*,#6446,.T.);
#6662 = ORIENTED_EDGE('',*,*,#6663,.T.);
#6663 = EDGE_CURVE('',#6438,#6664,#6666,.T.);
#6664 = VERTEX_POINT('',#6665);
#6665 = CARTESIAN_POINT('',(-5.3,3.72500038147,0.55));
#6666 = LINE('',#6667,#6668);
#6667 = CARTESIAN_POINT('',(-5.3,3.47500038147,0.55));
#6668 = VECTOR('',#6669,1.);
#6669 = DIRECTION('',(0.,1.,0.));
#6670 = ORIENTED_EDGE('',*,*,#6671,.F.);
#6671 = EDGE_CURVE('',#6616,#6664,#6672,.T.);
#6672 = LINE('',#6673,#6674);
#6673 = CARTESIAN_POINT('',(-4.5,3.72500038147,0.55));
#6674 = VECTOR('',#6675,1.);
#6675 = DIRECTION('',(-1.,-0.,-0.));
#6676 = ORIENTED_EDGE('',*,*,#6615,.T.);
#6677 = PLANE('',#6678);
#6678 = AXIS2_PLACEMENT_3D('',#6679,#6680,#6681);
#6679 = CARTESIAN_POINT('',(-4.,3.07500038147,0.55));
#6680 = DIRECTION('',(0.,0.,1.));
#6681 = DIRECTION('',(1.,0.,0.));
#6682 = ADVANCED_FACE('',(#6683),#6701,.F.);
#6683 = FACE_BOUND('',#6684,.T.);
#6684 = EDGE_LOOP('',(#6685,#6693,#6699,#6700));
#6685 = ORIENTED_EDGE('',*,*,#6686,.F.);
#6686 = EDGE_CURVE('',#6687,#6640,#6689,.T.);
#6687 = VERTEX_POINT('',#6688);
#6688 = CARTESIAN_POINT('',(-5.6,3.72500038147,-2.775557561563E-17));
#6689 = LINE('',#6690,#6691);
#6690 = CARTESIAN_POINT('',(-5.,3.72500038147,0.));
#6691 = VECTOR('',#6692,1.);
#6692 = DIRECTION('',(-1.,-0.,-0.));
#6693 = ORIENTED_EDGE('',*,*,#6694,.F.);
#6694 = EDGE_CURVE('',#6413,#6687,#6695,.T.);
#6695 = LINE('',#6696,#6697);
#6696 = CARTESIAN_POINT('',(-5.6,3.47500038147,-2.775557561563E-17));
#6697 = VECTOR('',#6698,1.);
#6698 = DIRECTION('',(0.,1.,0.));
#6699 = ORIENTED_EDGE('',*,*,#6412,.T.);
#6700 = ORIENTED_EDGE('',*,*,#6639,.T.);
#6701 = PLANE('',#6702);
#6702 = AXIS2_PLACEMENT_3D('',#6703,#6704,#6705);
#6703 = CARTESIAN_POINT('',(-5.,3.47500038147,0.));
#6704 = DIRECTION('',(0.,0.,1.));
#6705 = DIRECTION('',(1.,0.,0.));
#6706 = ADVANCED_FACE('',(#6707),#6726,.F.);
#6707 = FACE_BOUND('',#6708,.T.);
#6708 = EDGE_LOOP('',(#6709,#6710,#6718,#6725));
#6709 = ORIENTED_EDGE('',*,*,#6437,.T.);
#6710 = ORIENTED_EDGE('',*,*,#6711,.T.);
#6711 = EDGE_CURVE('',#6430,#6712,#6714,.T.);
#6712 = VERTEX_POINT('',#6713);
#6713 = CARTESIAN_POINT('',(-5.4,3.72500038147,0.45));
#6714 = LINE('',#6715,#6716);
#6715 = CARTESIAN_POINT('',(-5.4,3.47500038147,0.45));
#6716 = VECTOR('',#6717,1.);
#6717 = DIRECTION('',(0.,1.,0.));
#6718 = ORIENTED_EDGE('',*,*,#6719,.F.);
#6719 = EDGE_CURVE('',#6664,#6712,#6720,.T.);
#6720 = CIRCLE('',#6721,0.1);
#6721 = AXIS2_PLACEMENT_3D('',#6722,#6723,#6724);
#6722 = CARTESIAN_POINT('',(-5.3,3.72500038147,0.45));
#6723 = DIRECTION('',(0.,-1.,0.));
#6724 = DIRECTION('',(0.,0.,1.));
#6725 = ORIENTED_EDGE('',*,*,#6663,.F.);
#6726 = CYLINDRICAL_SURFACE('',#6727,0.1);
#6727 = AXIS2_PLACEMENT_3D('',#6728,#6729,#6730);
#6728 = CARTESIAN_POINT('',(-5.3,3.47500038147,0.45));
#6729 = DIRECTION('',(0.,1.,0.));
#6730 = DIRECTION('',(0.,0.,1.));
#6731 = ADVANCED_FACE('',(#6732),#6751,.T.);
#6732 = FACE_BOUND('',#6733,.F.);
#6733 = EDGE_LOOP('',(#6734,#6735,#6743,#6750));
#6734 = ORIENTED_EDGE('',*,*,#6420,.T.);
#6735 = ORIENTED_EDGE('',*,*,#6736,.T.);
#6736 = EDGE_CURVE('',#6421,#6737,#6739,.T.);
#6737 = VERTEX_POINT('',#6738);
#6738 = CARTESIAN_POINT('',(-5.4,3.72500038147,0.2));
#6739 = LINE('',#6740,#6741);
#6740 = CARTESIAN_POINT('',(-5.4,3.47500038147,0.2));
#6741 = VECTOR('',#6742,1.);
#6742 = DIRECTION('',(0.,1.,0.));
#6743 = ORIENTED_EDGE('',*,*,#6744,.F.);
#6744 = EDGE_CURVE('',#6687,#6737,#6745,.T.);
#6745 = CIRCLE('',#6746,0.2);
#6746 = AXIS2_PLACEMENT_3D('',#6747,#6748,#6749);
#6747 = CARTESIAN_POINT('',(-5.6,3.72500038147,0.2));
#6748 = DIRECTION('',(0.,-1.,0.));
#6749 = DIRECTION('',(0.,0.,1.));
#6750 = ORIENTED_EDGE('',*,*,#6694,.F.);
#6751 = CYLINDRICAL_SURFACE('',#6752,0.2);
#6752 = AXIS2_PLACEMENT_3D('',#6753,#6754,#6755);
#6753 = CARTESIAN_POINT('',(-5.6,3.47500038147,0.2));
#6754 = DIRECTION('',(0.,1.,0.));
#6755 = DIRECTION('',(-0.,-0.,-1.));
#6756 = ADVANCED_FACE('',(#6757),#6768,.F.);
#6757 = FACE_BOUND('',#6758,.T.);
#6758 = EDGE_LOOP('',(#6759,#6765,#6766,#6767));
#6759 = ORIENTED_EDGE('',*,*,#6760,.F.);
#6760 = EDGE_CURVE('',#6712,#6737,#6761,.T.);
#6761 = LINE('',#6762,#6763);
#6762 = CARTESIAN_POINT('',(-5.4,3.72500038147,-5.E-02));
#6763 = VECTOR('',#6764,1.);
#6764 = DIRECTION('',(-0.,-0.,-1.));
#6765 = ORIENTED_EDGE('',*,*,#6711,.F.);
#6766 = ORIENTED_EDGE('',*,*,#6429,.T.);
#6767 = ORIENTED_EDGE('',*,*,#6736,.T.);
#6768 = PLANE('',#6769);
#6769 = AXIS2_PLACEMENT_3D('',#6770,#6771,#6772);
#6770 = CARTESIAN_POINT('',(-5.4,3.07500038147,-0.1));
#6771 = DIRECTION('',(-1.,-0.,-0.));
#6772 = DIRECTION('',(0.,0.,-1.));
#6773 = ADVANCED_FACE('',(#6774),#6788,.T.);
#6774 = FACE_BOUND('',#6775,.F.);
#6775 = EDGE_LOOP('',(#6776,#6777,#6778,#6779,#6780,#6781,#6782,#6783,
    #6784,#6785,#6786,#6787));
#6776 = ORIENTED_EDGE('',*,*,#6494,.T.);
#6777 = ORIENTED_EDGE('',*,*,#6543,.F.);
#6778 = ORIENTED_EDGE('',*,*,#6590,.T.);
#6779 = ORIENTED_EDGE('',*,*,#6647,.F.);
#6780 = ORIENTED_EDGE('',*,*,#6686,.F.);
#6781 = ORIENTED_EDGE('',*,*,#6744,.T.);
#6782 = ORIENTED_EDGE('',*,*,#6760,.F.);
#6783 = ORIENTED_EDGE('',*,*,#6719,.F.);
#6784 = ORIENTED_EDGE('',*,*,#6671,.F.);
#6785 = ORIENTED_EDGE('',*,*,#6623,.T.);
#6786 = ORIENTED_EDGE('',*,*,#6566,.T.);
#6787 = ORIENTED_EDGE('',*,*,#6525,.F.);
#6788 = PLANE('',#6789);
#6789 = AXIS2_PLACEMENT_3D('',#6790,#6791,#6792);
#6790 = CARTESIAN_POINT('',(-5.,3.72500038147,0.));
#6791 = DIRECTION('',(0.,1.,0.));
#6792 = DIRECTION('',(0.,0.,-1.));
#6793 = MANIFOLD_SOLID_BREP('',#6794);
#6794 = CLOSED_SHELL('',(#6795,#6903,#6934,#6959,#6984,#7008,#7032,#7056
    ,#7080,#7104,#7128,#7153,#7178,#7195));
#6795 = ADVANCED_FACE('',(#6796),#6898,.F.);
#6796 = FACE_BOUND('',#6797,.T.);
#6797 = EDGE_LOOP('',(#6798,#6808,#6817,#6825,#6833,#6841,#6850,#6858,
    #6867,#6875,#6883,#6891));
#6798 = ORIENTED_EDGE('',*,*,#6799,.T.);
#6799 = EDGE_CURVE('',#6800,#6802,#6804,.T.);
#6800 = VERTEX_POINT('',#6801);
#6801 = CARTESIAN_POINT('',(-5.5,4.27500038147,0.45));
#6802 = VERTEX_POINT('',#6803);
#6803 = CARTESIAN_POINT('',(-5.5,4.27500038147,0.2));
#6804 = LINE('',#6805,#6806);
#6805 = CARTESIAN_POINT('',(-5.5,4.27500038147,5.E-02));
#6806 = VECTOR('',#6807,1.);
#6807 = DIRECTION('',(-0.,-0.,-1.));
#6808 = ORIENTED_EDGE('',*,*,#6809,.F.);
#6809 = EDGE_CURVE('',#6810,#6802,#6812,.T.);
#6810 = VERTEX_POINT('',#6811);
#6811 = CARTESIAN_POINT('',(-5.6,4.27500038147,0.1));
#6812 = CIRCLE('',#6813,0.1);
#6813 = AXIS2_PLACEMENT_3D('',#6814,#6815,#6816);
#6814 = CARTESIAN_POINT('',(-5.6,4.27500038147,0.2));
#6815 = DIRECTION('',(0.,-1.,0.));
#6816 = DIRECTION('',(0.,0.,1.));
#6817 = ORIENTED_EDGE('',*,*,#6818,.T.);
#6818 = EDGE_CURVE('',#6810,#6819,#6821,.T.);
#6819 = VERTEX_POINT('',#6820);
#6820 = CARTESIAN_POINT('',(-5.9,4.27500038147,0.1));
#6821 = LINE('',#6822,#6823);
#6822 = CARTESIAN_POINT('',(-5.25,4.27500038147,0.1));
#6823 = VECTOR('',#6824,1.);
#6824 = DIRECTION('',(-1.,-0.,-0.));
#6825 = ORIENTED_EDGE('',*,*,#6826,.F.);
#6826 = EDGE_CURVE('',#6827,#6819,#6829,.T.);
#6827 = VERTEX_POINT('',#6828);
#6828 = CARTESIAN_POINT('',(-5.9,4.27500038147,0.));
#6829 = LINE('',#6830,#6831);
#6830 = CARTESIAN_POINT('',(-5.9,4.27500038147,0.));
#6831 = VECTOR('',#6832,1.);
#6832 = DIRECTION('',(0.,0.,1.));
#6833 = ORIENTED_EDGE('',*,*,#6834,.F.);
#6834 = EDGE_CURVE('',#6835,#6827,#6837,.T.);
#6835 = VERTEX_POINT('',#6836);
#6836 = CARTESIAN_POINT('',(-5.6,4.27500038147,-2.775557561563E-17));
#6837 = LINE('',#6838,#6839);
#6838 = CARTESIAN_POINT('',(-5.,4.27500038147,0.));
#6839 = VECTOR('',#6840,1.);
#6840 = DIRECTION('',(-1.,-0.,-0.));
#6841 = ORIENTED_EDGE('',*,*,#6842,.T.);
#6842 = EDGE_CURVE('',#6835,#6843,#6845,.T.);
#6843 = VERTEX_POINT('',#6844);
#6844 = CARTESIAN_POINT('',(-5.4,4.27500038147,0.2));
#6845 = CIRCLE('',#6846,0.2);
#6846 = AXIS2_PLACEMENT_3D('',#6847,#6848,#6849);
#6847 = CARTESIAN_POINT('',(-5.6,4.27500038147,0.2));
#6848 = DIRECTION('',(0.,-1.,0.));
#6849 = DIRECTION('',(0.,0.,1.));
#6850 = ORIENTED_EDGE('',*,*,#6851,.F.);
#6851 = EDGE_CURVE('',#6852,#6843,#6854,.T.);
#6852 = VERTEX_POINT('',#6853);
#6853 = CARTESIAN_POINT('',(-5.4,4.27500038147,0.45));
#6854 = LINE('',#6855,#6856);
#6855 = CARTESIAN_POINT('',(-5.4,4.27500038147,-5.E-02));
#6856 = VECTOR('',#6857,1.);
#6857 = DIRECTION('',(-0.,-0.,-1.));
#6858 = ORIENTED_EDGE('',*,*,#6859,.F.);
#6859 = EDGE_CURVE('',#6860,#6852,#6862,.T.);
#6860 = VERTEX_POINT('',#6861);
#6861 = CARTESIAN_POINT('',(-5.3,4.27500038147,0.55));
#6862 = CIRCLE('',#6863,0.1);
#6863 = AXIS2_PLACEMENT_3D('',#6864,#6865,#6866);
#6864 = CARTESIAN_POINT('',(-5.3,4.27500038147,0.45));
#6865 = DIRECTION('',(0.,-1.,0.));
#6866 = DIRECTION('',(0.,0.,1.));
#6867 = ORIENTED_EDGE('',*,*,#6868,.F.);
#6868 = EDGE_CURVE('',#6869,#6860,#6871,.T.);
#6869 = VERTEX_POINT('',#6870);
#6870 = CARTESIAN_POINT('',(-5.,4.27500038147,0.55));
#6871 = LINE('',#6872,#6873);
#6872 = CARTESIAN_POINT('',(-4.5,4.27500038147,0.55));
#6873 = VECTOR('',#6874,1.);
#6874 = DIRECTION('',(-1.,-0.,-0.));
#6875 = ORIENTED_EDGE('',*,*,#6876,.T.);
#6876 = EDGE_CURVE('',#6869,#6877,#6879,.T.);
#6877 = VERTEX_POINT('',#6878);
#6878 = CARTESIAN_POINT('',(-5.,4.27500038147,0.65));
#6879 = LINE('',#6880,#6881);
#6880 = CARTESIAN_POINT('',(-5.,4.27500038147,0.));
#6881 = VECTOR('',#6882,1.);
#6882 = DIRECTION('',(0.,0.,1.));
#6883 = ORIENTED_EDGE('',*,*,#6884,.T.);
#6884 = EDGE_CURVE('',#6877,#6885,#6887,.T.);
#6885 = VERTEX_POINT('',#6886);
#6886 = CARTESIAN_POINT('',(-5.3,4.27500038147,0.65));
#6887 = LINE('',#6888,#6889);
#6888 = CARTESIAN_POINT('',(-5.,4.27500038147,0.65));
#6889 = VECTOR('',#6890,1.);
#6890 = DIRECTION('',(-1.,-0.,-0.));
#6891 = ORIENTED_EDGE('',*,*,#6892,.F.);
#6892 = EDGE_CURVE('',#6800,#6885,#6893,.T.);
#6893 = CIRCLE('',#6894,0.2);
#6894 = AXIS2_PLACEMENT_3D('',#6895,#6896,#6897);
#6895 = CARTESIAN_POINT('',(-5.3,4.27500038147,0.45));
#6896 = DIRECTION('',(0.,1.,0.));
#6897 = DIRECTION('',(0.,0.,1.));
#6898 = PLANE('',#6899);
#6899 = AXIS2_PLACEMENT_3D('',#6900,#6901,#6902);
#6900 = CARTESIAN_POINT('',(-5.,4.27500038147,0.));
#6901 = DIRECTION('',(0.,1.,0.));
#6902 = DIRECTION('',(0.,0.,-1.));
#6903 = ADVANCED_FACE('',(#6904),#6929,.T.);
#6904 = FACE_BOUND('',#6905,.F.);
#6905 = EDGE_LOOP('',(#6906,#6907,#6915,#6923));
#6906 = ORIENTED_EDGE('',*,*,#6799,.T.);
#6907 = ORIENTED_EDGE('',*,*,#6908,.T.);
#6908 = EDGE_CURVE('',#6802,#6909,#6911,.T.);
#6909 = VERTEX_POINT('',#6910);
#6910 = CARTESIAN_POINT('',(-5.5,4.52500038147,0.2));
#6911 = LINE('',#6912,#6913);
#6912 = CARTESIAN_POINT('',(-5.5,4.27500038147,0.2));
#6913 = VECTOR('',#6914,1.);
#6914 = DIRECTION('',(0.,1.,0.));
#6915 = ORIENTED_EDGE('',*,*,#6916,.F.);
#6916 = EDGE_CURVE('',#6917,#6909,#6919,.T.);
#6917 = VERTEX_POINT('',#6918);
#6918 = CARTESIAN_POINT('',(-5.5,4.52500038147,0.45));
#6919 = LINE('',#6920,#6921);
#6920 = CARTESIAN_POINT('',(-5.5,4.52500038147,5.E-02));
#6921 = VECTOR('',#6922,1.);
#6922 = DIRECTION('',(-0.,-0.,-1.));
#6923 = ORIENTED_EDGE('',*,*,#6924,.F.);
#6924 = EDGE_CURVE('',#6800,#6917,#6925,.T.);
#6925 = LINE('',#6926,#6927);
#6926 = CARTESIAN_POINT('',(-5.5,4.27500038147,0.45));
#6927 = VECTOR('',#6928,1.);
#6928 = DIRECTION('',(0.,1.,0.));
#6929 = PLANE('',#6930);
#6930 = AXIS2_PLACEMENT_3D('',#6931,#6932,#6933);
#6931 = CARTESIAN_POINT('',(-5.5,3.87500038147,0.1));
#6932 = DIRECTION('',(-1.,-0.,-0.));
#6933 = DIRECTION('',(0.,0.,-1.));
#6934 = ADVANCED_FACE('',(#6935),#6954,.T.);
#6935 = FACE_BOUND('',#6936,.T.);
#6936 = EDGE_LOOP('',(#6937,#6938,#6946,#6953));
#6937 = ORIENTED_EDGE('',*,*,#6892,.T.);
#6938 = ORIENTED_EDGE('',*,*,#6939,.T.);
#6939 = EDGE_CURVE('',#6885,#6940,#6942,.T.);
#6940 = VERTEX_POINT('',#6941);
#6941 = CARTESIAN_POINT('',(-5.3,4.52500038147,0.65));
#6942 = LINE('',#6943,#6944);
#6943 = CARTESIAN_POINT('',(-5.3,4.27500038147,0.65));
#6944 = VECTOR('',#6945,1.);
#6945 = DIRECTION('',(0.,1.,0.));
#6946 = ORIENTED_EDGE('',*,*,#6947,.F.);
#6947 = EDGE_CURVE('',#6917,#6940,#6948,.T.);
#6948 = CIRCLE('',#6949,0.2);
#6949 = AXIS2_PLACEMENT_3D('',#6950,#6951,#6952);
#6950 = CARTESIAN_POINT('',(-5.3,4.52500038147,0.45));
#6951 = DIRECTION('',(0.,1.,0.));
#6952 = DIRECTION('',(0.,0.,1.));
#6953 = ORIENTED_EDGE('',*,*,#6924,.F.);
#6954 = CYLINDRICAL_SURFACE('',#6955,0.2);
#6955 = AXIS2_PLACEMENT_3D('',#6956,#6957,#6958);
#6956 = CARTESIAN_POINT('',(-5.3,4.27500038147,0.45));
#6957 = DIRECTION('',(0.,1.,0.));
#6958 = DIRECTION('',(-1.,-0.,-0.));
#6959 = ADVANCED_FACE('',(#6960),#6979,.F.);
#6960 = FACE_BOUND('',#6961,.T.);
#6961 = EDGE_LOOP('',(#6962,#6963,#6964,#6973));
#6962 = ORIENTED_EDGE('',*,*,#6809,.T.);
#6963 = ORIENTED_EDGE('',*,*,#6908,.T.);
#6964 = ORIENTED_EDGE('',*,*,#6965,.F.);
#6965 = EDGE_CURVE('',#6966,#6909,#6968,.T.);
#6966 = VERTEX_POINT('',#6967);
#6967 = CARTESIAN_POINT('',(-5.6,4.52500038147,0.1));
#6968 = CIRCLE('',#6969,0.1);
#6969 = AXIS2_PLACEMENT_3D('',#6970,#6971,#6972);
#6970 = CARTESIAN_POINT('',(-5.6,4.52500038147,0.2));
#6971 = DIRECTION('',(0.,-1.,0.));
#6972 = DIRECTION('',(0.,0.,1.));
#6973 = ORIENTED_EDGE('',*,*,#6974,.F.);
#6974 = EDGE_CURVE('',#6810,#6966,#6975,.T.);
#6975 = LINE('',#6976,#6977);
#6976 = CARTESIAN_POINT('',(-5.6,4.27500038147,0.1));
#6977 = VECTOR('',#6978,1.);
#6978 = DIRECTION('',(0.,1.,0.));
#6979 = CYLINDRICAL_SURFACE('',#6980,0.1);
#6980 = AXIS2_PLACEMENT_3D('',#6981,#6982,#6983);
#6981 = CARTESIAN_POINT('',(-5.6,4.27500038147,0.2));
#6982 = DIRECTION('',(0.,1.,0.));
#6983 = DIRECTION('',(-0.,-0.,-1.));
#6984 = ADVANCED_FACE('',(#6985),#7003,.T.);
#6985 = FACE_BOUND('',#6986,.F.);
#6986 = EDGE_LOOP('',(#6987,#6995,#7001,#7002));
#6987 = ORIENTED_EDGE('',*,*,#6988,.F.);
#6988 = EDGE_CURVE('',#6989,#6940,#6991,.T.);
#6989 = VERTEX_POINT('',#6990);
#6990 = CARTESIAN_POINT('',(-5.,4.52500038147,0.65));
#6991 = LINE('',#6992,#6993);
#6992 = CARTESIAN_POINT('',(-5.,4.52500038147,0.65));
#6993 = VECTOR('',#6994,1.);
#6994 = DIRECTION('',(-1.,-0.,-0.));
#6995 = ORIENTED_EDGE('',*,*,#6996,.F.);
#6996 = EDGE_CURVE('',#6877,#6989,#6997,.T.);
#6997 = LINE('',#6998,#6999);
#6998 = CARTESIAN_POINT('',(-5.,4.27500038147,0.65));
#6999 = VECTOR('',#7000,1.);
#7000 = DIRECTION('',(0.,1.,0.));
#7001 = ORIENTED_EDGE('',*,*,#6884,.T.);
#7002 = ORIENTED_EDGE('',*,*,#6939,.T.);
#7003 = PLANE('',#7004);
#7004 = AXIS2_PLACEMENT_3D('',#7005,#7006,#7007);
#7005 = CARTESIAN_POINT('',(-5.,4.27500038147,0.65));
#7006 = DIRECTION('',(0.,0.,1.));
#7007 = DIRECTION('',(1.,0.,0.));
#7008 = ADVANCED_FACE('',(#7009),#7027,.T.);
#7009 = FACE_BOUND('',#7010,.F.);
#7010 = EDGE_LOOP('',(#7011,#7019,#7020,#7021));
#7011 = ORIENTED_EDGE('',*,*,#7012,.F.);
#7012 = EDGE_CURVE('',#6966,#7013,#7015,.T.);
#7013 = VERTEX_POINT('',#7014);
#7014 = CARTESIAN_POINT('',(-5.9,4.52500038147,0.1));
#7015 = LINE('',#7016,#7017);
#7016 = CARTESIAN_POINT('',(-5.25,4.52500038147,0.1));
#7017 = VECTOR('',#7018,1.);
#7018 = DIRECTION('',(-1.,-0.,-0.));
#7019 = ORIENTED_EDGE('',*,*,#6974,.F.);
#7020 = ORIENTED_EDGE('',*,*,#6818,.T.);
#7021 = ORIENTED_EDGE('',*,*,#7022,.F.);
#7022 = EDGE_CURVE('',#7013,#6819,#7023,.T.);
#7023 = LINE('',#7024,#7025);
#7024 = CARTESIAN_POINT('',(-5.9,4.07500038147,0.1));
#7025 = VECTOR('',#7026,1.);
#7026 = DIRECTION('',(-0.,-1.,-0.));
#7027 = PLANE('',#7028);
#7028 = AXIS2_PLACEMENT_3D('',#7029,#7030,#7031);
#7029 = CARTESIAN_POINT('',(-5.5,3.87500038147,0.1));
#7030 = DIRECTION('',(0.,0.,1.));
#7031 = DIRECTION('',(1.,0.,0.));
#7032 = ADVANCED_FACE('',(#7033),#7051,.F.);
#7033 = FACE_BOUND('',#7034,.T.);
#7034 = EDGE_LOOP('',(#7035,#7036,#7044,#7050));
#7035 = ORIENTED_EDGE('',*,*,#6876,.F.);
#7036 = ORIENTED_EDGE('',*,*,#7037,.F.);
#7037 = EDGE_CURVE('',#7038,#6869,#7040,.T.);
#7038 = VERTEX_POINT('',#7039);
#7039 = CARTESIAN_POINT('',(-5.,4.52500038147,0.55));
#7040 = LINE('',#7041,#7042);
#7041 = CARTESIAN_POINT('',(-5.,4.07500038147,0.55));
#7042 = VECTOR('',#7043,1.);
#7043 = DIRECTION('',(-0.,-1.,-0.));
#7044 = ORIENTED_EDGE('',*,*,#7045,.T.);
#7045 = EDGE_CURVE('',#7038,#6989,#7046,.T.);
#7046 = LINE('',#7047,#7048);
#7047 = CARTESIAN_POINT('',(-5.,4.52500038147,0.));
#7048 = VECTOR('',#7049,1.);
#7049 = DIRECTION('',(0.,0.,1.));
#7050 = ORIENTED_EDGE('',*,*,#6996,.F.);
#7051 = PLANE('',#7052);
#7052 = AXIS2_PLACEMENT_3D('',#7053,#7054,#7055);
#7053 = CARTESIAN_POINT('',(-5.,4.27500038147,0.));
#7054 = DIRECTION('',(-1.,-0.,-0.));
#7055 = DIRECTION('',(0.,0.,-1.));
#7056 = ADVANCED_FACE('',(#7057),#7075,.T.);
#7057 = FACE_BOUND('',#7058,.F.);
#7058 = EDGE_LOOP('',(#7059,#7060,#7068,#7074));
#7059 = ORIENTED_EDGE('',*,*,#6826,.F.);
#7060 = ORIENTED_EDGE('',*,*,#7061,.T.);
#7061 = EDGE_CURVE('',#6827,#7062,#7064,.T.);
#7062 = VERTEX_POINT('',#7063);
#7063 = CARTESIAN_POINT('',(-5.9,4.52500038147,0.));
#7064 = LINE('',#7065,#7066);
#7065 = CARTESIAN_POINT('',(-5.9,4.27500038147,0.));
#7066 = VECTOR('',#7067,1.);
#7067 = DIRECTION('',(0.,1.,0.));
#7068 = ORIENTED_EDGE('',*,*,#7069,.T.);
#7069 = EDGE_CURVE('',#7062,#7013,#7070,.T.);
#7070 = LINE('',#7071,#7072);
#7071 = CARTESIAN_POINT('',(-5.9,4.52500038147,0.));
#7072 = VECTOR('',#7073,1.);
#7073 = DIRECTION('',(0.,0.,1.));
#7074 = ORIENTED_EDGE('',*,*,#7022,.T.);
#7075 = PLANE('',#7076);
#7076 = AXIS2_PLACEMENT_3D('',#7077,#7078,#7079);
#7077 = CARTESIAN_POINT('',(-5.9,4.27500038147,0.));
#7078 = DIRECTION('',(-1.,-0.,-0.));
#7079 = DIRECTION('',(0.,0.,-1.));
#7080 = ADVANCED_FACE('',(#7081),#7099,.F.);
#7081 = FACE_BOUND('',#7082,.T.);
#7082 = EDGE_LOOP('',(#7083,#7084,#7092,#7098));
#7083 = ORIENTED_EDGE('',*,*,#6868,.T.);
#7084 = ORIENTED_EDGE('',*,*,#7085,.T.);
#7085 = EDGE_CURVE('',#6860,#7086,#7088,.T.);
#7086 = VERTEX_POINT('',#7087);
#7087 = CARTESIAN_POINT('',(-5.3,4.52500038147,0.55));
#7088 = LINE('',#7089,#7090);
#7089 = CARTESIAN_POINT('',(-5.3,4.27500038147,0.55));
#7090 = VECTOR('',#7091,1.);
#7091 = DIRECTION('',(0.,1.,0.));
#7092 = ORIENTED_EDGE('',*,*,#7093,.F.);
#7093 = EDGE_CURVE('',#7038,#7086,#7094,.T.);
#7094 = LINE('',#7095,#7096);
#7095 = CARTESIAN_POINT('',(-4.5,4.52500038147,0.55));
#7096 = VECTOR('',#7097,1.);
#7097 = DIRECTION('',(-1.,-0.,-0.));
#7098 = ORIENTED_EDGE('',*,*,#7037,.T.);
#7099 = PLANE('',#7100);
#7100 = AXIS2_PLACEMENT_3D('',#7101,#7102,#7103);
#7101 = CARTESIAN_POINT('',(-4.,3.87500038147,0.55));
#7102 = DIRECTION('',(0.,0.,1.));
#7103 = DIRECTION('',(1.,0.,0.));
#7104 = ADVANCED_FACE('',(#7105),#7123,.F.);
#7105 = FACE_BOUND('',#7106,.T.);
#7106 = EDGE_LOOP('',(#7107,#7115,#7121,#7122));
#7107 = ORIENTED_EDGE('',*,*,#7108,.F.);
#7108 = EDGE_CURVE('',#7109,#7062,#7111,.T.);
#7109 = VERTEX_POINT('',#7110);
#7110 = CARTESIAN_POINT('',(-5.6,4.52500038147,-2.775557561563E-17));
#7111 = LINE('',#7112,#7113);
#7112 = CARTESIAN_POINT('',(-5.,4.52500038147,0.));
#7113 = VECTOR('',#7114,1.);
#7114 = DIRECTION('',(-1.,-0.,-0.));
#7115 = ORIENTED_EDGE('',*,*,#7116,.F.);
#7116 = EDGE_CURVE('',#6835,#7109,#7117,.T.);
#7117 = LINE('',#7118,#7119);
#7118 = CARTESIAN_POINT('',(-5.6,4.27500038147,-2.775557561563E-17));
#7119 = VECTOR('',#7120,1.);
#7120 = DIRECTION('',(0.,1.,0.));
#7121 = ORIENTED_EDGE('',*,*,#6834,.T.);
#7122 = ORIENTED_EDGE('',*,*,#7061,.T.);
#7123 = PLANE('',#7124);
#7124 = AXIS2_PLACEMENT_3D('',#7125,#7126,#7127);
#7125 = CARTESIAN_POINT('',(-5.,4.27500038147,0.));
#7126 = DIRECTION('',(0.,0.,1.));
#7127 = DIRECTION('',(1.,0.,0.));
#7128 = ADVANCED_FACE('',(#7129),#7148,.F.);
#7129 = FACE_BOUND('',#7130,.T.);
#7130 = EDGE_LOOP('',(#7131,#7132,#7140,#7147));
#7131 = ORIENTED_EDGE('',*,*,#6859,.T.);
#7132 = ORIENTED_EDGE('',*,*,#7133,.T.);
#7133 = EDGE_CURVE('',#6852,#7134,#7136,.T.);
#7134 = VERTEX_POINT('',#7135);
#7135 = CARTESIAN_POINT('',(-5.4,4.52500038147,0.45));
#7136 = LINE('',#7137,#7138);
#7137 = CARTESIAN_POINT('',(-5.4,4.27500038147,0.45));
#7138 = VECTOR('',#7139,1.);
#7139 = DIRECTION('',(0.,1.,0.));
#7140 = ORIENTED_EDGE('',*,*,#7141,.F.);
#7141 = EDGE_CURVE('',#7086,#7134,#7142,.T.);
#7142 = CIRCLE('',#7143,0.1);
#7143 = AXIS2_PLACEMENT_3D('',#7144,#7145,#7146);
#7144 = CARTESIAN_POINT('',(-5.3,4.52500038147,0.45));
#7145 = DIRECTION('',(0.,-1.,0.));
#7146 = DIRECTION('',(0.,0.,1.));
#7147 = ORIENTED_EDGE('',*,*,#7085,.F.);
#7148 = CYLINDRICAL_SURFACE('',#7149,0.1);
#7149 = AXIS2_PLACEMENT_3D('',#7150,#7151,#7152);
#7150 = CARTESIAN_POINT('',(-5.3,4.27500038147,0.45));
#7151 = DIRECTION('',(0.,1.,0.));
#7152 = DIRECTION('',(0.,0.,1.));
#7153 = ADVANCED_FACE('',(#7154),#7173,.T.);
#7154 = FACE_BOUND('',#7155,.F.);
#7155 = EDGE_LOOP('',(#7156,#7157,#7165,#7172));
#7156 = ORIENTED_EDGE('',*,*,#6842,.T.);
#7157 = ORIENTED_EDGE('',*,*,#7158,.T.);
#7158 = EDGE_CURVE('',#6843,#7159,#7161,.T.);
#7159 = VERTEX_POINT('',#7160);
#7160 = CARTESIAN_POINT('',(-5.4,4.52500038147,0.2));
#7161 = LINE('',#7162,#7163);
#7162 = CARTESIAN_POINT('',(-5.4,4.27500038147,0.2));
#7163 = VECTOR('',#7164,1.);
#7164 = DIRECTION('',(0.,1.,0.));
#7165 = ORIENTED_EDGE('',*,*,#7166,.F.);
#7166 = EDGE_CURVE('',#7109,#7159,#7167,.T.);
#7167 = CIRCLE('',#7168,0.2);
#7168 = AXIS2_PLACEMENT_3D('',#7169,#7170,#7171);
#7169 = CARTESIAN_POINT('',(-5.6,4.52500038147,0.2));
#7170 = DIRECTION('',(0.,-1.,0.));
#7171 = DIRECTION('',(0.,0.,1.));
#7172 = ORIENTED_EDGE('',*,*,#7116,.F.);
#7173 = CYLINDRICAL_SURFACE('',#7174,0.2);
#7174 = AXIS2_PLACEMENT_3D('',#7175,#7176,#7177);
#7175 = CARTESIAN_POINT('',(-5.6,4.27500038147,0.2));
#7176 = DIRECTION('',(0.,1.,0.));
#7177 = DIRECTION('',(-0.,-0.,-1.));
#7178 = ADVANCED_FACE('',(#7179),#7190,.F.);
#7179 = FACE_BOUND('',#7180,.T.);
#7180 = EDGE_LOOP('',(#7181,#7187,#7188,#7189));
#7181 = ORIENTED_EDGE('',*,*,#7182,.F.);
#7182 = EDGE_CURVE('',#7134,#7159,#7183,.T.);
#7183 = LINE('',#7184,#7185);
#7184 = CARTESIAN_POINT('',(-5.4,4.52500038147,-5.E-02));
#7185 = VECTOR('',#7186,1.);
#7186 = DIRECTION('',(-0.,-0.,-1.));
#7187 = ORIENTED_EDGE('',*,*,#7133,.F.);
#7188 = ORIENTED_EDGE('',*,*,#6851,.T.);
#7189 = ORIENTED_EDGE('',*,*,#7158,.T.);
#7190 = PLANE('',#7191);
#7191 = AXIS2_PLACEMENT_3D('',#7192,#7193,#7194);
#7192 = CARTESIAN_POINT('',(-5.4,3.87500038147,-0.1));
#7193 = DIRECTION('',(-1.,-0.,-0.));
#7194 = DIRECTION('',(0.,0.,-1.));
#7195 = ADVANCED_FACE('',(#7196),#7210,.T.);
#7196 = FACE_BOUND('',#7197,.F.);
#7197 = EDGE_LOOP('',(#7198,#7199,#7200,#7201,#7202,#7203,#7204,#7205,
    #7206,#7207,#7208,#7209));
#7198 = ORIENTED_EDGE('',*,*,#6916,.T.);
#7199 = ORIENTED_EDGE('',*,*,#6965,.F.);
#7200 = ORIENTED_EDGE('',*,*,#7012,.T.);
#7201 = ORIENTED_EDGE('',*,*,#7069,.F.);
#7202 = ORIENTED_EDGE('',*,*,#7108,.F.);
#7203 = ORIENTED_EDGE('',*,*,#7166,.T.);
#7204 = ORIENTED_EDGE('',*,*,#7182,.F.);
#7205 = ORIENTED_EDGE('',*,*,#7141,.F.);
#7206 = ORIENTED_EDGE('',*,*,#7093,.F.);
#7207 = ORIENTED_EDGE('',*,*,#7045,.T.);
#7208 = ORIENTED_EDGE('',*,*,#6988,.T.);
#7209 = ORIENTED_EDGE('',*,*,#6947,.F.);
#7210 = PLANE('',#7211);
#7211 = AXIS2_PLACEMENT_3D('',#7212,#7213,#7214);
#7212 = CARTESIAN_POINT('',(-5.,4.52500038147,0.));
#7213 = DIRECTION('',(0.,1.,0.));
#7214 = DIRECTION('',(0.,0.,-1.));
#7215 = MANIFOLD_SOLID_BREP('',#7216);
#7216 = CLOSED_SHELL('',(#7217,#7325,#7356,#7381,#7406,#7430,#7454,#7478
    ,#7502,#7526,#7550,#7575,#7600,#7617));
#7217 = ADVANCED_FACE('',(#7218),#7320,.F.);
#7218 = FACE_BOUND('',#7219,.T.);
#7219 = EDGE_LOOP('',(#7220,#7230,#7239,#7247,#7255,#7263,#7272,#7280,
    #7289,#7297,#7305,#7313));
#7220 = ORIENTED_EDGE('',*,*,#7221,.T.);
#7221 = EDGE_CURVE('',#7222,#7224,#7226,.T.);
#7222 = VERTEX_POINT('',#7223);
#7223 = CARTESIAN_POINT('',(-5.5,5.07500038147,0.45));
#7224 = VERTEX_POINT('',#7225);
#7225 = CARTESIAN_POINT('',(-5.5,5.07500038147,0.2));
#7226 = LINE('',#7227,#7228);
#7227 = CARTESIAN_POINT('',(-5.5,5.07500038147,5.E-02));
#7228 = VECTOR('',#7229,1.);
#7229 = DIRECTION('',(-0.,-0.,-1.));
#7230 = ORIENTED_EDGE('',*,*,#7231,.F.);
#7231 = EDGE_CURVE('',#7232,#7224,#7234,.T.);
#7232 = VERTEX_POINT('',#7233);
#7233 = CARTESIAN_POINT('',(-5.6,5.07500038147,0.1));
#7234 = CIRCLE('',#7235,0.1);
#7235 = AXIS2_PLACEMENT_3D('',#7236,#7237,#7238);
#7236 = CARTESIAN_POINT('',(-5.6,5.07500038147,0.2));
#7237 = DIRECTION('',(0.,-1.,0.));
#7238 = DIRECTION('',(0.,0.,1.));
#7239 = ORIENTED_EDGE('',*,*,#7240,.T.);
#7240 = EDGE_CURVE('',#7232,#7241,#7243,.T.);
#7241 = VERTEX_POINT('',#7242);
#7242 = CARTESIAN_POINT('',(-5.9,5.07500038147,0.1));
#7243 = LINE('',#7244,#7245);
#7244 = CARTESIAN_POINT('',(-5.25,5.07500038147,0.1));
#7245 = VECTOR('',#7246,1.);
#7246 = DIRECTION('',(-1.,-0.,-0.));
#7247 = ORIENTED_EDGE('',*,*,#7248,.F.);
#7248 = EDGE_CURVE('',#7249,#7241,#7251,.T.);
#7249 = VERTEX_POINT('',#7250);
#7250 = CARTESIAN_POINT('',(-5.9,5.07500038147,0.));
#7251 = LINE('',#7252,#7253);
#7252 = CARTESIAN_POINT('',(-5.9,5.07500038147,0.));
#7253 = VECTOR('',#7254,1.);
#7254 = DIRECTION('',(0.,0.,1.));
#7255 = ORIENTED_EDGE('',*,*,#7256,.F.);
#7256 = EDGE_CURVE('',#7257,#7249,#7259,.T.);
#7257 = VERTEX_POINT('',#7258);
#7258 = CARTESIAN_POINT('',(-5.6,5.07500038147,-2.775557561563E-17));
#7259 = LINE('',#7260,#7261);
#7260 = CARTESIAN_POINT('',(-5.,5.07500038147,0.));
#7261 = VECTOR('',#7262,1.);
#7262 = DIRECTION('',(-1.,-0.,-0.));
#7263 = ORIENTED_EDGE('',*,*,#7264,.T.);
#7264 = EDGE_CURVE('',#7257,#7265,#7267,.T.);
#7265 = VERTEX_POINT('',#7266);
#7266 = CARTESIAN_POINT('',(-5.4,5.07500038147,0.2));
#7267 = CIRCLE('',#7268,0.2);
#7268 = AXIS2_PLACEMENT_3D('',#7269,#7270,#7271);
#7269 = CARTESIAN_POINT('',(-5.6,5.07500038147,0.2));
#7270 = DIRECTION('',(0.,-1.,0.));
#7271 = DIRECTION('',(0.,0.,1.));
#7272 = ORIENTED_EDGE('',*,*,#7273,.F.);
#7273 = EDGE_CURVE('',#7274,#7265,#7276,.T.);
#7274 = VERTEX_POINT('',#7275);
#7275 = CARTESIAN_POINT('',(-5.4,5.07500038147,0.45));
#7276 = LINE('',#7277,#7278);
#7277 = CARTESIAN_POINT('',(-5.4,5.07500038147,-5.E-02));
#7278 = VECTOR('',#7279,1.);
#7279 = DIRECTION('',(-0.,-0.,-1.));
#7280 = ORIENTED_EDGE('',*,*,#7281,.F.);
#7281 = EDGE_CURVE('',#7282,#7274,#7284,.T.);
#7282 = VERTEX_POINT('',#7283);
#7283 = CARTESIAN_POINT('',(-5.3,5.07500038147,0.55));
#7284 = CIRCLE('',#7285,0.1);
#7285 = AXIS2_PLACEMENT_3D('',#7286,#7287,#7288);
#7286 = CARTESIAN_POINT('',(-5.3,5.07500038147,0.45));
#7287 = DIRECTION('',(0.,-1.,0.));
#7288 = DIRECTION('',(0.,0.,1.));
#7289 = ORIENTED_EDGE('',*,*,#7290,.F.);
#7290 = EDGE_CURVE('',#7291,#7282,#7293,.T.);
#7291 = VERTEX_POINT('',#7292);
#7292 = CARTESIAN_POINT('',(-5.,5.07500038147,0.55));
#7293 = LINE('',#7294,#7295);
#7294 = CARTESIAN_POINT('',(-4.5,5.07500038147,0.55));
#7295 = VECTOR('',#7296,1.);
#7296 = DIRECTION('',(-1.,-0.,-0.));
#7297 = ORIENTED_EDGE('',*,*,#7298,.T.);
#7298 = EDGE_CURVE('',#7291,#7299,#7301,.T.);
#7299 = VERTEX_POINT('',#7300);
#7300 = CARTESIAN_POINT('',(-5.,5.07500038147,0.65));
#7301 = LINE('',#7302,#7303);
#7302 = CARTESIAN_POINT('',(-5.,5.07500038147,0.));
#7303 = VECTOR('',#7304,1.);
#7304 = DIRECTION('',(0.,0.,1.));
#7305 = ORIENTED_EDGE('',*,*,#7306,.T.);
#7306 = EDGE_CURVE('',#7299,#7307,#7309,.T.);
#7307 = VERTEX_POINT('',#7308);
#7308 = CARTESIAN_POINT('',(-5.3,5.07500038147,0.65));
#7309 = LINE('',#7310,#7311);
#7310 = CARTESIAN_POINT('',(-5.,5.07500038147,0.65));
#7311 = VECTOR('',#7312,1.);
#7312 = DIRECTION('',(-1.,-0.,-0.));
#7313 = ORIENTED_EDGE('',*,*,#7314,.F.);
#7314 = EDGE_CURVE('',#7222,#7307,#7315,.T.);
#7315 = CIRCLE('',#7316,0.2);
#7316 = AXIS2_PLACEMENT_3D('',#7317,#7318,#7319);
#7317 = CARTESIAN_POINT('',(-5.3,5.07500038147,0.45));
#7318 = DIRECTION('',(0.,1.,0.));
#7319 = DIRECTION('',(0.,0.,1.));
#7320 = PLANE('',#7321);
#7321 = AXIS2_PLACEMENT_3D('',#7322,#7323,#7324);
#7322 = CARTESIAN_POINT('',(-5.,5.07500038147,0.));
#7323 = DIRECTION('',(0.,1.,0.));
#7324 = DIRECTION('',(0.,0.,-1.));
#7325 = ADVANCED_FACE('',(#7326),#7351,.T.);
#7326 = FACE_BOUND('',#7327,.F.);
#7327 = EDGE_LOOP('',(#7328,#7329,#7337,#7345));
#7328 = ORIENTED_EDGE('',*,*,#7221,.T.);
#7329 = ORIENTED_EDGE('',*,*,#7330,.T.);
#7330 = EDGE_CURVE('',#7224,#7331,#7333,.T.);
#7331 = VERTEX_POINT('',#7332);
#7332 = CARTESIAN_POINT('',(-5.5,5.32500038147,0.2));
#7333 = LINE('',#7334,#7335);
#7334 = CARTESIAN_POINT('',(-5.5,5.07500038147,0.2));
#7335 = VECTOR('',#7336,1.);
#7336 = DIRECTION('',(0.,1.,0.));
#7337 = ORIENTED_EDGE('',*,*,#7338,.F.);
#7338 = EDGE_CURVE('',#7339,#7331,#7341,.T.);
#7339 = VERTEX_POINT('',#7340);
#7340 = CARTESIAN_POINT('',(-5.5,5.32500038147,0.45));
#7341 = LINE('',#7342,#7343);
#7342 = CARTESIAN_POINT('',(-5.5,5.32500038147,5.E-02));
#7343 = VECTOR('',#7344,1.);
#7344 = DIRECTION('',(-0.,-0.,-1.));
#7345 = ORIENTED_EDGE('',*,*,#7346,.F.);
#7346 = EDGE_CURVE('',#7222,#7339,#7347,.T.);
#7347 = LINE('',#7348,#7349);
#7348 = CARTESIAN_POINT('',(-5.5,5.07500038147,0.45));
#7349 = VECTOR('',#7350,1.);
#7350 = DIRECTION('',(0.,1.,0.));
#7351 = PLANE('',#7352);
#7352 = AXIS2_PLACEMENT_3D('',#7353,#7354,#7355);
#7353 = CARTESIAN_POINT('',(-5.5,4.67500038147,0.1));
#7354 = DIRECTION('',(-1.,-0.,-0.));
#7355 = DIRECTION('',(0.,0.,-1.));
#7356 = ADVANCED_FACE('',(#7357),#7376,.T.);
#7357 = FACE_BOUND('',#7358,.T.);
#7358 = EDGE_LOOP('',(#7359,#7360,#7368,#7375));
#7359 = ORIENTED_EDGE('',*,*,#7314,.T.);
#7360 = ORIENTED_EDGE('',*,*,#7361,.T.);
#7361 = EDGE_CURVE('',#7307,#7362,#7364,.T.);
#7362 = VERTEX_POINT('',#7363);
#7363 = CARTESIAN_POINT('',(-5.3,5.32500038147,0.65));
#7364 = LINE('',#7365,#7366);
#7365 = CARTESIAN_POINT('',(-5.3,5.07500038147,0.65));
#7366 = VECTOR('',#7367,1.);
#7367 = DIRECTION('',(0.,1.,0.));
#7368 = ORIENTED_EDGE('',*,*,#7369,.F.);
#7369 = EDGE_CURVE('',#7339,#7362,#7370,.T.);
#7370 = CIRCLE('',#7371,0.2);
#7371 = AXIS2_PLACEMENT_3D('',#7372,#7373,#7374);
#7372 = CARTESIAN_POINT('',(-5.3,5.32500038147,0.45));
#7373 = DIRECTION('',(0.,1.,0.));
#7374 = DIRECTION('',(0.,0.,1.));
#7375 = ORIENTED_EDGE('',*,*,#7346,.F.);
#7376 = CYLINDRICAL_SURFACE('',#7377,0.2);
#7377 = AXIS2_PLACEMENT_3D('',#7378,#7379,#7380);
#7378 = CARTESIAN_POINT('',(-5.3,5.07500038147,0.45));
#7379 = DIRECTION('',(0.,1.,0.));
#7380 = DIRECTION('',(-1.,-0.,-0.));
#7381 = ADVANCED_FACE('',(#7382),#7401,.F.);
#7382 = FACE_BOUND('',#7383,.T.);
#7383 = EDGE_LOOP('',(#7384,#7385,#7386,#7395));
#7384 = ORIENTED_EDGE('',*,*,#7231,.T.);
#7385 = ORIENTED_EDGE('',*,*,#7330,.T.);
#7386 = ORIENTED_EDGE('',*,*,#7387,.F.);
#7387 = EDGE_CURVE('',#7388,#7331,#7390,.T.);
#7388 = VERTEX_POINT('',#7389);
#7389 = CARTESIAN_POINT('',(-5.6,5.32500038147,0.1));
#7390 = CIRCLE('',#7391,0.1);
#7391 = AXIS2_PLACEMENT_3D('',#7392,#7393,#7394);
#7392 = CARTESIAN_POINT('',(-5.6,5.32500038147,0.2));
#7393 = DIRECTION('',(0.,-1.,0.));
#7394 = DIRECTION('',(0.,0.,1.));
#7395 = ORIENTED_EDGE('',*,*,#7396,.F.);
#7396 = EDGE_CURVE('',#7232,#7388,#7397,.T.);
#7397 = LINE('',#7398,#7399);
#7398 = CARTESIAN_POINT('',(-5.6,5.07500038147,0.1));
#7399 = VECTOR('',#7400,1.);
#7400 = DIRECTION('',(0.,1.,0.));
#7401 = CYLINDRICAL_SURFACE('',#7402,0.1);
#7402 = AXIS2_PLACEMENT_3D('',#7403,#7404,#7405);
#7403 = CARTESIAN_POINT('',(-5.6,5.07500038147,0.2));
#7404 = DIRECTION('',(0.,1.,0.));
#7405 = DIRECTION('',(-0.,-0.,-1.));
#7406 = ADVANCED_FACE('',(#7407),#7425,.T.);
#7407 = FACE_BOUND('',#7408,.F.);
#7408 = EDGE_LOOP('',(#7409,#7417,#7423,#7424));
#7409 = ORIENTED_EDGE('',*,*,#7410,.F.);
#7410 = EDGE_CURVE('',#7411,#7362,#7413,.T.);
#7411 = VERTEX_POINT('',#7412);
#7412 = CARTESIAN_POINT('',(-5.,5.32500038147,0.65));
#7413 = LINE('',#7414,#7415);
#7414 = CARTESIAN_POINT('',(-5.,5.32500038147,0.65));
#7415 = VECTOR('',#7416,1.);
#7416 = DIRECTION('',(-1.,-0.,-0.));
#7417 = ORIENTED_EDGE('',*,*,#7418,.F.);
#7418 = EDGE_CURVE('',#7299,#7411,#7419,.T.);
#7419 = LINE('',#7420,#7421);
#7420 = CARTESIAN_POINT('',(-5.,5.07500038147,0.65));
#7421 = VECTOR('',#7422,1.);
#7422 = DIRECTION('',(0.,1.,0.));
#7423 = ORIENTED_EDGE('',*,*,#7306,.T.);
#7424 = ORIENTED_EDGE('',*,*,#7361,.T.);
#7425 = PLANE('',#7426);
#7426 = AXIS2_PLACEMENT_3D('',#7427,#7428,#7429);
#7427 = CARTESIAN_POINT('',(-5.,5.07500038147,0.65));
#7428 = DIRECTION('',(0.,0.,1.));
#7429 = DIRECTION('',(1.,0.,0.));
#7430 = ADVANCED_FACE('',(#7431),#7449,.T.);
#7431 = FACE_BOUND('',#7432,.F.);
#7432 = EDGE_LOOP('',(#7433,#7441,#7442,#7443));
#7433 = ORIENTED_EDGE('',*,*,#7434,.F.);
#7434 = EDGE_CURVE('',#7388,#7435,#7437,.T.);
#7435 = VERTEX_POINT('',#7436);
#7436 = CARTESIAN_POINT('',(-5.9,5.32500038147,0.1));
#7437 = LINE('',#7438,#7439);
#7438 = CARTESIAN_POINT('',(-5.25,5.32500038147,0.1));
#7439 = VECTOR('',#7440,1.);
#7440 = DIRECTION('',(-1.,-0.,-0.));
#7441 = ORIENTED_EDGE('',*,*,#7396,.F.);
#7442 = ORIENTED_EDGE('',*,*,#7240,.T.);
#7443 = ORIENTED_EDGE('',*,*,#7444,.F.);
#7444 = EDGE_CURVE('',#7435,#7241,#7445,.T.);
#7445 = LINE('',#7446,#7447);
#7446 = CARTESIAN_POINT('',(-5.9,4.87500038147,0.1));
#7447 = VECTOR('',#7448,1.);
#7448 = DIRECTION('',(-0.,-1.,-0.));
#7449 = PLANE('',#7450);
#7450 = AXIS2_PLACEMENT_3D('',#7451,#7452,#7453);
#7451 = CARTESIAN_POINT('',(-5.5,4.67500038147,0.1));
#7452 = DIRECTION('',(0.,0.,1.));
#7453 = DIRECTION('',(1.,0.,0.));
#7454 = ADVANCED_FACE('',(#7455),#7473,.F.);
#7455 = FACE_BOUND('',#7456,.T.);
#7456 = EDGE_LOOP('',(#7457,#7458,#7466,#7472));
#7457 = ORIENTED_EDGE('',*,*,#7298,.F.);
#7458 = ORIENTED_EDGE('',*,*,#7459,.F.);
#7459 = EDGE_CURVE('',#7460,#7291,#7462,.T.);
#7460 = VERTEX_POINT('',#7461);
#7461 = CARTESIAN_POINT('',(-5.,5.32500038147,0.55));
#7462 = LINE('',#7463,#7464);
#7463 = CARTESIAN_POINT('',(-5.,4.87500038147,0.55));
#7464 = VECTOR('',#7465,1.);
#7465 = DIRECTION('',(-0.,-1.,-0.));
#7466 = ORIENTED_EDGE('',*,*,#7467,.T.);
#7467 = EDGE_CURVE('',#7460,#7411,#7468,.T.);
#7468 = LINE('',#7469,#7470);
#7469 = CARTESIAN_POINT('',(-5.,5.32500038147,0.));
#7470 = VECTOR('',#7471,1.);
#7471 = DIRECTION('',(0.,0.,1.));
#7472 = ORIENTED_EDGE('',*,*,#7418,.F.);
#7473 = PLANE('',#7474);
#7474 = AXIS2_PLACEMENT_3D('',#7475,#7476,#7477);
#7475 = CARTESIAN_POINT('',(-5.,5.07500038147,0.));
#7476 = DIRECTION('',(-1.,-0.,-0.));
#7477 = DIRECTION('',(0.,0.,-1.));
#7478 = ADVANCED_FACE('',(#7479),#7497,.T.);
#7479 = FACE_BOUND('',#7480,.F.);
#7480 = EDGE_LOOP('',(#7481,#7482,#7490,#7496));
#7481 = ORIENTED_EDGE('',*,*,#7248,.F.);
#7482 = ORIENTED_EDGE('',*,*,#7483,.T.);
#7483 = EDGE_CURVE('',#7249,#7484,#7486,.T.);
#7484 = VERTEX_POINT('',#7485);
#7485 = CARTESIAN_POINT('',(-5.9,5.32500038147,0.));
#7486 = LINE('',#7487,#7488);
#7487 = CARTESIAN_POINT('',(-5.9,5.07500038147,0.));
#7488 = VECTOR('',#7489,1.);
#7489 = DIRECTION('',(0.,1.,0.));
#7490 = ORIENTED_EDGE('',*,*,#7491,.T.);
#7491 = EDGE_CURVE('',#7484,#7435,#7492,.T.);
#7492 = LINE('',#7493,#7494);
#7493 = CARTESIAN_POINT('',(-5.9,5.32500038147,0.));
#7494 = VECTOR('',#7495,1.);
#7495 = DIRECTION('',(0.,0.,1.));
#7496 = ORIENTED_EDGE('',*,*,#7444,.T.);
#7497 = PLANE('',#7498);
#7498 = AXIS2_PLACEMENT_3D('',#7499,#7500,#7501);
#7499 = CARTESIAN_POINT('',(-5.9,5.07500038147,0.));
#7500 = DIRECTION('',(-1.,-0.,-0.));
#7501 = DIRECTION('',(0.,0.,-1.));
#7502 = ADVANCED_FACE('',(#7503),#7521,.F.);
#7503 = FACE_BOUND('',#7504,.T.);
#7504 = EDGE_LOOP('',(#7505,#7506,#7514,#7520));
#7505 = ORIENTED_EDGE('',*,*,#7290,.T.);
#7506 = ORIENTED_EDGE('',*,*,#7507,.T.);
#7507 = EDGE_CURVE('',#7282,#7508,#7510,.T.);
#7508 = VERTEX_POINT('',#7509);
#7509 = CARTESIAN_POINT('',(-5.3,5.32500038147,0.55));
#7510 = LINE('',#7511,#7512);
#7511 = CARTESIAN_POINT('',(-5.3,5.07500038147,0.55));
#7512 = VECTOR('',#7513,1.);
#7513 = DIRECTION('',(0.,1.,0.));
#7514 = ORIENTED_EDGE('',*,*,#7515,.F.);
#7515 = EDGE_CURVE('',#7460,#7508,#7516,.T.);
#7516 = LINE('',#7517,#7518);
#7517 = CARTESIAN_POINT('',(-4.5,5.32500038147,0.55));
#7518 = VECTOR('',#7519,1.);
#7519 = DIRECTION('',(-1.,-0.,-0.));
#7520 = ORIENTED_EDGE('',*,*,#7459,.T.);
#7521 = PLANE('',#7522);
#7522 = AXIS2_PLACEMENT_3D('',#7523,#7524,#7525);
#7523 = CARTESIAN_POINT('',(-4.,4.67500038147,0.55));
#7524 = DIRECTION('',(0.,0.,1.));
#7525 = DIRECTION('',(1.,0.,0.));
#7526 = ADVANCED_FACE('',(#7527),#7545,.F.);
#7527 = FACE_BOUND('',#7528,.T.);
#7528 = EDGE_LOOP('',(#7529,#7537,#7543,#7544));
#7529 = ORIENTED_EDGE('',*,*,#7530,.F.);
#7530 = EDGE_CURVE('',#7531,#7484,#7533,.T.);
#7531 = VERTEX_POINT('',#7532);
#7532 = CARTESIAN_POINT('',(-5.6,5.32500038147,-2.775557561563E-17));
#7533 = LINE('',#7534,#7535);
#7534 = CARTESIAN_POINT('',(-5.,5.32500038147,0.));
#7535 = VECTOR('',#7536,1.);
#7536 = DIRECTION('',(-1.,-0.,-0.));
#7537 = ORIENTED_EDGE('',*,*,#7538,.F.);
#7538 = EDGE_CURVE('',#7257,#7531,#7539,.T.);
#7539 = LINE('',#7540,#7541);
#7540 = CARTESIAN_POINT('',(-5.6,5.07500038147,-2.775557561563E-17));
#7541 = VECTOR('',#7542,1.);
#7542 = DIRECTION('',(0.,1.,0.));
#7543 = ORIENTED_EDGE('',*,*,#7256,.T.);
#7544 = ORIENTED_EDGE('',*,*,#7483,.T.);
#7545 = PLANE('',#7546);
#7546 = AXIS2_PLACEMENT_3D('',#7547,#7548,#7549);
#7547 = CARTESIAN_POINT('',(-5.,5.07500038147,0.));
#7548 = DIRECTION('',(0.,0.,1.));
#7549 = DIRECTION('',(1.,0.,0.));
#7550 = ADVANCED_FACE('',(#7551),#7570,.F.);
#7551 = FACE_BOUND('',#7552,.T.);
#7552 = EDGE_LOOP('',(#7553,#7554,#7562,#7569));
#7553 = ORIENTED_EDGE('',*,*,#7281,.T.);
#7554 = ORIENTED_EDGE('',*,*,#7555,.T.);
#7555 = EDGE_CURVE('',#7274,#7556,#7558,.T.);
#7556 = VERTEX_POINT('',#7557);
#7557 = CARTESIAN_POINT('',(-5.4,5.32500038147,0.45));
#7558 = LINE('',#7559,#7560);
#7559 = CARTESIAN_POINT('',(-5.4,5.07500038147,0.45));
#7560 = VECTOR('',#7561,1.);
#7561 = DIRECTION('',(0.,1.,0.));
#7562 = ORIENTED_EDGE('',*,*,#7563,.F.);
#7563 = EDGE_CURVE('',#7508,#7556,#7564,.T.);
#7564 = CIRCLE('',#7565,0.1);
#7565 = AXIS2_PLACEMENT_3D('',#7566,#7567,#7568);
#7566 = CARTESIAN_POINT('',(-5.3,5.32500038147,0.45));
#7567 = DIRECTION('',(0.,-1.,0.));
#7568 = DIRECTION('',(0.,0.,1.));
#7569 = ORIENTED_EDGE('',*,*,#7507,.F.);
#7570 = CYLINDRICAL_SURFACE('',#7571,0.1);
#7571 = AXIS2_PLACEMENT_3D('',#7572,#7573,#7574);
#7572 = CARTESIAN_POINT('',(-5.3,5.07500038147,0.45));
#7573 = DIRECTION('',(0.,1.,0.));
#7574 = DIRECTION('',(0.,0.,1.));
#7575 = ADVANCED_FACE('',(#7576),#7595,.T.);
#7576 = FACE_BOUND('',#7577,.F.);
#7577 = EDGE_LOOP('',(#7578,#7579,#7587,#7594));
#7578 = ORIENTED_EDGE('',*,*,#7264,.T.);
#7579 = ORIENTED_EDGE('',*,*,#7580,.T.);
#7580 = EDGE_CURVE('',#7265,#7581,#7583,.T.);
#7581 = VERTEX_POINT('',#7582);
#7582 = CARTESIAN_POINT('',(-5.4,5.32500038147,0.2));
#7583 = LINE('',#7584,#7585);
#7584 = CARTESIAN_POINT('',(-5.4,5.07500038147,0.2));
#7585 = VECTOR('',#7586,1.);
#7586 = DIRECTION('',(0.,1.,0.));
#7587 = ORIENTED_EDGE('',*,*,#7588,.F.);
#7588 = EDGE_CURVE('',#7531,#7581,#7589,.T.);
#7589 = CIRCLE('',#7590,0.2);
#7590 = AXIS2_PLACEMENT_3D('',#7591,#7592,#7593);
#7591 = CARTESIAN_POINT('',(-5.6,5.32500038147,0.2));
#7592 = DIRECTION('',(0.,-1.,0.));
#7593 = DIRECTION('',(0.,0.,1.));
#7594 = ORIENTED_EDGE('',*,*,#7538,.F.);
#7595 = CYLINDRICAL_SURFACE('',#7596,0.2);
#7596 = AXIS2_PLACEMENT_3D('',#7597,#7598,#7599);
#7597 = CARTESIAN_POINT('',(-5.6,5.07500038147,0.2));
#7598 = DIRECTION('',(0.,1.,0.));
#7599 = DIRECTION('',(-0.,-0.,-1.));
#7600 = ADVANCED_FACE('',(#7601),#7612,.F.);
#7601 = FACE_BOUND('',#7602,.T.);
#7602 = EDGE_LOOP('',(#7603,#7609,#7610,#7611));
#7603 = ORIENTED_EDGE('',*,*,#7604,.F.);
#7604 = EDGE_CURVE('',#7556,#7581,#7605,.T.);
#7605 = LINE('',#7606,#7607);
#7606 = CARTESIAN_POINT('',(-5.4,5.32500038147,-5.E-02));
#7607 = VECTOR('',#7608,1.);
#7608 = DIRECTION('',(-0.,-0.,-1.));
#7609 = ORIENTED_EDGE('',*,*,#7555,.F.);
#7610 = ORIENTED_EDGE('',*,*,#7273,.T.);
#7611 = ORIENTED_EDGE('',*,*,#7580,.T.);
#7612 = PLANE('',#7613);
#7613 = AXIS2_PLACEMENT_3D('',#7614,#7615,#7616);
#7614 = CARTESIAN_POINT('',(-5.4,4.67500038147,-0.1));
#7615 = DIRECTION('',(-1.,-0.,-0.));
#7616 = DIRECTION('',(0.,0.,-1.));
#7617 = ADVANCED_FACE('',(#7618),#7632,.T.);
#7618 = FACE_BOUND('',#7619,.F.);
#7619 = EDGE_LOOP('',(#7620,#7621,#7622,#7623,#7624,#7625,#7626,#7627,
    #7628,#7629,#7630,#7631));
#7620 = ORIENTED_EDGE('',*,*,#7338,.T.);
#7621 = ORIENTED_EDGE('',*,*,#7387,.F.);
#7622 = ORIENTED_EDGE('',*,*,#7434,.T.);
#7623 = ORIENTED_EDGE('',*,*,#7491,.F.);
#7624 = ORIENTED_EDGE('',*,*,#7530,.F.);
#7625 = ORIENTED_EDGE('',*,*,#7588,.T.);
#7626 = ORIENTED_EDGE('',*,*,#7604,.F.);
#7627 = ORIENTED_EDGE('',*,*,#7563,.F.);
#7628 = ORIENTED_EDGE('',*,*,#7515,.F.);
#7629 = ORIENTED_EDGE('',*,*,#7467,.T.);
#7630 = ORIENTED_EDGE('',*,*,#7410,.T.);
#7631 = ORIENTED_EDGE('',*,*,#7369,.F.);
#7632 = PLANE('',#7633);
#7633 = AXIS2_PLACEMENT_3D('',#7634,#7635,#7636);
#7634 = CARTESIAN_POINT('',(-5.,5.32500038147,0.));
#7635 = DIRECTION('',(0.,1.,0.));
#7636 = DIRECTION('',(0.,0.,-1.));
#7637 = MANIFOLD_SOLID_BREP('',#7638);
#7638 = CLOSED_SHELL('',(#7639,#7747,#7778,#7803,#7828,#7852,#7876,#7900
    ,#7924,#7948,#7972,#7997,#8022,#8039));
#7639 = ADVANCED_FACE('',(#7640),#7742,.F.);
#7640 = FACE_BOUND('',#7641,.T.);
#7641 = EDGE_LOOP('',(#7642,#7652,#7661,#7669,#7677,#7685,#7694,#7702,
    #7711,#7719,#7727,#7735));
#7642 = ORIENTED_EDGE('',*,*,#7643,.T.);
#7643 = EDGE_CURVE('',#7644,#7646,#7648,.T.);
#7644 = VERTEX_POINT('',#7645);
#7645 = CARTESIAN_POINT('',(-5.5,5.87500038147,0.45));
#7646 = VERTEX_POINT('',#7647);
#7647 = CARTESIAN_POINT('',(-5.5,5.87500038147,0.2));
#7648 = LINE('',#7649,#7650);
#7649 = CARTESIAN_POINT('',(-5.5,5.87500038147,5.E-02));
#7650 = VECTOR('',#7651,1.);
#7651 = DIRECTION('',(-0.,-0.,-1.));
#7652 = ORIENTED_EDGE('',*,*,#7653,.F.);
#7653 = EDGE_CURVE('',#7654,#7646,#7656,.T.);
#7654 = VERTEX_POINT('',#7655);
#7655 = CARTESIAN_POINT('',(-5.6,5.87500038147,0.1));
#7656 = CIRCLE('',#7657,0.1);
#7657 = AXIS2_PLACEMENT_3D('',#7658,#7659,#7660);
#7658 = CARTESIAN_POINT('',(-5.6,5.87500038147,0.2));
#7659 = DIRECTION('',(0.,-1.,0.));
#7660 = DIRECTION('',(0.,0.,1.));
#7661 = ORIENTED_EDGE('',*,*,#7662,.T.);
#7662 = EDGE_CURVE('',#7654,#7663,#7665,.T.);
#7663 = VERTEX_POINT('',#7664);
#7664 = CARTESIAN_POINT('',(-5.9,5.87500038147,0.1));
#7665 = LINE('',#7666,#7667);
#7666 = CARTESIAN_POINT('',(-5.25,5.87500038147,0.1));
#7667 = VECTOR('',#7668,1.);
#7668 = DIRECTION('',(-1.,-0.,-0.));
#7669 = ORIENTED_EDGE('',*,*,#7670,.F.);
#7670 = EDGE_CURVE('',#7671,#7663,#7673,.T.);
#7671 = VERTEX_POINT('',#7672);
#7672 = CARTESIAN_POINT('',(-5.9,5.87500038147,0.));
#7673 = LINE('',#7674,#7675);
#7674 = CARTESIAN_POINT('',(-5.9,5.87500038147,0.));
#7675 = VECTOR('',#7676,1.);
#7676 = DIRECTION('',(0.,0.,1.));
#7677 = ORIENTED_EDGE('',*,*,#7678,.F.);
#7678 = EDGE_CURVE('',#7679,#7671,#7681,.T.);
#7679 = VERTEX_POINT('',#7680);
#7680 = CARTESIAN_POINT('',(-5.6,5.87500038147,-2.775557561563E-17));
#7681 = LINE('',#7682,#7683);
#7682 = CARTESIAN_POINT('',(-5.,5.87500038147,0.));
#7683 = VECTOR('',#7684,1.);
#7684 = DIRECTION('',(-1.,-0.,-0.));
#7685 = ORIENTED_EDGE('',*,*,#7686,.T.);
#7686 = EDGE_CURVE('',#7679,#7687,#7689,.T.);
#7687 = VERTEX_POINT('',#7688);
#7688 = CARTESIAN_POINT('',(-5.4,5.87500038147,0.2));
#7689 = CIRCLE('',#7690,0.2);
#7690 = AXIS2_PLACEMENT_3D('',#7691,#7692,#7693);
#7691 = CARTESIAN_POINT('',(-5.6,5.87500038147,0.2));
#7692 = DIRECTION('',(0.,-1.,0.));
#7693 = DIRECTION('',(0.,0.,1.));
#7694 = ORIENTED_EDGE('',*,*,#7695,.F.);
#7695 = EDGE_CURVE('',#7696,#7687,#7698,.T.);
#7696 = VERTEX_POINT('',#7697);
#7697 = CARTESIAN_POINT('',(-5.4,5.87500038147,0.45));
#7698 = LINE('',#7699,#7700);
#7699 = CARTESIAN_POINT('',(-5.4,5.87500038147,-5.E-02));
#7700 = VECTOR('',#7701,1.);
#7701 = DIRECTION('',(-0.,-0.,-1.));
#7702 = ORIENTED_EDGE('',*,*,#7703,.F.);
#7703 = EDGE_CURVE('',#7704,#7696,#7706,.T.);
#7704 = VERTEX_POINT('',#7705);
#7705 = CARTESIAN_POINT('',(-5.3,5.87500038147,0.55));
#7706 = CIRCLE('',#7707,0.1);
#7707 = AXIS2_PLACEMENT_3D('',#7708,#7709,#7710);
#7708 = CARTESIAN_POINT('',(-5.3,5.87500038147,0.45));
#7709 = DIRECTION('',(0.,-1.,0.));
#7710 = DIRECTION('',(0.,0.,1.));
#7711 = ORIENTED_EDGE('',*,*,#7712,.F.);
#7712 = EDGE_CURVE('',#7713,#7704,#7715,.T.);
#7713 = VERTEX_POINT('',#7714);
#7714 = CARTESIAN_POINT('',(-5.,5.87500038147,0.55));
#7715 = LINE('',#7716,#7717);
#7716 = CARTESIAN_POINT('',(-4.5,5.87500038147,0.55));
#7717 = VECTOR('',#7718,1.);
#7718 = DIRECTION('',(-1.,-0.,-0.));
#7719 = ORIENTED_EDGE('',*,*,#7720,.T.);
#7720 = EDGE_CURVE('',#7713,#7721,#7723,.T.);
#7721 = VERTEX_POINT('',#7722);
#7722 = CARTESIAN_POINT('',(-5.,5.87500038147,0.65));
#7723 = LINE('',#7724,#7725);
#7724 = CARTESIAN_POINT('',(-5.,5.87500038147,0.));
#7725 = VECTOR('',#7726,1.);
#7726 = DIRECTION('',(0.,0.,1.));
#7727 = ORIENTED_EDGE('',*,*,#7728,.T.);
#7728 = EDGE_CURVE('',#7721,#7729,#7731,.T.);
#7729 = VERTEX_POINT('',#7730);
#7730 = CARTESIAN_POINT('',(-5.3,5.87500038147,0.65));
#7731 = LINE('',#7732,#7733);
#7732 = CARTESIAN_POINT('',(-5.,5.87500038147,0.65));
#7733 = VECTOR('',#7734,1.);
#7734 = DIRECTION('',(-1.,-0.,-0.));
#7735 = ORIENTED_EDGE('',*,*,#7736,.F.);
#7736 = EDGE_CURVE('',#7644,#7729,#7737,.T.);
#7737 = CIRCLE('',#7738,0.2);
#7738 = AXIS2_PLACEMENT_3D('',#7739,#7740,#7741);
#7739 = CARTESIAN_POINT('',(-5.3,5.87500038147,0.45));
#7740 = DIRECTION('',(0.,1.,0.));
#7741 = DIRECTION('',(0.,0.,1.));
#7742 = PLANE('',#7743);
#7743 = AXIS2_PLACEMENT_3D('',#7744,#7745,#7746);
#7744 = CARTESIAN_POINT('',(-5.,5.87500038147,0.));
#7745 = DIRECTION('',(0.,1.,0.));
#7746 = DIRECTION('',(0.,0.,-1.));
#7747 = ADVANCED_FACE('',(#7748),#7773,.T.);
#7748 = FACE_BOUND('',#7749,.F.);
#7749 = EDGE_LOOP('',(#7750,#7751,#7759,#7767));
#7750 = ORIENTED_EDGE('',*,*,#7643,.T.);
#7751 = ORIENTED_EDGE('',*,*,#7752,.T.);
#7752 = EDGE_CURVE('',#7646,#7753,#7755,.T.);
#7753 = VERTEX_POINT('',#7754);
#7754 = CARTESIAN_POINT('',(-5.5,6.12500038147,0.2));
#7755 = LINE('',#7756,#7757);
#7756 = CARTESIAN_POINT('',(-5.5,5.87500038147,0.2));
#7757 = VECTOR('',#7758,1.);
#7758 = DIRECTION('',(0.,1.,0.));
#7759 = ORIENTED_EDGE('',*,*,#7760,.F.);
#7760 = EDGE_CURVE('',#7761,#7753,#7763,.T.);
#7761 = VERTEX_POINT('',#7762);
#7762 = CARTESIAN_POINT('',(-5.5,6.12500038147,0.45));
#7763 = LINE('',#7764,#7765);
#7764 = CARTESIAN_POINT('',(-5.5,6.12500038147,5.E-02));
#7765 = VECTOR('',#7766,1.);
#7766 = DIRECTION('',(-0.,-0.,-1.));
#7767 = ORIENTED_EDGE('',*,*,#7768,.F.);
#7768 = EDGE_CURVE('',#7644,#7761,#7769,.T.);
#7769 = LINE('',#7770,#7771);
#7770 = CARTESIAN_POINT('',(-5.5,5.87500038147,0.45));
#7771 = VECTOR('',#7772,1.);
#7772 = DIRECTION('',(0.,1.,0.));
#7773 = PLANE('',#7774);
#7774 = AXIS2_PLACEMENT_3D('',#7775,#7776,#7777);
#7775 = CARTESIAN_POINT('',(-5.5,5.47500038147,0.1));
#7776 = DIRECTION('',(-1.,-0.,-0.));
#7777 = DIRECTION('',(0.,0.,-1.));
#7778 = ADVANCED_FACE('',(#7779),#7798,.T.);
#7779 = FACE_BOUND('',#7780,.T.);
#7780 = EDGE_LOOP('',(#7781,#7782,#7790,#7797));
#7781 = ORIENTED_EDGE('',*,*,#7736,.T.);
#7782 = ORIENTED_EDGE('',*,*,#7783,.T.);
#7783 = EDGE_CURVE('',#7729,#7784,#7786,.T.);
#7784 = VERTEX_POINT('',#7785);
#7785 = CARTESIAN_POINT('',(-5.3,6.12500038147,0.65));
#7786 = LINE('',#7787,#7788);
#7787 = CARTESIAN_POINT('',(-5.3,5.87500038147,0.65));
#7788 = VECTOR('',#7789,1.);
#7789 = DIRECTION('',(0.,1.,0.));
#7790 = ORIENTED_EDGE('',*,*,#7791,.F.);
#7791 = EDGE_CURVE('',#7761,#7784,#7792,.T.);
#7792 = CIRCLE('',#7793,0.2);
#7793 = AXIS2_PLACEMENT_3D('',#7794,#7795,#7796);
#7794 = CARTESIAN_POINT('',(-5.3,6.12500038147,0.45));
#7795 = DIRECTION('',(0.,1.,0.));
#7796 = DIRECTION('',(0.,0.,1.));
#7797 = ORIENTED_EDGE('',*,*,#7768,.F.);
#7798 = CYLINDRICAL_SURFACE('',#7799,0.2);
#7799 = AXIS2_PLACEMENT_3D('',#7800,#7801,#7802);
#7800 = CARTESIAN_POINT('',(-5.3,5.87500038147,0.45));
#7801 = DIRECTION('',(0.,1.,0.));
#7802 = DIRECTION('',(-1.,-0.,-0.));
#7803 = ADVANCED_FACE('',(#7804),#7823,.F.);
#7804 = FACE_BOUND('',#7805,.T.);
#7805 = EDGE_LOOP('',(#7806,#7807,#7808,#7817));
#7806 = ORIENTED_EDGE('',*,*,#7653,.T.);
#7807 = ORIENTED_EDGE('',*,*,#7752,.T.);
#7808 = ORIENTED_EDGE('',*,*,#7809,.F.);
#7809 = EDGE_CURVE('',#7810,#7753,#7812,.T.);
#7810 = VERTEX_POINT('',#7811);
#7811 = CARTESIAN_POINT('',(-5.6,6.12500038147,0.1));
#7812 = CIRCLE('',#7813,0.1);
#7813 = AXIS2_PLACEMENT_3D('',#7814,#7815,#7816);
#7814 = CARTESIAN_POINT('',(-5.6,6.12500038147,0.2));
#7815 = DIRECTION('',(0.,-1.,0.));
#7816 = DIRECTION('',(0.,0.,1.));
#7817 = ORIENTED_EDGE('',*,*,#7818,.F.);
#7818 = EDGE_CURVE('',#7654,#7810,#7819,.T.);
#7819 = LINE('',#7820,#7821);
#7820 = CARTESIAN_POINT('',(-5.6,5.87500038147,0.1));
#7821 = VECTOR('',#7822,1.);
#7822 = DIRECTION('',(0.,1.,0.));
#7823 = CYLINDRICAL_SURFACE('',#7824,0.1);
#7824 = AXIS2_PLACEMENT_3D('',#7825,#7826,#7827);
#7825 = CARTESIAN_POINT('',(-5.6,5.87500038147,0.2));
#7826 = DIRECTION('',(0.,1.,0.));
#7827 = DIRECTION('',(-0.,-0.,-1.));
#7828 = ADVANCED_FACE('',(#7829),#7847,.T.);
#7829 = FACE_BOUND('',#7830,.F.);
#7830 = EDGE_LOOP('',(#7831,#7839,#7845,#7846));
#7831 = ORIENTED_EDGE('',*,*,#7832,.F.);
#7832 = EDGE_CURVE('',#7833,#7784,#7835,.T.);
#7833 = VERTEX_POINT('',#7834);
#7834 = CARTESIAN_POINT('',(-5.,6.12500038147,0.65));
#7835 = LINE('',#7836,#7837);
#7836 = CARTESIAN_POINT('',(-5.,6.12500038147,0.65));
#7837 = VECTOR('',#7838,1.);
#7838 = DIRECTION('',(-1.,-0.,-0.));
#7839 = ORIENTED_EDGE('',*,*,#7840,.F.);
#7840 = EDGE_CURVE('',#7721,#7833,#7841,.T.);
#7841 = LINE('',#7842,#7843);
#7842 = CARTESIAN_POINT('',(-5.,5.87500038147,0.65));
#7843 = VECTOR('',#7844,1.);
#7844 = DIRECTION('',(0.,1.,0.));
#7845 = ORIENTED_EDGE('',*,*,#7728,.T.);
#7846 = ORIENTED_EDGE('',*,*,#7783,.T.);
#7847 = PLANE('',#7848);
#7848 = AXIS2_PLACEMENT_3D('',#7849,#7850,#7851);
#7849 = CARTESIAN_POINT('',(-5.,5.87500038147,0.65));
#7850 = DIRECTION('',(0.,0.,1.));
#7851 = DIRECTION('',(1.,0.,0.));
#7852 = ADVANCED_FACE('',(#7853),#7871,.T.);
#7853 = FACE_BOUND('',#7854,.F.);
#7854 = EDGE_LOOP('',(#7855,#7863,#7864,#7865));
#7855 = ORIENTED_EDGE('',*,*,#7856,.F.);
#7856 = EDGE_CURVE('',#7810,#7857,#7859,.T.);
#7857 = VERTEX_POINT('',#7858);
#7858 = CARTESIAN_POINT('',(-5.9,6.12500038147,0.1));
#7859 = LINE('',#7860,#7861);
#7860 = CARTESIAN_POINT('',(-5.25,6.12500038147,0.1));
#7861 = VECTOR('',#7862,1.);
#7862 = DIRECTION('',(-1.,-0.,-0.));
#7863 = ORIENTED_EDGE('',*,*,#7818,.F.);
#7864 = ORIENTED_EDGE('',*,*,#7662,.T.);
#7865 = ORIENTED_EDGE('',*,*,#7866,.F.);
#7866 = EDGE_CURVE('',#7857,#7663,#7867,.T.);
#7867 = LINE('',#7868,#7869);
#7868 = CARTESIAN_POINT('',(-5.9,5.67500038147,0.1));
#7869 = VECTOR('',#7870,1.);
#7870 = DIRECTION('',(-0.,-1.,-0.));
#7871 = PLANE('',#7872);
#7872 = AXIS2_PLACEMENT_3D('',#7873,#7874,#7875);
#7873 = CARTESIAN_POINT('',(-5.5,5.47500038147,0.1));
#7874 = DIRECTION('',(0.,0.,1.));
#7875 = DIRECTION('',(1.,0.,0.));
#7876 = ADVANCED_FACE('',(#7877),#7895,.F.);
#7877 = FACE_BOUND('',#7878,.T.);
#7878 = EDGE_LOOP('',(#7879,#7880,#7888,#7894));
#7879 = ORIENTED_EDGE('',*,*,#7720,.F.);
#7880 = ORIENTED_EDGE('',*,*,#7881,.F.);
#7881 = EDGE_CURVE('',#7882,#7713,#7884,.T.);
#7882 = VERTEX_POINT('',#7883);
#7883 = CARTESIAN_POINT('',(-5.,6.12500038147,0.55));
#7884 = LINE('',#7885,#7886);
#7885 = CARTESIAN_POINT('',(-5.,5.67500038147,0.55));
#7886 = VECTOR('',#7887,1.);
#7887 = DIRECTION('',(-0.,-1.,-0.));
#7888 = ORIENTED_EDGE('',*,*,#7889,.T.);
#7889 = EDGE_CURVE('',#7882,#7833,#7890,.T.);
#7890 = LINE('',#7891,#7892);
#7891 = CARTESIAN_POINT('',(-5.,6.12500038147,0.));
#7892 = VECTOR('',#7893,1.);
#7893 = DIRECTION('',(0.,0.,1.));
#7894 = ORIENTED_EDGE('',*,*,#7840,.F.);
#7895 = PLANE('',#7896);
#7896 = AXIS2_PLACEMENT_3D('',#7897,#7898,#7899);
#7897 = CARTESIAN_POINT('',(-5.,5.87500038147,0.));
#7898 = DIRECTION('',(-1.,-0.,-0.));
#7899 = DIRECTION('',(0.,0.,-1.));
#7900 = ADVANCED_FACE('',(#7901),#7919,.T.);
#7901 = FACE_BOUND('',#7902,.F.);
#7902 = EDGE_LOOP('',(#7903,#7904,#7912,#7918));
#7903 = ORIENTED_EDGE('',*,*,#7670,.F.);
#7904 = ORIENTED_EDGE('',*,*,#7905,.T.);
#7905 = EDGE_CURVE('',#7671,#7906,#7908,.T.);
#7906 = VERTEX_POINT('',#7907);
#7907 = CARTESIAN_POINT('',(-5.9,6.12500038147,0.));
#7908 = LINE('',#7909,#7910);
#7909 = CARTESIAN_POINT('',(-5.9,5.87500038147,0.));
#7910 = VECTOR('',#7911,1.);
#7911 = DIRECTION('',(0.,1.,0.));
#7912 = ORIENTED_EDGE('',*,*,#7913,.T.);
#7913 = EDGE_CURVE('',#7906,#7857,#7914,.T.);
#7914 = LINE('',#7915,#7916);
#7915 = CARTESIAN_POINT('',(-5.9,6.12500038147,0.));
#7916 = VECTOR('',#7917,1.);
#7917 = DIRECTION('',(0.,0.,1.));
#7918 = ORIENTED_EDGE('',*,*,#7866,.T.);
#7919 = PLANE('',#7920);
#7920 = AXIS2_PLACEMENT_3D('',#7921,#7922,#7923);
#7921 = CARTESIAN_POINT('',(-5.9,5.87500038147,0.));
#7922 = DIRECTION('',(-1.,-0.,-0.));
#7923 = DIRECTION('',(0.,0.,-1.));
#7924 = ADVANCED_FACE('',(#7925),#7943,.F.);
#7925 = FACE_BOUND('',#7926,.T.);
#7926 = EDGE_LOOP('',(#7927,#7928,#7936,#7942));
#7927 = ORIENTED_EDGE('',*,*,#7712,.T.);
#7928 = ORIENTED_EDGE('',*,*,#7929,.T.);
#7929 = EDGE_CURVE('',#7704,#7930,#7932,.T.);
#7930 = VERTEX_POINT('',#7931);
#7931 = CARTESIAN_POINT('',(-5.3,6.12500038147,0.55));
#7932 = LINE('',#7933,#7934);
#7933 = CARTESIAN_POINT('',(-5.3,5.87500038147,0.55));
#7934 = VECTOR('',#7935,1.);
#7935 = DIRECTION('',(0.,1.,0.));
#7936 = ORIENTED_EDGE('',*,*,#7937,.F.);
#7937 = EDGE_CURVE('',#7882,#7930,#7938,.T.);
#7938 = LINE('',#7939,#7940);
#7939 = CARTESIAN_POINT('',(-4.5,6.12500038147,0.55));
#7940 = VECTOR('',#7941,1.);
#7941 = DIRECTION('',(-1.,-0.,-0.));
#7942 = ORIENTED_EDGE('',*,*,#7881,.T.);
#7943 = PLANE('',#7944);
#7944 = AXIS2_PLACEMENT_3D('',#7945,#7946,#7947);
#7945 = CARTESIAN_POINT('',(-4.,5.47500038147,0.55));
#7946 = DIRECTION('',(0.,0.,1.));
#7947 = DIRECTION('',(1.,0.,0.));
#7948 = ADVANCED_FACE('',(#7949),#7967,.F.);
#7949 = FACE_BOUND('',#7950,.T.);
#7950 = EDGE_LOOP('',(#7951,#7959,#7965,#7966));
#7951 = ORIENTED_EDGE('',*,*,#7952,.F.);
#7952 = EDGE_CURVE('',#7953,#7906,#7955,.T.);
#7953 = VERTEX_POINT('',#7954);
#7954 = CARTESIAN_POINT('',(-5.6,6.12500038147,-2.775557561563E-17));
#7955 = LINE('',#7956,#7957);
#7956 = CARTESIAN_POINT('',(-5.,6.12500038147,0.));
#7957 = VECTOR('',#7958,1.);
#7958 = DIRECTION('',(-1.,-0.,-0.));
#7959 = ORIENTED_EDGE('',*,*,#7960,.F.);
#7960 = EDGE_CURVE('',#7679,#7953,#7961,.T.);
#7961 = LINE('',#7962,#7963);
#7962 = CARTESIAN_POINT('',(-5.6,5.87500038147,-2.775557561563E-17));
#7963 = VECTOR('',#7964,1.);
#7964 = DIRECTION('',(0.,1.,0.));
#7965 = ORIENTED_EDGE('',*,*,#7678,.T.);
#7966 = ORIENTED_EDGE('',*,*,#7905,.T.);
#7967 = PLANE('',#7968);
#7968 = AXIS2_PLACEMENT_3D('',#7969,#7970,#7971);
#7969 = CARTESIAN_POINT('',(-5.,5.87500038147,0.));
#7970 = DIRECTION('',(0.,0.,1.));
#7971 = DIRECTION('',(1.,0.,0.));
#7972 = ADVANCED_FACE('',(#7973),#7992,.F.);
#7973 = FACE_BOUND('',#7974,.T.);
#7974 = EDGE_LOOP('',(#7975,#7976,#7984,#7991));
#7975 = ORIENTED_EDGE('',*,*,#7703,.T.);
#7976 = ORIENTED_EDGE('',*,*,#7977,.T.);
#7977 = EDGE_CURVE('',#7696,#7978,#7980,.T.);
#7978 = VERTEX_POINT('',#7979);
#7979 = CARTESIAN_POINT('',(-5.4,6.12500038147,0.45));
#7980 = LINE('',#7981,#7982);
#7981 = CARTESIAN_POINT('',(-5.4,5.87500038147,0.45));
#7982 = VECTOR('',#7983,1.);
#7983 = DIRECTION('',(0.,1.,0.));
#7984 = ORIENTED_EDGE('',*,*,#7985,.F.);
#7985 = EDGE_CURVE('',#7930,#7978,#7986,.T.);
#7986 = CIRCLE('',#7987,0.1);
#7987 = AXIS2_PLACEMENT_3D('',#7988,#7989,#7990);
#7988 = CARTESIAN_POINT('',(-5.3,6.12500038147,0.45));
#7989 = DIRECTION('',(0.,-1.,0.));
#7990 = DIRECTION('',(0.,0.,1.));
#7991 = ORIENTED_EDGE('',*,*,#7929,.F.);
#7992 = CYLINDRICAL_SURFACE('',#7993,0.1);
#7993 = AXIS2_PLACEMENT_3D('',#7994,#7995,#7996);
#7994 = CARTESIAN_POINT('',(-5.3,5.87500038147,0.45));
#7995 = DIRECTION('',(0.,1.,0.));
#7996 = DIRECTION('',(0.,0.,1.));
#7997 = ADVANCED_FACE('',(#7998),#8017,.T.);
#7998 = FACE_BOUND('',#7999,.F.);
#7999 = EDGE_LOOP('',(#8000,#8001,#8009,#8016));
#8000 = ORIENTED_EDGE('',*,*,#7686,.T.);
#8001 = ORIENTED_EDGE('',*,*,#8002,.T.);
#8002 = EDGE_CURVE('',#7687,#8003,#8005,.T.);
#8003 = VERTEX_POINT('',#8004);
#8004 = CARTESIAN_POINT('',(-5.4,6.12500038147,0.2));
#8005 = LINE('',#8006,#8007);
#8006 = CARTESIAN_POINT('',(-5.4,5.87500038147,0.2));
#8007 = VECTOR('',#8008,1.);
#8008 = DIRECTION('',(0.,1.,0.));
#8009 = ORIENTED_EDGE('',*,*,#8010,.F.);
#8010 = EDGE_CURVE('',#7953,#8003,#8011,.T.);
#8011 = CIRCLE('',#8012,0.2);
#8012 = AXIS2_PLACEMENT_3D('',#8013,#8014,#8015);
#8013 = CARTESIAN_POINT('',(-5.6,6.12500038147,0.2));
#8014 = DIRECTION('',(0.,-1.,0.));
#8015 = DIRECTION('',(0.,0.,1.));
#8016 = ORIENTED_EDGE('',*,*,#7960,.F.);
#8017 = CYLINDRICAL_SURFACE('',#8018,0.2);
#8018 = AXIS2_PLACEMENT_3D('',#8019,#8020,#8021);
#8019 = CARTESIAN_POINT('',(-5.6,5.87500038147,0.2));
#8020 = DIRECTION('',(0.,1.,0.));
#8021 = DIRECTION('',(-0.,-0.,-1.));
#8022 = ADVANCED_FACE('',(#8023),#8034,.F.);
#8023 = FACE_BOUND('',#8024,.T.);
#8024 = EDGE_LOOP('',(#8025,#8031,#8032,#8033));
#8025 = ORIENTED_EDGE('',*,*,#8026,.F.);
#8026 = EDGE_CURVE('',#7978,#8003,#8027,.T.);
#8027 = LINE('',#8028,#8029);
#8028 = CARTESIAN_POINT('',(-5.4,6.12500038147,-5.E-02));
#8029 = VECTOR('',#8030,1.);
#8030 = DIRECTION('',(-0.,-0.,-1.));
#8031 = ORIENTED_EDGE('',*,*,#7977,.F.);
#8032 = ORIENTED_EDGE('',*,*,#7695,.T.);
#8033 = ORIENTED_EDGE('',*,*,#8002,.T.);
#8034 = PLANE('',#8035);
#8035 = AXIS2_PLACEMENT_3D('',#8036,#8037,#8038);
#8036 = CARTESIAN_POINT('',(-5.4,5.47500038147,-0.1));
#8037 = DIRECTION('',(-1.,-0.,-0.));
#8038 = DIRECTION('',(0.,0.,-1.));
#8039 = ADVANCED_FACE('',(#8040),#8054,.T.);
#8040 = FACE_BOUND('',#8041,.F.);
#8041 = EDGE_LOOP('',(#8042,#8043,#8044,#8045,#8046,#8047,#8048,#8049,
    #8050,#8051,#8052,#8053));
#8042 = ORIENTED_EDGE('',*,*,#7760,.T.);
#8043 = ORIENTED_EDGE('',*,*,#7809,.F.);
#8044 = ORIENTED_EDGE('',*,*,#7856,.T.);
#8045 = ORIENTED_EDGE('',*,*,#7913,.F.);
#8046 = ORIENTED_EDGE('',*,*,#7952,.F.);
#8047 = ORIENTED_EDGE('',*,*,#8010,.T.);
#8048 = ORIENTED_EDGE('',*,*,#8026,.F.);
#8049 = ORIENTED_EDGE('',*,*,#7985,.F.);
#8050 = ORIENTED_EDGE('',*,*,#7937,.F.);
#8051 = ORIENTED_EDGE('',*,*,#7889,.T.);
#8052 = ORIENTED_EDGE('',*,*,#7832,.T.);
#8053 = ORIENTED_EDGE('',*,*,#7791,.F.);
#8054 = PLANE('',#8055);
#8055 = AXIS2_PLACEMENT_3D('',#8056,#8057,#8058);
#8056 = CARTESIAN_POINT('',(-5.,6.12500038147,0.));
#8057 = DIRECTION('',(0.,1.,0.));
#8058 = DIRECTION('',(0.,0.,-1.));
#8059 = MANIFOLD_SOLID_BREP('',#8060);
#8060 = CLOSED_SHELL('',(#8061,#8169,#8200,#8225,#8250,#8274,#8298,#8322
    ,#8346,#8370,#8394,#8419,#8444,#8461));
#8061 = ADVANCED_FACE('',(#8062),#8164,.F.);
#8062 = FACE_BOUND('',#8063,.T.);
#8063 = EDGE_LOOP('',(#8064,#8074,#8083,#8091,#8099,#8107,#8116,#8124,
    #8133,#8141,#8149,#8157));
#8064 = ORIENTED_EDGE('',*,*,#8065,.T.);
#8065 = EDGE_CURVE('',#8066,#8068,#8070,.T.);
#8066 = VERTEX_POINT('',#8067);
#8067 = CARTESIAN_POINT('',(-5.5,6.67500038147,0.45));
#8068 = VERTEX_POINT('',#8069);
#8069 = CARTESIAN_POINT('',(-5.5,6.67500038147,0.2));
#8070 = LINE('',#8071,#8072);
#8071 = CARTESIAN_POINT('',(-5.5,6.67500038147,5.E-02));
#8072 = VECTOR('',#8073,1.);
#8073 = DIRECTION('',(-0.,-0.,-1.));
#8074 = ORIENTED_EDGE('',*,*,#8075,.F.);
#8075 = EDGE_CURVE('',#8076,#8068,#8078,.T.);
#8076 = VERTEX_POINT('',#8077);
#8077 = CARTESIAN_POINT('',(-5.6,6.67500038147,0.1));
#8078 = CIRCLE('',#8079,0.1);
#8079 = AXIS2_PLACEMENT_3D('',#8080,#8081,#8082);
#8080 = CARTESIAN_POINT('',(-5.6,6.67500038147,0.2));
#8081 = DIRECTION('',(0.,-1.,0.));
#8082 = DIRECTION('',(0.,0.,1.));
#8083 = ORIENTED_EDGE('',*,*,#8084,.T.);
#8084 = EDGE_CURVE('',#8076,#8085,#8087,.T.);
#8085 = VERTEX_POINT('',#8086);
#8086 = CARTESIAN_POINT('',(-5.9,6.67500038147,0.1));
#8087 = LINE('',#8088,#8089);
#8088 = CARTESIAN_POINT('',(-5.25,6.67500038147,0.1));
#8089 = VECTOR('',#8090,1.);
#8090 = DIRECTION('',(-1.,-0.,-0.));
#8091 = ORIENTED_EDGE('',*,*,#8092,.F.);
#8092 = EDGE_CURVE('',#8093,#8085,#8095,.T.);
#8093 = VERTEX_POINT('',#8094);
#8094 = CARTESIAN_POINT('',(-5.9,6.67500038147,0.));
#8095 = LINE('',#8096,#8097);
#8096 = CARTESIAN_POINT('',(-5.9,6.67500038147,0.));
#8097 = VECTOR('',#8098,1.);
#8098 = DIRECTION('',(0.,0.,1.));
#8099 = ORIENTED_EDGE('',*,*,#8100,.F.);
#8100 = EDGE_CURVE('',#8101,#8093,#8103,.T.);
#8101 = VERTEX_POINT('',#8102);
#8102 = CARTESIAN_POINT('',(-5.6,6.67500038147,-2.775557561563E-17));
#8103 = LINE('',#8104,#8105);
#8104 = CARTESIAN_POINT('',(-5.,6.67500038147,0.));
#8105 = VECTOR('',#8106,1.);
#8106 = DIRECTION('',(-1.,-0.,-0.));
#8107 = ORIENTED_EDGE('',*,*,#8108,.T.);
#8108 = EDGE_CURVE('',#8101,#8109,#8111,.T.);
#8109 = VERTEX_POINT('',#8110);
#8110 = CARTESIAN_POINT('',(-5.4,6.67500038147,0.2));
#8111 = CIRCLE('',#8112,0.2);
#8112 = AXIS2_PLACEMENT_3D('',#8113,#8114,#8115);
#8113 = CARTESIAN_POINT('',(-5.6,6.67500038147,0.2));
#8114 = DIRECTION('',(0.,-1.,0.));
#8115 = DIRECTION('',(0.,0.,1.));
#8116 = ORIENTED_EDGE('',*,*,#8117,.F.);
#8117 = EDGE_CURVE('',#8118,#8109,#8120,.T.);
#8118 = VERTEX_POINT('',#8119);
#8119 = CARTESIAN_POINT('',(-5.4,6.67500038147,0.45));
#8120 = LINE('',#8121,#8122);
#8121 = CARTESIAN_POINT('',(-5.4,6.67500038147,-5.E-02));
#8122 = VECTOR('',#8123,1.);
#8123 = DIRECTION('',(-0.,-0.,-1.));
#8124 = ORIENTED_EDGE('',*,*,#8125,.F.);
#8125 = EDGE_CURVE('',#8126,#8118,#8128,.T.);
#8126 = VERTEX_POINT('',#8127);
#8127 = CARTESIAN_POINT('',(-5.3,6.67500038147,0.55));
#8128 = CIRCLE('',#8129,0.1);
#8129 = AXIS2_PLACEMENT_3D('',#8130,#8131,#8132);
#8130 = CARTESIAN_POINT('',(-5.3,6.67500038147,0.45));
#8131 = DIRECTION('',(0.,-1.,0.));
#8132 = DIRECTION('',(0.,0.,1.));
#8133 = ORIENTED_EDGE('',*,*,#8134,.F.);
#8134 = EDGE_CURVE('',#8135,#8126,#8137,.T.);
#8135 = VERTEX_POINT('',#8136);
#8136 = CARTESIAN_POINT('',(-5.,6.67500038147,0.55));
#8137 = LINE('',#8138,#8139);
#8138 = CARTESIAN_POINT('',(-4.5,6.67500038147,0.55));
#8139 = VECTOR('',#8140,1.);
#8140 = DIRECTION('',(-1.,-0.,-0.));
#8141 = ORIENTED_EDGE('',*,*,#8142,.T.);
#8142 = EDGE_CURVE('',#8135,#8143,#8145,.T.);
#8143 = VERTEX_POINT('',#8144);
#8144 = CARTESIAN_POINT('',(-5.,6.67500038147,0.65));
#8145 = LINE('',#8146,#8147);
#8146 = CARTESIAN_POINT('',(-5.,6.67500038147,0.));
#8147 = VECTOR('',#8148,1.);
#8148 = DIRECTION('',(0.,0.,1.));
#8149 = ORIENTED_EDGE('',*,*,#8150,.T.);
#8150 = EDGE_CURVE('',#8143,#8151,#8153,.T.);
#8151 = VERTEX_POINT('',#8152);
#8152 = CARTESIAN_POINT('',(-5.3,6.67500038147,0.65));
#8153 = LINE('',#8154,#8155);
#8154 = CARTESIAN_POINT('',(-5.,6.67500038147,0.65));
#8155 = VECTOR('',#8156,1.);
#8156 = DIRECTION('',(-1.,-0.,-0.));
#8157 = ORIENTED_EDGE('',*,*,#8158,.F.);
#8158 = EDGE_CURVE('',#8066,#8151,#8159,.T.);
#8159 = CIRCLE('',#8160,0.2);
#8160 = AXIS2_PLACEMENT_3D('',#8161,#8162,#8163);
#8161 = CARTESIAN_POINT('',(-5.3,6.67500038147,0.45));
#8162 = DIRECTION('',(0.,1.,0.));
#8163 = DIRECTION('',(0.,0.,1.));
#8164 = PLANE('',#8165);
#8165 = AXIS2_PLACEMENT_3D('',#8166,#8167,#8168);
#8166 = CARTESIAN_POINT('',(-5.,6.67500038147,0.));
#8167 = DIRECTION('',(0.,1.,0.));
#8168 = DIRECTION('',(0.,0.,-1.));
#8169 = ADVANCED_FACE('',(#8170),#8195,.T.);
#8170 = FACE_BOUND('',#8171,.F.);
#8171 = EDGE_LOOP('',(#8172,#8173,#8181,#8189));
#8172 = ORIENTED_EDGE('',*,*,#8065,.T.);
#8173 = ORIENTED_EDGE('',*,*,#8174,.T.);
#8174 = EDGE_CURVE('',#8068,#8175,#8177,.T.);
#8175 = VERTEX_POINT('',#8176);
#8176 = CARTESIAN_POINT('',(-5.5,6.92500038147,0.2));
#8177 = LINE('',#8178,#8179);
#8178 = CARTESIAN_POINT('',(-5.5,6.67500038147,0.2));
#8179 = VECTOR('',#8180,1.);
#8180 = DIRECTION('',(0.,1.,0.));
#8181 = ORIENTED_EDGE('',*,*,#8182,.F.);
#8182 = EDGE_CURVE('',#8183,#8175,#8185,.T.);
#8183 = VERTEX_POINT('',#8184);
#8184 = CARTESIAN_POINT('',(-5.5,6.92500038147,0.45));
#8185 = LINE('',#8186,#8187);
#8186 = CARTESIAN_POINT('',(-5.5,6.92500038147,5.E-02));
#8187 = VECTOR('',#8188,1.);
#8188 = DIRECTION('',(-0.,-0.,-1.));
#8189 = ORIENTED_EDGE('',*,*,#8190,.F.);
#8190 = EDGE_CURVE('',#8066,#8183,#8191,.T.);
#8191 = LINE('',#8192,#8193);
#8192 = CARTESIAN_POINT('',(-5.5,6.67500038147,0.45));
#8193 = VECTOR('',#8194,1.);
#8194 = DIRECTION('',(0.,1.,0.));
#8195 = PLANE('',#8196);
#8196 = AXIS2_PLACEMENT_3D('',#8197,#8198,#8199);
#8197 = CARTESIAN_POINT('',(-5.5,6.27500038147,0.1));
#8198 = DIRECTION('',(-1.,-0.,-0.));
#8199 = DIRECTION('',(0.,0.,-1.));
#8200 = ADVANCED_FACE('',(#8201),#8220,.T.);
#8201 = FACE_BOUND('',#8202,.T.);
#8202 = EDGE_LOOP('',(#8203,#8204,#8212,#8219));
#8203 = ORIENTED_EDGE('',*,*,#8158,.T.);
#8204 = ORIENTED_EDGE('',*,*,#8205,.T.);
#8205 = EDGE_CURVE('',#8151,#8206,#8208,.T.);
#8206 = VERTEX_POINT('',#8207);
#8207 = CARTESIAN_POINT('',(-5.3,6.92500038147,0.65));
#8208 = LINE('',#8209,#8210);
#8209 = CARTESIAN_POINT('',(-5.3,6.67500038147,0.65));
#8210 = VECTOR('',#8211,1.);
#8211 = DIRECTION('',(0.,1.,0.));
#8212 = ORIENTED_EDGE('',*,*,#8213,.F.);
#8213 = EDGE_CURVE('',#8183,#8206,#8214,.T.);
#8214 = CIRCLE('',#8215,0.2);
#8215 = AXIS2_PLACEMENT_3D('',#8216,#8217,#8218);
#8216 = CARTESIAN_POINT('',(-5.3,6.92500038147,0.45));
#8217 = DIRECTION('',(0.,1.,0.));
#8218 = DIRECTION('',(0.,0.,1.));
#8219 = ORIENTED_EDGE('',*,*,#8190,.F.);
#8220 = CYLINDRICAL_SURFACE('',#8221,0.2);
#8221 = AXIS2_PLACEMENT_3D('',#8222,#8223,#8224);
#8222 = CARTESIAN_POINT('',(-5.3,6.67500038147,0.45));
#8223 = DIRECTION('',(0.,1.,0.));
#8224 = DIRECTION('',(-1.,-0.,-0.));
#8225 = ADVANCED_FACE('',(#8226),#8245,.F.);
#8226 = FACE_BOUND('',#8227,.T.);
#8227 = EDGE_LOOP('',(#8228,#8229,#8230,#8239));
#8228 = ORIENTED_EDGE('',*,*,#8075,.T.);
#8229 = ORIENTED_EDGE('',*,*,#8174,.T.);
#8230 = ORIENTED_EDGE('',*,*,#8231,.F.);
#8231 = EDGE_CURVE('',#8232,#8175,#8234,.T.);
#8232 = VERTEX_POINT('',#8233);
#8233 = CARTESIAN_POINT('',(-5.6,6.92500038147,0.1));
#8234 = CIRCLE('',#8235,0.1);
#8235 = AXIS2_PLACEMENT_3D('',#8236,#8237,#8238);
#8236 = CARTESIAN_POINT('',(-5.6,6.92500038147,0.2));
#8237 = DIRECTION('',(0.,-1.,0.));
#8238 = DIRECTION('',(0.,0.,1.));
#8239 = ORIENTED_EDGE('',*,*,#8240,.F.);
#8240 = EDGE_CURVE('',#8076,#8232,#8241,.T.);
#8241 = LINE('',#8242,#8243);
#8242 = CARTESIAN_POINT('',(-5.6,6.67500038147,0.1));
#8243 = VECTOR('',#8244,1.);
#8244 = DIRECTION('',(0.,1.,0.));
#8245 = CYLINDRICAL_SURFACE('',#8246,0.1);
#8246 = AXIS2_PLACEMENT_3D('',#8247,#8248,#8249);
#8247 = CARTESIAN_POINT('',(-5.6,6.67500038147,0.2));
#8248 = DIRECTION('',(0.,1.,0.));
#8249 = DIRECTION('',(-0.,-0.,-1.));
#8250 = ADVANCED_FACE('',(#8251),#8269,.T.);
#8251 = FACE_BOUND('',#8252,.F.);
#8252 = EDGE_LOOP('',(#8253,#8261,#8267,#8268));
#8253 = ORIENTED_EDGE('',*,*,#8254,.F.);
#8254 = EDGE_CURVE('',#8255,#8206,#8257,.T.);
#8255 = VERTEX_POINT('',#8256);
#8256 = CARTESIAN_POINT('',(-5.,6.92500038147,0.65));
#8257 = LINE('',#8258,#8259);
#8258 = CARTESIAN_POINT('',(-5.,6.92500038147,0.65));
#8259 = VECTOR('',#8260,1.);
#8260 = DIRECTION('',(-1.,-0.,-0.));
#8261 = ORIENTED_EDGE('',*,*,#8262,.F.);
#8262 = EDGE_CURVE('',#8143,#8255,#8263,.T.);
#8263 = LINE('',#8264,#8265);
#8264 = CARTESIAN_POINT('',(-5.,6.67500038147,0.65));
#8265 = VECTOR('',#8266,1.);
#8266 = DIRECTION('',(0.,1.,0.));
#8267 = ORIENTED_EDGE('',*,*,#8150,.T.);
#8268 = ORIENTED_EDGE('',*,*,#8205,.T.);
#8269 = PLANE('',#8270);
#8270 = AXIS2_PLACEMENT_3D('',#8271,#8272,#8273);
#8271 = CARTESIAN_POINT('',(-5.,6.67500038147,0.65));
#8272 = DIRECTION('',(0.,0.,1.));
#8273 = DIRECTION('',(1.,0.,0.));
#8274 = ADVANCED_FACE('',(#8275),#8293,.T.);
#8275 = FACE_BOUND('',#8276,.F.);
#8276 = EDGE_LOOP('',(#8277,#8285,#8286,#8287));
#8277 = ORIENTED_EDGE('',*,*,#8278,.F.);
#8278 = EDGE_CURVE('',#8232,#8279,#8281,.T.);
#8279 = VERTEX_POINT('',#8280);
#8280 = CARTESIAN_POINT('',(-5.9,6.92500038147,0.1));
#8281 = LINE('',#8282,#8283);
#8282 = CARTESIAN_POINT('',(-5.25,6.92500038147,0.1));
#8283 = VECTOR('',#8284,1.);
#8284 = DIRECTION('',(-1.,-0.,-0.));
#8285 = ORIENTED_EDGE('',*,*,#8240,.F.);
#8286 = ORIENTED_EDGE('',*,*,#8084,.T.);
#8287 = ORIENTED_EDGE('',*,*,#8288,.F.);
#8288 = EDGE_CURVE('',#8279,#8085,#8289,.T.);
#8289 = LINE('',#8290,#8291);
#8290 = CARTESIAN_POINT('',(-5.9,6.47500038147,0.1));
#8291 = VECTOR('',#8292,1.);
#8292 = DIRECTION('',(-0.,-1.,-0.));
#8293 = PLANE('',#8294);
#8294 = AXIS2_PLACEMENT_3D('',#8295,#8296,#8297);
#8295 = CARTESIAN_POINT('',(-5.5,6.27500038147,0.1));
#8296 = DIRECTION('',(0.,0.,1.));
#8297 = DIRECTION('',(1.,0.,0.));
#8298 = ADVANCED_FACE('',(#8299),#8317,.F.);
#8299 = FACE_BOUND('',#8300,.T.);
#8300 = EDGE_LOOP('',(#8301,#8302,#8310,#8316));
#8301 = ORIENTED_EDGE('',*,*,#8142,.F.);
#8302 = ORIENTED_EDGE('',*,*,#8303,.F.);
#8303 = EDGE_CURVE('',#8304,#8135,#8306,.T.);
#8304 = VERTEX_POINT('',#8305);
#8305 = CARTESIAN_POINT('',(-5.,6.92500038147,0.55));
#8306 = LINE('',#8307,#8308);
#8307 = CARTESIAN_POINT('',(-5.,6.47500038147,0.55));
#8308 = VECTOR('',#8309,1.);
#8309 = DIRECTION('',(-0.,-1.,-0.));
#8310 = ORIENTED_EDGE('',*,*,#8311,.T.);
#8311 = EDGE_CURVE('',#8304,#8255,#8312,.T.);
#8312 = LINE('',#8313,#8314);
#8313 = CARTESIAN_POINT('',(-5.,6.92500038147,0.));
#8314 = VECTOR('',#8315,1.);
#8315 = DIRECTION('',(0.,0.,1.));
#8316 = ORIENTED_EDGE('',*,*,#8262,.F.);
#8317 = PLANE('',#8318);
#8318 = AXIS2_PLACEMENT_3D('',#8319,#8320,#8321);
#8319 = CARTESIAN_POINT('',(-5.,6.67500038147,0.));
#8320 = DIRECTION('',(-1.,-0.,-0.));
#8321 = DIRECTION('',(0.,0.,-1.));
#8322 = ADVANCED_FACE('',(#8323),#8341,.T.);
#8323 = FACE_BOUND('',#8324,.F.);
#8324 = EDGE_LOOP('',(#8325,#8326,#8334,#8340));
#8325 = ORIENTED_EDGE('',*,*,#8092,.F.);
#8326 = ORIENTED_EDGE('',*,*,#8327,.T.);
#8327 = EDGE_CURVE('',#8093,#8328,#8330,.T.);
#8328 = VERTEX_POINT('',#8329);
#8329 = CARTESIAN_POINT('',(-5.9,6.92500038147,0.));
#8330 = LINE('',#8331,#8332);
#8331 = CARTESIAN_POINT('',(-5.9,6.67500038147,0.));
#8332 = VECTOR('',#8333,1.);
#8333 = DIRECTION('',(0.,1.,0.));
#8334 = ORIENTED_EDGE('',*,*,#8335,.T.);
#8335 = EDGE_CURVE('',#8328,#8279,#8336,.T.);
#8336 = LINE('',#8337,#8338);
#8337 = CARTESIAN_POINT('',(-5.9,6.92500038147,0.));
#8338 = VECTOR('',#8339,1.);
#8339 = DIRECTION('',(0.,0.,1.));
#8340 = ORIENTED_EDGE('',*,*,#8288,.T.);
#8341 = PLANE('',#8342);
#8342 = AXIS2_PLACEMENT_3D('',#8343,#8344,#8345);
#8343 = CARTESIAN_POINT('',(-5.9,6.67500038147,0.));
#8344 = DIRECTION('',(-1.,-0.,-0.));
#8345 = DIRECTION('',(0.,0.,-1.));
#8346 = ADVANCED_FACE('',(#8347),#8365,.F.);
#8347 = FACE_BOUND('',#8348,.T.);
#8348 = EDGE_LOOP('',(#8349,#8350,#8358,#8364));
#8349 = ORIENTED_EDGE('',*,*,#8134,.T.);
#8350 = ORIENTED_EDGE('',*,*,#8351,.T.);
#8351 = EDGE_CURVE('',#8126,#8352,#8354,.T.);
#8352 = VERTEX_POINT('',#8353);
#8353 = CARTESIAN_POINT('',(-5.3,6.92500038147,0.55));
#8354 = LINE('',#8355,#8356);
#8355 = CARTESIAN_POINT('',(-5.3,6.67500038147,0.55));
#8356 = VECTOR('',#8357,1.);
#8357 = DIRECTION('',(0.,1.,0.));
#8358 = ORIENTED_EDGE('',*,*,#8359,.F.);
#8359 = EDGE_CURVE('',#8304,#8352,#8360,.T.);
#8360 = LINE('',#8361,#8362);
#8361 = CARTESIAN_POINT('',(-4.5,6.92500038147,0.55));
#8362 = VECTOR('',#8363,1.);
#8363 = DIRECTION('',(-1.,-0.,-0.));
#8364 = ORIENTED_EDGE('',*,*,#8303,.T.);
#8365 = PLANE('',#8366);
#8366 = AXIS2_PLACEMENT_3D('',#8367,#8368,#8369);
#8367 = CARTESIAN_POINT('',(-4.,6.27500038147,0.55));
#8368 = DIRECTION('',(0.,0.,1.));
#8369 = DIRECTION('',(1.,0.,0.));
#8370 = ADVANCED_FACE('',(#8371),#8389,.F.);
#8371 = FACE_BOUND('',#8372,.T.);
#8372 = EDGE_LOOP('',(#8373,#8381,#8387,#8388));
#8373 = ORIENTED_EDGE('',*,*,#8374,.F.);
#8374 = EDGE_CURVE('',#8375,#8328,#8377,.T.);
#8375 = VERTEX_POINT('',#8376);
#8376 = CARTESIAN_POINT('',(-5.6,6.92500038147,-2.775557561563E-17));
#8377 = LINE('',#8378,#8379);
#8378 = CARTESIAN_POINT('',(-5.,6.92500038147,0.));
#8379 = VECTOR('',#8380,1.);
#8380 = DIRECTION('',(-1.,-0.,-0.));
#8381 = ORIENTED_EDGE('',*,*,#8382,.F.);
#8382 = EDGE_CURVE('',#8101,#8375,#8383,.T.);
#8383 = LINE('',#8384,#8385);
#8384 = CARTESIAN_POINT('',(-5.6,6.67500038147,-2.775557561563E-17));
#8385 = VECTOR('',#8386,1.);
#8386 = DIRECTION('',(0.,1.,0.));
#8387 = ORIENTED_EDGE('',*,*,#8100,.T.);
#8388 = ORIENTED_EDGE('',*,*,#8327,.T.);
#8389 = PLANE('',#8390);
#8390 = AXIS2_PLACEMENT_3D('',#8391,#8392,#8393);
#8391 = CARTESIAN_POINT('',(-5.,6.67500038147,0.));
#8392 = DIRECTION('',(0.,0.,1.));
#8393 = DIRECTION('',(1.,0.,0.));
#8394 = ADVANCED_FACE('',(#8395),#8414,.F.);
#8395 = FACE_BOUND('',#8396,.T.);
#8396 = EDGE_LOOP('',(#8397,#8398,#8406,#8413));
#8397 = ORIENTED_EDGE('',*,*,#8125,.T.);
#8398 = ORIENTED_EDGE('',*,*,#8399,.T.);
#8399 = EDGE_CURVE('',#8118,#8400,#8402,.T.);
#8400 = VERTEX_POINT('',#8401);
#8401 = CARTESIAN_POINT('',(-5.4,6.92500038147,0.45));
#8402 = LINE('',#8403,#8404);
#8403 = CARTESIAN_POINT('',(-5.4,6.67500038147,0.45));
#8404 = VECTOR('',#8405,1.);
#8405 = DIRECTION('',(0.,1.,0.));
#8406 = ORIENTED_EDGE('',*,*,#8407,.F.);
#8407 = EDGE_CURVE('',#8352,#8400,#8408,.T.);
#8408 = CIRCLE('',#8409,0.1);
#8409 = AXIS2_PLACEMENT_3D('',#8410,#8411,#8412);
#8410 = CARTESIAN_POINT('',(-5.3,6.92500038147,0.45));
#8411 = DIRECTION('',(0.,-1.,0.));
#8412 = DIRECTION('',(0.,0.,1.));
#8413 = ORIENTED_EDGE('',*,*,#8351,.F.);
#8414 = CYLINDRICAL_SURFACE('',#8415,0.1);
#8415 = AXIS2_PLACEMENT_3D('',#8416,#8417,#8418);
#8416 = CARTESIAN_POINT('',(-5.3,6.67500038147,0.45));
#8417 = DIRECTION('',(0.,1.,0.));
#8418 = DIRECTION('',(0.,0.,1.));
#8419 = ADVANCED_FACE('',(#8420),#8439,.T.);
#8420 = FACE_BOUND('',#8421,.F.);
#8421 = EDGE_LOOP('',(#8422,#8423,#8431,#8438));
#8422 = ORIENTED_EDGE('',*,*,#8108,.T.);
#8423 = ORIENTED_EDGE('',*,*,#8424,.T.);
#8424 = EDGE_CURVE('',#8109,#8425,#8427,.T.);
#8425 = VERTEX_POINT('',#8426);
#8426 = CARTESIAN_POINT('',(-5.4,6.92500038147,0.2));
#8427 = LINE('',#8428,#8429);
#8428 = CARTESIAN_POINT('',(-5.4,6.67500038147,0.2));
#8429 = VECTOR('',#8430,1.);
#8430 = DIRECTION('',(0.,1.,0.));
#8431 = ORIENTED_EDGE('',*,*,#8432,.F.);
#8432 = EDGE_CURVE('',#8375,#8425,#8433,.T.);
#8433 = CIRCLE('',#8434,0.2);
#8434 = AXIS2_PLACEMENT_3D('',#8435,#8436,#8437);
#8435 = CARTESIAN_POINT('',(-5.6,6.92500038147,0.2));
#8436 = DIRECTION('',(0.,-1.,0.));
#8437 = DIRECTION('',(0.,0.,1.));
#8438 = ORIENTED_EDGE('',*,*,#8382,.F.);
#8439 = CYLINDRICAL_SURFACE('',#8440,0.2);
#8440 = AXIS2_PLACEMENT_3D('',#8441,#8442,#8443);
#8441 = CARTESIAN_POINT('',(-5.6,6.67500038147,0.2));
#8442 = DIRECTION('',(0.,1.,0.));
#8443 = DIRECTION('',(-0.,-0.,-1.));
#8444 = ADVANCED_FACE('',(#8445),#8456,.F.);
#8445 = FACE_BOUND('',#8446,.T.);
#8446 = EDGE_LOOP('',(#8447,#8453,#8454,#8455));
#8447 = ORIENTED_EDGE('',*,*,#8448,.F.);
#8448 = EDGE_CURVE('',#8400,#8425,#8449,.T.);
#8449 = LINE('',#8450,#8451);
#8450 = CARTESIAN_POINT('',(-5.4,6.92500038147,-5.E-02));
#8451 = VECTOR('',#8452,1.);
#8452 = DIRECTION('',(-0.,-0.,-1.));
#8453 = ORIENTED_EDGE('',*,*,#8399,.F.);
#8454 = ORIENTED_EDGE('',*,*,#8117,.T.);
#8455 = ORIENTED_EDGE('',*,*,#8424,.T.);
#8456 = PLANE('',#8457);
#8457 = AXIS2_PLACEMENT_3D('',#8458,#8459,#8460);
#8458 = CARTESIAN_POINT('',(-5.4,6.27500038147,-0.1));
#8459 = DIRECTION('',(-1.,-0.,-0.));
#8460 = DIRECTION('',(0.,0.,-1.));
#8461 = ADVANCED_FACE('',(#8462),#8476,.T.);
#8462 = FACE_BOUND('',#8463,.F.);
#8463 = EDGE_LOOP('',(#8464,#8465,#8466,#8467,#8468,#8469,#8470,#8471,
    #8472,#8473,#8474,#8475));
#8464 = ORIENTED_EDGE('',*,*,#8182,.T.);
#8465 = ORIENTED_EDGE('',*,*,#8231,.F.);
#8466 = ORIENTED_EDGE('',*,*,#8278,.T.);
#8467 = ORIENTED_EDGE('',*,*,#8335,.F.);
#8468 = ORIENTED_EDGE('',*,*,#8374,.F.);
#8469 = ORIENTED_EDGE('',*,*,#8432,.T.);
#8470 = ORIENTED_EDGE('',*,*,#8448,.F.);
#8471 = ORIENTED_EDGE('',*,*,#8407,.F.);
#8472 = ORIENTED_EDGE('',*,*,#8359,.F.);
#8473 = ORIENTED_EDGE('',*,*,#8311,.T.);
#8474 = ORIENTED_EDGE('',*,*,#8254,.T.);
#8475 = ORIENTED_EDGE('',*,*,#8213,.F.);
#8476 = PLANE('',#8477);
#8477 = AXIS2_PLACEMENT_3D('',#8478,#8479,#8480);
#8478 = CARTESIAN_POINT('',(-5.,6.92500038147,0.));
#8479 = DIRECTION('',(0.,1.,0.));
#8480 = DIRECTION('',(0.,0.,-1.));
#8481 = MANIFOLD_SOLID_BREP('',#8482);
#8482 = CLOSED_SHELL('',(#8483,#8591,#8622,#8647,#8672,#8696,#8720,#8744
    ,#8768,#8792,#8816,#8841,#8866,#8883));
#8483 = ADVANCED_FACE('',(#8484),#8586,.F.);
#8484 = FACE_BOUND('',#8485,.T.);
#8485 = EDGE_LOOP('',(#8486,#8496,#8505,#8513,#8521,#8529,#8538,#8546,
    #8555,#8563,#8571,#8579));
#8486 = ORIENTED_EDGE('',*,*,#8487,.T.);
#8487 = EDGE_CURVE('',#8488,#8490,#8492,.T.);
#8488 = VERTEX_POINT('',#8489);
#8489 = CARTESIAN_POINT('',(-5.5,7.47500038147,0.45));
#8490 = VERTEX_POINT('',#8491);
#8491 = CARTESIAN_POINT('',(-5.5,7.47500038147,0.2));
#8492 = LINE('',#8493,#8494);
#8493 = CARTESIAN_POINT('',(-5.5,7.47500038147,5.E-02));
#8494 = VECTOR('',#8495,1.);
#8495 = DIRECTION('',(-0.,-0.,-1.));
#8496 = ORIENTED_EDGE('',*,*,#8497,.F.);
#8497 = EDGE_CURVE('',#8498,#8490,#8500,.T.);
#8498 = VERTEX_POINT('',#8499);
#8499 = CARTESIAN_POINT('',(-5.6,7.47500038147,0.1));
#8500 = CIRCLE('',#8501,0.1);
#8501 = AXIS2_PLACEMENT_3D('',#8502,#8503,#8504);
#8502 = CARTESIAN_POINT('',(-5.6,7.47500038147,0.2));
#8503 = DIRECTION('',(0.,-1.,0.));
#8504 = DIRECTION('',(0.,0.,1.));
#8505 = ORIENTED_EDGE('',*,*,#8506,.T.);
#8506 = EDGE_CURVE('',#8498,#8507,#8509,.T.);
#8507 = VERTEX_POINT('',#8508);
#8508 = CARTESIAN_POINT('',(-5.9,7.47500038147,0.1));
#8509 = LINE('',#8510,#8511);
#8510 = CARTESIAN_POINT('',(-5.25,7.47500038147,0.1));
#8511 = VECTOR('',#8512,1.);
#8512 = DIRECTION('',(-1.,-0.,-0.));
#8513 = ORIENTED_EDGE('',*,*,#8514,.F.);
#8514 = EDGE_CURVE('',#8515,#8507,#8517,.T.);
#8515 = VERTEX_POINT('',#8516);
#8516 = CARTESIAN_POINT('',(-5.9,7.47500038147,0.));
#8517 = LINE('',#8518,#8519);
#8518 = CARTESIAN_POINT('',(-5.9,7.47500038147,0.));
#8519 = VECTOR('',#8520,1.);
#8520 = DIRECTION('',(0.,0.,1.));
#8521 = ORIENTED_EDGE('',*,*,#8522,.F.);
#8522 = EDGE_CURVE('',#8523,#8515,#8525,.T.);
#8523 = VERTEX_POINT('',#8524);
#8524 = CARTESIAN_POINT('',(-5.6,7.47500038147,-2.775557561563E-17));
#8525 = LINE('',#8526,#8527);
#8526 = CARTESIAN_POINT('',(-5.,7.47500038147,0.));
#8527 = VECTOR('',#8528,1.);
#8528 = DIRECTION('',(-1.,-0.,-0.));
#8529 = ORIENTED_EDGE('',*,*,#8530,.T.);
#8530 = EDGE_CURVE('',#8523,#8531,#8533,.T.);
#8531 = VERTEX_POINT('',#8532);
#8532 = CARTESIAN_POINT('',(-5.4,7.47500038147,0.2));
#8533 = CIRCLE('',#8534,0.2);
#8534 = AXIS2_PLACEMENT_3D('',#8535,#8536,#8537);
#8535 = CARTESIAN_POINT('',(-5.6,7.47500038147,0.2));
#8536 = DIRECTION('',(0.,-1.,0.));
#8537 = DIRECTION('',(0.,0.,1.));
#8538 = ORIENTED_EDGE('',*,*,#8539,.F.);
#8539 = EDGE_CURVE('',#8540,#8531,#8542,.T.);
#8540 = VERTEX_POINT('',#8541);
#8541 = CARTESIAN_POINT('',(-5.4,7.47500038147,0.45));
#8542 = LINE('',#8543,#8544);
#8543 = CARTESIAN_POINT('',(-5.4,7.47500038147,-5.E-02));
#8544 = VECTOR('',#8545,1.);
#8545 = DIRECTION('',(-0.,-0.,-1.));
#8546 = ORIENTED_EDGE('',*,*,#8547,.F.);
#8547 = EDGE_CURVE('',#8548,#8540,#8550,.T.);
#8548 = VERTEX_POINT('',#8549);
#8549 = CARTESIAN_POINT('',(-5.3,7.47500038147,0.55));
#8550 = CIRCLE('',#8551,0.1);
#8551 = AXIS2_PLACEMENT_3D('',#8552,#8553,#8554);
#8552 = CARTESIAN_POINT('',(-5.3,7.47500038147,0.45));
#8553 = DIRECTION('',(0.,-1.,0.));
#8554 = DIRECTION('',(0.,0.,1.));
#8555 = ORIENTED_EDGE('',*,*,#8556,.F.);
#8556 = EDGE_CURVE('',#8557,#8548,#8559,.T.);
#8557 = VERTEX_POINT('',#8558);
#8558 = CARTESIAN_POINT('',(-5.,7.47500038147,0.55));
#8559 = LINE('',#8560,#8561);
#8560 = CARTESIAN_POINT('',(-4.5,7.47500038147,0.55));
#8561 = VECTOR('',#8562,1.);
#8562 = DIRECTION('',(-1.,-0.,-0.));
#8563 = ORIENTED_EDGE('',*,*,#8564,.T.);
#8564 = EDGE_CURVE('',#8557,#8565,#8567,.T.);
#8565 = VERTEX_POINT('',#8566);
#8566 = CARTESIAN_POINT('',(-5.,7.47500038147,0.65));
#8567 = LINE('',#8568,#8569);
#8568 = CARTESIAN_POINT('',(-5.,7.47500038147,0.));
#8569 = VECTOR('',#8570,1.);
#8570 = DIRECTION('',(0.,0.,1.));
#8571 = ORIENTED_EDGE('',*,*,#8572,.T.);
#8572 = EDGE_CURVE('',#8565,#8573,#8575,.T.);
#8573 = VERTEX_POINT('',#8574);
#8574 = CARTESIAN_POINT('',(-5.3,7.47500038147,0.65));
#8575 = LINE('',#8576,#8577);
#8576 = CARTESIAN_POINT('',(-5.,7.47500038147,0.65));
#8577 = VECTOR('',#8578,1.);
#8578 = DIRECTION('',(-1.,-0.,-0.));
#8579 = ORIENTED_EDGE('',*,*,#8580,.F.);
#8580 = EDGE_CURVE('',#8488,#8573,#8581,.T.);
#8581 = CIRCLE('',#8582,0.2);
#8582 = AXIS2_PLACEMENT_3D('',#8583,#8584,#8585);
#8583 = CARTESIAN_POINT('',(-5.3,7.47500038147,0.45));
#8584 = DIRECTION('',(0.,1.,0.));
#8585 = DIRECTION('',(0.,0.,1.));
#8586 = PLANE('',#8587);
#8587 = AXIS2_PLACEMENT_3D('',#8588,#8589,#8590);
#8588 = CARTESIAN_POINT('',(-5.,7.47500038147,0.));
#8589 = DIRECTION('',(0.,1.,0.));
#8590 = DIRECTION('',(0.,0.,-1.));
#8591 = ADVANCED_FACE('',(#8592),#8617,.T.);
#8592 = FACE_BOUND('',#8593,.F.);
#8593 = EDGE_LOOP('',(#8594,#8595,#8603,#8611));
#8594 = ORIENTED_EDGE('',*,*,#8487,.T.);
#8595 = ORIENTED_EDGE('',*,*,#8596,.T.);
#8596 = EDGE_CURVE('',#8490,#8597,#8599,.T.);
#8597 = VERTEX_POINT('',#8598);
#8598 = CARTESIAN_POINT('',(-5.5,7.72500038147,0.2));
#8599 = LINE('',#8600,#8601);
#8600 = CARTESIAN_POINT('',(-5.5,7.47500038147,0.2));
#8601 = VECTOR('',#8602,1.);
#8602 = DIRECTION('',(0.,1.,0.));
#8603 = ORIENTED_EDGE('',*,*,#8604,.F.);
#8604 = EDGE_CURVE('',#8605,#8597,#8607,.T.);
#8605 = VERTEX_POINT('',#8606);
#8606 = CARTESIAN_POINT('',(-5.5,7.72500038147,0.45));
#8607 = LINE('',#8608,#8609);
#8608 = CARTESIAN_POINT('',(-5.5,7.72500038147,5.E-02));
#8609 = VECTOR('',#8610,1.);
#8610 = DIRECTION('',(-0.,-0.,-1.));
#8611 = ORIENTED_EDGE('',*,*,#8612,.F.);
#8612 = EDGE_CURVE('',#8488,#8605,#8613,.T.);
#8613 = LINE('',#8614,#8615);
#8614 = CARTESIAN_POINT('',(-5.5,7.47500038147,0.45));
#8615 = VECTOR('',#8616,1.);
#8616 = DIRECTION('',(0.,1.,0.));
#8617 = PLANE('',#8618);
#8618 = AXIS2_PLACEMENT_3D('',#8619,#8620,#8621);
#8619 = CARTESIAN_POINT('',(-5.5,7.07500038147,0.1));
#8620 = DIRECTION('',(-1.,-0.,-0.));
#8621 = DIRECTION('',(0.,0.,-1.));
#8622 = ADVANCED_FACE('',(#8623),#8642,.T.);
#8623 = FACE_BOUND('',#8624,.T.);
#8624 = EDGE_LOOP('',(#8625,#8626,#8634,#8641));
#8625 = ORIENTED_EDGE('',*,*,#8580,.T.);
#8626 = ORIENTED_EDGE('',*,*,#8627,.T.);
#8627 = EDGE_CURVE('',#8573,#8628,#8630,.T.);
#8628 = VERTEX_POINT('',#8629);
#8629 = CARTESIAN_POINT('',(-5.3,7.72500038147,0.65));
#8630 = LINE('',#8631,#8632);
#8631 = CARTESIAN_POINT('',(-5.3,7.47500038147,0.65));
#8632 = VECTOR('',#8633,1.);
#8633 = DIRECTION('',(0.,1.,0.));
#8634 = ORIENTED_EDGE('',*,*,#8635,.F.);
#8635 = EDGE_CURVE('',#8605,#8628,#8636,.T.);
#8636 = CIRCLE('',#8637,0.2);
#8637 = AXIS2_PLACEMENT_3D('',#8638,#8639,#8640);
#8638 = CARTESIAN_POINT('',(-5.3,7.72500038147,0.45));
#8639 = DIRECTION('',(0.,1.,0.));
#8640 = DIRECTION('',(0.,0.,1.));
#8641 = ORIENTED_EDGE('',*,*,#8612,.F.);
#8642 = CYLINDRICAL_SURFACE('',#8643,0.2);
#8643 = AXIS2_PLACEMENT_3D('',#8644,#8645,#8646);
#8644 = CARTESIAN_POINT('',(-5.3,7.47500038147,0.45));
#8645 = DIRECTION('',(0.,1.,0.));
#8646 = DIRECTION('',(-1.,-0.,-0.));
#8647 = ADVANCED_FACE('',(#8648),#8667,.F.);
#8648 = FACE_BOUND('',#8649,.T.);
#8649 = EDGE_LOOP('',(#8650,#8651,#8652,#8661));
#8650 = ORIENTED_EDGE('',*,*,#8497,.T.);
#8651 = ORIENTED_EDGE('',*,*,#8596,.T.);
#8652 = ORIENTED_EDGE('',*,*,#8653,.F.);
#8653 = EDGE_CURVE('',#8654,#8597,#8656,.T.);
#8654 = VERTEX_POINT('',#8655);
#8655 = CARTESIAN_POINT('',(-5.6,7.72500038147,0.1));
#8656 = CIRCLE('',#8657,0.1);
#8657 = AXIS2_PLACEMENT_3D('',#8658,#8659,#8660);
#8658 = CARTESIAN_POINT('',(-5.6,7.72500038147,0.2));
#8659 = DIRECTION('',(0.,-1.,0.));
#8660 = DIRECTION('',(0.,0.,1.));
#8661 = ORIENTED_EDGE('',*,*,#8662,.F.);
#8662 = EDGE_CURVE('',#8498,#8654,#8663,.T.);
#8663 = LINE('',#8664,#8665);
#8664 = CARTESIAN_POINT('',(-5.6,7.47500038147,0.1));
#8665 = VECTOR('',#8666,1.);
#8666 = DIRECTION('',(0.,1.,0.));
#8667 = CYLINDRICAL_SURFACE('',#8668,0.1);
#8668 = AXIS2_PLACEMENT_3D('',#8669,#8670,#8671);
#8669 = CARTESIAN_POINT('',(-5.6,7.47500038147,0.2));
#8670 = DIRECTION('',(0.,1.,0.));
#8671 = DIRECTION('',(-0.,-0.,-1.));
#8672 = ADVANCED_FACE('',(#8673),#8691,.T.);
#8673 = FACE_BOUND('',#8674,.F.);
#8674 = EDGE_LOOP('',(#8675,#8683,#8689,#8690));
#8675 = ORIENTED_EDGE('',*,*,#8676,.F.);
#8676 = EDGE_CURVE('',#8677,#8628,#8679,.T.);
#8677 = VERTEX_POINT('',#8678);
#8678 = CARTESIAN_POINT('',(-5.,7.72500038147,0.65));
#8679 = LINE('',#8680,#8681);
#8680 = CARTESIAN_POINT('',(-5.,7.72500038147,0.65));
#8681 = VECTOR('',#8682,1.);
#8682 = DIRECTION('',(-1.,-0.,-0.));
#8683 = ORIENTED_EDGE('',*,*,#8684,.F.);
#8684 = EDGE_CURVE('',#8565,#8677,#8685,.T.);
#8685 = LINE('',#8686,#8687);
#8686 = CARTESIAN_POINT('',(-5.,7.47500038147,0.65));
#8687 = VECTOR('',#8688,1.);
#8688 = DIRECTION('',(0.,1.,0.));
#8689 = ORIENTED_EDGE('',*,*,#8572,.T.);
#8690 = ORIENTED_EDGE('',*,*,#8627,.T.);
#8691 = PLANE('',#8692);
#8692 = AXIS2_PLACEMENT_3D('',#8693,#8694,#8695);
#8693 = CARTESIAN_POINT('',(-5.,7.47500038147,0.65));
#8694 = DIRECTION('',(0.,0.,1.));
#8695 = DIRECTION('',(1.,0.,0.));
#8696 = ADVANCED_FACE('',(#8697),#8715,.T.);
#8697 = FACE_BOUND('',#8698,.F.);
#8698 = EDGE_LOOP('',(#8699,#8707,#8708,#8709));
#8699 = ORIENTED_EDGE('',*,*,#8700,.F.);
#8700 = EDGE_CURVE('',#8654,#8701,#8703,.T.);
#8701 = VERTEX_POINT('',#8702);
#8702 = CARTESIAN_POINT('',(-5.9,7.72500038147,0.1));
#8703 = LINE('',#8704,#8705);
#8704 = CARTESIAN_POINT('',(-5.25,7.72500038147,0.1));
#8705 = VECTOR('',#8706,1.);
#8706 = DIRECTION('',(-1.,-0.,-0.));
#8707 = ORIENTED_EDGE('',*,*,#8662,.F.);
#8708 = ORIENTED_EDGE('',*,*,#8506,.T.);
#8709 = ORIENTED_EDGE('',*,*,#8710,.F.);
#8710 = EDGE_CURVE('',#8701,#8507,#8711,.T.);
#8711 = LINE('',#8712,#8713);
#8712 = CARTESIAN_POINT('',(-5.9,7.27500038147,0.1));
#8713 = VECTOR('',#8714,1.);
#8714 = DIRECTION('',(-0.,-1.,-0.));
#8715 = PLANE('',#8716);
#8716 = AXIS2_PLACEMENT_3D('',#8717,#8718,#8719);
#8717 = CARTESIAN_POINT('',(-5.5,7.07500038147,0.1));
#8718 = DIRECTION('',(0.,0.,1.));
#8719 = DIRECTION('',(1.,0.,0.));
#8720 = ADVANCED_FACE('',(#8721),#8739,.F.);
#8721 = FACE_BOUND('',#8722,.T.);
#8722 = EDGE_LOOP('',(#8723,#8724,#8732,#8738));
#8723 = ORIENTED_EDGE('',*,*,#8564,.F.);
#8724 = ORIENTED_EDGE('',*,*,#8725,.F.);
#8725 = EDGE_CURVE('',#8726,#8557,#8728,.T.);
#8726 = VERTEX_POINT('',#8727);
#8727 = CARTESIAN_POINT('',(-5.,7.72500038147,0.55));
#8728 = LINE('',#8729,#8730);
#8729 = CARTESIAN_POINT('',(-5.,7.27500038147,0.55));
#8730 = VECTOR('',#8731,1.);
#8731 = DIRECTION('',(-0.,-1.,-0.));
#8732 = ORIENTED_EDGE('',*,*,#8733,.T.);
#8733 = EDGE_CURVE('',#8726,#8677,#8734,.T.);
#8734 = LINE('',#8735,#8736);
#8735 = CARTESIAN_POINT('',(-5.,7.72500038147,0.));
#8736 = VECTOR('',#8737,1.);
#8737 = DIRECTION('',(0.,0.,1.));
#8738 = ORIENTED_EDGE('',*,*,#8684,.F.);
#8739 = PLANE('',#8740);
#8740 = AXIS2_PLACEMENT_3D('',#8741,#8742,#8743);
#8741 = CARTESIAN_POINT('',(-5.,7.47500038147,0.));
#8742 = DIRECTION('',(-1.,-0.,-0.));
#8743 = DIRECTION('',(0.,0.,-1.));
#8744 = ADVANCED_FACE('',(#8745),#8763,.T.);
#8745 = FACE_BOUND('',#8746,.F.);
#8746 = EDGE_LOOP('',(#8747,#8748,#8756,#8762));
#8747 = ORIENTED_EDGE('',*,*,#8514,.F.);
#8748 = ORIENTED_EDGE('',*,*,#8749,.T.);
#8749 = EDGE_CURVE('',#8515,#8750,#8752,.T.);
#8750 = VERTEX_POINT('',#8751);
#8751 = CARTESIAN_POINT('',(-5.9,7.72500038147,0.));
#8752 = LINE('',#8753,#8754);
#8753 = CARTESIAN_POINT('',(-5.9,7.47500038147,0.));
#8754 = VECTOR('',#8755,1.);
#8755 = DIRECTION('',(0.,1.,0.));
#8756 = ORIENTED_EDGE('',*,*,#8757,.T.);
#8757 = EDGE_CURVE('',#8750,#8701,#8758,.T.);
#8758 = LINE('',#8759,#8760);
#8759 = CARTESIAN_POINT('',(-5.9,7.72500038147,0.));
#8760 = VECTOR('',#8761,1.);
#8761 = DIRECTION('',(0.,0.,1.));
#8762 = ORIENTED_EDGE('',*,*,#8710,.T.);
#8763 = PLANE('',#8764);
#8764 = AXIS2_PLACEMENT_3D('',#8765,#8766,#8767);
#8765 = CARTESIAN_POINT('',(-5.9,7.47500038147,0.));
#8766 = DIRECTION('',(-1.,-0.,-0.));
#8767 = DIRECTION('',(0.,0.,-1.));
#8768 = ADVANCED_FACE('',(#8769),#8787,.F.);
#8769 = FACE_BOUND('',#8770,.T.);
#8770 = EDGE_LOOP('',(#8771,#8772,#8780,#8786));
#8771 = ORIENTED_EDGE('',*,*,#8556,.T.);
#8772 = ORIENTED_EDGE('',*,*,#8773,.T.);
#8773 = EDGE_CURVE('',#8548,#8774,#8776,.T.);
#8774 = VERTEX_POINT('',#8775);
#8775 = CARTESIAN_POINT('',(-5.3,7.72500038147,0.55));
#8776 = LINE('',#8777,#8778);
#8777 = CARTESIAN_POINT('',(-5.3,7.47500038147,0.55));
#8778 = VECTOR('',#8779,1.);
#8779 = DIRECTION('',(0.,1.,0.));
#8780 = ORIENTED_EDGE('',*,*,#8781,.F.);
#8781 = EDGE_CURVE('',#8726,#8774,#8782,.T.);
#8782 = LINE('',#8783,#8784);
#8783 = CARTESIAN_POINT('',(-4.5,7.72500038147,0.55));
#8784 = VECTOR('',#8785,1.);
#8785 = DIRECTION('',(-1.,-0.,-0.));
#8786 = ORIENTED_EDGE('',*,*,#8725,.T.);
#8787 = PLANE('',#8788);
#8788 = AXIS2_PLACEMENT_3D('',#8789,#8790,#8791);
#8789 = CARTESIAN_POINT('',(-4.,7.07500038147,0.55));
#8790 = DIRECTION('',(0.,0.,1.));
#8791 = DIRECTION('',(1.,0.,0.));
#8792 = ADVANCED_FACE('',(#8793),#8811,.F.);
#8793 = FACE_BOUND('',#8794,.T.);
#8794 = EDGE_LOOP('',(#8795,#8803,#8809,#8810));
#8795 = ORIENTED_EDGE('',*,*,#8796,.F.);
#8796 = EDGE_CURVE('',#8797,#8750,#8799,.T.);
#8797 = VERTEX_POINT('',#8798);
#8798 = CARTESIAN_POINT('',(-5.6,7.72500038147,-2.775557561563E-17));
#8799 = LINE('',#8800,#8801);
#8800 = CARTESIAN_POINT('',(-5.,7.72500038147,0.));
#8801 = VECTOR('',#8802,1.);
#8802 = DIRECTION('',(-1.,-0.,-0.));
#8803 = ORIENTED_EDGE('',*,*,#8804,.F.);
#8804 = EDGE_CURVE('',#8523,#8797,#8805,.T.);
#8805 = LINE('',#8806,#8807);
#8806 = CARTESIAN_POINT('',(-5.6,7.47500038147,-2.775557561563E-17));
#8807 = VECTOR('',#8808,1.);
#8808 = DIRECTION('',(0.,1.,0.));
#8809 = ORIENTED_EDGE('',*,*,#8522,.T.);
#8810 = ORIENTED_EDGE('',*,*,#8749,.T.);
#8811 = PLANE('',#8812);
#8812 = AXIS2_PLACEMENT_3D('',#8813,#8814,#8815);
#8813 = CARTESIAN_POINT('',(-5.,7.47500038147,0.));
#8814 = DIRECTION('',(0.,0.,1.));
#8815 = DIRECTION('',(1.,0.,0.));
#8816 = ADVANCED_FACE('',(#8817),#8836,.F.);
#8817 = FACE_BOUND('',#8818,.T.);
#8818 = EDGE_LOOP('',(#8819,#8820,#8828,#8835));
#8819 = ORIENTED_EDGE('',*,*,#8547,.T.);
#8820 = ORIENTED_EDGE('',*,*,#8821,.T.);
#8821 = EDGE_CURVE('',#8540,#8822,#8824,.T.);
#8822 = VERTEX_POINT('',#8823);
#8823 = CARTESIAN_POINT('',(-5.4,7.72500038147,0.45));
#8824 = LINE('',#8825,#8826);
#8825 = CARTESIAN_POINT('',(-5.4,7.47500038147,0.45));
#8826 = VECTOR('',#8827,1.);
#8827 = DIRECTION('',(0.,1.,0.));
#8828 = ORIENTED_EDGE('',*,*,#8829,.F.);
#8829 = EDGE_CURVE('',#8774,#8822,#8830,.T.);
#8830 = CIRCLE('',#8831,0.1);
#8831 = AXIS2_PLACEMENT_3D('',#8832,#8833,#8834);
#8832 = CARTESIAN_POINT('',(-5.3,7.72500038147,0.45));
#8833 = DIRECTION('',(0.,-1.,0.));
#8834 = DIRECTION('',(0.,0.,1.));
#8835 = ORIENTED_EDGE('',*,*,#8773,.F.);
#8836 = CYLINDRICAL_SURFACE('',#8837,0.1);
#8837 = AXIS2_PLACEMENT_3D('',#8838,#8839,#8840);
#8838 = CARTESIAN_POINT('',(-5.3,7.47500038147,0.45));
#8839 = DIRECTION('',(0.,1.,0.));
#8840 = DIRECTION('',(0.,0.,1.));
#8841 = ADVANCED_FACE('',(#8842),#8861,.T.);
#8842 = FACE_BOUND('',#8843,.F.);
#8843 = EDGE_LOOP('',(#8844,#8845,#8853,#8860));
#8844 = ORIENTED_EDGE('',*,*,#8530,.T.);
#8845 = ORIENTED_EDGE('',*,*,#8846,.T.);
#8846 = EDGE_CURVE('',#8531,#8847,#8849,.T.);
#8847 = VERTEX_POINT('',#8848);
#8848 = CARTESIAN_POINT('',(-5.4,7.72500038147,0.2));
#8849 = LINE('',#8850,#8851);
#8850 = CARTESIAN_POINT('',(-5.4,7.47500038147,0.2));
#8851 = VECTOR('',#8852,1.);
#8852 = DIRECTION('',(0.,1.,0.));
#8853 = ORIENTED_EDGE('',*,*,#8854,.F.);
#8854 = EDGE_CURVE('',#8797,#8847,#8855,.T.);
#8855 = CIRCLE('',#8856,0.2);
#8856 = AXIS2_PLACEMENT_3D('',#8857,#8858,#8859);
#8857 = CARTESIAN_POINT('',(-5.6,7.72500038147,0.2));
#8858 = DIRECTION('',(0.,-1.,0.));
#8859 = DIRECTION('',(0.,0.,1.));
#8860 = ORIENTED_EDGE('',*,*,#8804,.F.);
#8861 = CYLINDRICAL_SURFACE('',#8862,0.2);
#8862 = AXIS2_PLACEMENT_3D('',#8863,#8864,#8865);
#8863 = CARTESIAN_POINT('',(-5.6,7.47500038147,0.2));
#8864 = DIRECTION('',(0.,1.,0.));
#8865 = DIRECTION('',(-0.,-0.,-1.));
#8866 = ADVANCED_FACE('',(#8867),#8878,.F.);
#8867 = FACE_BOUND('',#8868,.T.);
#8868 = EDGE_LOOP('',(#8869,#8875,#8876,#8877));
#8869 = ORIENTED_EDGE('',*,*,#8870,.F.);
#8870 = EDGE_CURVE('',#8822,#8847,#8871,.T.);
#8871 = LINE('',#8872,#8873);
#8872 = CARTESIAN_POINT('',(-5.4,7.72500038147,-5.E-02));
#8873 = VECTOR('',#8874,1.);
#8874 = DIRECTION('',(-0.,-0.,-1.));
#8875 = ORIENTED_EDGE('',*,*,#8821,.F.);
#8876 = ORIENTED_EDGE('',*,*,#8539,.T.);
#8877 = ORIENTED_EDGE('',*,*,#8846,.T.);
#8878 = PLANE('',#8879);
#8879 = AXIS2_PLACEMENT_3D('',#8880,#8881,#8882);
#8880 = CARTESIAN_POINT('',(-5.4,7.07500038147,-0.1));
#8881 = DIRECTION('',(-1.,-0.,-0.));
#8882 = DIRECTION('',(0.,0.,-1.));
#8883 = ADVANCED_FACE('',(#8884),#8898,.T.);
#8884 = FACE_BOUND('',#8885,.F.);
#8885 = EDGE_LOOP('',(#8886,#8887,#8888,#8889,#8890,#8891,#8892,#8893,
    #8894,#8895,#8896,#8897));
#8886 = ORIENTED_EDGE('',*,*,#8604,.T.);
#8887 = ORIENTED_EDGE('',*,*,#8653,.F.);
#8888 = ORIENTED_EDGE('',*,*,#8700,.T.);
#8889 = ORIENTED_EDGE('',*,*,#8757,.F.);
#8890 = ORIENTED_EDGE('',*,*,#8796,.F.);
#8891 = ORIENTED_EDGE('',*,*,#8854,.T.);
#8892 = ORIENTED_EDGE('',*,*,#8870,.F.);
#8893 = ORIENTED_EDGE('',*,*,#8829,.F.);
#8894 = ORIENTED_EDGE('',*,*,#8781,.F.);
#8895 = ORIENTED_EDGE('',*,*,#8733,.T.);
#8896 = ORIENTED_EDGE('',*,*,#8676,.T.);
#8897 = ORIENTED_EDGE('',*,*,#8635,.F.);
#8898 = PLANE('',#8899);
#8899 = AXIS2_PLACEMENT_3D('',#8900,#8901,#8902);
#8900 = CARTESIAN_POINT('',(-5.,7.72500038147,0.));
#8901 = DIRECTION('',(0.,1.,0.));
#8902 = DIRECTION('',(0.,0.,-1.));
#8903 = MANIFOLD_SOLID_BREP('',#8904);
#8904 = CLOSED_SHELL('',(#8905,#9013,#9044,#9069,#9094,#9118,#9142,#9166
    ,#9190,#9214,#9238,#9263,#9288,#9305));
#8905 = ADVANCED_FACE('',(#8906),#9008,.F.);
#8906 = FACE_BOUND('',#8907,.T.);
#8907 = EDGE_LOOP('',(#8908,#8918,#8927,#8935,#8943,#8951,#8960,#8968,
    #8977,#8985,#8993,#9001));
#8908 = ORIENTED_EDGE('',*,*,#8909,.T.);
#8909 = EDGE_CURVE('',#8910,#8912,#8914,.T.);
#8910 = VERTEX_POINT('',#8911);
#8911 = CARTESIAN_POINT('',(-5.5,8.27500038147,0.45));
#8912 = VERTEX_POINT('',#8913);
#8913 = CARTESIAN_POINT('',(-5.5,8.27500038147,0.2));
#8914 = LINE('',#8915,#8916);
#8915 = CARTESIAN_POINT('',(-5.5,8.27500038147,5.E-02));
#8916 = VECTOR('',#8917,1.);
#8917 = DIRECTION('',(-0.,-0.,-1.));
#8918 = ORIENTED_EDGE('',*,*,#8919,.F.);
#8919 = EDGE_CURVE('',#8920,#8912,#8922,.T.);
#8920 = VERTEX_POINT('',#8921);
#8921 = CARTESIAN_POINT('',(-5.6,8.27500038147,0.1));
#8922 = CIRCLE('',#8923,0.1);
#8923 = AXIS2_PLACEMENT_3D('',#8924,#8925,#8926);
#8924 = CARTESIAN_POINT('',(-5.6,8.27500038147,0.2));
#8925 = DIRECTION('',(0.,-1.,0.));
#8926 = DIRECTION('',(0.,0.,1.));
#8927 = ORIENTED_EDGE('',*,*,#8928,.T.);
#8928 = EDGE_CURVE('',#8920,#8929,#8931,.T.);
#8929 = VERTEX_POINT('',#8930);
#8930 = CARTESIAN_POINT('',(-5.9,8.27500038147,0.1));
#8931 = LINE('',#8932,#8933);
#8932 = CARTESIAN_POINT('',(-5.25,8.27500038147,0.1));
#8933 = VECTOR('',#8934,1.);
#8934 = DIRECTION('',(-1.,-0.,-0.));
#8935 = ORIENTED_EDGE('',*,*,#8936,.F.);
#8936 = EDGE_CURVE('',#8937,#8929,#8939,.T.);
#8937 = VERTEX_POINT('',#8938);
#8938 = CARTESIAN_POINT('',(-5.9,8.27500038147,0.));
#8939 = LINE('',#8940,#8941);
#8940 = CARTESIAN_POINT('',(-5.9,8.27500038147,0.));
#8941 = VECTOR('',#8942,1.);
#8942 = DIRECTION('',(0.,0.,1.));
#8943 = ORIENTED_EDGE('',*,*,#8944,.F.);
#8944 = EDGE_CURVE('',#8945,#8937,#8947,.T.);
#8945 = VERTEX_POINT('',#8946);
#8946 = CARTESIAN_POINT('',(-5.6,8.27500038147,-2.775557561563E-17));
#8947 = LINE('',#8948,#8949);
#8948 = CARTESIAN_POINT('',(-5.,8.27500038147,0.));
#8949 = VECTOR('',#8950,1.);
#8950 = DIRECTION('',(-1.,-0.,-0.));
#8951 = ORIENTED_EDGE('',*,*,#8952,.T.);
#8952 = EDGE_CURVE('',#8945,#8953,#8955,.T.);
#8953 = VERTEX_POINT('',#8954);
#8954 = CARTESIAN_POINT('',(-5.4,8.27500038147,0.2));
#8955 = CIRCLE('',#8956,0.2);
#8956 = AXIS2_PLACEMENT_3D('',#8957,#8958,#8959);
#8957 = CARTESIAN_POINT('',(-5.6,8.27500038147,0.2));
#8958 = DIRECTION('',(0.,-1.,0.));
#8959 = DIRECTION('',(0.,0.,1.));
#8960 = ORIENTED_EDGE('',*,*,#8961,.F.);
#8961 = EDGE_CURVE('',#8962,#8953,#8964,.T.);
#8962 = VERTEX_POINT('',#8963);
#8963 = CARTESIAN_POINT('',(-5.4,8.27500038147,0.45));
#8964 = LINE('',#8965,#8966);
#8965 = CARTESIAN_POINT('',(-5.4,8.27500038147,-5.E-02));
#8966 = VECTOR('',#8967,1.);
#8967 = DIRECTION('',(-0.,-0.,-1.));
#8968 = ORIENTED_EDGE('',*,*,#8969,.F.);
#8969 = EDGE_CURVE('',#8970,#8962,#8972,.T.);
#8970 = VERTEX_POINT('',#8971);
#8971 = CARTESIAN_POINT('',(-5.3,8.27500038147,0.55));
#8972 = CIRCLE('',#8973,0.1);
#8973 = AXIS2_PLACEMENT_3D('',#8974,#8975,#8976);
#8974 = CARTESIAN_POINT('',(-5.3,8.27500038147,0.45));
#8975 = DIRECTION('',(0.,-1.,0.));
#8976 = DIRECTION('',(0.,0.,1.));
#8977 = ORIENTED_EDGE('',*,*,#8978,.F.);
#8978 = EDGE_CURVE('',#8979,#8970,#8981,.T.);
#8979 = VERTEX_POINT('',#8980);
#8980 = CARTESIAN_POINT('',(-5.,8.27500038147,0.55));
#8981 = LINE('',#8982,#8983);
#8982 = CARTESIAN_POINT('',(-4.5,8.27500038147,0.55));
#8983 = VECTOR('',#8984,1.);
#8984 = DIRECTION('',(-1.,-0.,-0.));
#8985 = ORIENTED_EDGE('',*,*,#8986,.T.);
#8986 = EDGE_CURVE('',#8979,#8987,#8989,.T.);
#8987 = VERTEX_POINT('',#8988);
#8988 = CARTESIAN_POINT('',(-5.,8.27500038147,0.65));
#8989 = LINE('',#8990,#8991);
#8990 = CARTESIAN_POINT('',(-5.,8.27500038147,0.));
#8991 = VECTOR('',#8992,1.);
#8992 = DIRECTION('',(0.,0.,1.));
#8993 = ORIENTED_EDGE('',*,*,#8994,.T.);
#8994 = EDGE_CURVE('',#8987,#8995,#8997,.T.);
#8995 = VERTEX_POINT('',#8996);
#8996 = CARTESIAN_POINT('',(-5.3,8.27500038147,0.65));
#8997 = LINE('',#8998,#8999);
#8998 = CARTESIAN_POINT('',(-5.,8.27500038147,0.65));
#8999 = VECTOR('',#9000,1.);
#9000 = DIRECTION('',(-1.,-0.,-0.));
#9001 = ORIENTED_EDGE('',*,*,#9002,.F.);
#9002 = EDGE_CURVE('',#8910,#8995,#9003,.T.);
#9003 = CIRCLE('',#9004,0.2);
#9004 = AXIS2_PLACEMENT_3D('',#9005,#9006,#9007);
#9005 = CARTESIAN_POINT('',(-5.3,8.27500038147,0.45));
#9006 = DIRECTION('',(0.,1.,0.));
#9007 = DIRECTION('',(0.,0.,1.));
#9008 = PLANE('',#9009);
#9009 = AXIS2_PLACEMENT_3D('',#9010,#9011,#9012);
#9010 = CARTESIAN_POINT('',(-5.,8.27500038147,0.));
#9011 = DIRECTION('',(0.,1.,0.));
#9012 = DIRECTION('',(0.,0.,-1.));
#9013 = ADVANCED_FACE('',(#9014),#9039,.T.);
#9014 = FACE_BOUND('',#9015,.F.);
#9015 = EDGE_LOOP('',(#9016,#9017,#9025,#9033));
#9016 = ORIENTED_EDGE('',*,*,#8909,.T.);
#9017 = ORIENTED_EDGE('',*,*,#9018,.T.);
#9018 = EDGE_CURVE('',#8912,#9019,#9021,.T.);
#9019 = VERTEX_POINT('',#9020);
#9020 = CARTESIAN_POINT('',(-5.5,8.52500038147,0.2));
#9021 = LINE('',#9022,#9023);
#9022 = CARTESIAN_POINT('',(-5.5,8.27500038147,0.2));
#9023 = VECTOR('',#9024,1.);
#9024 = DIRECTION('',(0.,1.,0.));
#9025 = ORIENTED_EDGE('',*,*,#9026,.F.);
#9026 = EDGE_CURVE('',#9027,#9019,#9029,.T.);
#9027 = VERTEX_POINT('',#9028);
#9028 = CARTESIAN_POINT('',(-5.5,8.52500038147,0.45));
#9029 = LINE('',#9030,#9031);
#9030 = CARTESIAN_POINT('',(-5.5,8.52500038147,5.E-02));
#9031 = VECTOR('',#9032,1.);
#9032 = DIRECTION('',(-0.,-0.,-1.));
#9033 = ORIENTED_EDGE('',*,*,#9034,.F.);
#9034 = EDGE_CURVE('',#8910,#9027,#9035,.T.);
#9035 = LINE('',#9036,#9037);
#9036 = CARTESIAN_POINT('',(-5.5,8.27500038147,0.45));
#9037 = VECTOR('',#9038,1.);
#9038 = DIRECTION('',(0.,1.,0.));
#9039 = PLANE('',#9040);
#9040 = AXIS2_PLACEMENT_3D('',#9041,#9042,#9043);
#9041 = CARTESIAN_POINT('',(-5.5,7.87500038147,0.1));
#9042 = DIRECTION('',(-1.,-0.,-0.));
#9043 = DIRECTION('',(0.,0.,-1.));
#9044 = ADVANCED_FACE('',(#9045),#9064,.T.);
#9045 = FACE_BOUND('',#9046,.T.);
#9046 = EDGE_LOOP('',(#9047,#9048,#9056,#9063));
#9047 = ORIENTED_EDGE('',*,*,#9002,.T.);
#9048 = ORIENTED_EDGE('',*,*,#9049,.T.);
#9049 = EDGE_CURVE('',#8995,#9050,#9052,.T.);
#9050 = VERTEX_POINT('',#9051);
#9051 = CARTESIAN_POINT('',(-5.3,8.52500038147,0.65));
#9052 = LINE('',#9053,#9054);
#9053 = CARTESIAN_POINT('',(-5.3,8.27500038147,0.65));
#9054 = VECTOR('',#9055,1.);
#9055 = DIRECTION('',(0.,1.,0.));
#9056 = ORIENTED_EDGE('',*,*,#9057,.F.);
#9057 = EDGE_CURVE('',#9027,#9050,#9058,.T.);
#9058 = CIRCLE('',#9059,0.2);
#9059 = AXIS2_PLACEMENT_3D('',#9060,#9061,#9062);
#9060 = CARTESIAN_POINT('',(-5.3,8.52500038147,0.45));
#9061 = DIRECTION('',(0.,1.,0.));
#9062 = DIRECTION('',(0.,0.,1.));
#9063 = ORIENTED_EDGE('',*,*,#9034,.F.);
#9064 = CYLINDRICAL_SURFACE('',#9065,0.2);
#9065 = AXIS2_PLACEMENT_3D('',#9066,#9067,#9068);
#9066 = CARTESIAN_POINT('',(-5.3,8.27500038147,0.45));
#9067 = DIRECTION('',(0.,1.,0.));
#9068 = DIRECTION('',(-1.,-0.,-0.));
#9069 = ADVANCED_FACE('',(#9070),#9089,.F.);
#9070 = FACE_BOUND('',#9071,.T.);
#9071 = EDGE_LOOP('',(#9072,#9073,#9074,#9083));
#9072 = ORIENTED_EDGE('',*,*,#8919,.T.);
#9073 = ORIENTED_EDGE('',*,*,#9018,.T.);
#9074 = ORIENTED_EDGE('',*,*,#9075,.F.);
#9075 = EDGE_CURVE('',#9076,#9019,#9078,.T.);
#9076 = VERTEX_POINT('',#9077);
#9077 = CARTESIAN_POINT('',(-5.6,8.52500038147,0.1));
#9078 = CIRCLE('',#9079,0.1);
#9079 = AXIS2_PLACEMENT_3D('',#9080,#9081,#9082);
#9080 = CARTESIAN_POINT('',(-5.6,8.52500038147,0.2));
#9081 = DIRECTION('',(0.,-1.,0.));
#9082 = DIRECTION('',(0.,0.,1.));
#9083 = ORIENTED_EDGE('',*,*,#9084,.F.);
#9084 = EDGE_CURVE('',#8920,#9076,#9085,.T.);
#9085 = LINE('',#9086,#9087);
#9086 = CARTESIAN_POINT('',(-5.6,8.27500038147,0.1));
#9087 = VECTOR('',#9088,1.);
#9088 = DIRECTION('',(0.,1.,0.));
#9089 = CYLINDRICAL_SURFACE('',#9090,0.1);
#9090 = AXIS2_PLACEMENT_3D('',#9091,#9092,#9093);
#9091 = CARTESIAN_POINT('',(-5.6,8.27500038147,0.2));
#9092 = DIRECTION('',(0.,1.,0.));
#9093 = DIRECTION('',(-0.,-0.,-1.));
#9094 = ADVANCED_FACE('',(#9095),#9113,.T.);
#9095 = FACE_BOUND('',#9096,.F.);
#9096 = EDGE_LOOP('',(#9097,#9105,#9111,#9112));
#9097 = ORIENTED_EDGE('',*,*,#9098,.F.);
#9098 = EDGE_CURVE('',#9099,#9050,#9101,.T.);
#9099 = VERTEX_POINT('',#9100);
#9100 = CARTESIAN_POINT('',(-5.,8.52500038147,0.65));
#9101 = LINE('',#9102,#9103);
#9102 = CARTESIAN_POINT('',(-5.,8.52500038147,0.65));
#9103 = VECTOR('',#9104,1.);
#9104 = DIRECTION('',(-1.,-0.,-0.));
#9105 = ORIENTED_EDGE('',*,*,#9106,.F.);
#9106 = EDGE_CURVE('',#8987,#9099,#9107,.T.);
#9107 = LINE('',#9108,#9109);
#9108 = CARTESIAN_POINT('',(-5.,8.27500038147,0.65));
#9109 = VECTOR('',#9110,1.);
#9110 = DIRECTION('',(0.,1.,0.));
#9111 = ORIENTED_EDGE('',*,*,#8994,.T.);
#9112 = ORIENTED_EDGE('',*,*,#9049,.T.);
#9113 = PLANE('',#9114);
#9114 = AXIS2_PLACEMENT_3D('',#9115,#9116,#9117);
#9115 = CARTESIAN_POINT('',(-5.,8.27500038147,0.65));
#9116 = DIRECTION('',(0.,0.,1.));
#9117 = DIRECTION('',(1.,0.,0.));
#9118 = ADVANCED_FACE('',(#9119),#9137,.T.);
#9119 = FACE_BOUND('',#9120,.F.);
#9120 = EDGE_LOOP('',(#9121,#9129,#9130,#9131));
#9121 = ORIENTED_EDGE('',*,*,#9122,.F.);
#9122 = EDGE_CURVE('',#9076,#9123,#9125,.T.);
#9123 = VERTEX_POINT('',#9124);
#9124 = CARTESIAN_POINT('',(-5.9,8.52500038147,0.1));
#9125 = LINE('',#9126,#9127);
#9126 = CARTESIAN_POINT('',(-5.25,8.52500038147,0.1));
#9127 = VECTOR('',#9128,1.);
#9128 = DIRECTION('',(-1.,-0.,-0.));
#9129 = ORIENTED_EDGE('',*,*,#9084,.F.);
#9130 = ORIENTED_EDGE('',*,*,#8928,.T.);
#9131 = ORIENTED_EDGE('',*,*,#9132,.F.);
#9132 = EDGE_CURVE('',#9123,#8929,#9133,.T.);
#9133 = LINE('',#9134,#9135);
#9134 = CARTESIAN_POINT('',(-5.9,8.07500038147,0.1));
#9135 = VECTOR('',#9136,1.);
#9136 = DIRECTION('',(-0.,-1.,-0.));
#9137 = PLANE('',#9138);
#9138 = AXIS2_PLACEMENT_3D('',#9139,#9140,#9141);
#9139 = CARTESIAN_POINT('',(-5.5,7.87500038147,0.1));
#9140 = DIRECTION('',(0.,0.,1.));
#9141 = DIRECTION('',(1.,0.,0.));
#9142 = ADVANCED_FACE('',(#9143),#9161,.F.);
#9143 = FACE_BOUND('',#9144,.T.);
#9144 = EDGE_LOOP('',(#9145,#9146,#9154,#9160));
#9145 = ORIENTED_EDGE('',*,*,#8986,.F.);
#9146 = ORIENTED_EDGE('',*,*,#9147,.F.);
#9147 = EDGE_CURVE('',#9148,#8979,#9150,.T.);
#9148 = VERTEX_POINT('',#9149);
#9149 = CARTESIAN_POINT('',(-5.,8.52500038147,0.55));
#9150 = LINE('',#9151,#9152);
#9151 = CARTESIAN_POINT('',(-5.,8.07500038147,0.55));
#9152 = VECTOR('',#9153,1.);
#9153 = DIRECTION('',(-0.,-1.,-0.));
#9154 = ORIENTED_EDGE('',*,*,#9155,.T.);
#9155 = EDGE_CURVE('',#9148,#9099,#9156,.T.);
#9156 = LINE('',#9157,#9158);
#9157 = CARTESIAN_POINT('',(-5.,8.52500038147,0.));
#9158 = VECTOR('',#9159,1.);
#9159 = DIRECTION('',(0.,0.,1.));
#9160 = ORIENTED_EDGE('',*,*,#9106,.F.);
#9161 = PLANE('',#9162);
#9162 = AXIS2_PLACEMENT_3D('',#9163,#9164,#9165);
#9163 = CARTESIAN_POINT('',(-5.,8.27500038147,0.));
#9164 = DIRECTION('',(-1.,-0.,-0.));
#9165 = DIRECTION('',(0.,0.,-1.));
#9166 = ADVANCED_FACE('',(#9167),#9185,.T.);
#9167 = FACE_BOUND('',#9168,.F.);
#9168 = EDGE_LOOP('',(#9169,#9170,#9178,#9184));
#9169 = ORIENTED_EDGE('',*,*,#8936,.F.);
#9170 = ORIENTED_EDGE('',*,*,#9171,.T.);
#9171 = EDGE_CURVE('',#8937,#9172,#9174,.T.);
#9172 = VERTEX_POINT('',#9173);
#9173 = CARTESIAN_POINT('',(-5.9,8.52500038147,0.));
#9174 = LINE('',#9175,#9176);
#9175 = CARTESIAN_POINT('',(-5.9,8.27500038147,0.));
#9176 = VECTOR('',#9177,1.);
#9177 = DIRECTION('',(0.,1.,0.));
#9178 = ORIENTED_EDGE('',*,*,#9179,.T.);
#9179 = EDGE_CURVE('',#9172,#9123,#9180,.T.);
#9180 = LINE('',#9181,#9182);
#9181 = CARTESIAN_POINT('',(-5.9,8.52500038147,0.));
#9182 = VECTOR('',#9183,1.);
#9183 = DIRECTION('',(0.,0.,1.));
#9184 = ORIENTED_EDGE('',*,*,#9132,.T.);
#9185 = PLANE('',#9186);
#9186 = AXIS2_PLACEMENT_3D('',#9187,#9188,#9189);
#9187 = CARTESIAN_POINT('',(-5.9,8.27500038147,0.));
#9188 = DIRECTION('',(-1.,-0.,-0.));
#9189 = DIRECTION('',(0.,0.,-1.));
#9190 = ADVANCED_FACE('',(#9191),#9209,.F.);
#9191 = FACE_BOUND('',#9192,.T.);
#9192 = EDGE_LOOP('',(#9193,#9194,#9202,#9208));
#9193 = ORIENTED_EDGE('',*,*,#8978,.T.);
#9194 = ORIENTED_EDGE('',*,*,#9195,.T.);
#9195 = EDGE_CURVE('',#8970,#9196,#9198,.T.);
#9196 = VERTEX_POINT('',#9197);
#9197 = CARTESIAN_POINT('',(-5.3,8.52500038147,0.55));
#9198 = LINE('',#9199,#9200);
#9199 = CARTESIAN_POINT('',(-5.3,8.27500038147,0.55));
#9200 = VECTOR('',#9201,1.);
#9201 = DIRECTION('',(0.,1.,0.));
#9202 = ORIENTED_EDGE('',*,*,#9203,.F.);
#9203 = EDGE_CURVE('',#9148,#9196,#9204,.T.);
#9204 = LINE('',#9205,#9206);
#9205 = CARTESIAN_POINT('',(-4.5,8.52500038147,0.55));
#9206 = VECTOR('',#9207,1.);
#9207 = DIRECTION('',(-1.,-0.,-0.));
#9208 = ORIENTED_EDGE('',*,*,#9147,.T.);
#9209 = PLANE('',#9210);
#9210 = AXIS2_PLACEMENT_3D('',#9211,#9212,#9213);
#9211 = CARTESIAN_POINT('',(-4.,7.87500038147,0.55));
#9212 = DIRECTION('',(0.,0.,1.));
#9213 = DIRECTION('',(1.,0.,0.));
#9214 = ADVANCED_FACE('',(#9215),#9233,.F.);
#9215 = FACE_BOUND('',#9216,.T.);
#9216 = EDGE_LOOP('',(#9217,#9225,#9231,#9232));
#9217 = ORIENTED_EDGE('',*,*,#9218,.F.);
#9218 = EDGE_CURVE('',#9219,#9172,#9221,.T.);
#9219 = VERTEX_POINT('',#9220);
#9220 = CARTESIAN_POINT('',(-5.6,8.52500038147,-2.775557561563E-17));
#9221 = LINE('',#9222,#9223);
#9222 = CARTESIAN_POINT('',(-5.,8.52500038147,0.));
#9223 = VECTOR('',#9224,1.);
#9224 = DIRECTION('',(-1.,-0.,-0.));
#9225 = ORIENTED_EDGE('',*,*,#9226,.F.);
#9226 = EDGE_CURVE('',#8945,#9219,#9227,.T.);
#9227 = LINE('',#9228,#9229);
#9228 = CARTESIAN_POINT('',(-5.6,8.27500038147,-2.775557561563E-17));
#9229 = VECTOR('',#9230,1.);
#9230 = DIRECTION('',(0.,1.,0.));
#9231 = ORIENTED_EDGE('',*,*,#8944,.T.);
#9232 = ORIENTED_EDGE('',*,*,#9171,.T.);
#9233 = PLANE('',#9234);
#9234 = AXIS2_PLACEMENT_3D('',#9235,#9236,#9237);
#9235 = CARTESIAN_POINT('',(-5.,8.27500038147,0.));
#9236 = DIRECTION('',(0.,0.,1.));
#9237 = DIRECTION('',(1.,0.,0.));
#9238 = ADVANCED_FACE('',(#9239),#9258,.F.);
#9239 = FACE_BOUND('',#9240,.T.);
#9240 = EDGE_LOOP('',(#9241,#9242,#9250,#9257));
#9241 = ORIENTED_EDGE('',*,*,#8969,.T.);
#9242 = ORIENTED_EDGE('',*,*,#9243,.T.);
#9243 = EDGE_CURVE('',#8962,#9244,#9246,.T.);
#9244 = VERTEX_POINT('',#9245);
#9245 = CARTESIAN_POINT('',(-5.4,8.52500038147,0.45));
#9246 = LINE('',#9247,#9248);
#9247 = CARTESIAN_POINT('',(-5.4,8.27500038147,0.45));
#9248 = VECTOR('',#9249,1.);
#9249 = DIRECTION('',(0.,1.,0.));
#9250 = ORIENTED_EDGE('',*,*,#9251,.F.);
#9251 = EDGE_CURVE('',#9196,#9244,#9252,.T.);
#9252 = CIRCLE('',#9253,0.1);
#9253 = AXIS2_PLACEMENT_3D('',#9254,#9255,#9256);
#9254 = CARTESIAN_POINT('',(-5.3,8.52500038147,0.45));
#9255 = DIRECTION('',(0.,-1.,0.));
#9256 = DIRECTION('',(0.,0.,1.));
#9257 = ORIENTED_EDGE('',*,*,#9195,.F.);
#9258 = CYLINDRICAL_SURFACE('',#9259,0.1);
#9259 = AXIS2_PLACEMENT_3D('',#9260,#9261,#9262);
#9260 = CARTESIAN_POINT('',(-5.3,8.27500038147,0.45));
#9261 = DIRECTION('',(0.,1.,0.));
#9262 = DIRECTION('',(0.,0.,1.));
#9263 = ADVANCED_FACE('',(#9264),#9283,.T.);
#9264 = FACE_BOUND('',#9265,.F.);
#9265 = EDGE_LOOP('',(#9266,#9267,#9275,#9282));
#9266 = ORIENTED_EDGE('',*,*,#8952,.T.);
#9267 = ORIENTED_EDGE('',*,*,#9268,.T.);
#9268 = EDGE_CURVE('',#8953,#9269,#9271,.T.);
#9269 = VERTEX_POINT('',#9270);
#9270 = CARTESIAN_POINT('',(-5.4,8.52500038147,0.2));
#9271 = LINE('',#9272,#9273);
#9272 = CARTESIAN_POINT('',(-5.4,8.27500038147,0.2));
#9273 = VECTOR('',#9274,1.);
#9274 = DIRECTION('',(0.,1.,0.));
#9275 = ORIENTED_EDGE('',*,*,#9276,.F.);
#9276 = EDGE_CURVE('',#9219,#9269,#9277,.T.);
#9277 = CIRCLE('',#9278,0.2);
#9278 = AXIS2_PLACEMENT_3D('',#9279,#9280,#9281);
#9279 = CARTESIAN_POINT('',(-5.6,8.52500038147,0.2));
#9280 = DIRECTION('',(0.,-1.,0.));
#9281 = DIRECTION('',(0.,0.,1.));
#9282 = ORIENTED_EDGE('',*,*,#9226,.F.);
#9283 = CYLINDRICAL_SURFACE('',#9284,0.2);
#9284 = AXIS2_PLACEMENT_3D('',#9285,#9286,#9287);
#9285 = CARTESIAN_POINT('',(-5.6,8.27500038147,0.2));
#9286 = DIRECTION('',(0.,1.,0.));
#9287 = DIRECTION('',(-0.,-0.,-1.));
#9288 = ADVANCED_FACE('',(#9289),#9300,.F.);
#9289 = FACE_BOUND('',#9290,.T.);
#9290 = EDGE_LOOP('',(#9291,#9297,#9298,#9299));
#9291 = ORIENTED_EDGE('',*,*,#9292,.F.);
#9292 = EDGE_CURVE('',#9244,#9269,#9293,.T.);
#9293 = LINE('',#9294,#9295);
#9294 = CARTESIAN_POINT('',(-5.4,8.52500038147,-5.E-02));
#9295 = VECTOR('',#9296,1.);
#9296 = DIRECTION('',(-0.,-0.,-1.));
#9297 = ORIENTED_EDGE('',*,*,#9243,.F.);
#9298 = ORIENTED_EDGE('',*,*,#8961,.T.);
#9299 = ORIENTED_EDGE('',*,*,#9268,.T.);
#9300 = PLANE('',#9301);
#9301 = AXIS2_PLACEMENT_3D('',#9302,#9303,#9304);
#9302 = CARTESIAN_POINT('',(-5.4,7.87500038147,-0.1));
#9303 = DIRECTION('',(-1.,-0.,-0.));
#9304 = DIRECTION('',(0.,0.,-1.));
#9305 = ADVANCED_FACE('',(#9306),#9320,.T.);
#9306 = FACE_BOUND('',#9307,.F.);
#9307 = EDGE_LOOP('',(#9308,#9309,#9310,#9311,#9312,#9313,#9314,#9315,
    #9316,#9317,#9318,#9319));
#9308 = ORIENTED_EDGE('',*,*,#9026,.T.);
#9309 = ORIENTED_EDGE('',*,*,#9075,.F.);
#9310 = ORIENTED_EDGE('',*,*,#9122,.T.);
#9311 = ORIENTED_EDGE('',*,*,#9179,.F.);
#9312 = ORIENTED_EDGE('',*,*,#9218,.F.);
#9313 = ORIENTED_EDGE('',*,*,#9276,.T.);
#9314 = ORIENTED_EDGE('',*,*,#9292,.F.);
#9315 = ORIENTED_EDGE('',*,*,#9251,.F.);
#9316 = ORIENTED_EDGE('',*,*,#9203,.F.);
#9317 = ORIENTED_EDGE('',*,*,#9155,.T.);
#9318 = ORIENTED_EDGE('',*,*,#9098,.T.);
#9319 = ORIENTED_EDGE('',*,*,#9057,.F.);
#9320 = PLANE('',#9321);
#9321 = AXIS2_PLACEMENT_3D('',#9322,#9323,#9324);
#9322 = CARTESIAN_POINT('',(-5.,8.52500038147,0.));
#9323 = DIRECTION('',(0.,1.,0.));
#9324 = DIRECTION('',(0.,0.,-1.));
#9325 = ( GEOMETRIC_REPRESENTATION_CONTEXT(3) 
GLOBAL_UNCERTAINTY_ASSIGNED_CONTEXT((#9329)) 
GLOBAL_UNIT_ASSIGNED_CONTEXT((#9326,#9327,#9328)) REPRESENTATION_CONTEXT
('Context #1','3D Context with UNIT and UNCERTAINTY') );
#9326 = ( LENGTH_UNIT() NAMED_UNIT(*) SI_UNIT(.MILLI.,.METRE.) );
#9327 = ( NAMED_UNIT(*) PLANE_ANGLE_UNIT() SI_UNIT($,.RADIAN.) );
#9328 = ( NAMED_UNIT(*) SI_UNIT($,.STERADIAN.) SOLID_ANGLE_UNIT() );
#9329 = UNCERTAINTY_MEASURE_WITH_UNIT(LENGTH_MEASURE(1.E-06),#9326,
  'distance_accuracy_value','confusion accuracy');
#9330 = CONTEXT_DEPENDENT_SHAPE_REPRESENTATION(#9331,#9333);
#9331 = ( REPRESENTATION_RELATIONSHIP('','',#40,#10) 
REPRESENTATION_RELATIONSHIP_WITH_TRANSFORMATION(#9332) 
SHAPE_REPRESENTATION_RELATIONSHIP() );
#9332 = ITEM_DEFINED_TRANSFORMATION('','',#11,#15);
#9333 = PRODUCT_DEFINITION_SHAPE('Placement','Placement of an item',
  #9334);
#9334 = NEXT_ASSEMBLY_USAGE_OCCURRENCE('476','Array (Mirror #1)','',#5,
  #35,$);
#9335 = PRODUCT_RELATED_PRODUCT_CATEGORY('part',$,(#37));
#9336 = SHAPE_DEFINITION_REPRESENTATION(#9337,#9343);
#9337 = PRODUCT_DEFINITION_SHAPE('','',#9338);
#9338 = PRODUCT_DEFINITION('design','',#9339,#9342);
#9339 = PRODUCT_DEFINITION_FORMATION('','',#9340);
#9340 = PRODUCT('Array','Array','',(#9341));
#9341 = PRODUCT_CONTEXT('',#2,'mechanical');
#9342 = PRODUCT_DEFINITION_CONTEXT('part definition',#2,'design');
#9343 = SHAPE_REPRESENTATION('',(#11,#9344,#9348,#9352,#9356,#9360,#9364
    ,#9368,#9372,#9376,#9380,#9384,#9388,#9392,#9396,#9400,#9404,#9408,
    #9412,#9416,#9420,#9424,#9428),#9432);
#9344 = AXIS2_PLACEMENT_3D('',#9345,#9346,#9347);
#9345 = CARTESIAN_POINT('',(0.,0.,0.));
#9346 = DIRECTION('',(0.,0.,1.));
#9347 = DIRECTION('',(1.,0.,0.));
#9348 = AXIS2_PLACEMENT_3D('',#9349,#9350,#9351);
#9349 = CARTESIAN_POINT('',(0.,0.8,0.));
#9350 = DIRECTION('',(0.,0.,1.));
#9351 = DIRECTION('',(1.,0.,0.));
#9352 = AXIS2_PLACEMENT_3D('',#9353,#9354,#9355);
#9353 = CARTESIAN_POINT('',(0.,1.6,0.));
#9354 = DIRECTION('',(0.,0.,1.));
#9355 = DIRECTION('',(1.,0.,0.));
#9356 = AXIS2_PLACEMENT_3D('',#9357,#9358,#9359);
#9357 = CARTESIAN_POINT('',(0.,2.4,0.));
#9358 = DIRECTION('',(0.,0.,1.));
#9359 = DIRECTION('',(1.,0.,0.));
#9360 = AXIS2_PLACEMENT_3D('',#9361,#9362,#9363);
#9361 = CARTESIAN_POINT('',(0.,3.2,0.));
#9362 = DIRECTION('',(0.,0.,1.));
#9363 = DIRECTION('',(1.,0.,0.));
#9364 = AXIS2_PLACEMENT_3D('',#9365,#9366,#9367);
#9365 = CARTESIAN_POINT('',(0.,4.,0.));
#9366 = DIRECTION('',(0.,0.,1.));
#9367 = DIRECTION('',(1.,0.,0.));
#9368 = AXIS2_PLACEMENT_3D('',#9369,#9370,#9371);
#9369 = CARTESIAN_POINT('',(0.,4.8,0.));
#9370 = DIRECTION('',(0.,0.,1.));
#9371 = DIRECTION('',(1.,0.,0.));
#9372 = AXIS2_PLACEMENT_3D('',#9373,#9374,#9375);
#9373 = CARTESIAN_POINT('',(0.,5.6,0.));
#9374 = DIRECTION('',(0.,0.,1.));
#9375 = DIRECTION('',(1.,0.,0.));
#9376 = AXIS2_PLACEMENT_3D('',#9377,#9378,#9379);
#9377 = CARTESIAN_POINT('',(0.,6.4,0.));
#9378 = DIRECTION('',(0.,0.,1.));
#9379 = DIRECTION('',(1.,0.,0.));
#9380 = AXIS2_PLACEMENT_3D('',#9381,#9382,#9383);
#9381 = CARTESIAN_POINT('',(0.,7.2,0.));
#9382 = DIRECTION('',(0.,0.,1.));
#9383 = DIRECTION('',(1.,0.,0.));
#9384 = AXIS2_PLACEMENT_3D('',#9385,#9386,#9387);
#9385 = CARTESIAN_POINT('',(0.,8.,0.));
#9386 = DIRECTION('',(0.,0.,1.));
#9387 = DIRECTION('',(1.,0.,0.));
#9388 = AXIS2_PLACEMENT_3D('',#9389,#9390,#9391);
#9389 = CARTESIAN_POINT('',(0.,8.8,0.));
#9390 = DIRECTION('',(0.,0.,1.));
#9391 = DIRECTION('',(1.,0.,0.));
#9392 = AXIS2_PLACEMENT_3D('',#9393,#9394,#9395);
#9393 = CARTESIAN_POINT('',(0.,9.6,0.));
#9394 = DIRECTION('',(0.,0.,1.));
#9395 = DIRECTION('',(1.,0.,0.));
#9396 = AXIS2_PLACEMENT_3D('',#9397,#9398,#9399);
#9397 = CARTESIAN_POINT('',(0.,10.4,0.));
#9398 = DIRECTION('',(0.,0.,1.));
#9399 = DIRECTION('',(1.,0.,0.));
#9400 = AXIS2_PLACEMENT_3D('',#9401,#9402,#9403);
#9401 = CARTESIAN_POINT('',(0.,11.2,0.));
#9402 = DIRECTION('',(0.,0.,1.));
#9403 = DIRECTION('',(1.,0.,0.));
#9404 = AXIS2_PLACEMENT_3D('',#9405,#9406,#9407);
#9405 = CARTESIAN_POINT('',(0.,12.,0.));
#9406 = DIRECTION('',(0.,0.,1.));
#9407 = DIRECTION('',(1.,0.,0.));
#9408 = AXIS2_PLACEMENT_3D('',#9409,#9410,#9411);
#9409 = CARTESIAN_POINT('',(0.,12.8,0.));
#9410 = DIRECTION('',(0.,0.,1.));
#9411 = DIRECTION('',(1.,0.,0.));
#9412 = AXIS2_PLACEMENT_3D('',#9413,#9414,#9415);
#9413 = CARTESIAN_POINT('',(0.,13.6,0.));
#9414 = DIRECTION('',(0.,0.,1.));
#9415 = DIRECTION('',(1.,0.,0.));
#9416 = AXIS2_PLACEMENT_3D('',#9417,#9418,#9419);
#9417 = CARTESIAN_POINT('',(0.,14.4,0.));
#9418 = DIRECTION('',(0.,0.,1.));
#9419 = DIRECTION('',(1.,0.,0.));
#9420 = AXIS2_PLACEMENT_3D('',#9421,#9422,#9423);
#9421 = CARTESIAN_POINT('',(0.,15.2,0.));
#9422 = DIRECTION('',(0.,0.,1.));
#9423 = DIRECTION('',(1.,0.,0.));
#9424 = AXIS2_PLACEMENT_3D('',#9425,#9426,#9427);
#9425 = CARTESIAN_POINT('',(0.,16.,0.));
#9426 = DIRECTION('',(0.,0.,1.));
#9427 = DIRECTION('',(1.,0.,0.));
#9428 = AXIS2_PLACEMENT_3D('',#9429,#9430,#9431);
#9429 = CARTESIAN_POINT('',(0.,16.8,0.));
#9430 = DIRECTION('',(0.,0.,1.));
#9431 = DIRECTION('',(1.,0.,0.));
#9432 = ( GEOMETRIC_REPRESENTATION_CONTEXT(3) 
GLOBAL_UNCERTAINTY_ASSIGNED_CONTEXT((#9436)) 
GLOBAL_UNIT_ASSIGNED_CONTEXT((#9433,#9434,#9435)) REPRESENTATION_CONTEXT
('Context #1','3D Context with UNIT and UNCERTAINTY') );
#9433 = ( LENGTH_UNIT() NAMED_UNIT(*) SI_UNIT(.MILLI.,.METRE.) );
#9434 = ( NAMED_UNIT(*) PLANE_ANGLE_UNIT() SI_UNIT($,.RADIAN.) );
#9435 = ( NAMED_UNIT(*) SI_UNIT($,.STERADIAN.) SOLID_ANGLE_UNIT() );
#9436 = UNCERTAINTY_MEASURE_WITH_UNIT(LENGTH_MEASURE(1.E-06),#9433,
  'distance_accuracy_value','confusion accuracy');
#9437 = CONTEXT_DEPENDENT_SHAPE_REPRESENTATION(#9438,#9440);
#9438 = ( REPRESENTATION_RELATIONSHIP('','',#9343,#10) 
REPRESENTATION_RELATIONSHIP_WITH_TRANSFORMATION(#9439) 
SHAPE_REPRESENTATION_RELATIONSHIP() );
#9439 = ITEM_DEFINED_TRANSFORMATION('','',#11,#19);
#9440 = PRODUCT_DEFINITION_SHAPE('Placement','Placement of an item',
  #9441);
#9441 = NEXT_ASSEMBLY_USAGE_OCCURRENCE('499','Array','',#5,#9338,$);
#9442 = PRODUCT_RELATED_PRODUCT_CATEGORY('part',$,(#9340));
#9443 = SHAPE_DEFINITION_REPRESENTATION(#9444,#9450);
#9444 = PRODUCT_DEFINITION_SHAPE('','',#9445);
#9445 = PRODUCT_DEFINITION('design','',#9446,#9449);
#9446 = PRODUCT_DEFINITION_FORMATION('','',#9447);
#9447 = PRODUCT('Fillet002','Fillet002','',(#9448));
#9448 = PRODUCT_CONTEXT('',#2,'mechanical');
#9449 = PRODUCT_DEFINITION_CONTEXT('part definition',#2,'design');
#9450 = ADVANCED_BREP_SHAPE_REPRESENTATION('',(#11,#9451),#9873);
#9451 = MANIFOLD_SOLID_BREP('',#9452);
#9452 = CLOSED_SHELL('',(#9453,#9561,#9592,#9617,#9642,#9666,#9690,#9714
    ,#9738,#9762,#9786,#9811,#9836,#9853));
#9453 = ADVANCED_FACE('',(#9454),#9556,.F.);
#9454 = FACE_BOUND('',#9455,.F.);
#9455 = EDGE_LOOP('',(#9456,#9466,#9475,#9483,#9491,#9499,#9508,#9516,
    #9525,#9533,#9541,#9549));
#9456 = ORIENTED_EDGE('',*,*,#9457,.T.);
#9457 = EDGE_CURVE('',#9458,#9460,#9462,.T.);
#9458 = VERTEX_POINT('',#9459);
#9459 = CARTESIAN_POINT('',(5.5,0.,0.45));
#9460 = VERTEX_POINT('',#9461);
#9461 = CARTESIAN_POINT('',(5.5,0.,0.2));
#9462 = LINE('',#9463,#9464);
#9463 = CARTESIAN_POINT('',(5.5,0.,5.E-02));
#9464 = VECTOR('',#9465,1.);
#9465 = DIRECTION('',(0.,0.,-1.));
#9466 = ORIENTED_EDGE('',*,*,#9467,.F.);
#9467 = EDGE_CURVE('',#9468,#9460,#9470,.T.);
#9468 = VERTEX_POINT('',#9469);
#9469 = CARTESIAN_POINT('',(5.6,0.,0.1));
#9470 = CIRCLE('',#9471,0.1);
#9471 = AXIS2_PLACEMENT_3D('',#9472,#9473,#9474);
#9472 = CARTESIAN_POINT('',(5.6,0.,0.2));
#9473 = DIRECTION('',(0.,1.,0.));
#9474 = DIRECTION('',(0.,0.,1.));
#9475 = ORIENTED_EDGE('',*,*,#9476,.T.);
#9476 = EDGE_CURVE('',#9468,#9477,#9479,.T.);
#9477 = VERTEX_POINT('',#9478);
#9478 = CARTESIAN_POINT('',(5.9,0.,0.1));
#9479 = LINE('',#9480,#9481);
#9480 = CARTESIAN_POINT('',(5.25,0.,0.1));
#9481 = VECTOR('',#9482,1.);
#9482 = DIRECTION('',(1.,0.,0.));
#9483 = ORIENTED_EDGE('',*,*,#9484,.F.);
#9484 = EDGE_CURVE('',#9485,#9477,#9487,.T.);
#9485 = VERTEX_POINT('',#9486);
#9486 = CARTESIAN_POINT('',(5.9,0.,0.));
#9487 = LINE('',#9488,#9489);
#9488 = CARTESIAN_POINT('',(5.9,0.,0.));
#9489 = VECTOR('',#9490,1.);
#9490 = DIRECTION('',(0.,0.,1.));
#9491 = ORIENTED_EDGE('',*,*,#9492,.F.);
#9492 = EDGE_CURVE('',#9493,#9485,#9495,.T.);
#9493 = VERTEX_POINT('',#9494);
#9494 = CARTESIAN_POINT('',(5.6,0.,-2.775557561563E-17));
#9495 = LINE('',#9496,#9497);
#9496 = CARTESIAN_POINT('',(5.,0.,0.));
#9497 = VECTOR('',#9498,1.);
#9498 = DIRECTION('',(1.,0.,0.));
#9499 = ORIENTED_EDGE('',*,*,#9500,.T.);
#9500 = EDGE_CURVE('',#9493,#9501,#9503,.T.);
#9501 = VERTEX_POINT('',#9502);
#9502 = CARTESIAN_POINT('',(5.4,0.,0.2));
#9503 = CIRCLE('',#9504,0.2);
#9504 = AXIS2_PLACEMENT_3D('',#9505,#9506,#9507);
#9505 = CARTESIAN_POINT('',(5.6,0.,0.2));
#9506 = DIRECTION('',(0.,1.,0.));
#9507 = DIRECTION('',(0.,-0.,1.));
#9508 = ORIENTED_EDGE('',*,*,#9509,.F.);
#9509 = EDGE_CURVE('',#9510,#9501,#9512,.T.);
#9510 = VERTEX_POINT('',#9511);
#9511 = CARTESIAN_POINT('',(5.4,0.,0.45));
#9512 = LINE('',#9513,#9514);
#9513 = CARTESIAN_POINT('',(5.4,0.,-5.E-02));
#9514 = VECTOR('',#9515,1.);
#9515 = DIRECTION('',(0.,0.,-1.));
#9516 = ORIENTED_EDGE('',*,*,#9517,.F.);
#9517 = EDGE_CURVE('',#9518,#9510,#9520,.T.);
#9518 = VERTEX_POINT('',#9519);
#9519 = CARTESIAN_POINT('',(5.3,0.,0.55));
#9520 = CIRCLE('',#9521,0.1);
#9521 = AXIS2_PLACEMENT_3D('',#9522,#9523,#9524);
#9522 = CARTESIAN_POINT('',(5.3,0.,0.45));
#9523 = DIRECTION('',(0.,1.,0.));
#9524 = DIRECTION('',(0.,0.,1.));
#9525 = ORIENTED_EDGE('',*,*,#9526,.F.);
#9526 = EDGE_CURVE('',#9527,#9518,#9529,.T.);
#9527 = VERTEX_POINT('',#9528);
#9528 = CARTESIAN_POINT('',(5.,0.,0.55));
#9529 = LINE('',#9530,#9531);
#9530 = CARTESIAN_POINT('',(4.5,0.,0.55));
#9531 = VECTOR('',#9532,1.);
#9532 = DIRECTION('',(1.,0.,0.));
#9533 = ORIENTED_EDGE('',*,*,#9534,.T.);
#9534 = EDGE_CURVE('',#9527,#9535,#9537,.T.);
#9535 = VERTEX_POINT('',#9536);
#9536 = CARTESIAN_POINT('',(5.,0.,0.65));
#9537 = LINE('',#9538,#9539);
#9538 = CARTESIAN_POINT('',(5.,0.,0.));
#9539 = VECTOR('',#9540,1.);
#9540 = DIRECTION('',(0.,0.,1.));
#9541 = ORIENTED_EDGE('',*,*,#9542,.T.);
#9542 = EDGE_CURVE('',#9535,#9543,#9545,.T.);
#9543 = VERTEX_POINT('',#9544);
#9544 = CARTESIAN_POINT('',(5.3,0.,0.65));
#9545 = LINE('',#9546,#9547);
#9546 = CARTESIAN_POINT('',(5.,0.,0.65));
#9547 = VECTOR('',#9548,1.);
#9548 = DIRECTION('',(1.,0.,0.));
#9549 = ORIENTED_EDGE('',*,*,#9550,.F.);
#9550 = EDGE_CURVE('',#9458,#9543,#9551,.T.);
#9551 = CIRCLE('',#9552,0.2);
#9552 = AXIS2_PLACEMENT_3D('',#9553,#9554,#9555);
#9553 = CARTESIAN_POINT('',(5.3,0.,0.45));
#9554 = DIRECTION('',(-0.,-1.,0.));
#9555 = DIRECTION('',(0.,-0.,1.));
#9556 = PLANE('',#9557);
#9557 = AXIS2_PLACEMENT_3D('',#9558,#9559,#9560);
#9558 = CARTESIAN_POINT('',(5.,0.,0.));
#9559 = DIRECTION('',(0.,1.,0.));
#9560 = DIRECTION('',(0.,0.,1.));
#9561 = ADVANCED_FACE('',(#9562),#9587,.T.);
#9562 = FACE_BOUND('',#9563,.T.);
#9563 = EDGE_LOOP('',(#9564,#9565,#9573,#9581));
#9564 = ORIENTED_EDGE('',*,*,#9457,.T.);
#9565 = ORIENTED_EDGE('',*,*,#9566,.T.);
#9566 = EDGE_CURVE('',#9460,#9567,#9569,.T.);
#9567 = VERTEX_POINT('',#9568);
#9568 = CARTESIAN_POINT('',(5.5,0.25,0.2));
#9569 = LINE('',#9570,#9571);
#9570 = CARTESIAN_POINT('',(5.5,0.,0.2));
#9571 = VECTOR('',#9572,1.);
#9572 = DIRECTION('',(0.,1.,0.));
#9573 = ORIENTED_EDGE('',*,*,#9574,.F.);
#9574 = EDGE_CURVE('',#9575,#9567,#9577,.T.);
#9575 = VERTEX_POINT('',#9576);
#9576 = CARTESIAN_POINT('',(5.5,0.25,0.45));
#9577 = LINE('',#9578,#9579);
#9578 = CARTESIAN_POINT('',(5.5,0.25,5.E-02));
#9579 = VECTOR('',#9580,1.);
#9580 = DIRECTION('',(0.,0.,-1.));
#9581 = ORIENTED_EDGE('',*,*,#9582,.F.);
#9582 = EDGE_CURVE('',#9458,#9575,#9583,.T.);
#9583 = LINE('',#9584,#9585);
#9584 = CARTESIAN_POINT('',(5.5,0.,0.45));
#9585 = VECTOR('',#9586,1.);
#9586 = DIRECTION('',(0.,1.,0.));
#9587 = PLANE('',#9588);
#9588 = AXIS2_PLACEMENT_3D('',#9589,#9590,#9591);
#9589 = CARTESIAN_POINT('',(5.5,-0.4,0.1));
#9590 = DIRECTION('',(1.,0.,0.));
#9591 = DIRECTION('',(0.,0.,1.));
#9592 = ADVANCED_FACE('',(#9593),#9612,.T.);
#9593 = FACE_BOUND('',#9594,.F.);
#9594 = EDGE_LOOP('',(#9595,#9596,#9604,#9611));
#9595 = ORIENTED_EDGE('',*,*,#9550,.T.);
#9596 = ORIENTED_EDGE('',*,*,#9597,.T.);
#9597 = EDGE_CURVE('',#9543,#9598,#9600,.T.);
#9598 = VERTEX_POINT('',#9599);
#9599 = CARTESIAN_POINT('',(5.3,0.25,0.65));
#9600 = LINE('',#9601,#9602);
#9601 = CARTESIAN_POINT('',(5.3,0.,0.65));
#9602 = VECTOR('',#9603,1.);
#9603 = DIRECTION('',(0.,1.,0.));
#9604 = ORIENTED_EDGE('',*,*,#9605,.F.);
#9605 = EDGE_CURVE('',#9575,#9598,#9606,.T.);
#9606 = CIRCLE('',#9607,0.2);
#9607 = AXIS2_PLACEMENT_3D('',#9608,#9609,#9610);
#9608 = CARTESIAN_POINT('',(5.3,0.25,0.45));
#9609 = DIRECTION('',(-0.,-1.,0.));
#9610 = DIRECTION('',(0.,-0.,1.));
#9611 = ORIENTED_EDGE('',*,*,#9582,.F.);
#9612 = CYLINDRICAL_SURFACE('',#9613,0.2);
#9613 = AXIS2_PLACEMENT_3D('',#9614,#9615,#9616);
#9614 = CARTESIAN_POINT('',(5.3,0.,0.45));
#9615 = DIRECTION('',(0.,1.,0.));
#9616 = DIRECTION('',(1.,0.,-0.));
#9617 = ADVANCED_FACE('',(#9618),#9637,.F.);
#9618 = FACE_BOUND('',#9619,.F.);
#9619 = EDGE_LOOP('',(#9620,#9621,#9622,#9631));
#9620 = ORIENTED_EDGE('',*,*,#9467,.T.);
#9621 = ORIENTED_EDGE('',*,*,#9566,.T.);
#9622 = ORIENTED_EDGE('',*,*,#9623,.F.);
#9623 = EDGE_CURVE('',#9624,#9567,#9626,.T.);
#9624 = VERTEX_POINT('',#9625);
#9625 = CARTESIAN_POINT('',(5.6,0.25,0.1));
#9626 = CIRCLE('',#9627,0.1);
#9627 = AXIS2_PLACEMENT_3D('',#9628,#9629,#9630);
#9628 = CARTESIAN_POINT('',(5.6,0.25,0.2));
#9629 = DIRECTION('',(0.,1.,0.));
#9630 = DIRECTION('',(0.,0.,1.));
#9631 = ORIENTED_EDGE('',*,*,#9632,.F.);
#9632 = EDGE_CURVE('',#9468,#9624,#9633,.T.);
#9633 = LINE('',#9634,#9635);
#9634 = CARTESIAN_POINT('',(5.6,0.,0.1));
#9635 = VECTOR('',#9636,1.);
#9636 = DIRECTION('',(0.,1.,0.));
#9637 = CYLINDRICAL_SURFACE('',#9638,0.1);
#9638 = AXIS2_PLACEMENT_3D('',#9639,#9640,#9641);
#9639 = CARTESIAN_POINT('',(5.6,0.,0.2));
#9640 = DIRECTION('',(0.,1.,0.));
#9641 = DIRECTION('',(0.,0.,-1.));
#9642 = ADVANCED_FACE('',(#9643),#9661,.T.);
#9643 = FACE_BOUND('',#9644,.T.);
#9644 = EDGE_LOOP('',(#9645,#9653,#9659,#9660));
#9645 = ORIENTED_EDGE('',*,*,#9646,.F.);
#9646 = EDGE_CURVE('',#9647,#9598,#9649,.T.);
#9647 = VERTEX_POINT('',#9648);
#9648 = CARTESIAN_POINT('',(5.,0.25,0.65));
#9649 = LINE('',#9650,#9651);
#9650 = CARTESIAN_POINT('',(5.,0.25,0.65));
#9651 = VECTOR('',#9652,1.);
#9652 = DIRECTION('',(1.,0.,0.));
#9653 = ORIENTED_EDGE('',*,*,#9654,.F.);
#9654 = EDGE_CURVE('',#9535,#9647,#9655,.T.);
#9655 = LINE('',#9656,#9657);
#9656 = CARTESIAN_POINT('',(5.,0.,0.65));
#9657 = VECTOR('',#9658,1.);
#9658 = DIRECTION('',(0.,1.,0.));
#9659 = ORIENTED_EDGE('',*,*,#9542,.T.);
#9660 = ORIENTED_EDGE('',*,*,#9597,.T.);
#9661 = PLANE('',#9662);
#9662 = AXIS2_PLACEMENT_3D('',#9663,#9664,#9665);
#9663 = CARTESIAN_POINT('',(5.,0.,0.65));
#9664 = DIRECTION('',(0.,0.,1.));
#9665 = DIRECTION('',(1.,0.,0.));
#9666 = ADVANCED_FACE('',(#9667),#9685,.T.);
#9667 = FACE_BOUND('',#9668,.T.);
#9668 = EDGE_LOOP('',(#9669,#9677,#9678,#9679));
#9669 = ORIENTED_EDGE('',*,*,#9670,.F.);
#9670 = EDGE_CURVE('',#9624,#9671,#9673,.T.);
#9671 = VERTEX_POINT('',#9672);
#9672 = CARTESIAN_POINT('',(5.9,0.25,0.1));
#9673 = LINE('',#9674,#9675);
#9674 = CARTESIAN_POINT('',(5.25,0.25,0.1));
#9675 = VECTOR('',#9676,1.);
#9676 = DIRECTION('',(1.,0.,0.));
#9677 = ORIENTED_EDGE('',*,*,#9632,.F.);
#9678 = ORIENTED_EDGE('',*,*,#9476,.T.);
#9679 = ORIENTED_EDGE('',*,*,#9680,.F.);
#9680 = EDGE_CURVE('',#9671,#9477,#9681,.T.);
#9681 = LINE('',#9682,#9683);
#9682 = CARTESIAN_POINT('',(5.9,-0.2,0.1));
#9683 = VECTOR('',#9684,1.);
#9684 = DIRECTION('',(0.,-1.,0.));
#9685 = PLANE('',#9686);
#9686 = AXIS2_PLACEMENT_3D('',#9687,#9688,#9689);
#9687 = CARTESIAN_POINT('',(5.5,-0.4,0.1));
#9688 = DIRECTION('',(0.,0.,1.));
#9689 = DIRECTION('',(1.,0.,0.));
#9690 = ADVANCED_FACE('',(#9691),#9709,.F.);
#9691 = FACE_BOUND('',#9692,.F.);
#9692 = EDGE_LOOP('',(#9693,#9694,#9702,#9708));
#9693 = ORIENTED_EDGE('',*,*,#9534,.F.);
#9694 = ORIENTED_EDGE('',*,*,#9695,.F.);
#9695 = EDGE_CURVE('',#9696,#9527,#9698,.T.);
#9696 = VERTEX_POINT('',#9697);
#9697 = CARTESIAN_POINT('',(5.,0.25,0.55));
#9698 = LINE('',#9699,#9700);
#9699 = CARTESIAN_POINT('',(5.,-0.2,0.55));
#9700 = VECTOR('',#9701,1.);
#9701 = DIRECTION('',(0.,-1.,0.));
#9702 = ORIENTED_EDGE('',*,*,#9703,.T.);
#9703 = EDGE_CURVE('',#9696,#9647,#9704,.T.);
#9704 = LINE('',#9705,#9706);
#9705 = CARTESIAN_POINT('',(5.,0.25,0.));
#9706 = VECTOR('',#9707,1.);
#9707 = DIRECTION('',(0.,0.,1.));
#9708 = ORIENTED_EDGE('',*,*,#9654,.F.);
#9709 = PLANE('',#9710);
#9710 = AXIS2_PLACEMENT_3D('',#9711,#9712,#9713);
#9711 = CARTESIAN_POINT('',(5.,0.,0.));
#9712 = DIRECTION('',(1.,0.,0.));
#9713 = DIRECTION('',(0.,0.,1.));
#9714 = ADVANCED_FACE('',(#9715),#9733,.T.);
#9715 = FACE_BOUND('',#9716,.T.);
#9716 = EDGE_LOOP('',(#9717,#9718,#9726,#9732));
#9717 = ORIENTED_EDGE('',*,*,#9484,.F.);
#9718 = ORIENTED_EDGE('',*,*,#9719,.T.);
#9719 = EDGE_CURVE('',#9485,#9720,#9722,.T.);
#9720 = VERTEX_POINT('',#9721);
#9721 = CARTESIAN_POINT('',(5.9,0.25,0.));
#9722 = LINE('',#9723,#9724);
#9723 = CARTESIAN_POINT('',(5.9,0.,0.));
#9724 = VECTOR('',#9725,1.);
#9725 = DIRECTION('',(0.,1.,0.));
#9726 = ORIENTED_EDGE('',*,*,#9727,.T.);
#9727 = EDGE_CURVE('',#9720,#9671,#9728,.T.);
#9728 = LINE('',#9729,#9730);
#9729 = CARTESIAN_POINT('',(5.9,0.25,0.));
#9730 = VECTOR('',#9731,1.);
#9731 = DIRECTION('',(0.,0.,1.));
#9732 = ORIENTED_EDGE('',*,*,#9680,.T.);
#9733 = PLANE('',#9734);
#9734 = AXIS2_PLACEMENT_3D('',#9735,#9736,#9737);
#9735 = CARTESIAN_POINT('',(5.9,0.,0.));
#9736 = DIRECTION('',(1.,0.,0.));
#9737 = DIRECTION('',(0.,0.,1.));
#9738 = ADVANCED_FACE('',(#9739),#9757,.F.);
#9739 = FACE_BOUND('',#9740,.F.);
#9740 = EDGE_LOOP('',(#9741,#9742,#9750,#9756));
#9741 = ORIENTED_EDGE('',*,*,#9526,.T.);
#9742 = ORIENTED_EDGE('',*,*,#9743,.T.);
#9743 = EDGE_CURVE('',#9518,#9744,#9746,.T.);
#9744 = VERTEX_POINT('',#9745);
#9745 = CARTESIAN_POINT('',(5.3,0.25,0.55));
#9746 = LINE('',#9747,#9748);
#9747 = CARTESIAN_POINT('',(5.3,0.,0.55));
#9748 = VECTOR('',#9749,1.);
#9749 = DIRECTION('',(0.,1.,0.));
#9750 = ORIENTED_EDGE('',*,*,#9751,.F.);
#9751 = EDGE_CURVE('',#9696,#9744,#9752,.T.);
#9752 = LINE('',#9753,#9754);
#9753 = CARTESIAN_POINT('',(4.5,0.25,0.55));
#9754 = VECTOR('',#9755,1.);
#9755 = DIRECTION('',(1.,0.,0.));
#9756 = ORIENTED_EDGE('',*,*,#9695,.T.);
#9757 = PLANE('',#9758);
#9758 = AXIS2_PLACEMENT_3D('',#9759,#9760,#9761);
#9759 = CARTESIAN_POINT('',(4.,-0.4,0.55));
#9760 = DIRECTION('',(0.,0.,1.));
#9761 = DIRECTION('',(1.,0.,0.));
#9762 = ADVANCED_FACE('',(#9763),#9781,.F.);
#9763 = FACE_BOUND('',#9764,.F.);
#9764 = EDGE_LOOP('',(#9765,#9773,#9779,#9780));
#9765 = ORIENTED_EDGE('',*,*,#9766,.F.);
#9766 = EDGE_CURVE('',#9767,#9720,#9769,.T.);
#9767 = VERTEX_POINT('',#9768);
#9768 = CARTESIAN_POINT('',(5.6,0.25,-2.775557561563E-17));
#9769 = LINE('',#9770,#9771);
#9770 = CARTESIAN_POINT('',(5.,0.25,0.));
#9771 = VECTOR('',#9772,1.);
#9772 = DIRECTION('',(1.,0.,0.));
#9773 = ORIENTED_EDGE('',*,*,#9774,.F.);
#9774 = EDGE_CURVE('',#9493,#9767,#9775,.T.);
#9775 = LINE('',#9776,#9777);
#9776 = CARTESIAN_POINT('',(5.6,0.,-2.775557561563E-17));
#9777 = VECTOR('',#9778,1.);
#9778 = DIRECTION('',(0.,1.,0.));
#9779 = ORIENTED_EDGE('',*,*,#9492,.T.);
#9780 = ORIENTED_EDGE('',*,*,#9719,.T.);
#9781 = PLANE('',#9782);
#9782 = AXIS2_PLACEMENT_3D('',#9783,#9784,#9785);
#9783 = CARTESIAN_POINT('',(5.,0.,0.));
#9784 = DIRECTION('',(0.,0.,1.));
#9785 = DIRECTION('',(1.,0.,0.));
#9786 = ADVANCED_FACE('',(#9787),#9806,.F.);
#9787 = FACE_BOUND('',#9788,.F.);
#9788 = EDGE_LOOP('',(#9789,#9790,#9798,#9805));
#9789 = ORIENTED_EDGE('',*,*,#9517,.T.);
#9790 = ORIENTED_EDGE('',*,*,#9791,.T.);
#9791 = EDGE_CURVE('',#9510,#9792,#9794,.T.);
#9792 = VERTEX_POINT('',#9793);
#9793 = CARTESIAN_POINT('',(5.4,0.25,0.45));
#9794 = LINE('',#9795,#9796);
#9795 = CARTESIAN_POINT('',(5.4,0.,0.45));
#9796 = VECTOR('',#9797,1.);
#9797 = DIRECTION('',(0.,1.,0.));
#9798 = ORIENTED_EDGE('',*,*,#9799,.F.);
#9799 = EDGE_CURVE('',#9744,#9792,#9800,.T.);
#9800 = CIRCLE('',#9801,0.1);
#9801 = AXIS2_PLACEMENT_3D('',#9802,#9803,#9804);
#9802 = CARTESIAN_POINT('',(5.3,0.25,0.45));
#9803 = DIRECTION('',(0.,1.,0.));
#9804 = DIRECTION('',(0.,0.,1.));
#9805 = ORIENTED_EDGE('',*,*,#9743,.F.);
#9806 = CYLINDRICAL_SURFACE('',#9807,0.1);
#9807 = AXIS2_PLACEMENT_3D('',#9808,#9809,#9810);
#9808 = CARTESIAN_POINT('',(5.3,0.,0.45));
#9809 = DIRECTION('',(0.,1.,0.));
#9810 = DIRECTION('',(0.,0.,1.));
#9811 = ADVANCED_FACE('',(#9812),#9831,.T.);
#9812 = FACE_BOUND('',#9813,.T.);
#9813 = EDGE_LOOP('',(#9814,#9815,#9823,#9830));
#9814 = ORIENTED_EDGE('',*,*,#9500,.T.);
#9815 = ORIENTED_EDGE('',*,*,#9816,.T.);
#9816 = EDGE_CURVE('',#9501,#9817,#9819,.T.);
#9817 = VERTEX_POINT('',#9818);
#9818 = CARTESIAN_POINT('',(5.4,0.25,0.2));
#9819 = LINE('',#9820,#9821);
#9820 = CARTESIAN_POINT('',(5.4,0.,0.2));
#9821 = VECTOR('',#9822,1.);
#9822 = DIRECTION('',(0.,1.,0.));
#9823 = ORIENTED_EDGE('',*,*,#9824,.F.);
#9824 = EDGE_CURVE('',#9767,#9817,#9825,.T.);
#9825 = CIRCLE('',#9826,0.2);
#9826 = AXIS2_PLACEMENT_3D('',#9827,#9828,#9829);
#9827 = CARTESIAN_POINT('',(5.6,0.25,0.2));
#9828 = DIRECTION('',(0.,1.,0.));
#9829 = DIRECTION('',(0.,-0.,1.));
#9830 = ORIENTED_EDGE('',*,*,#9774,.F.);
#9831 = CYLINDRICAL_SURFACE('',#9832,0.2);
#9832 = AXIS2_PLACEMENT_3D('',#9833,#9834,#9835);
#9833 = CARTESIAN_POINT('',(5.6,0.,0.2));
#9834 = DIRECTION('',(0.,1.,0.));
#9835 = DIRECTION('',(0.,0.,-1.));
#9836 = ADVANCED_FACE('',(#9837),#9848,.F.);
#9837 = FACE_BOUND('',#9838,.F.);
#9838 = EDGE_LOOP('',(#9839,#9845,#9846,#9847));
#9839 = ORIENTED_EDGE('',*,*,#9840,.F.);
#9840 = EDGE_CURVE('',#9792,#9817,#9841,.T.);
#9841 = LINE('',#9842,#9843);
#9842 = CARTESIAN_POINT('',(5.4,0.25,-5.E-02));
#9843 = VECTOR('',#9844,1.);
#9844 = DIRECTION('',(0.,0.,-1.));
#9845 = ORIENTED_EDGE('',*,*,#9791,.F.);
#9846 = ORIENTED_EDGE('',*,*,#9509,.T.);
#9847 = ORIENTED_EDGE('',*,*,#9816,.T.);
#9848 = PLANE('',#9849);
#9849 = AXIS2_PLACEMENT_3D('',#9850,#9851,#9852);
#9850 = CARTESIAN_POINT('',(5.4,-0.4,-0.1));
#9851 = DIRECTION('',(1.,0.,0.));
#9852 = DIRECTION('',(0.,0.,1.));
#9853 = ADVANCED_FACE('',(#9854),#9868,.T.);
#9854 = FACE_BOUND('',#9855,.T.);
#9855 = EDGE_LOOP('',(#9856,#9857,#9858,#9859,#9860,#9861,#9862,#9863,
    #9864,#9865,#9866,#9867));
#9856 = ORIENTED_EDGE('',*,*,#9574,.T.);
#9857 = ORIENTED_EDGE('',*,*,#9623,.F.);
#9858 = ORIENTED_EDGE('',*,*,#9670,.T.);
#9859 = ORIENTED_EDGE('',*,*,#9727,.F.);
#9860 = ORIENTED_EDGE('',*,*,#9766,.F.);
#9861 = ORIENTED_EDGE('',*,*,#9824,.T.);
#9862 = ORIENTED_EDGE('',*,*,#9840,.F.);
#9863 = ORIENTED_EDGE('',*,*,#9799,.F.);
#9864 = ORIENTED_EDGE('',*,*,#9751,.F.);
#9865 = ORIENTED_EDGE('',*,*,#9703,.T.);
#9866 = ORIENTED_EDGE('',*,*,#9646,.T.);
#9867 = ORIENTED_EDGE('',*,*,#9605,.F.);
#9868 = PLANE('',#9869);
#9869 = AXIS2_PLACEMENT_3D('',#9870,#9871,#9872);
#9870 = CARTESIAN_POINT('',(5.,0.25,0.));
#9871 = DIRECTION('',(0.,1.,0.));
#9872 = DIRECTION('',(0.,0.,1.));
#9873 = ( GEOMETRIC_REPRESENTATION_CONTEXT(3) 
GLOBAL_UNCERTAINTY_ASSIGNED_CONTEXT((#9877)) 
GLOBAL_UNIT_ASSIGNED_CONTEXT((#9874,#9875,#9876)) REPRESENTATION_CONTEXT
('Context #1','3D Context with UNIT and UNCERTAINTY') );
#9874 = ( LENGTH_UNIT() NAMED_UNIT(*) SI_UNIT(.MILLI.,.METRE.) );
#9875 = ( NAMED_UNIT(*) PLANE_ANGLE_UNIT() SI_UNIT($,.RADIAN.) );
#9876 = ( NAMED_UNIT(*) SI_UNIT($,.STERADIAN.) SOLID_ANGLE_UNIT() );
#9877 = UNCERTAINTY_MEASURE_WITH_UNIT(LENGTH_MEASURE(1.E-06),#9874,
  'distance_accuracy_value','confusion accuracy');
#9878 = CONTEXT_DEPENDENT_SHAPE_REPRESENTATION(#9879,#9881);
#9879 = ( REPRESENTATION_RELATIONSHIP('','',#9450,#9343) 
REPRESENTATION_RELATIONSHIP_WITH_TRANSFORMATION(#9880) 
SHAPE_REPRESENTATION_RELATIONSHIP() );
#9880 = ITEM_DEFINED_TRANSFORMATION('','',#11,#9344);
#9881 = PRODUCT_DEFINITION_SHAPE('Placement','Placement of an item',
  #9882);
#9882 = NEXT_ASSEMBLY_USAGE_OCCURRENCE('477','0','',#9338,#9445,$);
#9883 = PRODUCT_RELATED_PRODUCT_CATEGORY('part',$,(#9447));
#9884 = CONTEXT_DEPENDENT_SHAPE_REPRESENTATION(#9885,#9887);
#9885 = ( REPRESENTATION_RELATIONSHIP('','',#9450,#9343) 
REPRESENTATION_RELATIONSHIP_WITH_TRANSFORMATION(#9886) 
SHAPE_REPRESENTATION_RELATIONSHIP() );
#9886 = ITEM_DEFINED_TRANSFORMATION('','',#11,#9348);
#9887 = PRODUCT_DEFINITION_SHAPE('Placement','Placement of an item',
  #9888);
#9888 = NEXT_ASSEMBLY_USAGE_OCCURRENCE('478','1','',#9338,#9445,$);
#9889 = CONTEXT_DEPENDENT_SHAPE_REPRESENTATION(#9890,#9892);
#9890 = ( REPRESENTATION_RELATIONSHIP('','',#9450,#9343) 
REPRESENTATION_RELATIONSHIP_WITH_TRANSFORMATION(#9891) 
SHAPE_REPRESENTATION_RELATIONSHIP() );
#9891 = ITEM_DEFINED_TRANSFORMATION('','',#11,#9352);
#9892 = PRODUCT_DEFINITION_SHAPE('Placement','Placement of an item',
  #9893);
#9893 = NEXT_ASSEMBLY_USAGE_OCCURRENCE('479','2','',#9338,#9445,$);
#9894 = CONTEXT_DEPENDENT_SHAPE_REPRESENTATION(#9895,#9897);
#9895 = ( REPRESENTATION_RELATIONSHIP('','',#9450,#9343) 
REPRESENTATION_RELATIONSHIP_WITH_TRANSFORMATION(#9896) 
SHAPE_REPRESENTATION_RELATIONSHIP() );
#9896 = ITEM_DEFINED_TRANSFORMATION('','',#11,#9356);
#9897 = PRODUCT_DEFINITION_SHAPE('Placement','Placement of an item',
  #9898);
#9898 = NEXT_ASSEMBLY_USAGE_OCCURRENCE('480','3','',#9338,#9445,$);
#9899 = CONTEXT_DEPENDENT_SHAPE_REPRESENTATION(#9900,#9902);
#9900 = ( REPRESENTATION_RELATIONSHIP('','',#9450,#9343) 
REPRESENTATION_RELATIONSHIP_WITH_TRANSFORMATION(#9901) 
SHAPE_REPRESENTATION_RELATIONSHIP() );
#9901 = ITEM_DEFINED_TRANSFORMATION('','',#11,#9360);
#9902 = PRODUCT_DEFINITION_SHAPE('Placement','Placement of an item',
  #9903);
#9903 = NEXT_ASSEMBLY_USAGE_OCCURRENCE('481','4','',#9338,#9445,$);
#9904 = CONTEXT_DEPENDENT_SHAPE_REPRESENTATION(#9905,#9907);
#9905 = ( REPRESENTATION_RELATIONSHIP('','',#9450,#9343) 
REPRESENTATION_RELATIONSHIP_WITH_TRANSFORMATION(#9906) 
SHAPE_REPRESENTATION_RELATIONSHIP() );
#9906 = ITEM_DEFINED_TRANSFORMATION('','',#11,#9364);
#9907 = PRODUCT_DEFINITION_SHAPE('Placement','Placement of an item',
  #9908);
#9908 = NEXT_ASSEMBLY_USAGE_OCCURRENCE('482','5','',#9338,#9445,$);
#9909 = CONTEXT_DEPENDENT_SHAPE_REPRESENTATION(#9910,#9912);
#9910 = ( REPRESENTATION_RELATIONSHIP('','',#9450,#9343) 
REPRESENTATION_RELATIONSHIP_WITH_TRANSFORMATION(#9911) 
SHAPE_REPRESENTATION_RELATIONSHIP() );
#9911 = ITEM_DEFINED_TRANSFORMATION('','',#11,#9368);
#9912 = PRODUCT_DEFINITION_SHAPE('Placement','Placement of an item',
  #9913);
#9913 = NEXT_ASSEMBLY_USAGE_OCCURRENCE('483','6','',#9338,#9445,$);
#9914 = CONTEXT_DEPENDENT_SHAPE_REPRESENTATION(#9915,#9917);
#9915 = ( REPRESENTATION_RELATIONSHIP('','',#9450,#9343) 
REPRESENTATION_RELATIONSHIP_WITH_TRANSFORMATION(#9916) 
SHAPE_REPRESENTATION_RELATIONSHIP() );
#9916 = ITEM_DEFINED_TRANSFORMATION('','',#11,#9372);
#9917 = PRODUCT_DEFINITION_SHAPE('Placement','Placement of an item',
  #9918);
#9918 = NEXT_ASSEMBLY_USAGE_OCCURRENCE('484','7','',#9338,#9445,$);
#9919 = CONTEXT_DEPENDENT_SHAPE_REPRESENTATION(#9920,#9922);
#9920 = ( REPRESENTATION_RELATIONSHIP('','',#9450,#9343) 
REPRESENTATION_RELATIONSHIP_WITH_TRANSFORMATION(#9921) 
SHAPE_REPRESENTATION_RELATIONSHIP() );
#9921 = ITEM_DEFINED_TRANSFORMATION('','',#11,#9376);
#9922 = PRODUCT_DEFINITION_SHAPE('Placement','Placement of an item',
  #9923);
#9923 = NEXT_ASSEMBLY_USAGE_OCCURRENCE('485','8','',#9338,#9445,$);
#9924 = CONTEXT_DEPENDENT_SHAPE_REPRESENTATION(#9925,#9927);
#9925 = ( REPRESENTATION_RELATIONSHIP('','',#9450,#9343) 
REPRESENTATION_RELATIONSHIP_WITH_TRANSFORMATION(#9926) 
SHAPE_REPRESENTATION_RELATIONSHIP() );
#9926 = ITEM_DEFINED_TRANSFORMATION('','',#11,#9380);
#9927 = PRODUCT_DEFINITION_SHAPE('Placement','Placement of an item',
  #9928);
#9928 = NEXT_ASSEMBLY_USAGE_OCCURRENCE('486','9','',#9338,#9445,$);
#9929 = CONTEXT_DEPENDENT_SHAPE_REPRESENTATION(#9930,#9932);
#9930 = ( REPRESENTATION_RELATIONSHIP('','',#9450,#9343) 
REPRESENTATION_RELATIONSHIP_WITH_TRANSFORMATION(#9931) 
SHAPE_REPRESENTATION_RELATIONSHIP() );
#9931 = ITEM_DEFINED_TRANSFORMATION('','',#11,#9384);
#9932 = PRODUCT_DEFINITION_SHAPE('Placement','Placement of an item',
  #9933);
#9933 = NEXT_ASSEMBLY_USAGE_OCCURRENCE('487','10','',#9338,#9445,$);
#9934 = CONTEXT_DEPENDENT_SHAPE_REPRESENTATION(#9935,#9937);
#9935 = ( REPRESENTATION_RELATIONSHIP('','',#9450,#9343) 
REPRESENTATION_RELATIONSHIP_WITH_TRANSFORMATION(#9936) 
SHAPE_REPRESENTATION_RELATIONSHIP() );
#9936 = ITEM_DEFINED_TRANSFORMATION('','',#11,#9388);
#9937 = PRODUCT_DEFINITION_SHAPE('Placement','Placement of an item',
  #9938);
#9938 = NEXT_ASSEMBLY_USAGE_OCCURRENCE('488','11','',#9338,#9445,$);
#9939 = CONTEXT_DEPENDENT_SHAPE_REPRESENTATION(#9940,#9942);
#9940 = ( REPRESENTATION_RELATIONSHIP('','',#9450,#9343) 
REPRESENTATION_RELATIONSHIP_WITH_TRANSFORMATION(#9941) 
SHAPE_REPRESENTATION_RELATIONSHIP() );
#9941 = ITEM_DEFINED_TRANSFORMATION('','',#11,#9392);
#9942 = PRODUCT_DEFINITION_SHAPE('Placement','Placement of an item',
  #9943);
#9943 = NEXT_ASSEMBLY_USAGE_OCCURRENCE('489','12','',#9338,#9445,$);
#9944 = CONTEXT_DEPENDENT_SHAPE_REPRESENTATION(#9945,#9947);
#9945 = ( REPRESENTATION_RELATIONSHIP('','',#9450,#9343) 
REPRESENTATION_RELATIONSHIP_WITH_TRANSFORMATION(#9946) 
SHAPE_REPRESENTATION_RELATIONSHIP() );
#9946 = ITEM_DEFINED_TRANSFORMATION('','',#11,#9396);
#9947 = PRODUCT_DEFINITION_SHAPE('Placement','Placement of an item',
  #9948);
#9948 = NEXT_ASSEMBLY_USAGE_OCCURRENCE('490','13','',#9338,#9445,$);
#9949 = CONTEXT_DEPENDENT_SHAPE_REPRESENTATION(#9950,#9952);
#9950 = ( REPRESENTATION_RELATIONSHIP('','',#9450,#9343) 
REPRESENTATION_RELATIONSHIP_WITH_TRANSFORMATION(#9951) 
SHAPE_REPRESENTATION_RELATIONSHIP() );
#9951 = ITEM_DEFINED_TRANSFORMATION('','',#11,#9400);
#9952 = PRODUCT_DEFINITION_SHAPE('Placement','Placement of an item',
  #9953);
#9953 = NEXT_ASSEMBLY_USAGE_OCCURRENCE('491','14','',#9338,#9445,$);
#9954 = CONTEXT_DEPENDENT_SHAPE_REPRESENTATION(#9955,#9957);
#9955 = ( REPRESENTATION_RELATIONSHIP('','',#9450,#9343) 
REPRESENTATION_RELATIONSHIP_WITH_TRANSFORMATION(#9956) 
SHAPE_REPRESENTATION_RELATIONSHIP() );
#9956 = ITEM_DEFINED_TRANSFORMATION('','',#11,#9404);
#9957 = PRODUCT_DEFINITION_SHAPE('Placement','Placement of an item',
  #9958);
#9958 = NEXT_ASSEMBLY_USAGE_OCCURRENCE('492','15','',#9338,#9445,$);
#9959 = CONTEXT_DEPENDENT_SHAPE_REPRESENTATION(#9960,#9962);
#9960 = ( REPRESENTATION_RELATIONSHIP('','',#9450,#9343) 
REPRESENTATION_RELATIONSHIP_WITH_TRANSFORMATION(#9961) 
SHAPE_REPRESENTATION_RELATIONSHIP() );
#9961 = ITEM_DEFINED_TRANSFORMATION('','',#11,#9408);
#9962 = PRODUCT_DEFINITION_SHAPE('Placement','Placement of an item',
  #9963);
#9963 = NEXT_ASSEMBLY_USAGE_OCCURRENCE('493','16','',#9338,#9445,$);
#9964 = CONTEXT_DEPENDENT_SHAPE_REPRESENTATION(#9965,#9967);
#9965 = ( REPRESENTATION_RELATIONSHIP('','',#9450,#9343) 
REPRESENTATION_RELATIONSHIP_WITH_TRANSFORMATION(#9966) 
SHAPE_REPRESENTATION_RELATIONSHIP() );
#9966 = ITEM_DEFINED_TRANSFORMATION('','',#11,#9412);
#9967 = PRODUCT_DEFINITION_SHAPE('Placement','Placement of an item',
  #9968);
#9968 = NEXT_ASSEMBLY_USAGE_OCCURRENCE('494','17','',#9338,#9445,$);
#9969 = CONTEXT_DEPENDENT_SHAPE_REPRESENTATION(#9970,#9972);
#9970 = ( REPRESENTATION_RELATIONSHIP('','',#9450,#9343) 
REPRESENTATION_RELATIONSHIP_WITH_TRANSFORMATION(#9971) 
SHAPE_REPRESENTATION_RELATIONSHIP() );
#9971 = ITEM_DEFINED_TRANSFORMATION('','',#11,#9416);
#9972 = PRODUCT_DEFINITION_SHAPE('Placement','Placement of an item',
  #9973);
#9973 = NEXT_ASSEMBLY_USAGE_OCCURRENCE('495','18','',#9338,#9445,$);
#9974 = CONTEXT_DEPENDENT_SHAPE_REPRESENTATION(#9975,#9977);
#9975 = ( REPRESENTATION_RELATIONSHIP('','',#9450,#9343) 
REPRESENTATION_RELATIONSHIP_WITH_TRANSFORMATION(#9976) 
SHAPE_REPRESENTATION_RELATIONSHIP() );
#9976 = ITEM_DEFINED_TRANSFORMATION('','',#11,#9420);
#9977 = PRODUCT_DEFINITION_SHAPE('Placement','Placement of an item',
  #9978);
#9978 = NEXT_ASSEMBLY_USAGE_OCCURRENCE('496','19','',#9338,#9445,$);
#9979 = CONTEXT_DEPENDENT_SHAPE_REPRESENTATION(#9980,#9982);
#9980 = ( REPRESENTATION_RELATIONSHIP('','',#9450,#9343) 
REPRESENTATION_RELATIONSHIP_WITH_TRANSFORMATION(#9981) 
SHAPE_REPRESENTATION_RELATIONSHIP() );
#9981 = ITEM_DEFINED_TRANSFORMATION('','',#11,#9424);
#9982 = PRODUCT_DEFINITION_SHAPE('Placement','Placement of an item',
  #9983);
#9983 = NEXT_ASSEMBLY_USAGE_OCCURRENCE('497','20','',#9338,#9445,$);
#9984 = CONTEXT_DEPENDENT_SHAPE_REPRESENTATION(#9985,#9987);
#9985 = ( REPRESENTATION_RELATIONSHIP('','',#9450,#9343) 
REPRESENTATION_RELATIONSHIP_WITH_TRANSFORMATION(#9986) 
SHAPE_REPRESENTATION_RELATIONSHIP() );
#9986 = ITEM_DEFINED_TRANSFORMATION('','',#11,#9428);
#9987 = PRODUCT_DEFINITION_SHAPE('Placement','Placement of an item',
  #9988);
#9988 = NEXT_ASSEMBLY_USAGE_OCCURRENCE('498','21','',#9338,#9445,$);
#9989 = SHAPE_DEFINITION_REPRESENTATION(#9990,#9996);
#9990 = PRODUCT_DEFINITION_SHAPE('','',#9991);
#9991 = PRODUCT_DEFINITION('design','',#9992,#9995);
#9992 = PRODUCT_DEFINITION_FORMATION('','',#9993);
#9993 = PRODUCT('Cut003','Cut003','',(#9994));
#9994 = PRODUCT_CONTEXT('',#2,'mechanical');
#9995 = PRODUCT_DEFINITION_CONTEXT('part definition',#2,'design');
#9996 = ADVANCED_BREP_SHAPE_REPRESENTATION('',(#11,#9997),#10660);
#9997 = MANIFOLD_SOLID_BREP('',#9998);
#9998 = CLOSED_SHELL('',(#9999,#10039,#10072,#10105,#10138,#10171,#10188
    ,#10205,#10236,#10267,#10284,#10326,#10343,#10374,#10392,#10410,
    #10443,#10461,#10492,#10510,#10541,#10566,#10595,#10606,#10617,
    #10629,#10640,#10651));
#9999 = ADVANCED_FACE('',(#10000),#10034,.F.);
#10000 = FACE_BOUND('',#10001,.F.);
#10001 = EDGE_LOOP('',(#10002,#10012,#10020,#10028));
#10002 = ORIENTED_EDGE('',*,*,#10003,.F.);
#10003 = EDGE_CURVE('',#10004,#10006,#10008,.T.);
#10004 = VERTEX_POINT('',#10005);
#10005 = CARTESIAN_POINT('',(-5.08,-8.76,0.54));
#10006 = VERTEX_POINT('',#10007);
#10007 = CARTESIAN_POINT('',(-5.08,-8.76,0.66));
#10008 = LINE('',#10009,#10010);
#10009 = CARTESIAN_POINT('',(-5.08,-8.76,0.1));
#10010 = VECTOR('',#10011,1.);
#10011 = DIRECTION('',(0.,0.,1.));
#10012 = ORIENTED_EDGE('',*,*,#10013,.T.);
#10013 = EDGE_CURVE('',#10004,#10014,#10016,.T.);
#10014 = VERTEX_POINT('',#10015);
#10015 = CARTESIAN_POINT('',(-5.08,8.76,0.54));
#10016 = LINE('',#10017,#10018);
#10017 = CARTESIAN_POINT('',(-5.08,-9.2,0.54));
#10018 = VECTOR('',#10019,1.);
#10019 = DIRECTION('',(0.,1.,0.));
#10020 = ORIENTED_EDGE('',*,*,#10021,.T.);
#10021 = EDGE_CURVE('',#10014,#10022,#10024,.T.);
#10022 = VERTEX_POINT('',#10023);
#10023 = CARTESIAN_POINT('',(-5.08,8.76,0.66));
#10024 = LINE('',#10025,#10026);
#10025 = CARTESIAN_POINT('',(-5.08,8.76,0.1));
#10026 = VECTOR('',#10027,1.);
#10027 = DIRECTION('',(0.,0.,1.));
#10028 = ORIENTED_EDGE('',*,*,#10029,.F.);
#10029 = EDGE_CURVE('',#10006,#10022,#10030,.T.);
#10030 = LINE('',#10031,#10032);
#10031 = CARTESIAN_POINT('',(-5.08,-9.2,0.66));
#10032 = VECTOR('',#10033,1.);
#10033 = DIRECTION('',(0.,1.,0.));
#10034 = PLANE('',#10035);
#10035 = AXIS2_PLACEMENT_3D('',#10036,#10037,#10038);
#10036 = CARTESIAN_POINT('',(-5.08,-9.2,0.1));
#10037 = DIRECTION('',(1.,0.,0.));
#10038 = DIRECTION('',(0.,0.,1.));
#10039 = ADVANCED_FACE('',(#10040),#10067,.T.);
#10040 = FACE_BOUND('',#10041,.T.);
#10041 = EDGE_LOOP('',(#10042,#10043,#10052,#10060));
#10042 = ORIENTED_EDGE('',*,*,#10003,.F.);
#10043 = ORIENTED_EDGE('',*,*,#10044,.T.);
#10044 = EDGE_CURVE('',#10004,#10045,#10047,.T.);
#10045 = VERTEX_POINT('',#10046);
#10046 = CARTESIAN_POINT('',(-4.64,-9.2,0.54));
#10047 = CIRCLE('',#10048,0.44);
#10048 = AXIS2_PLACEMENT_3D('',#10049,#10050,#10051);
#10049 = CARTESIAN_POINT('',(-4.64,-8.76,0.54));
#10050 = DIRECTION('',(0.,0.,1.));
#10051 = DIRECTION('',(-1.,0.,0.));
#10052 = ORIENTED_EDGE('',*,*,#10053,.T.);
#10053 = EDGE_CURVE('',#10045,#10054,#10056,.T.);
#10054 = VERTEX_POINT('',#10055);
#10055 = CARTESIAN_POINT('',(-4.64,-9.2,0.66));
#10056 = LINE('',#10057,#10058);
#10057 = CARTESIAN_POINT('',(-4.64,-9.2,0.1));
#10058 = VECTOR('',#10059,1.);
#10059 = DIRECTION('',(0.,0.,1.));
#10060 = ORIENTED_EDGE('',*,*,#10061,.F.);
#10061 = EDGE_CURVE('',#10006,#10054,#10062,.T.);
#10062 = CIRCLE('',#10063,0.44);
#10063 = AXIS2_PLACEMENT_3D('',#10064,#10065,#10066);
#10064 = CARTESIAN_POINT('',(-4.64,-8.76,0.66));
#10065 = DIRECTION('',(0.,0.,1.));
#10066 = DIRECTION('',(-1.,0.,0.));
#10067 = CYLINDRICAL_SURFACE('',#10068,0.44);
#10068 = AXIS2_PLACEMENT_3D('',#10069,#10070,#10071);
#10069 = CARTESIAN_POINT('',(-4.64,-8.76,0.1));
#10070 = DIRECTION('',(0.,0.,1.));
#10071 = DIRECTION('',(-1.,0.,0.));
#10072 = ADVANCED_FACE('',(#10073),#10100,.T.);
#10073 = FACE_BOUND('',#10074,.F.);
#10074 = EDGE_LOOP('',(#10075,#10084,#10092,#10099));
#10075 = ORIENTED_EDGE('',*,*,#10076,.F.);
#10076 = EDGE_CURVE('',#10077,#10004,#10079,.T.);
#10077 = VERTEX_POINT('',#10078);
#10078 = CARTESIAN_POINT('',(-4.64,-8.76,0.1));
#10079 = CIRCLE('',#10080,0.44);
#10080 = AXIS2_PLACEMENT_3D('',#10081,#10082,#10083);
#10081 = CARTESIAN_POINT('',(-4.64,-8.76,0.54));
#10082 = DIRECTION('',(0.,1.,-0.));
#10083 = DIRECTION('',(-1.,0.,0.));
#10084 = ORIENTED_EDGE('',*,*,#10085,.T.);
#10085 = EDGE_CURVE('',#10077,#10086,#10088,.T.);
#10086 = VERTEX_POINT('',#10087);
#10087 = CARTESIAN_POINT('',(-4.64,8.76,0.1));
#10088 = LINE('',#10089,#10090);
#10089 = CARTESIAN_POINT('',(-4.64,-9.2,1.E-01));
#10090 = VECTOR('',#10091,1.);
#10091 = DIRECTION('',(0.,1.,0.));
#10092 = ORIENTED_EDGE('',*,*,#10093,.T.);
#10093 = EDGE_CURVE('',#10086,#10014,#10094,.T.);
#10094 = CIRCLE('',#10095,0.44);
#10095 = AXIS2_PLACEMENT_3D('',#10096,#10097,#10098);
#10096 = CARTESIAN_POINT('',(-4.64,8.76,0.54));
#10097 = DIRECTION('',(-4.037174635001E-15,1.,0.));
#10098 = DIRECTION('',(-1.,-4.037174635001E-15,0.));
#10099 = ORIENTED_EDGE('',*,*,#10013,.F.);
#10100 = CYLINDRICAL_SURFACE('',#10101,0.44);
#10101 = AXIS2_PLACEMENT_3D('',#10102,#10103,#10104);
#10102 = CARTESIAN_POINT('',(-4.64,-9.2,0.54));
#10103 = DIRECTION('',(0.,1.,0.));
#10104 = DIRECTION('',(-1.,0.,0.));
#10105 = ADVANCED_FACE('',(#10106),#10133,.T.);
#10106 = FACE_BOUND('',#10107,.T.);
#10107 = EDGE_LOOP('',(#10108,#10117,#10125,#10132));
#10108 = ORIENTED_EDGE('',*,*,#10109,.F.);
#10109 = EDGE_CURVE('',#10110,#10006,#10112,.T.);
#10110 = VERTEX_POINT('',#10111);
#10111 = CARTESIAN_POINT('',(-4.64,-8.76,1.1));
#10112 = CIRCLE('',#10113,0.44);
#10113 = AXIS2_PLACEMENT_3D('',#10114,#10115,#10116);
#10114 = CARTESIAN_POINT('',(-4.64,-8.76,0.66));
#10115 = DIRECTION('',(0.,-1.,0.));
#10116 = DIRECTION('',(-1.,0.,0.));
#10117 = ORIENTED_EDGE('',*,*,#10118,.T.);
#10118 = EDGE_CURVE('',#10110,#10119,#10121,.T.);
#10119 = VERTEX_POINT('',#10120);
#10120 = CARTESIAN_POINT('',(-4.64,8.76,1.1));
#10121 = LINE('',#10122,#10123);
#10122 = CARTESIAN_POINT('',(-4.64,-9.2,1.1));
#10123 = VECTOR('',#10124,1.);
#10124 = DIRECTION('',(0.,1.,0.));
#10125 = ORIENTED_EDGE('',*,*,#10126,.F.);
#10126 = EDGE_CURVE('',#10022,#10119,#10127,.T.);
#10127 = CIRCLE('',#10128,0.44);
#10128 = AXIS2_PLACEMENT_3D('',#10129,#10130,#10131);
#10129 = CARTESIAN_POINT('',(-4.64,8.76,0.66));
#10130 = DIRECTION('',(0.,1.,-0.));
#10131 = DIRECTION('',(-1.,0.,0.));
#10132 = ORIENTED_EDGE('',*,*,#10029,.F.);
#10133 = CYLINDRICAL_SURFACE('',#10134,0.44);
#10134 = AXIS2_PLACEMENT_3D('',#10135,#10136,#10137);
#10135 = CARTESIAN_POINT('',(-4.64,-9.2,0.66));
#10136 = DIRECTION('',(0.,1.,0.));
#10137 = DIRECTION('',(-1.,0.,0.));
#10138 = ADVANCED_FACE('',(#10139),#10166,.T.);
#10139 = FACE_BOUND('',#10140,.F.);
#10140 = EDGE_LOOP('',(#10141,#10142,#10151,#10159));
#10141 = ORIENTED_EDGE('',*,*,#10021,.F.);
#10142 = ORIENTED_EDGE('',*,*,#10143,.T.);
#10143 = EDGE_CURVE('',#10014,#10144,#10146,.T.);
#10144 = VERTEX_POINT('',#10145);
#10145 = CARTESIAN_POINT('',(-4.64,9.2,0.54));
#10146 = CIRCLE('',#10147,0.44);
#10147 = AXIS2_PLACEMENT_3D('',#10148,#10149,#10150);
#10148 = CARTESIAN_POINT('',(-4.64,8.76,0.54));
#10149 = DIRECTION('',(-0.,0.,-1.));
#10150 = DIRECTION('',(-1.,-4.037174635001E-15,0.));
#10151 = ORIENTED_EDGE('',*,*,#10152,.T.);
#10152 = EDGE_CURVE('',#10144,#10153,#10155,.T.);
#10153 = VERTEX_POINT('',#10154);
#10154 = CARTESIAN_POINT('',(-4.64,9.2,0.66));
#10155 = LINE('',#10156,#10157);
#10156 = CARTESIAN_POINT('',(-4.64,9.2,0.1));
#10157 = VECTOR('',#10158,1.);
#10158 = DIRECTION('',(0.,0.,1.));
#10159 = ORIENTED_EDGE('',*,*,#10160,.T.);
#10160 = EDGE_CURVE('',#10153,#10022,#10161,.T.);
#10161 = CIRCLE('',#10162,0.44);
#10162 = AXIS2_PLACEMENT_3D('',#10163,#10164,#10165);
#10163 = CARTESIAN_POINT('',(-4.64,8.76,0.66));
#10164 = DIRECTION('',(0.,0.,1.));
#10165 = DIRECTION('',(-1.,0.,0.));
#10166 = CYLINDRICAL_SURFACE('',#10167,0.44);
#10167 = AXIS2_PLACEMENT_3D('',#10168,#10169,#10170);
#10168 = CARTESIAN_POINT('',(-4.64,8.76,0.1));
#10169 = DIRECTION('',(0.,0.,1.));
#10170 = DIRECTION('',(-1.,0.,0.));
#10171 = ADVANCED_FACE('',(#10172),#10183,.T.);
#10172 = FACE_BOUND('',#10173,.T.);
#10173 = EDGE_LOOP('',(#10174,#10175,#10182));
#10174 = ORIENTED_EDGE('',*,*,#10076,.F.);
#10175 = ORIENTED_EDGE('',*,*,#10176,.T.);
#10176 = EDGE_CURVE('',#10077,#10045,#10177,.T.);
#10177 = CIRCLE('',#10178,0.44);
#10178 = AXIS2_PLACEMENT_3D('',#10179,#10180,#10181);
#10179 = CARTESIAN_POINT('',(-4.64,-8.76,0.54));
#10180 = DIRECTION('',(-1.,6.123233995737E-17,0.));
#10181 = DIRECTION('',(-6.123233995737E-17,-1.,0.));
#10182 = ORIENTED_EDGE('',*,*,#10044,.F.);
#10183 = SPHERICAL_SURFACE('',#10184,0.44);
#10184 = AXIS2_PLACEMENT_3D('',#10185,#10186,#10187);
#10185 = CARTESIAN_POINT('',(-4.64,-8.76,0.54));
#10186 = DIRECTION('',(0.,0.,1.));
#10187 = DIRECTION('',(-1.,0.,0.));
#10188 = ADVANCED_FACE('',(#10189),#10200,.T.);
#10189 = FACE_BOUND('',#10190,.F.);
#10190 = EDGE_LOOP('',(#10191,#10192,#10199));
#10191 = ORIENTED_EDGE('',*,*,#10109,.F.);
#10192 = ORIENTED_EDGE('',*,*,#10193,.T.);
#10193 = EDGE_CURVE('',#10110,#10054,#10194,.T.);
#10194 = CIRCLE('',#10195,0.44);
#10195 = AXIS2_PLACEMENT_3D('',#10196,#10197,#10198);
#10196 = CARTESIAN_POINT('',(-4.64,-8.76,0.66));
#10197 = DIRECTION('',(1.,-6.123233995737E-17,0.));
#10198 = DIRECTION('',(-6.123233995737E-17,-1.,0.));
#10199 = ORIENTED_EDGE('',*,*,#10061,.F.);
#10200 = SPHERICAL_SURFACE('',#10201,0.44);
#10201 = AXIS2_PLACEMENT_3D('',#10202,#10203,#10204);
#10202 = CARTESIAN_POINT('',(-4.64,-8.76,0.66));
#10203 = DIRECTION('',(-0.,-0.,-1.));
#10204 = DIRECTION('',(-1.,0.,0.));
#10205 = ADVANCED_FACE('',(#10206),#10231,.F.);
#10206 = FACE_BOUND('',#10207,.F.);
#10207 = EDGE_LOOP('',(#10208,#10209,#10217,#10225));
#10208 = ORIENTED_EDGE('',*,*,#10053,.T.);
#10209 = ORIENTED_EDGE('',*,*,#10210,.T.);
#10210 = EDGE_CURVE('',#10054,#10211,#10213,.T.);
#10211 = VERTEX_POINT('',#10212);
#10212 = CARTESIAN_POINT('',(4.64,-9.2,0.66));
#10213 = LINE('',#10214,#10215);
#10214 = CARTESIAN_POINT('',(-5.08,-9.2,0.66));
#10215 = VECTOR('',#10216,1.);
#10216 = DIRECTION('',(1.,0.,0.));
#10217 = ORIENTED_EDGE('',*,*,#10218,.F.);
#10218 = EDGE_CURVE('',#10219,#10211,#10221,.T.);
#10219 = VERTEX_POINT('',#10220);
#10220 = CARTESIAN_POINT('',(4.64,-9.2,0.54));
#10221 = LINE('',#10222,#10223);
#10222 = CARTESIAN_POINT('',(4.64,-9.2,0.1));
#10223 = VECTOR('',#10224,1.);
#10224 = DIRECTION('',(0.,0.,1.));
#10225 = ORIENTED_EDGE('',*,*,#10226,.F.);
#10226 = EDGE_CURVE('',#10045,#10219,#10227,.T.);
#10227 = LINE('',#10228,#10229);
#10228 = CARTESIAN_POINT('',(-5.08,-9.2,0.54));
#10229 = VECTOR('',#10230,1.);
#10230 = DIRECTION('',(1.,0.,0.));
#10231 = PLANE('',#10232);
#10232 = AXIS2_PLACEMENT_3D('',#10233,#10234,#10235);
#10233 = CARTESIAN_POINT('',(-5.08,-9.2,0.1));
#10234 = DIRECTION('',(0.,1.,0.));
#10235 = DIRECTION('',(0.,0.,1.));
#10236 = ADVANCED_FACE('',(#10237),#10262,.F.);
#10237 = FACE_BOUND('',#10238,.F.);
#10238 = EDGE_LOOP('',(#10239,#10240,#10248,#10256));
#10239 = ORIENTED_EDGE('',*,*,#10085,.F.);
#10240 = ORIENTED_EDGE('',*,*,#10241,.T.);
#10241 = EDGE_CURVE('',#10077,#10242,#10244,.T.);
#10242 = VERTEX_POINT('',#10243);
#10243 = CARTESIAN_POINT('',(4.64,-8.76,0.1));
#10244 = LINE('',#10245,#10246);
#10245 = CARTESIAN_POINT('',(-5.08,-8.76,1.E-01));
#10246 = VECTOR('',#10247,1.);
#10247 = DIRECTION('',(1.,0.,0.));
#10248 = ORIENTED_EDGE('',*,*,#10249,.T.);
#10249 = EDGE_CURVE('',#10242,#10250,#10252,.T.);
#10250 = VERTEX_POINT('',#10251);
#10251 = CARTESIAN_POINT('',(4.64,8.76,0.1));
#10252 = LINE('',#10253,#10254);
#10253 = CARTESIAN_POINT('',(4.64,-9.2,1.E-01));
#10254 = VECTOR('',#10255,1.);
#10255 = DIRECTION('',(0.,1.,0.));
#10256 = ORIENTED_EDGE('',*,*,#10257,.F.);
#10257 = EDGE_CURVE('',#10086,#10250,#10258,.T.);
#10258 = LINE('',#10259,#10260);
#10259 = CARTESIAN_POINT('',(-5.08,8.76,1.E-01));
#10260 = VECTOR('',#10261,1.);
#10261 = DIRECTION('',(1.,0.,0.));
#10262 = PLANE('',#10263);
#10263 = AXIS2_PLACEMENT_3D('',#10264,#10265,#10266);
#10264 = CARTESIAN_POINT('',(-5.08,-9.2,0.1));
#10265 = DIRECTION('',(0.,0.,1.));
#10266 = DIRECTION('',(1.,0.,0.));
#10267 = ADVANCED_FACE('',(#10268),#10279,.T.);
#10268 = FACE_BOUND('',#10269,.F.);
#10269 = EDGE_LOOP('',(#10270,#10271,#10278));
#10270 = ORIENTED_EDGE('',*,*,#10093,.F.);
#10271 = ORIENTED_EDGE('',*,*,#10272,.T.);
#10272 = EDGE_CURVE('',#10086,#10144,#10273,.T.);
#10273 = CIRCLE('',#10274,0.44);
#10274 = AXIS2_PLACEMENT_3D('',#10275,#10276,#10277);
#10275 = CARTESIAN_POINT('',(-4.64,8.76,0.54));
#10276 = DIRECTION('',(1.,1.016040863074E-16,-0.));
#10277 = DIRECTION('',(-1.016040863074E-16,1.,0.));
#10278 = ORIENTED_EDGE('',*,*,#10143,.F.);
#10279 = SPHERICAL_SURFACE('',#10280,0.44);
#10280 = AXIS2_PLACEMENT_3D('',#10281,#10282,#10283);
#10281 = CARTESIAN_POINT('',(-4.64,8.76,0.54));
#10282 = DIRECTION('',(0.,0.,1.));
#10283 = DIRECTION('',(-1.,-4.037174635001E-15,0.));
#10284 = ADVANCED_FACE('',(#10285,#10310),#10321,.T.);
#10285 = FACE_BOUND('',#10286,.T.);
#10286 = EDGE_LOOP('',(#10287,#10288,#10296,#10304));
#10287 = ORIENTED_EDGE('',*,*,#10118,.F.);
#10288 = ORIENTED_EDGE('',*,*,#10289,.T.);
#10289 = EDGE_CURVE('',#10110,#10290,#10292,.T.);
#10290 = VERTEX_POINT('',#10291);
#10291 = CARTESIAN_POINT('',(4.64,-8.76,1.1));
#10292 = LINE('',#10293,#10294);
#10293 = CARTESIAN_POINT('',(-5.08,-8.76,1.1));
#10294 = VECTOR('',#10295,1.);
#10295 = DIRECTION('',(1.,0.,0.));
#10296 = ORIENTED_EDGE('',*,*,#10297,.T.);
#10297 = EDGE_CURVE('',#10290,#10298,#10300,.T.);
#10298 = VERTEX_POINT('',#10299);
#10299 = CARTESIAN_POINT('',(4.64,8.76,1.1));
#10300 = LINE('',#10301,#10302);
#10301 = CARTESIAN_POINT('',(4.64,-9.2,1.1));
#10302 = VECTOR('',#10303,1.);
#10303 = DIRECTION('',(0.,1.,0.));
#10304 = ORIENTED_EDGE('',*,*,#10305,.F.);
#10305 = EDGE_CURVE('',#10119,#10298,#10306,.T.);
#10306 = LINE('',#10307,#10308);
#10307 = CARTESIAN_POINT('',(-5.08,8.76,1.1));
#10308 = VECTOR('',#10309,1.);
#10309 = DIRECTION('',(1.,0.,0.));
#10310 = FACE_BOUND('',#10311,.T.);
#10311 = EDGE_LOOP('',(#10312));
#10312 = ORIENTED_EDGE('',*,*,#10313,.T.);
#10313 = EDGE_CURVE('',#10314,#10314,#10316,.T.);
#10314 = VERTEX_POINT('',#10315);
#10315 = CARTESIAN_POINT('',(-3.6,8.,1.1));
#10316 = CIRCLE('',#10317,0.4);
#10317 = AXIS2_PLACEMENT_3D('',#10318,#10319,#10320);
#10318 = CARTESIAN_POINT('',(-4.,8.,1.1));
#10319 = DIRECTION('',(0.,0.,-1.));
#10320 = DIRECTION('',(1.,0.,0.));
#10321 = PLANE('',#10322);
#10322 = AXIS2_PLACEMENT_3D('',#10323,#10324,#10325);
#10323 = CARTESIAN_POINT('',(-5.08,-9.2,1.1));
#10324 = DIRECTION('',(0.,0.,1.));
#10325 = DIRECTION('',(1.,0.,0.));
#10326 = ADVANCED_FACE('',(#10327),#10338,.T.);
#10327 = FACE_BOUND('',#10328,.F.);
#10328 = EDGE_LOOP('',(#10329,#10330,#10337));
#10329 = ORIENTED_EDGE('',*,*,#10160,.F.);
#10330 = ORIENTED_EDGE('',*,*,#10331,.T.);
#10331 = EDGE_CURVE('',#10153,#10119,#10332,.T.);
#10332 = CIRCLE('',#10333,0.44);
#10333 = AXIS2_PLACEMENT_3D('',#10334,#10335,#10336);
#10334 = CARTESIAN_POINT('',(-4.64,8.76,0.66));
#10335 = DIRECTION('',(1.,0.,6.123233995737E-17));
#10336 = DIRECTION('',(-6.123233995737E-17,0.,1.));
#10337 = ORIENTED_EDGE('',*,*,#10126,.F.);
#10338 = SPHERICAL_SURFACE('',#10339,0.44);
#10339 = AXIS2_PLACEMENT_3D('',#10340,#10341,#10342);
#10340 = CARTESIAN_POINT('',(-4.64,8.76,0.66));
#10341 = DIRECTION('',(-0.,-1.,-0.));
#10342 = DIRECTION('',(-1.,0.,0.));
#10343 = ADVANCED_FACE('',(#10344),#10369,.T.);
#10344 = FACE_BOUND('',#10345,.T.);
#10345 = EDGE_LOOP('',(#10346,#10347,#10355,#10363));
#10346 = ORIENTED_EDGE('',*,*,#10152,.T.);
#10347 = ORIENTED_EDGE('',*,*,#10348,.T.);
#10348 = EDGE_CURVE('',#10153,#10349,#10351,.T.);
#10349 = VERTEX_POINT('',#10350);
#10350 = CARTESIAN_POINT('',(4.64,9.2,0.66));
#10351 = LINE('',#10352,#10353);
#10352 = CARTESIAN_POINT('',(-5.08,9.2,0.66));
#10353 = VECTOR('',#10354,1.);
#10354 = DIRECTION('',(1.,0.,0.));
#10355 = ORIENTED_EDGE('',*,*,#10356,.F.);
#10356 = EDGE_CURVE('',#10357,#10349,#10359,.T.);
#10357 = VERTEX_POINT('',#10358);
#10358 = CARTESIAN_POINT('',(4.64,9.2,0.54));
#10359 = LINE('',#10360,#10361);
#10360 = CARTESIAN_POINT('',(4.64,9.2,0.1));
#10361 = VECTOR('',#10362,1.);
#10362 = DIRECTION('',(0.,0.,1.));
#10363 = ORIENTED_EDGE('',*,*,#10364,.F.);
#10364 = EDGE_CURVE('',#10144,#10357,#10365,.T.);
#10365 = LINE('',#10366,#10367);
#10366 = CARTESIAN_POINT('',(-5.08,9.2,0.54));
#10367 = VECTOR('',#10368,1.);
#10368 = DIRECTION('',(1.,0.,0.));
#10369 = PLANE('',#10370);
#10370 = AXIS2_PLACEMENT_3D('',#10371,#10372,#10373);
#10371 = CARTESIAN_POINT('',(-5.08,9.2,0.1));
#10372 = DIRECTION('',(0.,1.,0.));
#10373 = DIRECTION('',(0.,0.,1.));
#10374 = ADVANCED_FACE('',(#10375),#10387,.T.);
#10375 = FACE_BOUND('',#10376,.T.);
#10376 = EDGE_LOOP('',(#10377,#10378,#10379,#10386));
#10377 = ORIENTED_EDGE('',*,*,#10176,.F.);
#10378 = ORIENTED_EDGE('',*,*,#10241,.T.);
#10379 = ORIENTED_EDGE('',*,*,#10380,.T.);
#10380 = EDGE_CURVE('',#10242,#10219,#10381,.T.);
#10381 = CIRCLE('',#10382,0.44);
#10382 = AXIS2_PLACEMENT_3D('',#10383,#10384,#10385);
#10383 = CARTESIAN_POINT('',(4.64,-8.76,0.54));
#10384 = DIRECTION('',(-1.,-6.123233995737E-17,0.));
#10385 = DIRECTION('',(6.123233995737E-17,-1.,0.));
#10386 = ORIENTED_EDGE('',*,*,#10226,.F.);
#10387 = CYLINDRICAL_SURFACE('',#10388,0.44);
#10388 = AXIS2_PLACEMENT_3D('',#10389,#10390,#10391);
#10389 = CARTESIAN_POINT('',(-5.08,-8.76,0.54));
#10390 = DIRECTION('',(1.,0.,0.));
#10391 = DIRECTION('',(0.,-1.,0.));
#10392 = ADVANCED_FACE('',(#10393),#10405,.T.);
#10393 = FACE_BOUND('',#10394,.F.);
#10394 = EDGE_LOOP('',(#10395,#10396,#10397,#10404));
#10395 = ORIENTED_EDGE('',*,*,#10193,.F.);
#10396 = ORIENTED_EDGE('',*,*,#10289,.T.);
#10397 = ORIENTED_EDGE('',*,*,#10398,.T.);
#10398 = EDGE_CURVE('',#10290,#10211,#10399,.T.);
#10399 = CIRCLE('',#10400,0.44);
#10400 = AXIS2_PLACEMENT_3D('',#10401,#10402,#10403);
#10401 = CARTESIAN_POINT('',(4.64,-8.76,0.66));
#10402 = DIRECTION('',(1.,6.123233995737E-17,0.));
#10403 = DIRECTION('',(6.123233995737E-17,-1.,0.));
#10404 = ORIENTED_EDGE('',*,*,#10210,.F.);
#10405 = CYLINDRICAL_SURFACE('',#10406,0.44);
#10406 = AXIS2_PLACEMENT_3D('',#10407,#10408,#10409);
#10407 = CARTESIAN_POINT('',(-5.08,-8.76,0.66));
#10408 = DIRECTION('',(1.,0.,0.));
#10409 = DIRECTION('',(0.,-1.,0.));
#10410 = ADVANCED_FACE('',(#10411),#10438,.T.);
#10411 = FACE_BOUND('',#10412,.F.);
#10412 = EDGE_LOOP('',(#10413,#10423,#10430,#10431));
#10413 = ORIENTED_EDGE('',*,*,#10414,.F.);
#10414 = EDGE_CURVE('',#10415,#10417,#10419,.T.);
#10415 = VERTEX_POINT('',#10416);
#10416 = CARTESIAN_POINT('',(5.08,-8.76,0.54));
#10417 = VERTEX_POINT('',#10418);
#10418 = CARTESIAN_POINT('',(5.08,-8.76,0.66));
#10419 = LINE('',#10420,#10421);
#10420 = CARTESIAN_POINT('',(5.08,-8.76,0.1));
#10421 = VECTOR('',#10422,1.);
#10422 = DIRECTION('',(0.,0.,1.));
#10423 = ORIENTED_EDGE('',*,*,#10424,.T.);
#10424 = EDGE_CURVE('',#10415,#10219,#10425,.T.);
#10425 = CIRCLE('',#10426,0.44);
#10426 = AXIS2_PLACEMENT_3D('',#10427,#10428,#10429);
#10427 = CARTESIAN_POINT('',(4.64,-8.76,0.54));
#10428 = DIRECTION('',(0.,0.,-1.));
#10429 = DIRECTION('',(1.,0.,0.));
#10430 = ORIENTED_EDGE('',*,*,#10218,.T.);
#10431 = ORIENTED_EDGE('',*,*,#10432,.F.);
#10432 = EDGE_CURVE('',#10417,#10211,#10433,.T.);
#10433 = CIRCLE('',#10434,0.44);
#10434 = AXIS2_PLACEMENT_3D('',#10435,#10436,#10437);
#10435 = CARTESIAN_POINT('',(4.64,-8.76,0.66));
#10436 = DIRECTION('',(0.,0.,-1.));
#10437 = DIRECTION('',(1.,0.,0.));
#10438 = CYLINDRICAL_SURFACE('',#10439,0.44);
#10439 = AXIS2_PLACEMENT_3D('',#10440,#10441,#10442);
#10440 = CARTESIAN_POINT('',(4.64,-8.76,0.1));
#10441 = DIRECTION('',(0.,0.,1.));
#10442 = DIRECTION('',(1.,0.,0.));
#10443 = ADVANCED_FACE('',(#10444),#10456,.T.);
#10444 = FACE_BOUND('',#10445,.F.);
#10445 = EDGE_LOOP('',(#10446,#10447,#10448,#10455));
#10446 = ORIENTED_EDGE('',*,*,#10272,.F.);
#10447 = ORIENTED_EDGE('',*,*,#10257,.T.);
#10448 = ORIENTED_EDGE('',*,*,#10449,.T.);
#10449 = EDGE_CURVE('',#10250,#10357,#10450,.T.);
#10450 = CIRCLE('',#10451,0.44);
#10451 = AXIS2_PLACEMENT_3D('',#10452,#10453,#10454);
#10452 = CARTESIAN_POINT('',(4.64,8.76,0.54));
#10453 = DIRECTION('',(1.,-1.016040863074E-16,0.));
#10454 = DIRECTION('',(1.016040863074E-16,1.,0.));
#10455 = ORIENTED_EDGE('',*,*,#10364,.F.);
#10456 = CYLINDRICAL_SURFACE('',#10457,0.44);
#10457 = AXIS2_PLACEMENT_3D('',#10458,#10459,#10460);
#10458 = CARTESIAN_POINT('',(-5.08,8.76,0.54));
#10459 = DIRECTION('',(1.,0.,0.));
#10460 = DIRECTION('',(0.,1.,0.));
#10461 = ADVANCED_FACE('',(#10462),#10487,.T.);
#10462 = FACE_BOUND('',#10463,.T.);
#10463 = EDGE_LOOP('',(#10464,#10471,#10472,#10481));
#10464 = ORIENTED_EDGE('',*,*,#10465,.F.);
#10465 = EDGE_CURVE('',#10242,#10415,#10466,.T.);
#10466 = CIRCLE('',#10467,0.44);
#10467 = AXIS2_PLACEMENT_3D('',#10468,#10469,#10470);
#10468 = CARTESIAN_POINT('',(4.64,-8.76,0.54));
#10469 = DIRECTION('',(0.,-1.,0.));
#10470 = DIRECTION('',(1.,0.,0.));
#10471 = ORIENTED_EDGE('',*,*,#10249,.T.);
#10472 = ORIENTED_EDGE('',*,*,#10473,.T.);
#10473 = EDGE_CURVE('',#10250,#10474,#10476,.T.);
#10474 = VERTEX_POINT('',#10475);
#10475 = CARTESIAN_POINT('',(5.08,8.76,0.54));
#10476 = CIRCLE('',#10477,0.44);
#10477 = AXIS2_PLACEMENT_3D('',#10478,#10479,#10480);
#10478 = CARTESIAN_POINT('',(4.64,8.76,0.54));
#10479 = DIRECTION('',(-4.037174635001E-15,-1.,0.));
#10480 = DIRECTION('',(1.,-4.037174635001E-15,0.));
#10481 = ORIENTED_EDGE('',*,*,#10482,.F.);
#10482 = EDGE_CURVE('',#10415,#10474,#10483,.T.);
#10483 = LINE('',#10484,#10485);
#10484 = CARTESIAN_POINT('',(5.08,-9.2,0.54));
#10485 = VECTOR('',#10486,1.);
#10486 = DIRECTION('',(0.,1.,0.));
#10487 = CYLINDRICAL_SURFACE('',#10488,0.44);
#10488 = AXIS2_PLACEMENT_3D('',#10489,#10490,#10491);
#10489 = CARTESIAN_POINT('',(4.64,-9.2,0.54));
#10490 = DIRECTION('',(0.,1.,0.));
#10491 = DIRECTION('',(1.,0.,0.));
#10492 = ADVANCED_FACE('',(#10493),#10505,.T.);
#10493 = FACE_BOUND('',#10494,.T.);
#10494 = EDGE_LOOP('',(#10495,#10496,#10497,#10504));
#10495 = ORIENTED_EDGE('',*,*,#10331,.T.);
#10496 = ORIENTED_EDGE('',*,*,#10305,.T.);
#10497 = ORIENTED_EDGE('',*,*,#10498,.F.);
#10498 = EDGE_CURVE('',#10349,#10298,#10499,.T.);
#10499 = CIRCLE('',#10500,0.44);
#10500 = AXIS2_PLACEMENT_3D('',#10501,#10502,#10503);
#10501 = CARTESIAN_POINT('',(4.64,8.76,0.66));
#10502 = DIRECTION('',(1.,0.,-6.123233995737E-17));
#10503 = DIRECTION('',(6.123233995737E-17,0.,1.));
#10504 = ORIENTED_EDGE('',*,*,#10348,.F.);
#10505 = CYLINDRICAL_SURFACE('',#10506,0.44);
#10506 = AXIS2_PLACEMENT_3D('',#10507,#10508,#10509);
#10507 = CARTESIAN_POINT('',(-5.08,8.76,0.66));
#10508 = DIRECTION('',(1.,0.,0.));
#10509 = DIRECTION('',(0.,1.,0.));
#10510 = ADVANCED_FACE('',(#10511),#10536,.T.);
#10511 = FACE_BOUND('',#10512,.F.);
#10512 = EDGE_LOOP('',(#10513,#10520,#10521,#10530));
#10513 = ORIENTED_EDGE('',*,*,#10514,.F.);
#10514 = EDGE_CURVE('',#10290,#10417,#10515,.T.);
#10515 = CIRCLE('',#10516,0.44);
#10516 = AXIS2_PLACEMENT_3D('',#10517,#10518,#10519);
#10517 = CARTESIAN_POINT('',(4.64,-8.76,0.66));
#10518 = DIRECTION('',(-0.,1.,0.));
#10519 = DIRECTION('',(1.,0.,0.));
#10520 = ORIENTED_EDGE('',*,*,#10297,.T.);
#10521 = ORIENTED_EDGE('',*,*,#10522,.F.);
#10522 = EDGE_CURVE('',#10523,#10298,#10525,.T.);
#10523 = VERTEX_POINT('',#10524);
#10524 = CARTESIAN_POINT('',(5.08,8.76,0.66));
#10525 = CIRCLE('',#10526,0.44);
#10526 = AXIS2_PLACEMENT_3D('',#10527,#10528,#10529);
#10527 = CARTESIAN_POINT('',(4.64,8.76,0.66));
#10528 = DIRECTION('',(0.,-1.,0.));
#10529 = DIRECTION('',(1.,0.,0.));
#10530 = ORIENTED_EDGE('',*,*,#10531,.F.);
#10531 = EDGE_CURVE('',#10417,#10523,#10532,.T.);
#10532 = LINE('',#10533,#10534);
#10533 = CARTESIAN_POINT('',(5.08,-9.2,0.66));
#10534 = VECTOR('',#10535,1.);
#10535 = DIRECTION('',(0.,1.,0.));
#10536 = CYLINDRICAL_SURFACE('',#10537,0.44);
#10537 = AXIS2_PLACEMENT_3D('',#10538,#10539,#10540);
#10538 = CARTESIAN_POINT('',(4.64,-9.2,0.66));
#10539 = DIRECTION('',(0.,1.,0.));
#10540 = DIRECTION('',(1.,0.,0.));
#10541 = ADVANCED_FACE('',(#10542),#10561,.F.);
#10542 = FACE_BOUND('',#10543,.T.);
#10543 = EDGE_LOOP('',(#10544,#10553,#10559,#10560));
#10544 = ORIENTED_EDGE('',*,*,#10545,.F.);
#10545 = EDGE_CURVE('',#10546,#10546,#10548,.T.);
#10546 = VERTEX_POINT('',#10547);
#10547 = CARTESIAN_POINT('',(-3.6,8.,1.));
#10548 = CIRCLE('',#10549,0.4);
#10549 = AXIS2_PLACEMENT_3D('',#10550,#10551,#10552);
#10550 = CARTESIAN_POINT('',(-4.,8.,1.));
#10551 = DIRECTION('',(0.,0.,1.));
#10552 = DIRECTION('',(1.,0.,0.));
#10553 = ORIENTED_EDGE('',*,*,#10554,.T.);
#10554 = EDGE_CURVE('',#10546,#10314,#10555,.T.);
#10555 = LINE('',#10556,#10557);
#10556 = CARTESIAN_POINT('',(-3.6,8.,1.));
#10557 = VECTOR('',#10558,1.);
#10558 = DIRECTION('',(0.,0.,1.));
#10559 = ORIENTED_EDGE('',*,*,#10313,.F.);
#10560 = ORIENTED_EDGE('',*,*,#10554,.F.);
#10561 = CYLINDRICAL_SURFACE('',#10562,0.4);
#10562 = AXIS2_PLACEMENT_3D('',#10563,#10564,#10565);
#10563 = CARTESIAN_POINT('',(-4.,8.,1.));
#10564 = DIRECTION('',(-0.,-0.,-1.));
#10565 = DIRECTION('',(1.,0.,0.));
#10566 = ADVANCED_FACE('',(#10567),#10590,.T.);
#10567 = FACE_BOUND('',#10568,.T.);
#10568 = EDGE_LOOP('',(#10569,#10575,#10582,#10583));
#10569 = ORIENTED_EDGE('',*,*,#10570,.F.);
#10570 = EDGE_CURVE('',#10474,#10523,#10571,.T.);
#10571 = LINE('',#10572,#10573);
#10572 = CARTESIAN_POINT('',(5.08,8.76,0.1));
#10573 = VECTOR('',#10574,1.);
#10574 = DIRECTION('',(0.,0.,1.));
#10575 = ORIENTED_EDGE('',*,*,#10576,.T.);
#10576 = EDGE_CURVE('',#10474,#10357,#10577,.T.);
#10577 = CIRCLE('',#10578,0.44);
#10578 = AXIS2_PLACEMENT_3D('',#10579,#10580,#10581);
#10579 = CARTESIAN_POINT('',(4.64,8.76,0.54));
#10580 = DIRECTION('',(-0.,0.,1.));
#10581 = DIRECTION('',(1.,-4.037174635001E-15,0.));
#10582 = ORIENTED_EDGE('',*,*,#10356,.T.);
#10583 = ORIENTED_EDGE('',*,*,#10584,.T.);
#10584 = EDGE_CURVE('',#10349,#10523,#10585,.T.);
#10585 = CIRCLE('',#10586,0.44);
#10586 = AXIS2_PLACEMENT_3D('',#10587,#10588,#10589);
#10587 = CARTESIAN_POINT('',(4.64,8.76,0.66));
#10588 = DIRECTION('',(0.,0.,-1.));
#10589 = DIRECTION('',(1.,0.,0.));
#10590 = CYLINDRICAL_SURFACE('',#10591,0.44);
#10591 = AXIS2_PLACEMENT_3D('',#10592,#10593,#10594);
#10592 = CARTESIAN_POINT('',(4.64,8.76,0.1));
#10593 = DIRECTION('',(0.,0.,1.));
#10594 = DIRECTION('',(1.,0.,0.));
#10595 = ADVANCED_FACE('',(#10596),#10601,.T.);
#10596 = FACE_BOUND('',#10597,.F.);
#10597 = EDGE_LOOP('',(#10598,#10599,#10600));
#10598 = ORIENTED_EDGE('',*,*,#10465,.F.);
#10599 = ORIENTED_EDGE('',*,*,#10380,.T.);
#10600 = ORIENTED_EDGE('',*,*,#10424,.F.);
#10601 = SPHERICAL_SURFACE('',#10602,0.44);
#10602 = AXIS2_PLACEMENT_3D('',#10603,#10604,#10605);
#10603 = CARTESIAN_POINT('',(4.64,-8.76,0.54));
#10604 = DIRECTION('',(0.,0.,1.));
#10605 = DIRECTION('',(1.,0.,0.));
#10606 = ADVANCED_FACE('',(#10607),#10612,.T.);
#10607 = FACE_BOUND('',#10608,.T.);
#10608 = EDGE_LOOP('',(#10609,#10610,#10611));
#10609 = ORIENTED_EDGE('',*,*,#10514,.F.);
#10610 = ORIENTED_EDGE('',*,*,#10398,.T.);
#10611 = ORIENTED_EDGE('',*,*,#10432,.F.);
#10612 = SPHERICAL_SURFACE('',#10613,0.44);
#10613 = AXIS2_PLACEMENT_3D('',#10614,#10615,#10616);
#10614 = CARTESIAN_POINT('',(4.64,-8.76,0.66));
#10615 = DIRECTION('',(-0.,-0.,-1.));
#10616 = DIRECTION('',(1.,0.,0.));
#10617 = ADVANCED_FACE('',(#10618),#10624,.T.);
#10618 = FACE_BOUND('',#10619,.T.);
#10619 = EDGE_LOOP('',(#10620,#10621,#10622,#10623));
#10620 = ORIENTED_EDGE('',*,*,#10414,.F.);
#10621 = ORIENTED_EDGE('',*,*,#10482,.T.);
#10622 = ORIENTED_EDGE('',*,*,#10570,.T.);
#10623 = ORIENTED_EDGE('',*,*,#10531,.F.);
#10624 = PLANE('',#10625);
#10625 = AXIS2_PLACEMENT_3D('',#10626,#10627,#10628);
#10626 = CARTESIAN_POINT('',(5.08,-9.2,0.1));
#10627 = DIRECTION('',(1.,0.,0.));
#10628 = DIRECTION('',(0.,0.,1.));
#10629 = ADVANCED_FACE('',(#10630),#10635,.T.);
#10630 = FACE_BOUND('',#10631,.T.);
#10631 = EDGE_LOOP('',(#10632,#10633,#10634));
#10632 = ORIENTED_EDGE('',*,*,#10473,.F.);
#10633 = ORIENTED_EDGE('',*,*,#10449,.T.);
#10634 = ORIENTED_EDGE('',*,*,#10576,.F.);
#10635 = SPHERICAL_SURFACE('',#10636,0.44);
#10636 = AXIS2_PLACEMENT_3D('',#10637,#10638,#10639);
#10637 = CARTESIAN_POINT('',(4.64,8.76,0.54));
#10638 = DIRECTION('',(0.,0.,1.));
#10639 = DIRECTION('',(1.,-4.037174635001E-15,0.));
#10640 = ADVANCED_FACE('',(#10641),#10646,.T.);
#10641 = FACE_BOUND('',#10642,.T.);
#10642 = EDGE_LOOP('',(#10643,#10644,#10645));
#10643 = ORIENTED_EDGE('',*,*,#10584,.F.);
#10644 = ORIENTED_EDGE('',*,*,#10498,.T.);
#10645 = ORIENTED_EDGE('',*,*,#10522,.F.);
#10646 = SPHERICAL_SURFACE('',#10647,0.44);
#10647 = AXIS2_PLACEMENT_3D('',#10648,#10649,#10650);
#10648 = CARTESIAN_POINT('',(4.64,8.76,0.66));
#10649 = DIRECTION('',(-0.,-1.,-0.));
#10650 = DIRECTION('',(1.,0.,0.));
#10651 = ADVANCED_FACE('',(#10652),#10655,.T.);
#10652 = FACE_BOUND('',#10653,.F.);
#10653 = EDGE_LOOP('',(#10654));
#10654 = ORIENTED_EDGE('',*,*,#10545,.F.);
#10655 = PLANE('',#10656);
#10656 = AXIS2_PLACEMENT_3D('',#10657,#10658,#10659);
#10657 = CARTESIAN_POINT('',(-4.,8.,1.));
#10658 = DIRECTION('',(0.,0.,1.));
#10659 = DIRECTION('',(1.,0.,0.));
#10660 = ( GEOMETRIC_REPRESENTATION_CONTEXT(3) 
GLOBAL_UNCERTAINTY_ASSIGNED_CONTEXT((#10664)) 
GLOBAL_UNIT_ASSIGNED_CONTEXT((#10661,#10662,#10663)) 
REPRESENTATION_CONTEXT('Context #1',
  '3D Context with UNIT and UNCERTAINTY') );
#10661 = ( LENGTH_UNIT() NAMED_UNIT(*) SI_UNIT(.MILLI.,.METRE.) );
#10662 = ( NAMED_UNIT(*) PLANE_ANGLE_UNIT() SI_UNIT($,.RADIAN.) );
#10663 = ( NAMED_UNIT(*) SI_UNIT($,.STERADIAN.) SOLID_ANGLE_UNIT() );
#10664 = UNCERTAINTY_MEASURE_WITH_UNIT(LENGTH_MEASURE(1.E-07),#10661,
  'distance_accuracy_value','confusion accuracy');
#10665 = CONTEXT_DEPENDENT_SHAPE_REPRESENTATION(#10666,#10668);
#10666 = ( REPRESENTATION_RELATIONSHIP('','',#9996,#10) 
REPRESENTATION_RELATIONSHIP_WITH_TRANSFORMATION(#10667) 
SHAPE_REPRESENTATION_RELATIONSHIP() );
#10667 = ITEM_DEFINED_TRANSFORMATION('','',#11,#23);
#10668 = PRODUCT_DEFINITION_SHAPE('Placement','Placement of an item',
  #10669);
#10669 = NEXT_ASSEMBLY_USAGE_OCCURRENCE('500','Cut003','',#5,#9991,$);
#10670 = PRODUCT_RELATED_PRODUCT_CATEGORY('part',$,(#9993));
#10671 = MECHANICAL_DESIGN_GEOMETRIC_PRESENTATION_REPRESENTATION('',(
    #10672),#9873);
#10672 = STYLED_ITEM('color',(#10673),#9451);
#10673 = PRESENTATION_STYLE_ASSIGNMENT((#10674,#10680));
#10674 = SURFACE_STYLE_USAGE(.BOTH.,#10675);
#10675 = SURFACE_SIDE_STYLE('',(#10676));
#10676 = SURFACE_STYLE_FILL_AREA(#10677);
#10677 = FILL_AREA_STYLE('',(#10678));
#10678 = FILL_AREA_STYLE_COLOUR('',#10679);
#10679 = COLOUR_RGB('',0.800000010877,0.800000010877,0.90196104065);
#10680 = CURVE_STYLE('',#10681,POSITIVE_LENGTH_MEASURE(0.1),#10682);
#10681 = DRAUGHTING_PRE_DEFINED_CURVE_FONT('continuous');
#10682 = COLOUR_RGB('',9.803921802644E-02,9.803921802644E-02,
  9.803921802644E-02);
#10683 = MECHANICAL_DESIGN_GEOMETRIC_PRESENTATION_REPRESENTATION('',(
    #10684,#10694),#10660);
#10684 = STYLED_ITEM('color',(#10685),#9997);
#10685 = PRESENTATION_STYLE_ASSIGNMENT((#10686,#10692));
#10686 = SURFACE_STYLE_USAGE(.BOTH.,#10687);
#10687 = SURFACE_SIDE_STYLE('',(#10688));
#10688 = SURFACE_STYLE_FILL_AREA(#10689);
#10689 = FILL_AREA_STYLE('',(#10690));
#10690 = FILL_AREA_STYLE_COLOUR('',#10691);
#10691 = COLOUR_RGB('',0.113725493293,0.113725493293,0.113725493293);
#10692 = CURVE_STYLE('',#10693,POSITIVE_LENGTH_MEASURE(0.1),#10682);
#10693 = DRAUGHTING_PRE_DEFINED_CURVE_FONT('continuous');
#10694 = OVER_RIDING_STYLED_ITEM('overriding color',(#10695),#10651,
  #10684);
#10695 = PRESENTATION_STYLE_ASSIGNMENT((#10696));
#10696 = SURFACE_STYLE_USAGE(.BOTH.,#10697);
#10697 = SURFACE_SIDE_STYLE('',(#10698));
#10698 = SURFACE_STYLE_FILL_AREA(#10699);
#10699 = FILL_AREA_STYLE('',(#10700));
#10700 = FILL_AREA_STYLE_COLOUR('',#10701);
#10701 = COLOUR_RGB('',0.529411796197,0.529411796197,0.529411796197);
#10702 = MECHANICAL_DESIGN_GEOMETRIC_PRESENTATION_REPRESENTATION('',(
    #10703,#10712,#10721,#10730,#10739,#10748,#10757,#10766,#10775,
    #10784,#10793,#10802,#10811,#10820,#10829,#10838,#10847,#10856,
    #10865,#10874,#10883,#10892),#9325);
#10703 = STYLED_ITEM('color',(#10704),#41);
#10704 = PRESENTATION_STYLE_ASSIGNMENT((#10705,#10710));
#10705 = SURFACE_STYLE_USAGE(.BOTH.,#10706);
#10706 = SURFACE_SIDE_STYLE('',(#10707));
#10707 = SURFACE_STYLE_FILL_AREA(#10708);
#10708 = FILL_AREA_STYLE('',(#10709));
#10709 = FILL_AREA_STYLE_COLOUR('',#10679);
#10710 = CURVE_STYLE('',#10711,POSITIVE_LENGTH_MEASURE(0.1),#10682);
#10711 = DRAUGHTING_PRE_DEFINED_CURVE_FONT('continuous');
#10712 = STYLED_ITEM('color',(#10713),#463);
#10713 = PRESENTATION_STYLE_ASSIGNMENT((#10714,#10719));
#10714 = SURFACE_STYLE_USAGE(.BOTH.,#10715);
#10715 = SURFACE_SIDE_STYLE('',(#10716));
#10716 = SURFACE_STYLE_FILL_AREA(#10717);
#10717 = FILL_AREA_STYLE('',(#10718));
#10718 = FILL_AREA_STYLE_COLOUR('',#10679);
#10719 = CURVE_STYLE('',#10720,POSITIVE_LENGTH_MEASURE(0.1),#10682);
#10720 = DRAUGHTING_PRE_DEFINED_CURVE_FONT('continuous');
#10721 = STYLED_ITEM('color',(#10722),#885);
#10722 = PRESENTATION_STYLE_ASSIGNMENT((#10723,#10728));
#10723 = SURFACE_STYLE_USAGE(.BOTH.,#10724);
#10724 = SURFACE_SIDE_STYLE('',(#10725));
#10725 = SURFACE_STYLE_FILL_AREA(#10726);
#10726 = FILL_AREA_STYLE('',(#10727));
#10727 = FILL_AREA_STYLE_COLOUR('',#10679);
#10728 = CURVE_STYLE('',#10729,POSITIVE_LENGTH_MEASURE(0.1),#10682);
#10729 = DRAUGHTING_PRE_DEFINED_CURVE_FONT('continuous');
#10730 = STYLED_ITEM('color',(#10731),#1307);
#10731 = PRESENTATION_STYLE_ASSIGNMENT((#10732,#10737));
#10732 = SURFACE_STYLE_USAGE(.BOTH.,#10733);
#10733 = SURFACE_SIDE_STYLE('',(#10734));
#10734 = SURFACE_STYLE_FILL_AREA(#10735);
#10735 = FILL_AREA_STYLE('',(#10736));
#10736 = FILL_AREA_STYLE_COLOUR('',#10679);
#10737 = CURVE_STYLE('',#10738,POSITIVE_LENGTH_MEASURE(0.1),#10682);
#10738 = DRAUGHTING_PRE_DEFINED_CURVE_FONT('continuous');
#10739 = STYLED_ITEM('color',(#10740),#1729);
#10740 = PRESENTATION_STYLE_ASSIGNMENT((#10741,#10746));
#10741 = SURFACE_STYLE_USAGE(.BOTH.,#10742);
#10742 = SURFACE_SIDE_STYLE('',(#10743));
#10743 = SURFACE_STYLE_FILL_AREA(#10744);
#10744 = FILL_AREA_STYLE('',(#10745));
#10745 = FILL_AREA_STYLE_COLOUR('',#10679);
#10746 = CURVE_STYLE('',#10747,POSITIVE_LENGTH_MEASURE(0.1),#10682);
#10747 = DRAUGHTING_PRE_DEFINED_CURVE_FONT('continuous');
#10748 = STYLED_ITEM('color',(#10749),#2151);
#10749 = PRESENTATION_STYLE_ASSIGNMENT((#10750,#10755));
#10750 = SURFACE_STYLE_USAGE(.BOTH.,#10751);
#10751 = SURFACE_SIDE_STYLE('',(#10752));
#10752 = SURFACE_STYLE_FILL_AREA(#10753);
#10753 = FILL_AREA_STYLE('',(#10754));
#10754 = FILL_AREA_STYLE_COLOUR('',#10679);
#10755 = CURVE_STYLE('',#10756,POSITIVE_LENGTH_MEASURE(0.1),#10682);
#10756 = DRAUGHTING_PRE_DEFINED_CURVE_FONT('continuous');
#10757 = STYLED_ITEM('color',(#10758),#2573);
#10758 = PRESENTATION_STYLE_ASSIGNMENT((#10759,#10764));
#10759 = SURFACE_STYLE_USAGE(.BOTH.,#10760);
#10760 = SURFACE_SIDE_STYLE('',(#10761));
#10761 = SURFACE_STYLE_FILL_AREA(#10762);
#10762 = FILL_AREA_STYLE('',(#10763));
#10763 = FILL_AREA_STYLE_COLOUR('',#10679);
#10764 = CURVE_STYLE('',#10765,POSITIVE_LENGTH_MEASURE(0.1),#10682);
#10765 = DRAUGHTING_PRE_DEFINED_CURVE_FONT('continuous');
#10766 = STYLED_ITEM('color',(#10767),#2995);
#10767 = PRESENTATION_STYLE_ASSIGNMENT((#10768,#10773));
#10768 = SURFACE_STYLE_USAGE(.BOTH.,#10769);
#10769 = SURFACE_SIDE_STYLE('',(#10770));
#10770 = SURFACE_STYLE_FILL_AREA(#10771);
#10771 = FILL_AREA_STYLE('',(#10772));
#10772 = FILL_AREA_STYLE_COLOUR('',#10679);
#10773 = CURVE_STYLE('',#10774,POSITIVE_LENGTH_MEASURE(0.1),#10682);
#10774 = DRAUGHTING_PRE_DEFINED_CURVE_FONT('continuous');
#10775 = STYLED_ITEM('color',(#10776),#3417);
#10776 = PRESENTATION_STYLE_ASSIGNMENT((#10777,#10782));
#10777 = SURFACE_STYLE_USAGE(.BOTH.,#10778);
#10778 = SURFACE_SIDE_STYLE('',(#10779));
#10779 = SURFACE_STYLE_FILL_AREA(#10780);
#10780 = FILL_AREA_STYLE('',(#10781));
#10781 = FILL_AREA_STYLE_COLOUR('',#10679);
#10782 = CURVE_STYLE('',#10783,POSITIVE_LENGTH_MEASURE(0.1),#10682);
#10783 = DRAUGHTING_PRE_DEFINED_CURVE_FONT('continuous');
#10784 = STYLED_ITEM('color',(#10785),#3839);
#10785 = PRESENTATION_STYLE_ASSIGNMENT((#10786,#10791));
#10786 = SURFACE_STYLE_USAGE(.BOTH.,#10787);
#10787 = SURFACE_SIDE_STYLE('',(#10788));
#10788 = SURFACE_STYLE_FILL_AREA(#10789);
#10789 = FILL_AREA_STYLE('',(#10790));
#10790 = FILL_AREA_STYLE_COLOUR('',#10679);
#10791 = CURVE_STYLE('',#10792,POSITIVE_LENGTH_MEASURE(0.1),#10682);
#10792 = DRAUGHTING_PRE_DEFINED_CURVE_FONT('continuous');
#10793 = STYLED_ITEM('color',(#10794),#4261);
#10794 = PRESENTATION_STYLE_ASSIGNMENT((#10795,#10800));
#10795 = SURFACE_STYLE_USAGE(.BOTH.,#10796);
#10796 = SURFACE_SIDE_STYLE('',(#10797));
#10797 = SURFACE_STYLE_FILL_AREA(#10798);
#10798 = FILL_AREA_STYLE('',(#10799));
#10799 = FILL_AREA_STYLE_COLOUR('',#10679);
#10800 = CURVE_STYLE('',#10801,POSITIVE_LENGTH_MEASURE(0.1),#10682);
#10801 = DRAUGHTING_PRE_DEFINED_CURVE_FONT('continuous');
#10802 = STYLED_ITEM('color',(#10803),#4683);
#10803 = PRESENTATION_STYLE_ASSIGNMENT((#10804,#10809));
#10804 = SURFACE_STYLE_USAGE(.BOTH.,#10805);
#10805 = SURFACE_SIDE_STYLE('',(#10806));
#10806 = SURFACE_STYLE_FILL_AREA(#10807);
#10807 = FILL_AREA_STYLE('',(#10808));
#10808 = FILL_AREA_STYLE_COLOUR('',#10679);
#10809 = CURVE_STYLE('',#10810,POSITIVE_LENGTH_MEASURE(0.1),#10682);
#10810 = DRAUGHTING_PRE_DEFINED_CURVE_FONT('continuous');
#10811 = STYLED_ITEM('color',(#10812),#5105);
#10812 = PRESENTATION_STYLE_ASSIGNMENT((#10813,#10818));
#10813 = SURFACE_STYLE_USAGE(.BOTH.,#10814);
#10814 = SURFACE_SIDE_STYLE('',(#10815));
#10815 = SURFACE_STYLE_FILL_AREA(#10816);
#10816 = FILL_AREA_STYLE('',(#10817));
#10817 = FILL_AREA_STYLE_COLOUR('',#10679);
#10818 = CURVE_STYLE('',#10819,POSITIVE_LENGTH_MEASURE(0.1),#10682);
#10819 = DRAUGHTING_PRE_DEFINED_CURVE_FONT('continuous');
#10820 = STYLED_ITEM('color',(#10821),#5527);
#10821 = PRESENTATION_STYLE_ASSIGNMENT((#10822,#10827));
#10822 = SURFACE_STYLE_USAGE(.BOTH.,#10823);
#10823 = SURFACE_SIDE_STYLE('',(#10824));
#10824 = SURFACE_STYLE_FILL_AREA(#10825);
#10825 = FILL_AREA_STYLE('',(#10826));
#10826 = FILL_AREA_STYLE_COLOUR('',#10679);
#10827 = CURVE_STYLE('',#10828,POSITIVE_LENGTH_MEASURE(0.1),#10682);
#10828 = DRAUGHTING_PRE_DEFINED_CURVE_FONT('continuous');
#10829 = STYLED_ITEM('color',(#10830),#5949);
#10830 = PRESENTATION_STYLE_ASSIGNMENT((#10831,#10836));
#10831 = SURFACE_STYLE_USAGE(.BOTH.,#10832);
#10832 = SURFACE_SIDE_STYLE('',(#10833));
#10833 = SURFACE_STYLE_FILL_AREA(#10834);
#10834 = FILL_AREA_STYLE('',(#10835));
#10835 = FILL_AREA_STYLE_COLOUR('',#10679);
#10836 = CURVE_STYLE('',#10837,POSITIVE_LENGTH_MEASURE(0.1),#10682);
#10837 = DRAUGHTING_PRE_DEFINED_CURVE_FONT('continuous');
#10838 = STYLED_ITEM('color',(#10839),#6371);
#10839 = PRESENTATION_STYLE_ASSIGNMENT((#10840,#10845));
#10840 = SURFACE_STYLE_USAGE(.BOTH.,#10841);
#10841 = SURFACE_SIDE_STYLE('',(#10842));
#10842 = SURFACE_STYLE_FILL_AREA(#10843);
#10843 = FILL_AREA_STYLE('',(#10844));
#10844 = FILL_AREA_STYLE_COLOUR('',#10679);
#10845 = CURVE_STYLE('',#10846,POSITIVE_LENGTH_MEASURE(0.1),#10682);
#10846 = DRAUGHTING_PRE_DEFINED_CURVE_FONT('continuous');
#10847 = STYLED_ITEM('color',(#10848),#6793);
#10848 = PRESENTATION_STYLE_ASSIGNMENT((#10849,#10854));
#10849 = SURFACE_STYLE_USAGE(.BOTH.,#10850);
#10850 = SURFACE_SIDE_STYLE('',(#10851));
#10851 = SURFACE_STYLE_FILL_AREA(#10852);
#10852 = FILL_AREA_STYLE('',(#10853));
#10853 = FILL_AREA_STYLE_COLOUR('',#10679);
#10854 = CURVE_STYLE('',#10855,POSITIVE_LENGTH_MEASURE(0.1),#10682);
#10855 = DRAUGHTING_PRE_DEFINED_CURVE_FONT('continuous');
#10856 = STYLED_ITEM('color',(#10857),#7215);
#10857 = PRESENTATION_STYLE_ASSIGNMENT((#10858,#10863));
#10858 = SURFACE_STYLE_USAGE(.BOTH.,#10859);
#10859 = SURFACE_SIDE_STYLE('',(#10860));
#10860 = SURFACE_STYLE_FILL_AREA(#10861);
#10861 = FILL_AREA_STYLE('',(#10862));
#10862 = FILL_AREA_STYLE_COLOUR('',#10679);
#10863 = CURVE_STYLE('',#10864,POSITIVE_LENGTH_MEASURE(0.1),#10682);
#10864 = DRAUGHTING_PRE_DEFINED_CURVE_FONT('continuous');
#10865 = STYLED_ITEM('color',(#10866),#7637);
#10866 = PRESENTATION_STYLE_ASSIGNMENT((#10867,#10872));
#10867 = SURFACE_STYLE_USAGE(.BOTH.,#10868);
#10868 = SURFACE_SIDE_STYLE('',(#10869));
#10869 = SURFACE_STYLE_FILL_AREA(#10870);
#10870 = FILL_AREA_STYLE('',(#10871));
#10871 = FILL_AREA_STYLE_COLOUR('',#10679);
#10872 = CURVE_STYLE('',#10873,POSITIVE_LENGTH_MEASURE(0.1),#10682);
#10873 = DRAUGHTING_PRE_DEFINED_CURVE_FONT('continuous');
#10874 = STYLED_ITEM('color',(#10875),#8059);
#10875 = PRESENTATION_STYLE_ASSIGNMENT((#10876,#10881));
#10876 = SURFACE_STYLE_USAGE(.BOTH.,#10877);
#10877 = SURFACE_SIDE_STYLE('',(#10878));
#10878 = SURFACE_STYLE_FILL_AREA(#10879);
#10879 = FILL_AREA_STYLE('',(#10880));
#10880 = FILL_AREA_STYLE_COLOUR('',#10679);
#10881 = CURVE_STYLE('',#10882,POSITIVE_LENGTH_MEASURE(0.1),#10682);
#10882 = DRAUGHTING_PRE_DEFINED_CURVE_FONT('continuous');
#10883 = STYLED_ITEM('color',(#10884),#8481);
#10884 = PRESENTATION_STYLE_ASSIGNMENT((#10885,#10890));
#10885 = SURFACE_STYLE_USAGE(.BOTH.,#10886);
#10886 = SURFACE_SIDE_STYLE('',(#10887));
#10887 = SURFACE_STYLE_FILL_AREA(#10888);
#10888 = FILL_AREA_STYLE('',(#10889));
#10889 = FILL_AREA_STYLE_COLOUR('',#10679);
#10890 = CURVE_STYLE('',#10891,POSITIVE_LENGTH_MEASURE(0.1),#10682);
#10891 = DRAUGHTING_PRE_DEFINED_CURVE_FONT('continuous');
#10892 = STYLED_ITEM('color',(#10893),#8903);
#10893 = PRESENTATION_STYLE_ASSIGNMENT((#10894,#10899));
#10894 = SURFACE_STYLE_USAGE(.BOTH.,#10895);
#10895 = SURFACE_SIDE_STYLE('',(#10896));
#10896 = SURFACE_STYLE_FILL_AREA(#10897);
#10897 = FILL_AREA_STYLE('',(#10898));
#10898 = FILL_AREA_STYLE_COLOUR('',#10679);
#10899 = CURVE_STYLE('',#10900,POSITIVE_LENGTH_MEASURE(0.1),#10682);
#10900 = DRAUGHTING_PRE_DEFINED_CURVE_FONT('continuous');
ENDSEC;
END-ISO-10303-21;
