ISO-10303-21;
HEADER;
FILE_DESCRIPTION(('FreeCAD Model'),'2;1');
FILE_NAME('Open CASCADE Shape Model','2025-11-02T20:18:20',(''),(''),
  'Open CASCADE STEP processor 7.8','FreeCAD','Unknown');
FILE_SCHEMA((
'AP242_MANAGED_MODEL_BASED_3D_ENGINEERING_MIM_LF. {1 0 10303 442 1 1 4 
}'));
ENDSEC;
DATA;
#1 = APPLICATION_PROTOCOL_DEFINITION('international standard',
  'ap242_managed_model_based_3d_engineering',2013,#2);
#2 = APPLICATION_CONTEXT('Managed model based 3d engineering');
#3 = SHAPE_DEFINITION_REPRESENTATION(#4,#10);
#4 = PRODUCT_DEFINITION_SHAPE('','',#5);
#5 = PRODUCT_DEFINITION('design','',#6,#9);
#6 = PRODUCT_DEFINITION_FORMATION('','',#7);
#7 = PRODUCT('WP_2_IC_Card_Cover_Breakout002',
  'WP_2_IC_Card_Cover_Breakout002','',(#8));
#8 = PRODUCT_CONTEXT('',#2,'mechanical');
#9 = PRODUCT_DEFINITION_CONTEXT('part definition',#2,'design');
#10 = MANIFOLD_SURFACE_SHAPE_REPRESENTATION('',(#11,#15),#9849);
#11 = AXIS2_PLACEMENT_3D('',#12,#13,#14);
#12 = CARTESIAN_POINT('',(0.,0.,0.));
#13 = DIRECTION('',(0.,0.,1.));
#14 = DIRECTION('',(1.,0.,-0.));
#15 = SHELL_BASED_SURFACE_MODEL('',(#16));
#16 = OPEN_SHELL('',(#17,#57,#88,#119,#150,#181,#212,#243,#275,#298,#321
    ,#344,#374,#390,#413,#1172,#1203,#1235,#1258,#1281,#1311,#1327,#1350
    ,#1373,#1396,#1419,#1440,#1463,#1479,#1502,#1525,#1555,#1571,#1594,
    #1617,#1633,#1656,#1672,#1695,#1711,#1734,#1757,#1780,#1796,#1819,
    #1842,#1858,#1881,#1897,#1920,#1936,#1959,#1982,#2005,#2028,#2051,
    #2067,#2090,#2106,#2122,#2145,#2168,#2191,#2214,#2237,#2253,#2276,
    #2292,#2315,#2338,#2359,#2370,#2386,#2409,#2425,#2446,#2462,#2478,
    #2501,#2512,#2528,#2551,#2574,#2590,#2613,#2629,#2652,#2668,#2691,
    #2714,#2737,#2753,#2776,#2792,#2815,#2831,#2847,#2870,#2893,#2916,
    #2932,#2955,#2978,#2994,#3017,#3040,#3056,#3079,#3095,#3111,#3127,
    #3150,#3166,#3189,#3212,#3228,#3251,#3274,#3290,#3313,#3336,#3359,
    #3382,#3398,#3414,#3430,#3453,#3469,#3485,#3508,#3524,#3540,#3561,
    #3577,#3593,#3609,#3620,#3637,#3654,#3685,#3708,#3731,#3763,#3784,
    #3807,#3839,#3862,#3892,#3908,#3931,#3961,#3977,#4000,#4021,#4037,
    #4053,#4076,#4099,#4122,#4138,#4154,#4177,#4193,#4216,#4239,#4262,
    #4278,#4301,#4324,#4340,#4363,#4379,#4402,#4418,#4441,#4464,#4487,
    #4510,#4526,#4549,#4565,#4588,#4618,#4634,#4657,#4673,#4696,#4712,
    #4728,#4751,#4774,#4790,#4806,#4829,#4852,#4875,#4891,#4907,#4923,
    #4944,#4960,#4971,#4994,#5010,#5033,#5049,#5072,#5095,#5118,#5134,
    #5157,#5173,#5196,#5212,#5235,#5251,#5267,#5290,#5306,#5329,#5352,
    #5375,#5391,#5414,#5437,#5460,#5483,#5499,#5522,#5538,#5554,#5577,
    #5593,#5609,#5625,#5648,#5671,#5687,#5710,#5733,#5756,#5772,#5795,
    #5811,#5827,#5850,#5873,#5896,#5919,#5935,#5951,#5967,#5990,#6006,
    #6022,#6038,#6054,#6070,#6086,#6102,#6119,#6136,#6153,#6170,#6187,
    #6204,#6221,#6266,#6297,#6328,#6359,#6390,#6421,#6452,#6483,#6514,
    #6536,#6567,#6598,#6629,#6660,#6691,#6722,#6753,#6784,#6815,#6846,
    #6886,#6917,#6948,#6979,#7010,#7041,#7063,#7094,#7111,#7128,#7145,
    #7162,#7179,#7196,#7213,#7230,#7247,#7264,#7281,#7298,#7315,#7332,
    #7349,#7387,#7644,#7661,#7673,#7690,#7707,#7724,#7741,#7753,#7770,
    #7787,#7804,#7821,#7838,#7855,#7872,#7884,#7901,#7918,#7935,#7952,
    #7969,#7986,#8003,#8020,#8037,#8054,#8071,#8088,#8105,#8122,#8139,
    #8156,#8173,#8190,#8207,#8224,#8241,#8265,#8289,#8313,#8337,#8354,
    #8378,#8411,#8435,#8466,#8490,#8514,#8531,#8555,#8579,#8603,#8620,
    #9055,#9072,#9089,#9106,#9123,#9140,#9157,#9174,#9191,#9208,#9225,
    #9242,#9259,#9276,#9293,#9310,#9327,#9344,#9361,#9378,#9395,#9412,
    #9429,#9446,#9463,#9480,#9497,#9514,#9531,#9548,#9565,#9582,#9599,
    #9616,#9633,#9650,#9667,#9684,#9701,#9718,#9740,#9757,#9769,#9791,
    #9808,#9825,#9837));
#17 = ADVANCED_FACE('',(#18),#52,.T.);
#18 = FACE_BOUND('',#19,.T.);
#19 = EDGE_LOOP('',(#20,#30,#38,#46));
#20 = ORIENTED_EDGE('',*,*,#21,.T.);
#21 = EDGE_CURVE('',#22,#24,#26,.T.);
#22 = VERTEX_POINT('',#23);
#23 = CARTESIAN_POINT('',(23.522214889526,-18.06126594543,0.800000011921
    ));
#24 = VERTEX_POINT('',#25);
#25 = CARTESIAN_POINT('',(23.608657836914,-18.0150604248,0.800000011921)
  );
#26 = LINE('',#27,#28);
#27 = CARTESIAN_POINT('',(23.522214889526,-18.06126594543,0.800000011921
    ));
#28 = VECTOR('',#29,1.);
#29 = DIRECTION('',(0.881917860019,0.471403105822,0.));
#30 = ORIENTED_EDGE('',*,*,#31,.T.);
#31 = EDGE_CURVE('',#24,#32,#34,.T.);
#32 = VERTEX_POINT('',#33);
#33 = CARTESIAN_POINT('',(23.608657836914,-18.0150604248,2.));
#34 = LINE('',#35,#36);
#35 = CARTESIAN_POINT('',(23.608657836914,-18.0150604248,0.800000011921)
  );
#36 = VECTOR('',#37,1.);
#37 = DIRECTION('',(0.,0.,1.));
#38 = ORIENTED_EDGE('',*,*,#39,.T.);
#39 = EDGE_CURVE('',#32,#40,#42,.T.);
#40 = VERTEX_POINT('',#41);
#41 = CARTESIAN_POINT('',(23.522214889526,-18.06126594543,2.));
#42 = LINE('',#43,#44);
#43 = CARTESIAN_POINT('',(23.608657836914,-18.0150604248,2.));
#44 = VECTOR('',#45,1.);
#45 = DIRECTION('',(-0.881917860019,-0.471403105822,0.));
#46 = ORIENTED_EDGE('',*,*,#47,.F.);
#47 = EDGE_CURVE('',#22,#40,#48,.T.);
#48 = LINE('',#49,#50);
#49 = CARTESIAN_POINT('',(23.522214889526,-18.06126594543,0.800000011921
    ));
#50 = VECTOR('',#51,1.);
#51 = DIRECTION('',(0.,0.,1.));
#52 = PLANE('',#53);
#53 = AXIS2_PLACEMENT_3D('',#54,#55,#56);
#54 = CARTESIAN_POINT('',(23.56543636322,-18.03816318512,1.40000000596)
  );
#55 = DIRECTION('',(0.471403105822,-0.881917860019,-0.));
#56 = DIRECTION('',(-0.881917860019,-0.471403105822,0.));
#57 = ADVANCED_FACE('',(#58),#83,.T.);
#58 = FACE_BOUND('',#59,.T.);
#59 = EDGE_LOOP('',(#60,#68,#69,#77));
#60 = ORIENTED_EDGE('',*,*,#61,.T.);
#61 = EDGE_CURVE('',#62,#22,#64,.T.);
#62 = VERTEX_POINT('',#63);
#63 = CARTESIAN_POINT('',(23.446447372437,-18.12344741821,0.800000011921
    ));
#64 = LINE('',#65,#66);
#65 = CARTESIAN_POINT('',(23.446447372437,-18.12344741821,0.800000011921
    ));
#66 = VECTOR('',#67,1.);
#67 = DIRECTION('',(0.773007058863,0.634397420351,0.));
#68 = ORIENTED_EDGE('',*,*,#47,.T.);
#69 = ORIENTED_EDGE('',*,*,#70,.T.);
#70 = EDGE_CURVE('',#40,#71,#73,.T.);
#71 = VERTEX_POINT('',#72);
#72 = CARTESIAN_POINT('',(23.446447372437,-18.12344741821,2.));
#73 = LINE('',#74,#75);
#74 = CARTESIAN_POINT('',(23.522214889526,-18.06126594543,2.));
#75 = VECTOR('',#76,1.);
#76 = DIRECTION('',(-0.773007058863,-0.634397420351,0.));
#77 = ORIENTED_EDGE('',*,*,#78,.F.);
#78 = EDGE_CURVE('',#62,#71,#79,.T.);
#79 = LINE('',#80,#81);
#80 = CARTESIAN_POINT('',(23.446447372437,-18.12344741821,0.800000011921
    ));
#81 = VECTOR('',#82,1.);
#82 = DIRECTION('',(0.,0.,1.));
#83 = PLANE('',#84);
#84 = AXIS2_PLACEMENT_3D('',#85,#86,#87);
#85 = CARTESIAN_POINT('',(23.484331130981,-18.09235668182,1.40000000596)
  );
#86 = DIRECTION('',(0.634397420351,-0.773007058863,-0.));
#87 = DIRECTION('',(-0.773007058863,-0.634397420351,0.));
#88 = ADVANCED_FACE('',(#89),#114,.T.);
#89 = FACE_BOUND('',#90,.T.);
#90 = EDGE_LOOP('',(#91,#99,#100,#108));
#91 = ORIENTED_EDGE('',*,*,#92,.T.);
#92 = EDGE_CURVE('',#93,#62,#95,.T.);
#93 = VERTEX_POINT('',#94);
#94 = CARTESIAN_POINT('',(23.384265899658,-18.1992149353,0.800000011921)
  );
#95 = LINE('',#96,#97);
#96 = CARTESIAN_POINT('',(23.384265899658,-18.1992149353,0.800000011921)
  );
#97 = VECTOR('',#98,1.);
#98 = DIRECTION('',(0.634397420351,0.773007058863,0.));
#99 = ORIENTED_EDGE('',*,*,#78,.T.);
#100 = ORIENTED_EDGE('',*,*,#101,.T.);
#101 = EDGE_CURVE('',#71,#102,#104,.T.);
#102 = VERTEX_POINT('',#103);
#103 = CARTESIAN_POINT('',(23.384265899658,-18.1992149353,2.));
#104 = LINE('',#105,#106);
#105 = CARTESIAN_POINT('',(23.446447372437,-18.12344741821,2.));
#106 = VECTOR('',#107,1.);
#107 = DIRECTION('',(-0.634397420351,-0.773007058863,0.));
#108 = ORIENTED_EDGE('',*,*,#109,.F.);
#109 = EDGE_CURVE('',#93,#102,#110,.T.);
#110 = LINE('',#111,#112);
#111 = CARTESIAN_POINT('',(23.384265899658,-18.1992149353,0.800000011921
    ));
#112 = VECTOR('',#113,1.);
#113 = DIRECTION('',(0.,0.,1.));
#114 = PLANE('',#115);
#115 = AXIS2_PLACEMENT_3D('',#116,#117,#118);
#116 = CARTESIAN_POINT('',(23.415356636047,-18.16133117675,1.40000000596
    ));
#117 = DIRECTION('',(0.773007058863,-0.634397420351,0.));
#118 = DIRECTION('',(0.634397420351,0.773007058863,0.));
#119 = ADVANCED_FACE('',(#120),#145,.T.);
#120 = FACE_BOUND('',#121,.T.);
#121 = EDGE_LOOP('',(#122,#130,#131,#139));
#122 = ORIENTED_EDGE('',*,*,#123,.T.);
#123 = EDGE_CURVE('',#124,#93,#126,.T.);
#124 = VERTEX_POINT('',#125);
#125 = CARTESIAN_POINT('',(23.338060379028,-18.28565788269,
    0.800000011921));
#126 = LINE('',#127,#128);
#127 = CARTESIAN_POINT('',(23.338060379028,-18.28565788269,
    0.800000011921));
#128 = VECTOR('',#129,1.);
#129 = DIRECTION('',(0.471403105822,0.881917860019,0.));
#130 = ORIENTED_EDGE('',*,*,#109,.T.);
#131 = ORIENTED_EDGE('',*,*,#132,.T.);
#132 = EDGE_CURVE('',#102,#133,#135,.T.);
#133 = VERTEX_POINT('',#134);
#134 = CARTESIAN_POINT('',(23.338060379028,-18.28565788269,2.));
#135 = LINE('',#136,#137);
#136 = CARTESIAN_POINT('',(23.384265899658,-18.1992149353,2.));
#137 = VECTOR('',#138,1.);
#138 = DIRECTION('',(-0.471403105822,-0.881917860019,0.));
#139 = ORIENTED_EDGE('',*,*,#140,.F.);
#140 = EDGE_CURVE('',#124,#133,#141,.T.);
#141 = LINE('',#142,#143);
#142 = CARTESIAN_POINT('',(23.338060379028,-18.28565788269,
    0.800000011921));
#143 = VECTOR('',#144,1.);
#144 = DIRECTION('',(0.,0.,1.));
#145 = PLANE('',#146);
#146 = AXIS2_PLACEMENT_3D('',#147,#148,#149);
#147 = CARTESIAN_POINT('',(23.361163139343,-18.24243640899,1.40000000596
    ));
#148 = DIRECTION('',(0.881917860019,-0.471403105822,0.));
#149 = DIRECTION('',(0.471403105822,0.881917860019,0.));
#150 = ADVANCED_FACE('',(#151),#176,.T.);
#151 = FACE_BOUND('',#152,.T.);
#152 = EDGE_LOOP('',(#153,#161,#162,#170));
#153 = ORIENTED_EDGE('',*,*,#154,.T.);
#154 = EDGE_CURVE('',#155,#124,#157,.T.);
#155 = VERTEX_POINT('',#156);
#156 = CARTESIAN_POINT('',(23.309606552124,-18.3794555664,0.800000011921
    ));
#157 = LINE('',#158,#159);
#158 = CARTESIAN_POINT('',(23.309606552124,-18.3794555664,0.800000011921
    ));
#159 = VECTOR('',#160,1.);
#160 = DIRECTION('',(0.290290381939,0.956938605216,0.));
#161 = ORIENTED_EDGE('',*,*,#140,.T.);
#162 = ORIENTED_EDGE('',*,*,#163,.T.);
#163 = EDGE_CURVE('',#133,#164,#166,.T.);
#164 = VERTEX_POINT('',#165);
#165 = CARTESIAN_POINT('',(23.309606552124,-18.3794555664,2.));
#166 = LINE('',#167,#168);
#167 = CARTESIAN_POINT('',(23.338060379028,-18.28565788269,2.));
#168 = VECTOR('',#169,1.);
#169 = DIRECTION('',(-0.290290381939,-0.956938605216,0.));
#170 = ORIENTED_EDGE('',*,*,#171,.F.);
#171 = EDGE_CURVE('',#155,#164,#172,.T.);
#172 = LINE('',#173,#174);
#173 = CARTESIAN_POINT('',(23.309606552124,-18.3794555664,0.800000011921
    ));
#174 = VECTOR('',#175,1.);
#175 = DIRECTION('',(0.,0.,1.));
#176 = PLANE('',#177);
#177 = AXIS2_PLACEMENT_3D('',#178,#179,#180);
#178 = CARTESIAN_POINT('',(23.323833465576,-18.33255672454,1.40000000596
    ));
#179 = DIRECTION('',(0.956938605216,-0.290290381939,0.));
#180 = DIRECTION('',(0.290290381939,0.956938605216,0.));
#181 = ADVANCED_FACE('',(#182),#207,.T.);
#182 = FACE_BOUND('',#183,.T.);
#183 = EDGE_LOOP('',(#184,#192,#193,#201));
#184 = ORIENTED_EDGE('',*,*,#185,.T.);
#185 = EDGE_CURVE('',#186,#155,#188,.T.);
#186 = VERTEX_POINT('',#187);
#187 = CARTESIAN_POINT('',(23.299999237061,-18.47699928283,
    0.800000011921));
#188 = LINE('',#189,#190);
#189 = CARTESIAN_POINT('',(23.299999237061,-18.47699928283,
    0.800000011921));
#190 = VECTOR('',#191,1.);
#191 = DIRECTION('',(9.801812595134E-02,0.995184629596,0.));
#192 = ORIENTED_EDGE('',*,*,#171,.T.);
#193 = ORIENTED_EDGE('',*,*,#194,.T.);
#194 = EDGE_CURVE('',#164,#195,#197,.T.);
#195 = VERTEX_POINT('',#196);
#196 = CARTESIAN_POINT('',(23.299999237061,-18.47699928283,2.));
#197 = LINE('',#198,#199);
#198 = CARTESIAN_POINT('',(23.309606552124,-18.3794555664,2.));
#199 = VECTOR('',#200,1.);
#200 = DIRECTION('',(-9.801812595134E-02,-0.995184629596,0.));
#201 = ORIENTED_EDGE('',*,*,#202,.T.);
#202 = EDGE_CURVE('',#195,#186,#203,.T.);
#203 = LINE('',#204,#205);
#204 = CARTESIAN_POINT('',(23.299999237061,-18.47699928283,2.));
#205 = VECTOR('',#206,1.);
#206 = DIRECTION('',(0.,0.,-1.));
#207 = PLANE('',#208);
#208 = AXIS2_PLACEMENT_3D('',#209,#210,#211);
#209 = CARTESIAN_POINT('',(23.304802894592,-18.42822742462,1.40000000596
    ));
#210 = DIRECTION('',(0.995184629596,-9.801812595134E-02,0.));
#211 = DIRECTION('',(9.801812595134E-02,0.995184629596,0.));
#212 = ADVANCED_FACE('',(#213),#238,.T.);
#213 = FACE_BOUND('',#214,.T.);
#214 = EDGE_LOOP('',(#215,#223,#224,#232));
#215 = ORIENTED_EDGE('',*,*,#216,.T.);
#216 = EDGE_CURVE('',#217,#32,#219,.T.);
#217 = VERTEX_POINT('',#218);
#218 = CARTESIAN_POINT('',(23.70245552063,-17.9866065979,2.));
#219 = LINE('',#220,#221);
#220 = CARTESIAN_POINT('',(23.70245552063,-17.9866065979,2.));
#221 = VECTOR('',#222,1.);
#222 = DIRECTION('',(-0.956938605216,-0.290290381939,0.));
#223 = ORIENTED_EDGE('',*,*,#31,.F.);
#224 = ORIENTED_EDGE('',*,*,#225,.T.);
#225 = EDGE_CURVE('',#24,#226,#228,.T.);
#226 = VERTEX_POINT('',#227);
#227 = CARTESIAN_POINT('',(23.70245552063,-17.9866065979,0.800000011921)
  );
#228 = LINE('',#229,#230);
#229 = CARTESIAN_POINT('',(23.608657836914,-18.0150604248,0.800000011921
    ));
#230 = VECTOR('',#231,1.);
#231 = DIRECTION('',(0.956938605216,0.290290381939,0.));
#232 = ORIENTED_EDGE('',*,*,#233,.T.);
#233 = EDGE_CURVE('',#226,#217,#234,.T.);
#234 = LINE('',#235,#236);
#235 = CARTESIAN_POINT('',(23.70245552063,-17.9866065979,0.800000011921)
  );
#236 = VECTOR('',#237,1.);
#237 = DIRECTION('',(0.,0.,1.));
#238 = PLANE('',#239);
#239 = AXIS2_PLACEMENT_3D('',#240,#241,#242);
#240 = CARTESIAN_POINT('',(23.655556678772,-18.00083351135,1.40000000596
    ));
#241 = DIRECTION('',(0.290290381939,-0.956938605216,-0.));
#242 = DIRECTION('',(-0.956938605216,-0.290290381939,0.));
#243 = ADVANCED_FACE('',(#244),#270,.T.);
#244 = FACE_BOUND('',#245,.T.);
#245 = EDGE_LOOP('',(#246,#256,#264));
#246 = ORIENTED_EDGE('',*,*,#247,.T.);
#247 = EDGE_CURVE('',#248,#250,#252,.T.);
#248 = VERTEX_POINT('',#249);
#249 = CARTESIAN_POINT('',(-26.17557144165,-26.61803436279,2.));
#250 = VERTEX_POINT('',#251);
#251 = CARTESIAN_POINT('',(-26.17557144165,-26.61803436279,
    0.800000011921));
#252 = LINE('',#253,#254);
#253 = CARTESIAN_POINT('',(-26.17557144165,-26.61803436279,2.));
#254 = VECTOR('',#255,1.);
#255 = DIRECTION('',(0.,0.,-1.));
#256 = ORIENTED_EDGE('',*,*,#257,.F.);
#257 = EDGE_CURVE('',#258,#250,#260,.T.);
#258 = VERTEX_POINT('',#259);
#259 = CARTESIAN_POINT('',(-26.00399971008,-26.72945404052,
    0.800000011921));
#260 = LINE('',#261,#262);
#261 = CARTESIAN_POINT('',(-26.00399971008,-26.72945404052,
    0.800000011921));
#262 = VECTOR('',#263,1.);
#263 = DIRECTION('',(-0.838671254578,0.544637977693,0.));
#264 = ORIENTED_EDGE('',*,*,#265,.T.);
#265 = EDGE_CURVE('',#258,#248,#266,.T.);
#266 = LINE('',#267,#268);
#267 = CARTESIAN_POINT('',(-26.00399971008,-26.72945404052,
    0.800000011921));
#268 = VECTOR('',#269,1.);
#269 = DIRECTION('',(-0.140942976834,9.152918673882E-02,0.985777604359)
  );
#270 = PLANE('',#271);
#271 = AXIS2_PLACEMENT_3D('',#272,#273,#274);
#272 = CARTESIAN_POINT('',(-26.12904850715,-26.64824662632,1.35318436625
    ));
#273 = DIRECTION('',(-0.544637977693,-0.838671254578,-0.));
#274 = DIRECTION('',(-0.838671254578,0.544637977693,0.));
#275 = ADVANCED_FACE('',(#276),#293,.T.);
#276 = FACE_BOUND('',#277,.T.);
#277 = EDGE_LOOP('',(#278,#279,#287));
#278 = ORIENTED_EDGE('',*,*,#265,.F.);
#279 = ORIENTED_EDGE('',*,*,#280,.F.);
#280 = EDGE_CURVE('',#281,#258,#283,.T.);
#281 = VERTEX_POINT('',#282);
#282 = CARTESIAN_POINT('',(-26.,-26.73204994201,2.));
#283 = LINE('',#284,#285);
#284 = CARTESIAN_POINT('',(-26.,-26.73204994201,2.));
#285 = VECTOR('',#286,1.);
#286 = DIRECTION('',(-3.333065455909E-03,2.163234184784E-03,
    -0.999992105515));
#287 = ORIENTED_EDGE('',*,*,#288,.T.);
#288 = EDGE_CURVE('',#281,#248,#289,.T.);
#289 = LINE('',#290,#291);
#290 = CARTESIAN_POINT('',(-26.,-26.73204994201,2.));
#291 = VECTOR('',#292,1.);
#292 = DIRECTION('',(-0.838674600409,0.544632825515,0.));
#293 = PLANE('',#294);
#294 = AXIS2_PLACEMENT_3D('',#295,#296,#297);
#295 = CARTESIAN_POINT('',(-26.04952071797,-26.69989202255,
    1.447819689384));
#296 = DIRECTION('',(-0.544632825515,-0.838674600409,1.047299630954E-06)
  );
#297 = DIRECTION('',(-0.838674600409,0.544632825515,0.));
#298 = ADVANCED_FACE('',(#299),#316,.T.);
#299 = FACE_BOUND('',#300,.T.);
#300 = EDGE_LOOP('',(#301,#302,#310));
#301 = ORIENTED_EDGE('',*,*,#280,.T.);
#302 = ORIENTED_EDGE('',*,*,#303,.F.);
#303 = EDGE_CURVE('',#304,#258,#306,.T.);
#304 = VERTEX_POINT('',#305);
#305 = CARTESIAN_POINT('',(-26.,-26.73204994201,0.800000011921));
#306 = LINE('',#307,#308);
#307 = CARTESIAN_POINT('',(-26.,-26.73204994201,0.800000011921));
#308 = VECTOR('',#309,1.);
#309 = DIRECTION('',(-0.838818118667,0.544411759421,0.));
#310 = ORIENTED_EDGE('',*,*,#311,.T.);
#311 = EDGE_CURVE('',#304,#281,#312,.T.);
#312 = LINE('',#313,#314);
#313 = CARTESIAN_POINT('',(-26.,-26.73204994201,0.800000011921));
#314 = VECTOR('',#315,1.);
#315 = DIRECTION('',(0.,0.,1.));
#316 = PLANE('',#317);
#317 = AXIS2_PLACEMENT_3D('',#318,#319,#320);
#318 = CARTESIAN_POINT('',(-26.00100191414,-26.73139967727,
    1.398810307179));
#319 = DIRECTION('',(-0.544411759421,-0.838818118667,-0.));
#320 = DIRECTION('',(-0.838818118667,0.544411759421,0.));
#321 = ADVANCED_FACE('',(#322),#339,.T.);
#322 = FACE_BOUND('',#323,.T.);
#323 = EDGE_LOOP('',(#324,#325,#333));
#324 = ORIENTED_EDGE('',*,*,#311,.F.);
#325 = ORIENTED_EDGE('',*,*,#326,.F.);
#326 = EDGE_CURVE('',#327,#304,#329,.T.);
#327 = VERTEX_POINT('',#328);
#328 = CARTESIAN_POINT('',(-25.92622566223,-26.76963996887,
    0.800000011921));
#329 = LINE('',#330,#331);
#330 = CARTESIAN_POINT('',(-25.92622566223,-26.76963996887,
    0.800000011921));
#331 = VECTOR('',#332,1.);
#332 = DIRECTION('',(-0.891005917208,0.453991691004,0.));
#333 = ORIENTED_EDGE('',*,*,#334,.F.);
#334 = EDGE_CURVE('',#281,#327,#335,.T.);
#335 = LINE('',#336,#337);
#336 = CARTESIAN_POINT('',(-26.,-26.73204994201,2.));
#337 = VECTOR('',#338,1.);
#338 = DIRECTION('',(6.133278983582E-02,-3.125072059992E-02,
    -0.99762802755));
#339 = PLANE('',#340);
#340 = AXIS2_PLACEMENT_3D('',#341,#342,#343);
#341 = CARTESIAN_POINT('',(-25.98092087563,-26.74177127356,
    1.380013556741));
#342 = DIRECTION('',(-0.453991691004,-0.891005917208,-0.));
#343 = DIRECTION('',(-0.891005917208,0.453991691004,0.));
#344 = ADVANCED_FACE('',(#345),#369,.T.);
#345 = FACE_BOUND('',#346,.T.);
#346 = EDGE_LOOP('',(#347,#355,#363));
#347 = ORIENTED_EDGE('',*,*,#348,.T.);
#348 = EDGE_CURVE('',#349,#327,#351,.T.);
#349 = VERTEX_POINT('',#350);
#350 = CARTESIAN_POINT('',(-25.8134727478,-26.82709121704,0.20000000298)
  );
#351 = LINE('',#352,#353);
#352 = CARTESIAN_POINT('',(-25.8134727478,-26.82709121704,0.20000000298)
  );
#353 = VECTOR('',#354,1.);
#354 = DIRECTION('',(-0.183876335535,9.369092620593E-02,0.978474068934)
  );
#355 = ORIENTED_EDGE('',*,*,#356,.F.);
#356 = EDGE_CURVE('',#357,#327,#359,.T.);
#357 = VERTEX_POINT('',#358);
#358 = CARTESIAN_POINT('',(-25.92622566223,-26.76963996887,0.20000000298
    ));
#359 = LINE('',#360,#361);
#360 = CARTESIAN_POINT('',(-25.92622566223,-26.76963996887,0.20000000298
    ));
#361 = VECTOR('',#362,1.);
#362 = DIRECTION('',(0.,0.,1.));
#363 = ORIENTED_EDGE('',*,*,#364,.F.);
#364 = EDGE_CURVE('',#349,#357,#365,.T.);
#365 = LINE('',#366,#367);
#366 = CARTESIAN_POINT('',(-25.8134727478,-26.82709121704,0.20000000298)
  );
#367 = VECTOR('',#368,1.);
#368 = DIRECTION('',(-0.891004066797,0.453995322609,0.));
#369 = PLANE('',#370);
#370 = AXIS2_PLACEMENT_3D('',#371,#372,#373);
#371 = CARTESIAN_POINT('',(-25.89509718824,-26.78550093081,
    0.471663455276));
#372 = DIRECTION('',(-0.453995322609,-0.891004066797,-0.));
#373 = DIRECTION('',(-0.891004066797,0.453995322609,0.));
#374 = ADVANCED_FACE('',(#375),#385,.T.);
#375 = FACE_BOUND('',#376,.T.);
#376 = EDGE_LOOP('',(#377,#378,#379));
#377 = ORIENTED_EDGE('',*,*,#334,.T.);
#378 = ORIENTED_EDGE('',*,*,#348,.F.);
#379 = ORIENTED_EDGE('',*,*,#380,.T.);
#380 = EDGE_CURVE('',#349,#281,#381,.T.);
#381 = LINE('',#382,#383);
#382 = CARTESIAN_POINT('',(-25.8134727478,-26.82709121704,0.20000000298)
  );
#383 = VECTOR('',#384,1.);
#384 = DIRECTION('',(-0.102932441383,5.244719125574E-02,0.993304688724)
  );
#385 = PLANE('',#386);
#386 = AXIS2_PLACEMENT_3D('',#387,#388,#389);
#387 = CARTESIAN_POINT('',(-25.91919257139,-26.77322371296,
    1.098053056917));
#388 = DIRECTION('',(-0.453997088346,-0.891003167095,-4.179684960429E-07
    ));
#389 = DIRECTION('',(-0.891003167095,0.453997088346,-2.64697796017E-23)
  );
#390 = ADVANCED_FACE('',(#391),#408,.T.);
#391 = FACE_BOUND('',#392,.T.);
#392 = EDGE_LOOP('',(#393,#394,#402));
#393 = ORIENTED_EDGE('',*,*,#380,.F.);
#394 = ORIENTED_EDGE('',*,*,#395,.F.);
#395 = EDGE_CURVE('',#396,#349,#398,.T.);
#396 = VERTEX_POINT('',#397);
#397 = CARTESIAN_POINT('',(-25.8134727478,-26.82709121704,2.));
#398 = LINE('',#399,#400);
#399 = CARTESIAN_POINT('',(-25.8134727478,-26.82709121704,2.));
#400 = VECTOR('',#401,1.);
#401 = DIRECTION('',(0.,0.,-1.));
#402 = ORIENTED_EDGE('',*,*,#403,.T.);
#403 = EDGE_CURVE('',#396,#281,#404,.T.);
#404 = LINE('',#405,#406);
#405 = CARTESIAN_POINT('',(-25.8134727478,-26.82709121704,2.));
#406 = VECTOR('',#407,1.);
#407 = DIRECTION('',(-0.891004798664,0.453993886257,0.));
#408 = PLANE('',#409);
#409 = AXIS2_PLACEMENT_3D('',#410,#411,#412);
#410 = CARTESIAN_POINT('',(-25.86280715507,-26.80195384481,
    1.149303011862));
#411 = DIRECTION('',(-0.453993886257,-0.891004798664,-0.));
#412 = DIRECTION('',(-0.891004798664,0.453993886257,0.));
#413 = ADVANCED_FACE('',(#414),#1167,.T.);
#414 = FACE_BOUND('',#415,.T.);
#415 = EDGE_LOOP('',(#416,#426,#434,#442,#450,#458,#466,#474,#482,#490,
    #498,#506,#514,#522,#530,#538,#546,#554,#562,#570,#578,#586,#594,
    #602,#610,#618,#624,#625,#633,#641,#649,#657,#665,#673,#681,#689,
    #697,#705,#713,#721,#729,#737,#745,#753,#761,#769,#777,#785,#793,
    #801,#809,#817,#825,#833,#841,#849,#857,#865,#873,#881,#889,#897,
    #905,#913,#921,#929,#937,#945,#953,#961,#969,#977,#985,#993,#1001,
    #1009,#1017,#1025,#1033,#1041,#1049,#1057,#1065,#1073,#1081,#1089,
    #1097,#1105,#1113,#1121,#1129,#1137,#1145,#1153,#1161));
#416 = ORIENTED_EDGE('',*,*,#417,.T.);
#417 = EDGE_CURVE('',#418,#420,#422,.T.);
#418 = VERTEX_POINT('',#419);
#419 = CARTESIAN_POINT('',(25.209056854248,-26.98904418945,0.20000000298
    ));
#420 = VERTEX_POINT('',#421);
#421 = CARTESIAN_POINT('',(25.,-27.,0.20000000298));
#422 = LINE('',#423,#424);
#423 = CARTESIAN_POINT('',(25.209056854248,-26.98904418945,0.20000000298
    ));
#424 = VECTOR('',#425,1.);
#425 = DIRECTION('',(-0.99862963335,-5.233407490429E-02,0.));
#426 = ORIENTED_EDGE('',*,*,#427,.T.);
#427 = EDGE_CURVE('',#420,#428,#430,.T.);
#428 = VERTEX_POINT('',#429);
#429 = CARTESIAN_POINT('',(24.299999237061,-27.,0.20000000298));
#430 = LINE('',#431,#432);
#431 = CARTESIAN_POINT('',(25.,-27.,0.20000000298));
#432 = VECTOR('',#433,1.);
#433 = DIRECTION('',(-1.,0.,0.));
#434 = ORIENTED_EDGE('',*,*,#435,.F.);
#435 = EDGE_CURVE('',#436,#428,#438,.T.);
#436 = VERTEX_POINT('',#437);
#437 = CARTESIAN_POINT('',(24.299999237061,-16.12700080871,0.20000000298
    ));
#438 = LINE('',#439,#440);
#439 = CARTESIAN_POINT('',(24.299999237061,-18.62700080871,0.20000000298
    ));
#440 = VECTOR('',#441,1.);
#441 = DIRECTION('',(0.,-1.,0.));
#442 = ORIENTED_EDGE('',*,*,#443,.F.);
#443 = EDGE_CURVE('',#444,#436,#446,.T.);
#444 = VERTEX_POINT('',#445);
#445 = CARTESIAN_POINT('',(24.290391921997,-16.02945518493,0.20000000298
    ));
#446 = LINE('',#447,#448);
#447 = CARTESIAN_POINT('',(24.290391921997,-16.02945518493,0.20000000298
    ));
#448 = VECTOR('',#449,1.);
#449 = DIRECTION('',(9.801622777686E-02,-0.99518481655,0.));
#450 = ORIENTED_EDGE('',*,*,#451,.F.);
#451 = EDGE_CURVE('',#452,#444,#454,.T.);
#452 = VERTEX_POINT('',#453);
#453 = CARTESIAN_POINT('',(24.261940002441,-15.93565845489,0.20000000298
    ));
#454 = LINE('',#455,#456);
#455 = CARTESIAN_POINT('',(24.261940002441,-15.93565845489,0.20000000298
    ));
#456 = VECTOR('',#457,1.);
#457 = DIRECTION('',(0.290275265163,-0.956943190808,0.));
#458 = ORIENTED_EDGE('',*,*,#459,.F.);
#459 = EDGE_CURVE('',#460,#452,#462,.T.);
#460 = VERTEX_POINT('',#461);
#461 = CARTESIAN_POINT('',(24.215734481812,-15.84921455383,0.20000000298
    ));
#462 = LINE('',#463,#464);
#463 = CARTESIAN_POINT('',(24.215734481812,-15.84921455383,0.20000000298
    ));
#464 = VECTOR('',#465,1.);
#465 = DIRECTION('',(0.471399060845,-0.88192002213,0.));
#466 = ORIENTED_EDGE('',*,*,#467,.F.);
#467 = EDGE_CURVE('',#468,#460,#470,.T.);
#468 = VERTEX_POINT('',#469);
#469 = CARTESIAN_POINT('',(24.153553009033,-15.77344703674,0.20000000298
    ));
#470 = LINE('',#471,#472);
#471 = CARTESIAN_POINT('',(24.153553009033,-15.77344703674,0.20000000298
    ));
#472 = VECTOR('',#473,1.);
#473 = DIRECTION('',(0.634397420351,-0.773007058863,0.));
#474 = ORIENTED_EDGE('',*,*,#475,.F.);
#475 = EDGE_CURVE('',#476,#468,#478,.T.);
#476 = VERTEX_POINT('',#477);
#477 = CARTESIAN_POINT('',(24.077785491943,-15.71126556396,0.20000000298
    ));
#478 = LINE('',#479,#480);
#479 = CARTESIAN_POINT('',(24.077785491943,-15.71126556396,0.20000000298
    ));
#480 = VECTOR('',#481,1.);
#481 = DIRECTION('',(0.773007058863,-0.634397420351,0.));
#482 = ORIENTED_EDGE('',*,*,#483,.F.);
#483 = EDGE_CURVE('',#484,#476,#486,.T.);
#484 = VERTEX_POINT('',#485);
#485 = CARTESIAN_POINT('',(23.991342544556,-15.66506004333,0.20000000298
    ));
#486 = LINE('',#487,#488);
#487 = CARTESIAN_POINT('',(23.991342544556,-15.66506004333,0.20000000298
    ));
#488 = VECTOR('',#489,1.);
#489 = DIRECTION('',(0.881917860019,-0.471403105822,0.));
#490 = ORIENTED_EDGE('',*,*,#491,.F.);
#491 = EDGE_CURVE('',#492,#484,#494,.T.);
#492 = VERTEX_POINT('',#493);
#493 = CARTESIAN_POINT('',(23.89754486084,-15.6366071701,0.20000000298)
  );
#494 = LINE('',#495,#496);
#495 = CARTESIAN_POINT('',(23.89754486084,-15.6366071701,0.20000000298)
  );
#496 = VECTOR('',#497,1.);
#497 = DIRECTION('',(0.956941307951,-0.29028147226,0.));
#498 = ORIENTED_EDGE('',*,*,#499,.F.);
#499 = EDGE_CURVE('',#500,#492,#502,.T.);
#500 = VERTEX_POINT('',#501);
#501 = CARTESIAN_POINT('',(23.799999237061,-15.62699985504,0.20000000298
    ));
#502 = LINE('',#503,#504);
#503 = CARTESIAN_POINT('',(23.799999237061,-15.62699985504,0.20000000298
    ));
#504 = VECTOR('',#505,1.);
#505 = DIRECTION('',(0.99518481655,-9.801622777686E-02,0.));
#506 = ORIENTED_EDGE('',*,*,#507,.F.);
#507 = EDGE_CURVE('',#508,#500,#510,.T.);
#508 = VERTEX_POINT('',#509);
#509 = CARTESIAN_POINT('',(-23.79999923706,-15.62699985504,0.20000000298
    ));
#510 = LINE('',#511,#512);
#511 = CARTESIAN_POINT('',(-23.79999923706,-15.62699985504,0.20000000298
    ));
#512 = VECTOR('',#513,1.);
#513 = DIRECTION('',(1.,0.,0.));
#514 = ORIENTED_EDGE('',*,*,#515,.F.);
#515 = EDGE_CURVE('',#516,#508,#518,.T.);
#516 = VERTEX_POINT('',#517);
#517 = CARTESIAN_POINT('',(-23.89754486084,-15.6366071701,0.20000000298)
  );
#518 = LINE('',#519,#520);
#519 = CARTESIAN_POINT('',(-23.89754486084,-15.6366071701,0.20000000298)
  );
#520 = VECTOR('',#521,1.);
#521 = DIRECTION('',(0.99518481655,9.801622777686E-02,0.));
#522 = ORIENTED_EDGE('',*,*,#523,.F.);
#523 = EDGE_CURVE('',#524,#516,#526,.T.);
#524 = VERTEX_POINT('',#525);
#525 = CARTESIAN_POINT('',(-23.99134254455,-15.66506004333,0.20000000298
    ));
#526 = LINE('',#527,#528);
#527 = CARTESIAN_POINT('',(-23.99134254455,-15.66506004333,0.20000000298
    ));
#528 = VECTOR('',#529,1.);
#529 = DIRECTION('',(0.956941307951,0.29028147226,0.));
#530 = ORIENTED_EDGE('',*,*,#531,.F.);
#531 = EDGE_CURVE('',#532,#524,#534,.T.);
#532 = VERTEX_POINT('',#533);
#533 = CARTESIAN_POINT('',(-24.07778549194,-15.71126556396,0.20000000298
    ));
#534 = LINE('',#535,#536);
#535 = CARTESIAN_POINT('',(-24.07778549194,-15.71126556396,0.20000000298
    ));
#536 = VECTOR('',#537,1.);
#537 = DIRECTION('',(0.881917860019,0.471403105822,0.));
#538 = ORIENTED_EDGE('',*,*,#539,.F.);
#539 = EDGE_CURVE('',#540,#532,#542,.T.);
#540 = VERTEX_POINT('',#541);
#541 = CARTESIAN_POINT('',(-24.15355300903,-15.77344703674,0.20000000298
    ));
#542 = LINE('',#543,#544);
#543 = CARTESIAN_POINT('',(-24.15355300903,-15.77344703674,0.20000000298
    ));
#544 = VECTOR('',#545,1.);
#545 = DIRECTION('',(0.773007058863,0.634397420351,0.));
#546 = ORIENTED_EDGE('',*,*,#547,.F.);
#547 = EDGE_CURVE('',#548,#540,#550,.T.);
#548 = VERTEX_POINT('',#549);
#549 = CARTESIAN_POINT('',(-24.21573448181,-15.84921455383,0.20000000298
    ));
#550 = LINE('',#551,#552);
#551 = CARTESIAN_POINT('',(-24.21573448181,-15.84921455383,0.20000000298
    ));
#552 = VECTOR('',#553,1.);
#553 = DIRECTION('',(0.634397420351,0.773007058863,0.));
#554 = ORIENTED_EDGE('',*,*,#555,.F.);
#555 = EDGE_CURVE('',#556,#548,#558,.T.);
#556 = VERTEX_POINT('',#557);
#557 = CARTESIAN_POINT('',(-24.26194000244,-15.93565845489,0.20000000298
    ));
#558 = LINE('',#559,#560);
#559 = CARTESIAN_POINT('',(-24.26194000244,-15.93565845489,0.20000000298
    ));
#560 = VECTOR('',#561,1.);
#561 = DIRECTION('',(0.471399060845,0.88192002213,0.));
#562 = ORIENTED_EDGE('',*,*,#563,.F.);
#563 = EDGE_CURVE('',#564,#556,#566,.T.);
#564 = VERTEX_POINT('',#565);
#565 = CARTESIAN_POINT('',(-24.29039192199,-16.02945518493,0.20000000298
    ));
#566 = LINE('',#567,#568);
#567 = CARTESIAN_POINT('',(-24.29039192199,-16.02945518493,0.20000000298
    ));
#568 = VECTOR('',#569,1.);
#569 = DIRECTION('',(0.290275265163,0.956943190808,0.));
#570 = ORIENTED_EDGE('',*,*,#571,.F.);
#571 = EDGE_CURVE('',#572,#564,#574,.T.);
#572 = VERTEX_POINT('',#573);
#573 = CARTESIAN_POINT('',(-24.29999923706,-16.12700080871,0.20000000298
    ));
#574 = LINE('',#575,#576);
#575 = CARTESIAN_POINT('',(-24.29999923706,-16.12700080871,0.20000000298
    ));
#576 = VECTOR('',#577,1.);
#577 = DIRECTION('',(9.801622777686E-02,0.99518481655,0.));
#578 = ORIENTED_EDGE('',*,*,#579,.F.);
#579 = EDGE_CURVE('',#580,#572,#582,.T.);
#580 = VERTEX_POINT('',#581);
#581 = CARTESIAN_POINT('',(-24.29999923706,-27.,0.20000000298));
#582 = LINE('',#583,#584);
#583 = CARTESIAN_POINT('',(-24.29999923706,-18.62700080871,0.20000000298
    ));
#584 = VECTOR('',#585,1.);
#585 = DIRECTION('',(0.,1.,0.));
#586 = ORIENTED_EDGE('',*,*,#587,.T.);
#587 = EDGE_CURVE('',#580,#588,#590,.T.);
#588 = VERTEX_POINT('',#589);
#589 = CARTESIAN_POINT('',(-25.,-27.,0.20000000298));
#590 = LINE('',#591,#592);
#591 = CARTESIAN_POINT('',(-24.29999923706,-27.,0.20000000298));
#592 = VECTOR('',#593,1.);
#593 = DIRECTION('',(-1.,0.,0.));
#594 = ORIENTED_EDGE('',*,*,#595,.T.);
#595 = EDGE_CURVE('',#588,#596,#598,.T.);
#596 = VERTEX_POINT('',#597);
#597 = CARTESIAN_POINT('',(-25.20905685424,-26.98904418945,0.20000000298
    ));
#598 = LINE('',#599,#600);
#599 = CARTESIAN_POINT('',(-25.,-27.,0.20000000298));
#600 = VECTOR('',#601,1.);
#601 = DIRECTION('',(-0.99862963335,5.233407490429E-02,0.));
#602 = ORIENTED_EDGE('',*,*,#603,.T.);
#603 = EDGE_CURVE('',#596,#604,#606,.T.);
#604 = VERTEX_POINT('',#605);
#605 = CARTESIAN_POINT('',(-25.41582298278,-26.95629501342,0.20000000298
    ));
#606 = LINE('',#607,#608);
#607 = CARTESIAN_POINT('',(-25.20905685424,-26.98904418945,0.20000000298
    ));
#608 = VECTOR('',#609,1.);
#609 = DIRECTION('',(-0.987687869354,0.15643744031,0.));
#610 = ORIENTED_EDGE('',*,*,#611,.T.);
#611 = EDGE_CURVE('',#604,#612,#614,.T.);
#612 = VERTEX_POINT('',#613);
#613 = CARTESIAN_POINT('',(-25.61803436279,-26.90211296081,0.20000000298
    ));
#614 = LINE('',#615,#616);
#615 = CARTESIAN_POINT('',(-25.41582298278,-26.95629501342,0.20000000298
    ));
#616 = VECTOR('',#617,1.);
#617 = DIRECTION('',(-0.965926212446,0.25881760394,0.));
#618 = ORIENTED_EDGE('',*,*,#619,.T.);
#619 = EDGE_CURVE('',#612,#349,#620,.T.);
#620 = LINE('',#621,#622);
#621 = CARTESIAN_POINT('',(-25.61803436279,-26.90211296081,0.20000000298
    ));
#622 = VECTOR('',#623,1.);
#623 = DIRECTION('',(-0.933580463729,0.358367852554,0.));
#624 = ORIENTED_EDGE('',*,*,#364,.T.);
#625 = ORIENTED_EDGE('',*,*,#626,.F.);
#626 = EDGE_CURVE('',#627,#357,#629,.T.);
#627 = VERTEX_POINT('',#628);
#628 = CARTESIAN_POINT('',(-25.96594047546,-26.69534111022,0.20000000298
    ));
#629 = LINE('',#630,#631);
#630 = CARTESIAN_POINT('',(-25.96594047546,-26.69534111022,0.20000000298
    ));
#631 = VECTOR('',#632,1.);
#632 = DIRECTION('',(0.471408239155,-0.881915116129,0.));
#633 = ORIENTED_EDGE('',*,*,#634,.F.);
#634 = EDGE_CURVE('',#635,#627,#637,.T.);
#635 = VERTEX_POINT('',#636);
#636 = CARTESIAN_POINT('',(-25.99439239502,-26.60154533386,0.20000000298
    ));
#637 = LINE('',#638,#639);
#638 = CARTESIAN_POINT('',(-25.99439239502,-26.60154533386,0.20000000298
    ));
#639 = VECTOR('',#640,1.);
#640 = DIRECTION('',(0.290277967868,-0.956942370977,0.));
#641 = ORIENTED_EDGE('',*,*,#642,.F.);
#642 = EDGE_CURVE('',#643,#635,#645,.T.);
#643 = VERTEX_POINT('',#644);
#644 = CARTESIAN_POINT('',(-26.00200080871,-26.52430725097,0.20000000298
    ));
#645 = LINE('',#646,#647);
#646 = CARTESIAN_POINT('',(-26.00200080871,-26.52430725097,0.20000000298
    ));
#647 = VECTOR('',#648,1.);
#648 = DIRECTION('',(9.803151565545E-02,-0.995183310721,0.));
#649 = ORIENTED_EDGE('',*,*,#650,.F.);
#650 = EDGE_CURVE('',#651,#643,#653,.T.);
#651 = VERTEX_POINT('',#652);
#652 = CARTESIAN_POINT('',(-26.00200080871,-18.00200080871,0.20000000298
    ));
#653 = LINE('',#654,#655);
#654 = CARTESIAN_POINT('',(-26.00200080871,-18.00200080871,0.20000000298
    ));
#655 = VECTOR('',#656,1.);
#656 = DIRECTION('',(0.,-1.,0.));
#657 = ORIENTED_EDGE('',*,*,#658,.F.);
#658 = EDGE_CURVE('',#659,#651,#661,.T.);
#659 = VERTEX_POINT('',#660);
#660 = CARTESIAN_POINT('',(-26.01160812377,-17.90445518493,0.20000000298
    ));
#661 = LINE('',#662,#663);
#662 = CARTESIAN_POINT('',(-26.01160812377,-17.90445518493,0.20000000298
    ));
#663 = VECTOR('',#664,1.);
#664 = DIRECTION('',(9.801622777686E-02,-0.99518481655,0.));
#665 = ORIENTED_EDGE('',*,*,#666,.F.);
#666 = EDGE_CURVE('',#667,#659,#669,.T.);
#667 = VERTEX_POINT('',#668);
#668 = CARTESIAN_POINT('',(-26.04006004333,-17.81065750122,0.20000000298
    ));
#669 = LINE('',#670,#671);
#670 = CARTESIAN_POINT('',(-26.04006004333,-17.81065750122,0.20000000298
    ));
#671 = VECTOR('',#672,1.);
#672 = DIRECTION('',(0.290272562506,-0.956944010617,0.));
#673 = ORIENTED_EDGE('',*,*,#674,.F.);
#674 = EDGE_CURVE('',#675,#667,#677,.T.);
#675 = VERTEX_POINT('',#676);
#676 = CARTESIAN_POINT('',(-26.08626556396,-17.72421455383,0.20000000298
    ));
#677 = LINE('',#678,#679);
#678 = CARTESIAN_POINT('',(-26.08626556396,-17.72421455383,0.20000000298
    ));
#679 = VECTOR('',#680,1.);
#680 = DIRECTION('',(0.471403105822,-0.881917860019,0.));
#681 = ORIENTED_EDGE('',*,*,#682,.F.);
#682 = EDGE_CURVE('',#683,#675,#685,.T.);
#683 = VERTEX_POINT('',#684);
#684 = CARTESIAN_POINT('',(-26.14844703674,-17.64844703674,0.20000000298
    ));
#685 = LINE('',#686,#687);
#686 = CARTESIAN_POINT('',(-26.14844703674,-17.64844703674,0.20000000298
    ));
#687 = VECTOR('',#688,1.);
#688 = DIRECTION('',(0.634397420351,-0.773007058863,0.));
#689 = ORIENTED_EDGE('',*,*,#690,.F.);
#690 = EDGE_CURVE('',#691,#683,#693,.T.);
#691 = VERTEX_POINT('',#692);
#692 = CARTESIAN_POINT('',(-26.22421455383,-17.58626556396,0.20000000298
    ));
#693 = LINE('',#694,#695);
#694 = CARTESIAN_POINT('',(-26.22421455383,-17.58626556396,0.20000000298
    ));
#695 = VECTOR('',#696,1.);
#696 = DIRECTION('',(0.773007058863,-0.634397420351,0.));
#697 = ORIENTED_EDGE('',*,*,#698,.F.);
#698 = EDGE_CURVE('',#699,#691,#701,.T.);
#699 = VERTEX_POINT('',#700);
#700 = CARTESIAN_POINT('',(-26.31065750122,-17.54006004333,0.20000000298
    ));
#701 = LINE('',#702,#703);
#702 = CARTESIAN_POINT('',(-26.31065750122,-17.54006004333,0.20000000298
    ));
#703 = VECTOR('',#704,1.);
#704 = DIRECTION('',(0.881917860019,-0.471403105822,0.));
#705 = ORIENTED_EDGE('',*,*,#706,.F.);
#706 = EDGE_CURVE('',#707,#699,#709,.T.);
#707 = VERTEX_POINT('',#708);
#708 = CARTESIAN_POINT('',(-26.40445518493,-17.51160812377,0.20000000298
    ));
#709 = LINE('',#710,#711);
#710 = CARTESIAN_POINT('',(-26.40445518493,-17.51160812377,0.20000000298
    ));
#711 = VECTOR('',#712,1.);
#712 = DIRECTION('',(0.956944010617,-0.290272562506,0.));
#713 = ORIENTED_EDGE('',*,*,#714,.F.);
#714 = EDGE_CURVE('',#715,#707,#717,.T.);
#715 = VERTEX_POINT('',#716);
#716 = CARTESIAN_POINT('',(-26.50200080871,-17.50200080871,0.20000000298
    ));
#717 = LINE('',#718,#719);
#718 = CARTESIAN_POINT('',(-26.50200080871,-17.50200080871,0.20000000298
    ));
#719 = VECTOR('',#720,1.);
#720 = DIRECTION('',(0.99518481655,-9.801622777686E-02,0.));
#721 = ORIENTED_EDGE('',*,*,#722,.F.);
#722 = EDGE_CURVE('',#723,#715,#725,.T.);
#723 = VERTEX_POINT('',#724);
#724 = CARTESIAN_POINT('',(-26.52230644226,-17.50200080871,0.20000000298
    ));
#725 = LINE('',#726,#727);
#726 = CARTESIAN_POINT('',(-26.52230644226,-17.50200080871,0.20000000298
    ));
#727 = VECTOR('',#728,1.);
#728 = DIRECTION('',(1.,0.,0.));
#729 = ORIENTED_EDGE('',*,*,#730,.F.);
#730 = EDGE_CURVE('',#731,#723,#733,.T.);
#731 = VERTEX_POINT('',#732);
#732 = CARTESIAN_POINT('',(-26.59954452514,-17.49439239502,0.20000000298
    ));
#733 = LINE('',#734,#735);
#734 = CARTESIAN_POINT('',(-26.59954452514,-17.49439239502,0.20000000298
    ));
#735 = VECTOR('',#736,1.);
#736 = DIRECTION('',(0.995183310721,-9.803151565545E-02,0.));
#737 = ORIENTED_EDGE('',*,*,#738,.F.);
#738 = EDGE_CURVE('',#739,#731,#741,.T.);
#739 = VERTEX_POINT('',#740);
#740 = CARTESIAN_POINT('',(-26.69334220886,-17.46594047546,0.20000000298
    ));
#741 = LINE('',#742,#743);
#742 = CARTESIAN_POINT('',(-26.69334220886,-17.46594047546,0.20000000298
    ));
#743 = VECTOR('',#744,1.);
#744 = DIRECTION('',(0.956944010617,-0.290272562506,0.));
#745 = ORIENTED_EDGE('',*,*,#746,.F.);
#746 = EDGE_CURVE('',#747,#739,#749,.T.);
#747 = VERTEX_POINT('',#748);
#748 = CARTESIAN_POINT('',(-26.77978515625,-17.41973495483,0.20000000298
    ));
#749 = LINE('',#750,#751);
#750 = CARTESIAN_POINT('',(-26.77978515625,-17.41973495483,0.20000000298
    ));
#751 = VECTOR('',#752,1.);
#752 = DIRECTION('',(0.881917860019,-0.471403105822,0.));
#753 = ORIENTED_EDGE('',*,*,#754,.F.);
#754 = EDGE_CURVE('',#755,#747,#757,.T.);
#755 = VERTEX_POINT('',#756);
#756 = CARTESIAN_POINT('',(-26.85555267334,-17.35755348205,0.20000000298
    ));
#757 = LINE('',#758,#759);
#758 = CARTESIAN_POINT('',(-26.85555267334,-17.35755348205,0.20000000298
    ));
#759 = VECTOR('',#760,1.);
#760 = DIRECTION('',(0.773007058863,-0.634397420351,0.));
#761 = ORIENTED_EDGE('',*,*,#762,.F.);
#762 = EDGE_CURVE('',#763,#755,#765,.T.);
#763 = VERTEX_POINT('',#764);
#764 = CARTESIAN_POINT('',(-26.91773414611,-17.28178596496,0.20000000298
    ));
#765 = LINE('',#766,#767);
#766 = CARTESIAN_POINT('',(-26.91773414611,-17.28178596496,0.20000000298
    ));
#767 = VECTOR('',#768,1.);
#768 = DIRECTION('',(0.634397420351,-0.773007058863,0.));
#769 = ORIENTED_EDGE('',*,*,#770,.F.);
#770 = EDGE_CURVE('',#771,#763,#773,.T.);
#771 = VERTEX_POINT('',#772);
#772 = CARTESIAN_POINT('',(-26.96393966674,-17.19534111022,0.20000000298
    ));
#773 = LINE('',#774,#775);
#774 = CARTESIAN_POINT('',(-26.96393966674,-17.19534111022,0.20000000298
    ));
#775 = VECTOR('',#776,1.);
#776 = DIRECTION('',(0.471395015928,-0.881922184185,0.));
#777 = ORIENTED_EDGE('',*,*,#778,.F.);
#778 = EDGE_CURVE('',#779,#771,#781,.T.);
#779 = VERTEX_POINT('',#780);
#780 = CARTESIAN_POINT('',(-26.99239349365,-17.10154533386,0.20000000298
    ));
#781 = LINE('',#782,#783);
#782 = CARTESIAN_POINT('',(-26.99239349365,-17.10154533386,0.20000000298
    ));
#783 = VECTOR('',#784,1.);
#784 = DIRECTION('',(0.290295787571,-0.956936965384,0.));
#785 = ORIENTED_EDGE('',*,*,#786,.F.);
#786 = EDGE_CURVE('',#787,#779,#789,.T.);
#787 = VERTEX_POINT('',#788);
#788 = CARTESIAN_POINT('',(-27.,-17.02430725097,0.20000000298));
#789 = LINE('',#790,#791);
#790 = CARTESIAN_POINT('',(-27.,-17.02430725097,0.20000000298));
#791 = VECTOR('',#792,1.);
#792 = DIRECTION('',(9.800717628063E-02,-0.995185707995,0.));
#793 = ORIENTED_EDGE('',*,*,#794,.T.);
#794 = EDGE_CURVE('',#787,#795,#797,.T.);
#795 = VERTEX_POINT('',#796);
#796 = CARTESIAN_POINT('',(-27.,7.,0.20000000298));
#797 = LINE('',#798,#799);
#798 = CARTESIAN_POINT('',(-27.,-17.02430725097,0.20000000298));
#799 = VECTOR('',#800,1.);
#800 = DIRECTION('',(0.,1.,0.));
#801 = ORIENTED_EDGE('',*,*,#802,.T.);
#802 = EDGE_CURVE('',#795,#803,#805,.T.);
#803 = VERTEX_POINT('',#804);
#804 = CARTESIAN_POINT('',(-26.98904418945,7.209056854248,0.20000000298)
  );
#805 = LINE('',#806,#807);
#806 = CARTESIAN_POINT('',(-27.,7.,0.20000000298));
#807 = VECTOR('',#808,1.);
#808 = DIRECTION('',(5.233407490429E-02,0.99862963335,0.));
#809 = ORIENTED_EDGE('',*,*,#810,.T.);
#810 = EDGE_CURVE('',#803,#811,#813,.T.);
#811 = VERTEX_POINT('',#812);
#812 = CARTESIAN_POINT('',(-26.95629501342,7.415823459625,0.20000000298)
  );
#813 = LINE('',#814,#815);
#814 = CARTESIAN_POINT('',(-26.98904418945,7.209056854248,0.20000000298)
  );
#815 = VECTOR('',#816,1.);
#816 = DIRECTION('',(0.156437088369,0.987687925097,0.));
#817 = ORIENTED_EDGE('',*,*,#818,.T.);
#818 = EDGE_CURVE('',#811,#819,#821,.T.);
#819 = VERTEX_POINT('',#820);
#820 = CARTESIAN_POINT('',(-26.90211296081,7.618033885956,0.20000000298)
  );
#821 = LINE('',#822,#823);
#822 = CARTESIAN_POINT('',(-26.95629501342,7.415823459625,0.20000000298)
  );
#823 = VECTOR('',#824,1.);
#824 = DIRECTION('',(0.258818742821,0.965925907285,0.));
#825 = ORIENTED_EDGE('',*,*,#826,.T.);
#826 = EDGE_CURVE('',#819,#827,#829,.T.);
#827 = VERTEX_POINT('',#828);
#828 = CARTESIAN_POINT('',(-26.82709121704,7.81347322464,0.20000000298)
  );
#829 = LINE('',#830,#831);
#830 = CARTESIAN_POINT('',(-26.90211296081,7.618033885956,0.20000000298)
  );
#831 = VECTOR('',#832,1.);
#832 = DIRECTION('',(0.358366328428,0.933581048784,0.));
#833 = ORIENTED_EDGE('',*,*,#834,.T.);
#834 = EDGE_CURVE('',#827,#835,#837,.T.);
#835 = VERTEX_POINT('',#836);
#836 = CARTESIAN_POINT('',(-26.73204994201,8.,0.20000000298));
#837 = LINE('',#838,#839);
#838 = CARTESIAN_POINT('',(-26.82709121704,7.81347322464,0.20000000298)
  );
#839 = VECTOR('',#840,1.);
#840 = DIRECTION('',(0.453994807637,0.891004329192,0.));
#841 = ORIENTED_EDGE('',*,*,#842,.T.);
#842 = EDGE_CURVE('',#835,#843,#845,.T.);
#843 = VERTEX_POINT('',#844);
#844 = CARTESIAN_POINT('',(-26.61803436279,8.175570487976,0.20000000298)
  );
#845 = LINE('',#846,#847);
#846 = CARTESIAN_POINT('',(-26.73204994201,8.,0.20000000298));
#847 = VECTOR('',#848,1.);
#848 = DIRECTION('',(0.544634906353,0.838673249115,0.));
#849 = ORIENTED_EDGE('',*,*,#850,.T.);
#850 = EDGE_CURVE('',#843,#851,#853,.T.);
#851 = VERTEX_POINT('',#852);
#852 = CARTESIAN_POINT('',(-26.48628997802,8.338261604309,0.20000000298)
  );
#853 = LINE('',#854,#855);
#854 = CARTESIAN_POINT('',(-26.61803436279,8.175570487976,0.20000000298)
  );
#855 = VECTOR('',#856,1.);
#856 = DIRECTION('',(0.629319572914,0.77714662397,0.));
#857 = ORIENTED_EDGE('',*,*,#858,.T.);
#858 = EDGE_CURVE('',#851,#859,#861,.T.);
#859 = VERTEX_POINT('',#860);
#860 = CARTESIAN_POINT('',(-26.33826065063,8.486289978027,0.20000000298)
  );
#861 = LINE('',#862,#863);
#862 = CARTESIAN_POINT('',(-26.48628997802,8.338261604309,0.20000000298)
  );
#863 = VECTOR('',#864,1.);
#864 = DIRECTION('',(0.707109058947,0.707104503419,0.));
#865 = ORIENTED_EDGE('',*,*,#866,.T.);
#866 = EDGE_CURVE('',#859,#867,#869,.T.);
#867 = VERTEX_POINT('',#868);
#868 = CARTESIAN_POINT('',(-26.17557144165,8.618034362793,0.20000000298)
  );
#869 = LINE('',#870,#871);
#870 = CARTESIAN_POINT('',(-26.33826065063,8.486289978027,0.20000000298)
  );
#871 = VECTOR('',#872,1.);
#872 = DIRECTION('',(0.777143015556,0.629324028917,0.));
#873 = ORIENTED_EDGE('',*,*,#874,.T.);
#874 = EDGE_CURVE('',#867,#875,#877,.T.);
#875 = VERTEX_POINT('',#876);
#876 = CARTESIAN_POINT('',(-26.,8.732050895691,0.20000000298));
#877 = LINE('',#878,#879);
#878 = CARTESIAN_POINT('',(-26.17557144165,8.618034362793,0.20000000298)
  );
#879 = VECTOR('',#880,1.);
#880 = DIRECTION('',(0.838672519576,0.544636029755,0.));
#881 = ORIENTED_EDGE('',*,*,#882,.T.);
#882 = EDGE_CURVE('',#875,#883,#885,.T.);
#883 = VERTEX_POINT('',#884);
#884 = CARTESIAN_POINT('',(-25.8134727478,8.827091217041,0.20000000298)
  );
#885 = LINE('',#886,#887);
#886 = CARTESIAN_POINT('',(-26.,8.732050895691,0.20000000298));
#887 = VECTOR('',#888,1.);
#888 = DIRECTION('',(0.891006641416,0.453990269667,0.));
#889 = ORIENTED_EDGE('',*,*,#890,.T.);
#890 = EDGE_CURVE('',#883,#891,#893,.T.);
#891 = VERTEX_POINT('',#892);
#892 = CARTESIAN_POINT('',(-25.61803436279,8.902112960815,0.20000000298)
  );
#893 = LINE('',#894,#895);
#894 = CARTESIAN_POINT('',(-25.8134727478,8.827091217041,0.20000000298)
  );
#895 = VECTOR('',#896,1.);
#896 = DIRECTION('',(0.933580463729,0.358367852554,0.));
#897 = ORIENTED_EDGE('',*,*,#898,.T.);
#898 = EDGE_CURVE('',#891,#899,#901,.T.);
#899 = VERTEX_POINT('',#900);
#900 = CARTESIAN_POINT('',(-25.41582298278,8.956295013428,0.20000000298)
  );
#901 = LINE('',#902,#903);
#902 = CARTESIAN_POINT('',(-25.61803436279,8.902112960815,0.20000000298)
  );
#903 = VECTOR('',#904,1.);
#904 = DIRECTION('',(0.965926212446,0.25881760394,0.));
#905 = ORIENTED_EDGE('',*,*,#906,.T.);
#906 = EDGE_CURVE('',#899,#907,#909,.T.);
#907 = VERTEX_POINT('',#908);
#908 = CARTESIAN_POINT('',(-25.20905685424,8.989044189453,0.20000000298)
  );
#909 = LINE('',#910,#911);
#910 = CARTESIAN_POINT('',(-25.41582298278,8.956295013428,0.20000000298)
  );
#911 = VECTOR('',#912,1.);
#912 = DIRECTION('',(0.987687869354,0.15643744031,0.));
#913 = ORIENTED_EDGE('',*,*,#914,.T.);
#914 = EDGE_CURVE('',#907,#915,#917,.T.);
#915 = VERTEX_POINT('',#916);
#916 = CARTESIAN_POINT('',(-25.,9.,0.20000000298));
#917 = LINE('',#918,#919);
#918 = CARTESIAN_POINT('',(-25.20905685424,8.989044189453,0.20000000298)
  );
#919 = VECTOR('',#920,1.);
#920 = DIRECTION('',(0.99862963335,5.233407490429E-02,0.));
#921 = ORIENTED_EDGE('',*,*,#922,.T.);
#922 = EDGE_CURVE('',#915,#923,#925,.T.);
#923 = VERTEX_POINT('',#924);
#924 = CARTESIAN_POINT('',(25.,9.,0.20000000298));
#925 = LINE('',#926,#927);
#926 = CARTESIAN_POINT('',(-25.,9.,0.20000000298));
#927 = VECTOR('',#928,1.);
#928 = DIRECTION('',(1.,0.,0.));
#929 = ORIENTED_EDGE('',*,*,#930,.T.);
#930 = EDGE_CURVE('',#923,#931,#933,.T.);
#931 = VERTEX_POINT('',#932);
#932 = CARTESIAN_POINT('',(25.209056854248,8.989044189453,0.20000000298)
  );
#933 = LINE('',#934,#935);
#934 = CARTESIAN_POINT('',(25.,9.,0.20000000298));
#935 = VECTOR('',#936,1.);
#936 = DIRECTION('',(0.99862963335,-5.233407490429E-02,0.));
#937 = ORIENTED_EDGE('',*,*,#938,.T.);
#938 = EDGE_CURVE('',#931,#939,#941,.T.);
#939 = VERTEX_POINT('',#940);
#940 = CARTESIAN_POINT('',(25.415822982788,8.956295013428,0.20000000298)
  );
#941 = LINE('',#942,#943);
#942 = CARTESIAN_POINT('',(25.209056854248,8.989044189453,0.20000000298)
  );
#943 = VECTOR('',#944,1.);
#944 = DIRECTION('',(0.987687869354,-0.15643744031,0.));
#945 = ORIENTED_EDGE('',*,*,#946,.T.);
#946 = EDGE_CURVE('',#939,#947,#949,.T.);
#947 = VERTEX_POINT('',#948);
#948 = CARTESIAN_POINT('',(25.618034362793,8.902112960815,0.20000000298)
  );
#949 = LINE('',#950,#951);
#950 = CARTESIAN_POINT('',(25.415822982788,8.956295013428,0.20000000298)
  );
#951 = VECTOR('',#952,1.);
#952 = DIRECTION('',(0.965926212446,-0.25881760394,0.));
#953 = ORIENTED_EDGE('',*,*,#954,.T.);
#954 = EDGE_CURVE('',#947,#955,#957,.T.);
#955 = VERTEX_POINT('',#956);
#956 = CARTESIAN_POINT('',(25.813472747803,8.827091217041,0.20000000298)
  );
#957 = LINE('',#958,#959);
#958 = CARTESIAN_POINT('',(25.618034362793,8.902112960815,0.20000000298)
  );
#959 = VECTOR('',#960,1.);
#960 = DIRECTION('',(0.933580463729,-0.358367852554,0.));
#961 = ORIENTED_EDGE('',*,*,#962,.T.);
#962 = EDGE_CURVE('',#955,#963,#965,.T.);
#963 = VERTEX_POINT('',#964);
#964 = CARTESIAN_POINT('',(26.,8.732050895691,0.20000000298));
#965 = LINE('',#966,#967);
#966 = CARTESIAN_POINT('',(25.813472747803,8.827091217041,0.20000000298)
  );
#967 = VECTOR('',#968,1.);
#968 = DIRECTION('',(0.891006641416,-0.453990269667,0.));
#969 = ORIENTED_EDGE('',*,*,#970,.T.);
#970 = EDGE_CURVE('',#963,#971,#973,.T.);
#971 = VERTEX_POINT('',#972);
#972 = CARTESIAN_POINT('',(26.17557144165,8.618034362793,0.20000000298)
  );
#973 = LINE('',#974,#975);
#974 = CARTESIAN_POINT('',(26.,8.732050895691,0.20000000298));
#975 = VECTOR('',#976,1.);
#976 = DIRECTION('',(0.838672519576,-0.544636029755,0.));
#977 = ORIENTED_EDGE('',*,*,#978,.T.);
#978 = EDGE_CURVE('',#971,#979,#981,.T.);
#979 = VERTEX_POINT('',#980);
#980 = CARTESIAN_POINT('',(26.338260650635,8.486289978027,0.20000000298)
  );
#981 = LINE('',#982,#983);
#982 = CARTESIAN_POINT('',(26.17557144165,8.618034362793,0.20000000298)
  );
#983 = VECTOR('',#984,1.);
#984 = DIRECTION('',(0.777143015556,-0.629324028917,0.));
#985 = ORIENTED_EDGE('',*,*,#986,.T.);
#986 = EDGE_CURVE('',#979,#987,#989,.T.);
#987 = VERTEX_POINT('',#988);
#988 = CARTESIAN_POINT('',(26.486289978027,8.338261604309,0.20000000298)
  );
#989 = LINE('',#990,#991);
#990 = CARTESIAN_POINT('',(26.338260650635,8.486289978027,0.20000000298)
  );
#991 = VECTOR('',#992,1.);
#992 = DIRECTION('',(0.707109058947,-0.707104503419,0.));
#993 = ORIENTED_EDGE('',*,*,#994,.T.);
#994 = EDGE_CURVE('',#987,#995,#997,.T.);
#995 = VERTEX_POINT('',#996);
#996 = CARTESIAN_POINT('',(26.618034362793,8.175570487976,0.20000000298)
  );
#997 = LINE('',#998,#999);
#998 = CARTESIAN_POINT('',(26.486289978027,8.338261604309,0.20000000298)
  );
#999 = VECTOR('',#1000,1.);
#1000 = DIRECTION('',(0.629319572914,-0.77714662397,0.));
#1001 = ORIENTED_EDGE('',*,*,#1002,.T.);
#1002 = EDGE_CURVE('',#995,#1003,#1005,.T.);
#1003 = VERTEX_POINT('',#1004);
#1004 = CARTESIAN_POINT('',(26.732049942017,8.,0.20000000298));
#1005 = LINE('',#1006,#1007);
#1006 = CARTESIAN_POINT('',(26.618034362793,8.175570487976,0.20000000298
    ));
#1007 = VECTOR('',#1008,1.);
#1008 = DIRECTION('',(0.544634906353,-0.838673249115,0.));
#1009 = ORIENTED_EDGE('',*,*,#1010,.T.);
#1010 = EDGE_CURVE('',#1003,#1011,#1013,.T.);
#1011 = VERTEX_POINT('',#1012);
#1012 = CARTESIAN_POINT('',(26.827091217041,7.81347322464,0.20000000298)
  );
#1013 = LINE('',#1014,#1015);
#1014 = CARTESIAN_POINT('',(26.732049942017,8.,0.20000000298));
#1015 = VECTOR('',#1016,1.);
#1016 = DIRECTION('',(0.453994807637,-0.891004329192,0.));
#1017 = ORIENTED_EDGE('',*,*,#1018,.T.);
#1018 = EDGE_CURVE('',#1011,#1019,#1021,.T.);
#1019 = VERTEX_POINT('',#1020);
#1020 = CARTESIAN_POINT('',(26.902112960815,7.618033885956,0.20000000298
    ));
#1021 = LINE('',#1022,#1023);
#1022 = CARTESIAN_POINT('',(26.827091217041,7.81347322464,0.20000000298)
  );
#1023 = VECTOR('',#1024,1.);
#1024 = DIRECTION('',(0.358366328428,-0.933581048784,0.));
#1025 = ORIENTED_EDGE('',*,*,#1026,.T.);
#1026 = EDGE_CURVE('',#1019,#1027,#1029,.T.);
#1027 = VERTEX_POINT('',#1028);
#1028 = CARTESIAN_POINT('',(26.956295013428,7.415823459625,0.20000000298
    ));
#1029 = LINE('',#1030,#1031);
#1030 = CARTESIAN_POINT('',(26.902112960815,7.618033885956,0.20000000298
    ));
#1031 = VECTOR('',#1032,1.);
#1032 = DIRECTION('',(0.258818742821,-0.965925907285,0.));
#1033 = ORIENTED_EDGE('',*,*,#1034,.T.);
#1034 = EDGE_CURVE('',#1027,#1035,#1037,.T.);
#1035 = VERTEX_POINT('',#1036);
#1036 = CARTESIAN_POINT('',(26.989044189453,7.209056854248,0.20000000298
    ));
#1037 = LINE('',#1038,#1039);
#1038 = CARTESIAN_POINT('',(26.956295013428,7.415823459625,0.20000000298
    ));
#1039 = VECTOR('',#1040,1.);
#1040 = DIRECTION('',(0.156437088369,-0.987687925097,0.));
#1041 = ORIENTED_EDGE('',*,*,#1042,.T.);
#1042 = EDGE_CURVE('',#1035,#1043,#1045,.T.);
#1043 = VERTEX_POINT('',#1044);
#1044 = CARTESIAN_POINT('',(27.,7.,0.20000000298));
#1045 = LINE('',#1046,#1047);
#1046 = CARTESIAN_POINT('',(26.989044189453,7.209056854248,0.20000000298
    ));
#1047 = VECTOR('',#1048,1.);
#1048 = DIRECTION('',(5.233407490429E-02,-0.99862963335,0.));
#1049 = ORIENTED_EDGE('',*,*,#1050,.T.);
#1050 = EDGE_CURVE('',#1043,#1051,#1053,.T.);
#1051 = VERTEX_POINT('',#1052);
#1052 = CARTESIAN_POINT('',(27.,-25.,0.20000000298));
#1053 = LINE('',#1054,#1055);
#1054 = CARTESIAN_POINT('',(27.,7.,0.20000000298));
#1055 = VECTOR('',#1056,1.);
#1056 = DIRECTION('',(0.,-1.,0.));
#1057 = ORIENTED_EDGE('',*,*,#1058,.T.);
#1058 = EDGE_CURVE('',#1051,#1059,#1061,.T.);
#1059 = VERTEX_POINT('',#1060);
#1060 = CARTESIAN_POINT('',(26.989044189453,-25.20905685424,
    0.20000000298));
#1061 = LINE('',#1062,#1063);
#1062 = CARTESIAN_POINT('',(27.,-25.,0.20000000298));
#1063 = VECTOR('',#1064,1.);
#1064 = DIRECTION('',(-5.233407490429E-02,-0.99862963335,0.));
#1065 = ORIENTED_EDGE('',*,*,#1066,.T.);
#1066 = EDGE_CURVE('',#1059,#1067,#1069,.T.);
#1067 = VERTEX_POINT('',#1068);
#1068 = CARTESIAN_POINT('',(26.956295013428,-25.41582298278,
    0.20000000298));
#1069 = LINE('',#1070,#1071);
#1070 = CARTESIAN_POINT('',(26.989044189453,-25.20905685424,
    0.20000000298));
#1071 = VECTOR('',#1072,1.);
#1072 = DIRECTION('',(-0.15643744031,-0.987687869354,0.));
#1073 = ORIENTED_EDGE('',*,*,#1074,.T.);
#1074 = EDGE_CURVE('',#1067,#1075,#1077,.T.);
#1075 = VERTEX_POINT('',#1076);
#1076 = CARTESIAN_POINT('',(26.902112960815,-25.61803436279,
    0.20000000298));
#1077 = LINE('',#1078,#1079);
#1078 = CARTESIAN_POINT('',(26.956295013428,-25.41582298278,
    0.20000000298));
#1079 = VECTOR('',#1080,1.);
#1080 = DIRECTION('',(-0.25881760394,-0.965926212446,0.));
#1081 = ORIENTED_EDGE('',*,*,#1082,.T.);
#1082 = EDGE_CURVE('',#1075,#1083,#1085,.T.);
#1083 = VERTEX_POINT('',#1084);
#1084 = CARTESIAN_POINT('',(26.827091217041,-25.8134727478,0.20000000298
    ));
#1085 = LINE('',#1086,#1087);
#1086 = CARTESIAN_POINT('',(26.902112960815,-25.61803436279,
    0.20000000298));
#1087 = VECTOR('',#1088,1.);
#1088 = DIRECTION('',(-0.358367852554,-0.933580463729,0.));
#1089 = ORIENTED_EDGE('',*,*,#1090,.T.);
#1090 = EDGE_CURVE('',#1083,#1091,#1093,.T.);
#1091 = VERTEX_POINT('',#1092);
#1092 = CARTESIAN_POINT('',(26.732049942017,-26.,0.20000000298));
#1093 = LINE('',#1094,#1095);
#1094 = CARTESIAN_POINT('',(26.827091217041,-25.8134727478,0.20000000298
    ));
#1095 = VECTOR('',#1096,1.);
#1096 = DIRECTION('',(-0.453993886257,-0.891004798664,0.));
#1097 = ORIENTED_EDGE('',*,*,#1098,.T.);
#1098 = EDGE_CURVE('',#1091,#1099,#1101,.T.);
#1099 = VERTEX_POINT('',#1100);
#1100 = CARTESIAN_POINT('',(26.618034362793,-26.17557144165,
    0.20000000298));
#1101 = LINE('',#1102,#1103);
#1102 = CARTESIAN_POINT('',(26.732049942017,-26.,0.20000000298));
#1103 = VECTOR('',#1104,1.);
#1104 = DIRECTION('',(-0.544632825515,-0.838674600409,0.));
#1105 = ORIENTED_EDGE('',*,*,#1106,.T.);
#1106 = EDGE_CURVE('',#1099,#1107,#1109,.T.);
#1107 = VERTEX_POINT('',#1108);
#1108 = CARTESIAN_POINT('',(26.486289978027,-26.33826065063,
    0.20000000298));
#1109 = LINE('',#1110,#1111);
#1110 = CARTESIAN_POINT('',(26.618034362793,-26.17557144165,
    0.20000000298));
#1111 = VECTOR('',#1112,1.);
#1112 = DIRECTION('',(-0.629324028917,-0.777143015556,0.));
#1113 = ORIENTED_EDGE('',*,*,#1114,.T.);
#1114 = EDGE_CURVE('',#1107,#1115,#1117,.T.);
#1115 = VERTEX_POINT('',#1116);
#1116 = CARTESIAN_POINT('',(26.338260650635,-26.48628997802,
    0.20000000298));
#1117 = LINE('',#1118,#1119);
#1118 = CARTESIAN_POINT('',(26.486289978027,-26.33826065063,
    0.20000000298));
#1119 = VECTOR('',#1120,1.);
#1120 = DIRECTION('',(-0.707106781187,-0.707106781187,0.));
#1121 = ORIENTED_EDGE('',*,*,#1122,.T.);
#1122 = EDGE_CURVE('',#1115,#1123,#1125,.T.);
#1123 = VERTEX_POINT('',#1124);
#1124 = CARTESIAN_POINT('',(26.17557144165,-26.61803436279,0.20000000298
    ));
#1125 = LINE('',#1126,#1127);
#1126 = CARTESIAN_POINT('',(26.338260650635,-26.48628997802,
    0.20000000298));
#1127 = VECTOR('',#1128,1.);
#1128 = DIRECTION('',(-0.777143015556,-0.629324028917,0.));
#1129 = ORIENTED_EDGE('',*,*,#1130,.T.);
#1130 = EDGE_CURVE('',#1123,#1131,#1133,.T.);
#1131 = VERTEX_POINT('',#1132);
#1132 = CARTESIAN_POINT('',(26.,-26.73204994201,0.20000000298));
#1133 = LINE('',#1134,#1135);
#1134 = CARTESIAN_POINT('',(26.17557144165,-26.61803436279,0.20000000298
    ));
#1135 = VECTOR('',#1136,1.);
#1136 = DIRECTION('',(-0.838674600409,-0.544632825515,0.));
#1137 = ORIENTED_EDGE('',*,*,#1138,.T.);
#1138 = EDGE_CURVE('',#1131,#1139,#1141,.T.);
#1139 = VERTEX_POINT('',#1140);
#1140 = CARTESIAN_POINT('',(25.813472747803,-26.82709121704,
    0.20000000298));
#1141 = LINE('',#1142,#1143);
#1142 = CARTESIAN_POINT('',(26.,-26.73204994201,0.20000000298));
#1143 = VECTOR('',#1144,1.);
#1144 = DIRECTION('',(-0.891004798664,-0.453993886257,0.));
#1145 = ORIENTED_EDGE('',*,*,#1146,.T.);
#1146 = EDGE_CURVE('',#1139,#1147,#1149,.T.);
#1147 = VERTEX_POINT('',#1148);
#1148 = CARTESIAN_POINT('',(25.618034362793,-26.90211296081,
    0.20000000298));
#1149 = LINE('',#1150,#1151);
#1150 = CARTESIAN_POINT('',(25.813472747803,-26.82709121704,
    0.20000000298));
#1151 = VECTOR('',#1152,1.);
#1152 = DIRECTION('',(-0.933580463729,-0.358367852554,0.));
#1153 = ORIENTED_EDGE('',*,*,#1154,.T.);
#1154 = EDGE_CURVE('',#1147,#1155,#1157,.T.);
#1155 = VERTEX_POINT('',#1156);
#1156 = CARTESIAN_POINT('',(25.415822982788,-26.95629501342,
    0.20000000298));
#1157 = LINE('',#1158,#1159);
#1158 = CARTESIAN_POINT('',(25.618034362793,-26.90211296081,
    0.20000000298));
#1159 = VECTOR('',#1160,1.);
#1160 = DIRECTION('',(-0.965926212446,-0.25881760394,0.));
#1161 = ORIENTED_EDGE('',*,*,#1162,.T.);
#1162 = EDGE_CURVE('',#1155,#418,#1163,.T.);
#1163 = LINE('',#1164,#1165);
#1164 = CARTESIAN_POINT('',(25.415822982788,-26.95629501342,
    0.20000000298));
#1165 = VECTOR('',#1166,1.);
#1166 = DIRECTION('',(-0.987687869354,-0.15643744031,0.));
#1167 = PLANE('',#1168);
#1168 = AXIS2_PLACEMENT_3D('',#1169,#1170,#1171);
#1169 = CARTESIAN_POINT('',(1.975720810184E-02,-7.606167063861,
    0.20000000298));
#1170 = DIRECTION('',(-0.,-0.,-1.));
#1171 = DIRECTION('',(-1.,0.,0.));
#1172 = ADVANCED_FACE('',(#1173),#1198,.T.);
#1173 = FACE_BOUND('',#1174,.T.);
#1174 = EDGE_LOOP('',(#1175,#1176,#1184,#1192));
#1175 = ORIENTED_EDGE('',*,*,#483,.T.);
#1176 = ORIENTED_EDGE('',*,*,#1177,.F.);
#1177 = EDGE_CURVE('',#1178,#476,#1180,.T.);
#1178 = VERTEX_POINT('',#1179);
#1179 = CARTESIAN_POINT('',(24.077785491943,-15.71126556396,
    0.300000011921));
#1180 = LINE('',#1181,#1182);
#1181 = CARTESIAN_POINT('',(24.077785491943,-15.71126556396,
    0.300000011921));
#1182 = VECTOR('',#1183,1.);
#1183 = DIRECTION('',(0.,0.,-1.));
#1184 = ORIENTED_EDGE('',*,*,#1185,.T.);
#1185 = EDGE_CURVE('',#1178,#1186,#1188,.T.);
#1186 = VERTEX_POINT('',#1187);
#1187 = CARTESIAN_POINT('',(23.991342544556,-15.66506004333,
    0.300000011921));
#1188 = LINE('',#1189,#1190);
#1189 = CARTESIAN_POINT('',(24.077785491943,-15.71126556396,
    0.300000011921));
#1190 = VECTOR('',#1191,1.);
#1191 = DIRECTION('',(-0.881917860019,0.471403105822,0.));
#1192 = ORIENTED_EDGE('',*,*,#1193,.T.);
#1193 = EDGE_CURVE('',#1186,#484,#1194,.T.);
#1194 = LINE('',#1195,#1196);
#1195 = CARTESIAN_POINT('',(23.991342544556,-15.66506004333,
    0.300000011921));
#1196 = VECTOR('',#1197,1.);
#1197 = DIRECTION('',(0.,0.,-1.));
#1198 = PLANE('',#1199);
#1199 = AXIS2_PLACEMENT_3D('',#1200,#1201,#1202);
#1200 = CARTESIAN_POINT('',(24.03456401825,-15.68816280365,
    0.250000007451));
#1201 = DIRECTION('',(-0.471403105822,-0.881917860019,-0.));
#1202 = DIRECTION('',(-0.881917860019,0.471403105822,0.));
#1203 = ADVANCED_FACE('',(#1204),#1230,.T.);
#1204 = FACE_BOUND('',#1205,.T.);
#1205 = EDGE_LOOP('',(#1206,#1216,#1224));
#1206 = ORIENTED_EDGE('',*,*,#1207,.F.);
#1207 = EDGE_CURVE('',#1208,#1210,#1212,.T.);
#1208 = VERTEX_POINT('',#1209);
#1209 = CARTESIAN_POINT('',(24.290391921997,-16.12700080871,
    0.397545158863));
#1210 = VERTEX_POINT('',#1211);
#1211 = CARTESIAN_POINT('',(24.299999237061,-16.12700080871,
    0.300000011921));
#1212 = LINE('',#1213,#1214);
#1213 = CARTESIAN_POINT('',(24.290391921997,-16.12700080871,
    0.397545158863));
#1214 = VECTOR('',#1215,1.);
#1215 = DIRECTION('',(9.801670231362E-02,0.,-0.995184769813));
#1216 = ORIENTED_EDGE('',*,*,#1217,.T.);
#1217 = EDGE_CURVE('',#1208,#1218,#1220,.T.);
#1218 = VERTEX_POINT('',#1219);
#1219 = CARTESIAN_POINT('',(24.290391921997,-16.02945518493,
    0.300000011921));
#1220 = LINE('',#1221,#1222);
#1221 = CARTESIAN_POINT('',(24.290391921997,-16.12700080871,
    0.397545158863));
#1222 = VECTOR('',#1223,1.);
#1223 = DIRECTION('',(0.,0.707108509481,-0.707105052887));
#1224 = ORIENTED_EDGE('',*,*,#1225,.F.);
#1225 = EDGE_CURVE('',#1210,#1218,#1226,.T.);
#1226 = LINE('',#1227,#1228);
#1227 = CARTESIAN_POINT('',(24.299999237061,-16.12700080871,
    0.300000011921));
#1228 = VECTOR('',#1229,1.);
#1229 = DIRECTION('',(-9.801622777686E-02,0.99518481655,0.));
#1230 = PLANE('',#1231);
#1231 = AXIS2_PLACEMENT_3D('',#1232,#1233,#1234);
#1232 = CARTESIAN_POINT('',(24.293211463072,-16.0925417372,
    0.334458845681));
#1233 = DIRECTION('',(-0.990438481786,-9.754875899954E-02,
    -9.754923585435E-02));
#1234 = DIRECTION('',(9.801670231362E-02,0.,-0.995184769813));
#1235 = ADVANCED_FACE('',(#1236),#1253,.T.);
#1236 = FACE_BOUND('',#1237,.T.);
#1237 = EDGE_LOOP('',(#1238,#1246,#1252));
#1238 = ORIENTED_EDGE('',*,*,#1239,.T.);
#1239 = EDGE_CURVE('',#1208,#1240,#1242,.T.);
#1240 = VERTEX_POINT('',#1241);
#1241 = CARTESIAN_POINT('',(24.280969619751,-16.03132820129,
    0.397545158863));
#1242 = LINE('',#1243,#1244);
#1243 = CARTESIAN_POINT('',(24.290391921997,-16.12700080871,
    0.397545158863));
#1244 = VECTOR('',#1245,1.);
#1245 = DIRECTION('',(-9.801067968633E-02,0.995185362969,0.));
#1246 = ORIENTED_EDGE('',*,*,#1247,.T.);
#1247 = EDGE_CURVE('',#1240,#1218,#1248,.T.);
#1248 = LINE('',#1249,#1250);
#1249 = CARTESIAN_POINT('',(24.280969619751,-16.03132820129,
    0.397545158863));
#1250 = VECTOR('',#1251,1.);
#1251 = DIRECTION('',(9.612920890445E-02,1.910908565671E-02,
    -0.995185418925));
#1252 = ORIENTED_EDGE('',*,*,#1217,.F.);
#1253 = PLANE('',#1254);
#1254 = AXIS2_PLACEMENT_3D('',#1255,#1256,#1257);
#1255 = CARTESIAN_POINT('',(24.287637706675,-16.06438064037,
    0.36289103858));
#1256 = DIRECTION('',(-0.990439559067,-9.754328990811E-02,
    -9.754376673619E-02));
#1257 = DIRECTION('',(9.801115419675E-02,0.,-0.995185316237));
#1258 = ADVANCED_FACE('',(#1259),#1276,.T.);
#1259 = FACE_BOUND('',#1260,.T.);
#1260 = EDGE_LOOP('',(#1261,#1262,#1270));
#1261 = ORIENTED_EDGE('',*,*,#1247,.F.);
#1262 = ORIENTED_EDGE('',*,*,#1263,.T.);
#1263 = EDGE_CURVE('',#1240,#1264,#1266,.T.);
#1264 = VERTEX_POINT('',#1265);
#1265 = CARTESIAN_POINT('',(24.253063201904,-15.93933486938,
    0.397545158863));
#1266 = LINE('',#1267,#1268);
#1267 = CARTESIAN_POINT('',(24.280969619751,-16.03132820129,
    0.397545158863));
#1268 = VECTOR('',#1269,1.);
#1269 = DIRECTION('',(-0.290289875413,0.956938758873,0.));
#1270 = ORIENTED_EDGE('',*,*,#1271,.F.);
#1271 = EDGE_CURVE('',#1218,#1264,#1272,.T.);
#1272 = LINE('',#1273,#1274);
#1273 = CARTESIAN_POINT('',(24.290391921997,-16.02945518493,
    0.300000011921));
#1274 = VECTOR('',#1275,1.);
#1275 = DIRECTION('',(-0.270596313671,0.653283185562,0.707105872193));
#1276 = PLANE('',#1277);
#1277 = AXIS2_PLACEMENT_3D('',#1278,#1279,#1280);
#1278 = CARTESIAN_POINT('',(24.274482021876,-15.99824172804,
    0.36289078144));
#1279 = DIRECTION('',(-0.952375561025,-0.288905617411,
    -9.754145268316E-02));
#1280 = DIRECTION('',(0.290289875413,-0.956938758873,0.));
#1281 = ADVANCED_FACE('',(#1282),#1306,.T.);
#1282 = FACE_BOUND('',#1283,.T.);
#1283 = EDGE_LOOP('',(#1284,#1292,#1300));
#1284 = ORIENTED_EDGE('',*,*,#1285,.T.);
#1285 = EDGE_CURVE('',#1286,#1264,#1288,.T.);
#1286 = VERTEX_POINT('',#1287);
#1287 = CARTESIAN_POINT('',(24.261940002441,-15.93565845489,
    0.300000011921));
#1288 = LINE('',#1289,#1290);
#1289 = CARTESIAN_POINT('',(24.261940002441,-15.93565845489,
    0.300000011921));
#1290 = VECTOR('',#1291,1.);
#1291 = DIRECTION('',(-9.05637127978E-02,-3.750785483837E-02,
    0.995184090885));
#1292 = ORIENTED_EDGE('',*,*,#1293,.T.);
#1293 = EDGE_CURVE('',#1264,#1294,#1296,.T.);
#1294 = VERTEX_POINT('',#1295);
#1295 = CARTESIAN_POINT('',(24.215734481812,-15.84921455383,
    0.300000011921));
#1296 = LINE('',#1297,#1298);
#1297 = CARTESIAN_POINT('',(24.253063201904,-15.93933486938,
    0.397545158863));
#1298 = VECTOR('',#1299,1.);
#1299 = DIRECTION('',(-0.270596313671,0.653283185562,-0.707105872193));
#1300 = ORIENTED_EDGE('',*,*,#1301,.F.);
#1301 = EDGE_CURVE('',#1286,#1294,#1302,.T.);
#1302 = LINE('',#1303,#1304);
#1303 = CARTESIAN_POINT('',(24.261940002441,-15.93565845489,
    0.300000011921));
#1304 = VECTOR('',#1305,1.);
#1305 = DIRECTION('',(-0.471399060845,0.88192002213,0.));
#1306 = PLANE('',#1307);
#1307 = AXIS2_PLACEMENT_3D('',#1308,#1309,#1310);
#1308 = CARTESIAN_POINT('',(24.242481573142,-15.90641992293,
    0.334458815936));
#1309 = DIRECTION('',(-0.877713328682,-0.469150522099,
    -9.755562652889E-02));
#1310 = DIRECTION('',(0.471399060845,-0.88192002213,6.938893903907E-18)
  );
#1311 = ADVANCED_FACE('',(#1312),#1322,.T.);
#1312 = FACE_BOUND('',#1313,.T.);
#1313 = EDGE_LOOP('',(#1314,#1315,#1316));
#1314 = ORIENTED_EDGE('',*,*,#1271,.T.);
#1315 = ORIENTED_EDGE('',*,*,#1285,.F.);
#1316 = ORIENTED_EDGE('',*,*,#1317,.F.);
#1317 = EDGE_CURVE('',#1218,#1286,#1318,.T.);
#1318 = LINE('',#1319,#1320);
#1319 = CARTESIAN_POINT('',(24.290391921997,-16.02945518493,
    0.300000011921));
#1320 = VECTOR('',#1321,1.);
#1321 = DIRECTION('',(-0.290275265163,0.956943190808,0.));
#1322 = PLANE('',#1323);
#1323 = AXIS2_PLACEMENT_3D('',#1324,#1325,#1326);
#1324 = CARTESIAN_POINT('',(24.268855120219,-15.9700918852,0.33445890008
    ));
#1325 = DIRECTION('',(-0.952378566965,-0.288890650685,
    -9.755643050636E-02));
#1326 = DIRECTION('',(0.290275265163,-0.956943190808,-3.469446951954E-18
    ));
#1327 = ADVANCED_FACE('',(#1328),#1345,.T.);
#1328 = FACE_BOUND('',#1329,.T.);
#1329 = EDGE_LOOP('',(#1330,#1331,#1339));
#1330 = ORIENTED_EDGE('',*,*,#1293,.F.);
#1331 = ORIENTED_EDGE('',*,*,#1332,.T.);
#1332 = EDGE_CURVE('',#1264,#1333,#1335,.T.);
#1333 = VERTEX_POINT('',#1334);
#1334 = CARTESIAN_POINT('',(24.207746505737,-15.85455226898,
    0.397545158863));
#1335 = LINE('',#1336,#1337);
#1336 = CARTESIAN_POINT('',(24.253063201904,-15.93933486938,
    0.397545158863));
#1337 = VECTOR('',#1338,1.);
#1338 = DIRECTION('',(-0.471392304084,0.881923633684,0.));
#1339 = ORIENTED_EDGE('',*,*,#1340,.F.);
#1340 = EDGE_CURVE('',#1294,#1333,#1341,.T.);
#1341 = LINE('',#1342,#1343);
#1342 = CARTESIAN_POINT('',(24.215734481812,-15.84921455383,
    0.300000011921));
#1343 = VECTOR('',#1344,1.);
#1344 = DIRECTION('',(-8.149572804161E-02,-5.445697108989E-02,
    0.995184849468));
#1345 = PLANE('',#1346);
#1346 = AXIS2_PLACEMENT_3D('',#1347,#1348,#1349);
#1347 = CARTESIAN_POINT('',(24.226555248148,-15.88253578449,
    0.362890861013));
#1348 = DIRECTION('',(-0.87771757273,-0.469144144847,-9.7548110574E-02)
  );
#1349 = DIRECTION('',(0.471392304084,-0.881923633684,0.));
#1350 = ADVANCED_FACE('',(#1351),#1368,.T.);
#1351 = FACE_BOUND('',#1352,.T.);
#1352 = EDGE_LOOP('',(#1353,#1361,#1362));
#1353 = ORIENTED_EDGE('',*,*,#1354,.F.);
#1354 = EDGE_CURVE('',#1294,#1355,#1357,.T.);
#1355 = VERTEX_POINT('',#1356);
#1356 = CARTESIAN_POINT('',(24.153553009033,-15.77344703674,
    0.300000011921));
#1357 = LINE('',#1358,#1359);
#1358 = CARTESIAN_POINT('',(24.215734481812,-15.84921455383,
    0.300000011921));
#1359 = VECTOR('',#1360,1.);
#1360 = DIRECTION('',(-0.634397420351,0.773007058863,0.));
#1361 = ORIENTED_EDGE('',*,*,#1340,.T.);
#1362 = ORIENTED_EDGE('',*,*,#1363,.T.);
#1363 = EDGE_CURVE('',#1333,#1355,#1364,.T.);
#1364 = LINE('',#1365,#1366);
#1365 = CARTESIAN_POINT('',(24.207746505737,-15.85455226898,
    0.397545158863));
#1366 = VECTOR('',#1367,1.);
#1367 = DIRECTION('',(-0.392850413896,0.587934456935,-0.707107931401));
#1368 = PLANE('',#1369);
#1369 = AXIS2_PLACEMENT_3D('',#1370,#1371,#1372);
#1370 = CARTESIAN_POINT('',(24.190946388639,-15.82433449865,
    0.334458924971));
#1371 = DIRECTION('',(-0.76932040197,-0.631371826217,-9.754863490436E-02
    ));
#1372 = DIRECTION('',(0.634397420351,-0.773007058863,-6.938893903907E-18
    ));
#1373 = ADVANCED_FACE('',(#1374),#1391,.T.);
#1374 = FACE_BOUND('',#1375,.T.);
#1375 = EDGE_LOOP('',(#1376,#1377,#1385));
#1376 = ORIENTED_EDGE('',*,*,#1363,.F.);
#1377 = ORIENTED_EDGE('',*,*,#1378,.T.);
#1378 = EDGE_CURVE('',#1333,#1379,#1381,.T.);
#1379 = VERTEX_POINT('',#1380);
#1380 = CARTESIAN_POINT('',(24.146759033203,-15.78024005889,
    0.397545158863));
#1381 = LINE('',#1382,#1383);
#1382 = CARTESIAN_POINT('',(24.207746505737,-15.85455226898,
    0.397545158863));
#1383 = VECTOR('',#1384,1.);
#1384 = DIRECTION('',(-0.634399610646,0.77300526131,0.));
#1385 = ORIENTED_EDGE('',*,*,#1386,.F.);
#1386 = EDGE_CURVE('',#1355,#1379,#1387,.T.);
#1387 = LINE('',#1388,#1389);
#1388 = CARTESIAN_POINT('',(24.153553009033,-15.77344703674,
    0.300000011921));
#1389 = VECTOR('',#1390,1.);
#1390 = DIRECTION('',(-6.931416390406E-02,-6.930443423478E-02,
    0.995184627131));
#1391 = PLANE('',#1392);
#1392 = AXIS2_PLACEMENT_3D('',#1393,#1394,#1395);
#1393 = CARTESIAN_POINT('',(24.170666415364,-15.80401649452,
    0.362890922799));
#1394 = DIRECTION('',(-0.769318402379,-0.63137383322,-9.755141457398E-02
    ));
#1395 = DIRECTION('',(0.634399610646,-0.77300526131,6.938893903907E-18)
  );
#1396 = ADVANCED_FACE('',(#1397),#1414,.T.);
#1397 = FACE_BOUND('',#1398,.T.);
#1398 = EDGE_LOOP('',(#1399,#1400,#1408));
#1399 = ORIENTED_EDGE('',*,*,#1386,.T.);
#1400 = ORIENTED_EDGE('',*,*,#1401,.T.);
#1401 = EDGE_CURVE('',#1379,#1402,#1404,.T.);
#1402 = VERTEX_POINT('',#1403);
#1403 = CARTESIAN_POINT('',(24.07244682312,-15.71925354003,
    0.397545158863));
#1404 = LINE('',#1405,#1406);
#1405 = CARTESIAN_POINT('',(24.146759033203,-15.78024005889,
    0.397545158863));
#1406 = VECTOR('',#1407,1.);
#1407 = DIRECTION('',(-0.773010126148,0.634393682876,0.));
#1408 = ORIENTED_EDGE('',*,*,#1409,.T.);
#1409 = EDGE_CURVE('',#1402,#1355,#1410,.T.);
#1410 = LINE('',#1411,#1412);
#1411 = CARTESIAN_POINT('',(24.07244682312,-15.71925354003,
    0.397545158863));
#1412 = VECTOR('',#1413,1.);
#1413 = DIRECTION('',(0.587938980454,-0.392848817149,-0.707105057348));
#1414 = PLANE('',#1415);
#1415 = AXIS2_PLACEMENT_3D('',#1416,#1417,#1418);
#1416 = CARTESIAN_POINT('',(24.122982943905,-15.75633334679,
    0.36289083583));
#1417 = DIRECTION('',(-0.631368021327,-0.769323350762,
    -9.755000573317E-02));
#1418 = DIRECTION('',(-0.773010126148,0.634393682876,0.));
#1419 = ADVANCED_FACE('',(#1420),#1435,.T.);
#1420 = FACE_BOUND('',#1421,.T.);
#1421 = EDGE_LOOP('',(#1422,#1428,#1429));
#1422 = ORIENTED_EDGE('',*,*,#1423,.F.);
#1423 = EDGE_CURVE('',#1355,#1178,#1424,.T.);
#1424 = LINE('',#1425,#1426);
#1425 = CARTESIAN_POINT('',(24.153553009033,-15.77344703674,
    0.300000011921));
#1426 = VECTOR('',#1427,1.);
#1427 = DIRECTION('',(-0.773007058863,0.634397420351,0.));
#1428 = ORIENTED_EDGE('',*,*,#1409,.F.);
#1429 = ORIENTED_EDGE('',*,*,#1430,.T.);
#1430 = EDGE_CURVE('',#1402,#1178,#1431,.T.);
#1431 = LINE('',#1432,#1433);
#1432 = CARTESIAN_POINT('',(24.07244682312,-15.71925354003,
    0.397545158863));
#1433 = VECTOR('',#1434,1.);
#1434 = DIRECTION('',(5.446667189968E-02,8.14956848574E-02,
    -0.995184322124));
#1435 = PLANE('',#1436);
#1436 = AXIS2_PLACEMENT_3D('',#1437,#1438,#1439);
#1437 = CARTESIAN_POINT('',(24.102665223293,-15.73605367119,
    0.334458951227));
#1438 = DIRECTION('',(-0.631371446028,-0.769319938714,
    -9.755474892366E-02));
#1439 = DIRECTION('',(-0.773007058863,0.634397420351,0.));
#1440 = ADVANCED_FACE('',(#1441),#1458,.T.);
#1441 = FACE_BOUND('',#1442,.T.);
#1442 = EDGE_LOOP('',(#1443,#1444,#1452));
#1443 = ORIENTED_EDGE('',*,*,#1430,.F.);
#1444 = ORIENTED_EDGE('',*,*,#1445,.T.);
#1445 = EDGE_CURVE('',#1402,#1446,#1448,.T.);
#1446 = VERTEX_POINT('',#1447);
#1447 = CARTESIAN_POINT('',(23.987665176392,-15.67393589019,
    0.397545158863));
#1448 = LINE('',#1449,#1450);
#1449 = CARTESIAN_POINT('',(24.07244682312,-15.71925354003,
    0.397545158863));
#1450 = VECTOR('',#1451,1.);
#1451 = DIRECTION('',(-0.881917305002,0.471404144167,0.));
#1452 = ORIENTED_EDGE('',*,*,#1453,.F.);
#1453 = EDGE_CURVE('',#1178,#1446,#1454,.T.);
#1454 = LINE('',#1455,#1456);
#1455 = CARTESIAN_POINT('',(24.077785491943,-15.71126556396,
    0.300000011921));
#1456 = VECTOR('',#1457,1.);
#1457 = DIRECTION('',(-0.653281963463,0.270602720648,0.707104549407));
#1458 = PLANE('',#1459);
#1459 = AXIS2_PLACEMENT_3D('',#1460,#1461,#1462);
#1460 = CARTESIAN_POINT('',(24.04446399517,-15.70044446228,
    0.362890806981));
#1461 = DIRECTION('',(-0.469155712635,-0.877710870456,
    -9.755278153631E-02));
#1462 = DIRECTION('',(-0.881917305002,0.471404144167,6.938893903907E-18)
  );
#1463 = ADVANCED_FACE('',(#1464),#1474,.T.);
#1464 = FACE_BOUND('',#1465,.T.);
#1465 = EDGE_LOOP('',(#1466,#1467,#1468));
#1466 = ORIENTED_EDGE('',*,*,#1185,.F.);
#1467 = ORIENTED_EDGE('',*,*,#1453,.T.);
#1468 = ORIENTED_EDGE('',*,*,#1469,.T.);
#1469 = EDGE_CURVE('',#1446,#1186,#1470,.T.);
#1470 = LINE('',#1471,#1472);
#1471 = CARTESIAN_POINT('',(23.987665176392,-15.67393589019,
    0.397545158863));
#1472 = VECTOR('',#1473,1.);
#1473 = DIRECTION('',(3.751760386602E-02,9.055402987061E-02,
    -0.99518460452));
#1474 = PLANE('',#1475);
#1475 = AXIS2_PLACEMENT_3D('',#1476,#1477,#1478);
#1476 = CARTESIAN_POINT('',(24.020580381605,-15.68451813508,
    0.334458911605));
#1477 = DIRECTION('',(-0.469154732613,-0.877711522672,
    -9.755162651323E-02));
#1478 = DIRECTION('',(-0.881917860019,0.471403105822,0.));
#1479 = ADVANCED_FACE('',(#1480),#1497,.T.);
#1480 = FACE_BOUND('',#1481,.T.);
#1481 = EDGE_LOOP('',(#1482,#1483,#1491));
#1482 = ORIENTED_EDGE('',*,*,#1469,.F.);
#1483 = ORIENTED_EDGE('',*,*,#1484,.T.);
#1484 = EDGE_CURVE('',#1446,#1485,#1487,.T.);
#1485 = VERTEX_POINT('',#1486);
#1486 = CARTESIAN_POINT('',(23.89754486084,-15.6366071701,0.300000011921
    ));
#1487 = LINE('',#1488,#1489);
#1488 = CARTESIAN_POINT('',(23.987665176392,-15.67393589019,
    0.397545158863));
#1489 = VECTOR('',#1490,1.);
#1490 = DIRECTION('',(-0.653283185562,0.270596313671,-0.707105872193));
#1491 = ORIENTED_EDGE('',*,*,#1492,.F.);
#1492 = EDGE_CURVE('',#1186,#1485,#1493,.T.);
#1493 = LINE('',#1494,#1495);
#1494 = CARTESIAN_POINT('',(23.991342544556,-15.66506004333,
    0.300000011921));
#1495 = VECTOR('',#1496,1.);
#1496 = DIRECTION('',(-0.956941307951,0.29028147226,0.));
#1497 = PLANE('',#1498);
#1498 = AXIS2_PLACEMENT_3D('',#1499,#1500,#1501);
#1499 = CARTESIAN_POINT('',(23.956908391128,-15.65814422401,
    0.334458775191));
#1500 = DIRECTION('',(-0.288897009232,-0.952377289961,-9.75500672666E-02
    ));
#1501 = DIRECTION('',(-0.956941307951,0.29028147226,-3.469446951954E-18)
  );
#1502 = ADVANCED_FACE('',(#1503),#1520,.T.);
#1503 = FACE_BOUND('',#1504,.T.);
#1504 = EDGE_LOOP('',(#1505,#1506,#1514));
#1505 = ORIENTED_EDGE('',*,*,#1484,.F.);
#1506 = ORIENTED_EDGE('',*,*,#1507,.T.);
#1507 = EDGE_CURVE('',#1446,#1508,#1510,.T.);
#1508 = VERTEX_POINT('',#1509);
#1509 = CARTESIAN_POINT('',(23.895669937134,-15.64603042602,
    0.397545158863));
#1510 = LINE('',#1511,#1512);
#1511 = CARTESIAN_POINT('',(23.987665176392,-15.67393589019,
    0.397545158863));
#1512 = VECTOR('',#1513,1.);
#1513 = DIRECTION('',(-0.95694318641,0.290275279664,0.));
#1514 = ORIENTED_EDGE('',*,*,#1515,.F.);
#1515 = EDGE_CURVE('',#1485,#1508,#1516,.T.);
#1516 = LINE('',#1517,#1518);
#1517 = CARTESIAN_POINT('',(23.89754486084,-15.6366071701,0.300000011921
    ));
#1518 = VECTOR('',#1519,1.);
#1519 = DIRECTION('',(-1.912852000226E-02,-9.613881289031E-02,
    0.995184117829));
#1520 = PLANE('',#1521);
#1521 = AXIS2_PLACEMENT_3D('',#1522,#1523,#1524);
#1522 = CARTESIAN_POINT('',(23.928757807985,-15.65251737947,
    0.362890937564));
#1523 = DIRECTION('',(-0.28889066554,-0.952378563981,-9.755641564037E-02
    ));
#1524 = DIRECTION('',(-0.95694318641,0.290275279664,0.));
#1525 = ADVANCED_FACE('',(#1526),#1550,.T.);
#1526 = FACE_BOUND('',#1527,.T.);
#1527 = EDGE_LOOP('',(#1528,#1536,#1544));
#1528 = ORIENTED_EDGE('',*,*,#1529,.F.);
#1529 = EDGE_CURVE('',#1485,#1530,#1532,.T.);
#1530 = VERTEX_POINT('',#1531);
#1531 = CARTESIAN_POINT('',(23.799999237061,-15.62699985504,
    0.300000011921));
#1532 = LINE('',#1533,#1534);
#1533 = CARTESIAN_POINT('',(23.89754486084,-15.6366071701,0.300000011921
    ));
#1534 = VECTOR('',#1535,1.);
#1535 = DIRECTION('',(-0.99518481655,9.801622777686E-02,0.));
#1536 = ORIENTED_EDGE('',*,*,#1537,.T.);
#1537 = EDGE_CURVE('',#1485,#1538,#1540,.T.);
#1538 = VERTEX_POINT('',#1539);
#1539 = CARTESIAN_POINT('',(23.799999237061,-15.6366071701,
    0.397545158863));
#1540 = LINE('',#1541,#1542);
#1541 = CARTESIAN_POINT('',(23.89754486084,-15.6366071701,0.300000011921
    ));
#1542 = VECTOR('',#1543,1.);
#1543 = DIRECTION('',(-0.707108509481,0.,0.707105052887));
#1544 = ORIENTED_EDGE('',*,*,#1545,.F.);
#1545 = EDGE_CURVE('',#1530,#1538,#1546,.T.);
#1546 = LINE('',#1547,#1548);
#1547 = CARTESIAN_POINT('',(23.799999237061,-15.62699985504,
    0.300000011921));
#1548 = VECTOR('',#1549,1.);
#1549 = DIRECTION('',(0.,-9.801670231362E-02,0.995184769813));
#1550 = PLANE('',#1551);
#1551 = AXIS2_PLACEMENT_3D('',#1552,#1553,#1554);
#1552 = CARTESIAN_POINT('',(23.834458308567,-15.63378762903,
    0.334458845681));
#1553 = DIRECTION('',(-9.754875899954E-02,-0.990438481786,
    -9.754923585435E-02));
#1554 = DIRECTION('',(0.,9.801670231362E-02,-0.995184769813));
#1555 = ADVANCED_FACE('',(#1556),#1566,.T.);
#1556 = FACE_BOUND('',#1557,.T.);
#1557 = EDGE_LOOP('',(#1558,#1559,#1565));
#1558 = ORIENTED_EDGE('',*,*,#1515,.T.);
#1559 = ORIENTED_EDGE('',*,*,#1560,.T.);
#1560 = EDGE_CURVE('',#1508,#1538,#1561,.T.);
#1561 = LINE('',#1562,#1563);
#1562 = CARTESIAN_POINT('',(23.895669937134,-15.64603042602,
    0.397545158863));
#1563 = VECTOR('',#1564,1.);
#1564 = DIRECTION('',(-0.995184204695,9.802243990702E-02,0.));
#1565 = ORIENTED_EDGE('',*,*,#1537,.F.);
#1566 = PLANE('',#1567);
#1567 = AXIS2_PLACEMENT_3D('',#1568,#1569,#1570);
#1568 = CARTESIAN_POINT('',(23.862618941321,-15.63936165431,
    0.362890844816));
#1569 = DIRECTION('',(-9.755488266486E-02,-0.990437275496,
    -9.755535954961E-02));
#1570 = DIRECTION('',(0.,9.802291447327E-02,-0.995184157952));
#1571 = ADVANCED_FACE('',(#1572),#1589,.T.);
#1572 = FACE_BOUND('',#1573,.T.);
#1573 = EDGE_LOOP('',(#1574,#1582,#1588));
#1574 = ORIENTED_EDGE('',*,*,#1575,.F.);
#1575 = EDGE_CURVE('',#1576,#1208,#1578,.T.);
#1576 = VERTEX_POINT('',#1577);
#1577 = CARTESIAN_POINT('',(24.261940002441,-16.12700080871,
    0.491341710091));
#1578 = LINE('',#1579,#1580);
#1579 = CARTESIAN_POINT('',(24.261940002441,-16.12700080871,
    0.491341710091));
#1580 = VECTOR('',#1581,1.);
#1581 = DIRECTION('',(0.290275771916,0.,-0.956943037092));
#1582 = ORIENTED_EDGE('',*,*,#1583,.T.);
#1583 = EDGE_CURVE('',#1576,#1240,#1584,.T.);
#1584 = LINE('',#1585,#1586);
#1585 = CARTESIAN_POINT('',(24.261940002441,-16.12700080871,
    0.491341710091));
#1586 = VECTOR('',#1587,1.);
#1587 = DIRECTION('',(0.14062039862,0.706977968806,-0.69311474888));
#1588 = ORIENTED_EDGE('',*,*,#1239,.F.);
#1589 = PLANE('',#1590);
#1590 = AXIS2_PLACEMENT_3D('',#1591,#1592,#1593);
#1591 = CARTESIAN_POINT('',(24.277007196547,-16.09339537169,
    0.430759422134));
#1592 = DIRECTION('',(-0.952721352691,-9.382861806804E-02,
    -0.288995180856));
#1593 = DIRECTION('',(0.290275771916,3.469446951954E-18,-0.956943037092)
  );
#1594 = ADVANCED_FACE('',(#1595),#1612,.T.);
#1595 = FACE_BOUND('',#1596,.T.);
#1596 = EDGE_LOOP('',(#1597,#1605,#1611));
#1597 = ORIENTED_EDGE('',*,*,#1598,.T.);
#1598 = EDGE_CURVE('',#1333,#1599,#1601,.T.);
#1599 = VERTEX_POINT('',#1600);
#1600 = CARTESIAN_POINT('',(24.184089660645,-15.87036037445,
    0.491341710091));
#1601 = LINE('',#1602,#1603);
#1602 = CARTESIAN_POINT('',(24.207746505737,-15.85455226898,
    0.397545158863));
#1603 = VECTOR('',#1604,1.);
#1604 = DIRECTION('',(-0.241354470037,-0.161279194362,0.956941503572));
#1605 = ORIENTED_EDGE('',*,*,#1606,.T.);
#1606 = EDGE_CURVE('',#1599,#1379,#1607,.T.);
#1607 = LINE('',#1608,#1609);
#1608 = CARTESIAN_POINT('',(24.184089660645,-15.87036037445,
    0.491341710091));
#1609 = VECTOR('',#1610,1.);
#1610 = DIRECTION('',(-0.275857672093,0.665951315589,-0.693117154609));
#1611 = ORIENTED_EDGE('',*,*,#1378,.F.);
#1612 = PLANE('',#1613);
#1613 = AXIS2_PLACEMENT_3D('',#1614,#1615,#1616);
#1614 = CARTESIAN_POINT('',(24.17794729177,-15.83404766298,
    0.430759540865));
#1615 = DIRECTION('',(-0.740020270347,-0.607329076367,-0.289000679021));
#1616 = DIRECTION('',(0.634399610646,-0.77300526131,0.));
#1617 = ADVANCED_FACE('',(#1618),#1628,.T.);
#1618 = FACE_BOUND('',#1619,.T.);
#1619 = EDGE_LOOP('',(#1620,#1621,#1627));
#1620 = ORIENTED_EDGE('',*,*,#1332,.F.);
#1621 = ORIENTED_EDGE('',*,*,#1622,.T.);
#1622 = EDGE_CURVE('',#1264,#1599,#1623,.T.);
#1623 = LINE('',#1624,#1625);
#1624 = CARTESIAN_POINT('',(24.253063201904,-15.93933486938,
    0.397545158863));
#1625 = VECTOR('',#1626,1.);
#1626 = DIRECTION('',(-0.509691325707,0.50969837304,0.69312503996));
#1627 = ORIENTED_EDGE('',*,*,#1598,.F.);
#1628 = PLANE('',#1629);
#1629 = AXIS2_PLACEMENT_3D('',#1630,#1631,#1632);
#1630 = CARTESIAN_POINT('',(24.215286974393,-15.88993020307,
    0.430759521015));
#1631 = DIRECTION('',(-0.84429140252,-0.451277700644,-0.288999073583));
#1632 = DIRECTION('',(0.471392304084,-0.881923633684,1.387778780781E-17)
  );
#1633 = ADVANCED_FACE('',(#1634),#1651,.T.);
#1634 = FACE_BOUND('',#1635,.T.);
#1635 = EDGE_LOOP('',(#1636,#1644,#1650));
#1636 = ORIENTED_EDGE('',*,*,#1637,.T.);
#1637 = EDGE_CURVE('',#1240,#1638,#1640,.T.);
#1638 = VERTEX_POINT('',#1639);
#1639 = CARTESIAN_POINT('',(24.253063201904,-16.03688049316,
    0.491341710091));
#1640 = LINE('',#1641,#1642);
#1641 = CARTESIAN_POINT('',(24.280969619751,-16.03132820129,
    0.397545158863));
#1642 = VECTOR('',#1643,1.);
#1643 = DIRECTION('',(-0.284709135175,-5.664604555348E-02,0.956938834969
    ));
#1644 = ORIENTED_EDGE('',*,*,#1645,.T.);
#1645 = EDGE_CURVE('',#1638,#1264,#1646,.T.);
#1646 = LINE('',#1647,#1648);
#1647 = CARTESIAN_POINT('',(24.253063201904,-16.03688049316,
    0.491341710091));
#1648 = VECTOR('',#1649,1.);
#1649 = DIRECTION('',(0.,0.72082316222,-0.693119014894));
#1650 = ORIENTED_EDGE('',*,*,#1263,.F.);
#1651 = PLANE('',#1652);
#1652 = AXIS2_PLACEMENT_3D('',#1653,#1654,#1655);
#1653 = CARTESIAN_POINT('',(24.261285416603,-16.00098144252,
    0.430759660402));
#1654 = DIRECTION('',(-0.916102459267,-0.277902077119,-0.289009895432));
#1655 = DIRECTION('',(0.300860987724,0.,-0.953668006209));
#1656 = ADVANCED_FACE('',(#1657),#1667,.T.);
#1657 = FACE_BOUND('',#1658,.T.);
#1658 = EDGE_LOOP('',(#1659,#1660,#1666));
#1659 = ORIENTED_EDGE('',*,*,#1583,.F.);
#1660 = ORIENTED_EDGE('',*,*,#1661,.T.);
#1661 = EDGE_CURVE('',#1576,#1638,#1662,.T.);
#1662 = LINE('',#1663,#1664);
#1663 = CARTESIAN_POINT('',(24.261940002441,-16.12700080871,
    0.491341710091));
#1664 = VECTOR('',#1665,1.);
#1665 = DIRECTION('',(-9.802506057923E-02,0.995183946564,0.));
#1666 = ORIENTED_EDGE('',*,*,#1637,.F.);
#1667 = PLANE('',#1668);
#1668 = AXIS2_PLACEMENT_3D('',#1669,#1670,#1671);
#1669 = CARTESIAN_POINT('',(24.266210619931,-16.06630473908,
    0.457555328422));
#1670 = DIRECTION('',(-0.952716206021,-9.384201195413E-02,
    -0.289007798472));
#1671 = DIRECTION('',(0.290288813525,-3.469446951954E-18,-0.956939080999
    ));
#1672 = ADVANCED_FACE('',(#1673),#1690,.T.);
#1673 = FACE_BOUND('',#1674,.T.);
#1674 = EDGE_LOOP('',(#1675,#1676,#1684));
#1675 = ORIENTED_EDGE('',*,*,#1645,.F.);
#1676 = ORIENTED_EDGE('',*,*,#1677,.T.);
#1677 = EDGE_CURVE('',#1638,#1678,#1680,.T.);
#1678 = VERTEX_POINT('',#1679);
#1679 = CARTESIAN_POINT('',(24.226776123047,-15.95022296905,
    0.491341710091));
#1680 = LINE('',#1681,#1682);
#1681 = CARTESIAN_POINT('',(24.253063201904,-16.03688049316,
    0.491341710091));
#1682 = VECTOR('',#1683,1.);
#1683 = DIRECTION('',(-0.290282718602,0.956940929881,0.));
#1684 = ORIENTED_EDGE('',*,*,#1685,.T.);
#1685 = EDGE_CURVE('',#1678,#1264,#1686,.T.);
#1686 = LINE('',#1687,#1688);
#1687 = CARTESIAN_POINT('',(24.226776123047,-15.95022296905,
    0.491341710091));
#1688 = VECTOR('',#1689,1.);
#1689 = DIRECTION('',(0.268188669427,0.111083661255,-0.956940571715));
#1690 = PLANE('',#1691);
#1691 = AXIS2_PLACEMENT_3D('',#1692,#1693,#1694);
#1692 = CARTESIAN_POINT('',(24.24541104189,-15.97651776761,
    0.457555408584));
#1693 = DIRECTION('',(-0.916106424118,-0.277895797973,-0.289003365306));
#1694 = DIRECTION('',(0.300853620908,0.,-0.953670330243));
#1695 = ADVANCED_FACE('',(#1696),#1706,.T.);
#1696 = FACE_BOUND('',#1697,.T.);
#1697 = EDGE_LOOP('',(#1698,#1699,#1705));
#1698 = ORIENTED_EDGE('',*,*,#1685,.F.);
#1699 = ORIENTED_EDGE('',*,*,#1700,.T.);
#1700 = EDGE_CURVE('',#1678,#1599,#1701,.T.);
#1701 = LINE('',#1702,#1703);
#1702 = CARTESIAN_POINT('',(24.226776123047,-15.95022296905,
    0.491341710091));
#1703 = VECTOR('',#1704,1.);
#1704 = DIRECTION('',(-0.471388287183,0.881925780725,0.));
#1705 = ORIENTED_EDGE('',*,*,#1622,.F.);
#1706 = PLANE('',#1707);
#1707 = AXIS2_PLACEMENT_3D('',#1708,#1709,#1710);
#1708 = CARTESIAN_POINT('',(24.221360631994,-15.91845363965,
    0.457555243728));
#1709 = DIRECTION('',(-0.844292399151,-0.451273289221,-0.289003050454));
#1710 = DIRECTION('',(0.471388287183,-0.881925780725,-1.387778780781E-17
    ));
#1711 = ADVANCED_FACE('',(#1712),#1729,.T.);
#1712 = FACE_BOUND('',#1713,.T.);
#1713 = EDGE_LOOP('',(#1714,#1715,#1723));
#1714 = ORIENTED_EDGE('',*,*,#1606,.F.);
#1715 = ORIENTED_EDGE('',*,*,#1716,.T.);
#1716 = EDGE_CURVE('',#1599,#1717,#1719,.T.);
#1717 = VERTEX_POINT('',#1718);
#1718 = CARTESIAN_POINT('',(24.126640319824,-15.80035972595,
    0.491341710091));
#1719 = LINE('',#1720,#1721);
#1720 = CARTESIAN_POINT('',(24.184089660645,-15.87036037445,
    0.491341710091));
#1721 = VECTOR('',#1722,1.);
#1722 = DIRECTION('',(-0.634401817753,0.773003449948,0.));
#1723 = ORIENTED_EDGE('',*,*,#1724,.F.);
#1724 = EDGE_CURVE('',#1379,#1717,#1725,.T.);
#1725 = LINE('',#1726,#1727);
#1726 = CARTESIAN_POINT('',(24.146759033203,-15.78024005889,
    0.397545158863));
#1727 = VECTOR('',#1728,1.);
#1728 = DIRECTION('',(-0.20525712753,-0.2052668572,0.956940452135));
#1729 = PLANE('',#1730);
#1730 = AXIS2_PLACEMENT_3D('',#1731,#1732,#1733);
#1731 = CARTESIAN_POINT('',(24.153919384251,-15.81752111976,
    0.457555382183));
#1732 = DIRECTION('',(-0.740017954504,-0.607330711834,-0.289003172083));
#1733 = DIRECTION('',(0.634401817753,-0.773003449948,0.));
#1734 = ADVANCED_FACE('',(#1735),#1752,.T.);
#1735 = FACE_BOUND('',#1736,.T.);
#1736 = EDGE_LOOP('',(#1737,#1738,#1746));
#1737 = ORIENTED_EDGE('',*,*,#1724,.T.);
#1738 = ORIENTED_EDGE('',*,*,#1739,.T.);
#1739 = EDGE_CURVE('',#1717,#1740,#1742,.T.);
#1740 = VERTEX_POINT('',#1741);
#1741 = CARTESIAN_POINT('',(24.056640625,-15.7429113388,0.491341710091)
  );
#1742 = LINE('',#1743,#1744);
#1743 = CARTESIAN_POINT('',(24.126640319824,-15.80035972595,
    0.491341710091));
#1744 = VECTOR('',#1745,1.);
#1745 = DIRECTION('',(-0.773004375964,0.634400689423,0.));
#1746 = ORIENTED_EDGE('',*,*,#1747,.T.);
#1747 = EDGE_CURVE('',#1740,#1379,#1748,.T.);
#1748 = LINE('',#1749,#1750);
#1749 = CARTESIAN_POINT('',(24.056640625,-15.7429113388,0.491341710091)
  );
#1750 = VECTOR('',#1751,1.);
#1751 = DIRECTION('',(0.665946060999,-0.275847239244,-0.693126355322));
#1752 = PLANE('',#1753);
#1753 = AXIS2_PLACEMENT_3D('',#1754,#1755,#1756);
#1754 = CARTESIAN_POINT('',(24.109479032094,-15.77308072033,
    0.457555314894));
#1755 = DIRECTION('',(-0.607329402149,-0.74001856136,-0.289004370432));
#1756 = DIRECTION('',(-0.773004375964,0.634400689423,0.));
#1757 = ADVANCED_FACE('',(#1758),#1775,.T.);
#1758 = FACE_BOUND('',#1759,.T.);
#1759 = EDGE_LOOP('',(#1760,#1768,#1774));
#1760 = ORIENTED_EDGE('',*,*,#1761,.T.);
#1761 = EDGE_CURVE('',#1576,#1762,#1764,.T.);
#1762 = VERTEX_POINT('',#1763);
#1763 = CARTESIAN_POINT('',(24.207746505737,-16.0458946228,
    0.577785134315));
#1764 = LINE('',#1765,#1766);
#1765 = CARTESIAN_POINT('',(24.261940002441,-16.12700080871,
    0.491341710091));
#1766 = VECTOR('',#1767,1.);
#1767 = DIRECTION('',(-0.415796644967,0.622282783724,0.663232453304));
#1768 = ORIENTED_EDGE('',*,*,#1769,.T.);
#1769 = EDGE_CURVE('',#1762,#1638,#1770,.T.);
#1770 = LINE('',#1771,#1772);
#1771 = CARTESIAN_POINT('',(24.207746505737,-16.0458946228,
    0.577785134315));
#1772 = VECTOR('',#1773,1.);
#1773 = DIRECTION('',(0.4623352877,9.196500566822E-02,-0.88192319364));
#1774 = ORIENTED_EDGE('',*,*,#1661,.F.);
#1775 = PLANE('',#1776);
#1776 = AXIS2_PLACEMENT_3D('',#1777,#1778,#1779);
#1777 = CARTESIAN_POINT('',(24.239913089477,-16.07131866963,
    0.522290350838));
#1778 = DIRECTION('',(-0.878614046942,-8.654299084571E-02,
    -0.469625028348));
#1779 = DIRECTION('',(0.471393642115,0.,-0.881922918499));
#1780 = ADVANCED_FACE('',(#1781),#1791,.T.);
#1781 = FACE_BOUND('',#1782,.T.);
#1782 = EDGE_LOOP('',(#1783,#1784,#1790));
#1783 = ORIENTED_EDGE('',*,*,#1769,.F.);
#1784 = ORIENTED_EDGE('',*,*,#1785,.T.);
#1785 = EDGE_CURVE('',#1762,#1678,#1786,.T.);
#1786 = LINE('',#1787,#1788);
#1787 = CARTESIAN_POINT('',(24.207746505737,-16.0458946228,
    0.577785134315));
#1788 = VECTOR('',#1789,1.);
#1789 = DIRECTION('',(0.146003514364,0.734034607473,-0.663231610242));
#1790 = ORIENTED_EDGE('',*,*,#1677,.F.);
#1791 = PLANE('',#1792);
#1792 = AXIS2_PLACEMENT_3D('',#1793,#1794,#1795);
#1793 = CARTESIAN_POINT('',(24.227734967027,-16.01009605426,
    0.522290320705));
#1794 = DIRECTION('',(-0.844850636136,-0.256280750266,-0.469624935096));
#1795 = DIRECTION('',(0.48585120499,1.387778780781E-17,-0.874041535975)
  );
#1796 = ADVANCED_FACE('',(#1797),#1814,.T.);
#1797 = FACE_BOUND('',#1798,.T.);
#1798 = EDGE_LOOP('',(#1799,#1800,#1808));
#1799 = ORIENTED_EDGE('',*,*,#1700,.F.);
#1800 = ORIENTED_EDGE('',*,*,#1801,.T.);
#1801 = EDGE_CURVE('',#1678,#1802,#1804,.T.);
#1802 = VERTEX_POINT('',#1803);
#1803 = CARTESIAN_POINT('',(24.184089660645,-15.96790504455,
    0.577785134315));
#1804 = LINE('',#1805,#1806);
#1805 = CARTESIAN_POINT('',(24.226776123047,-15.95022296905,
    0.491341710091));
#1806 = VECTOR('',#1807,1.);
#1807 = DIRECTION('',(-0.435502342323,-0.180398769638,0.881926297229));
#1808 = ORIENTED_EDGE('',*,*,#1809,.T.);
#1809 = EDGE_CURVE('',#1802,#1599,#1810,.T.);
#1810 = LINE('',#1811,#1812);
#1811 = CARTESIAN_POINT('',(24.184089660645,-15.96790504455,
    0.577785134315));
#1812 = VECTOR('',#1813,1.);
#1813 = DIRECTION('',(0.,0.748410249398,-0.66323608059));
#1814 = PLANE('',#1815);
#1815 = AXIS2_PLACEMENT_3D('',#1816,#1817,#1818);
#1816 = CARTESIAN_POINT('',(24.196710017026,-15.92889521073,
    0.522290471296));
#1817 = DIRECTION('',(-0.77862467146,-0.416173966403,-0.469619900219));
#1818 = DIRECTION('',(0.516471617783,-2.775557561563E-17,-0.856304308073
    ));
#1819 = ADVANCED_FACE('',(#1820),#1837,.T.);
#1820 = FACE_BOUND('',#1821,.T.);
#1821 = EDGE_LOOP('',(#1822,#1830,#1836));
#1822 = ORIENTED_EDGE('',*,*,#1823,.T.);
#1823 = EDGE_CURVE('',#1599,#1824,#1826,.T.);
#1824 = VERTEX_POINT('',#1825);
#1825 = CARTESIAN_POINT('',(24.093969345093,-15.83303070068,
    0.577785134315));
#1826 = LINE('',#1827,#1828);
#1827 = CARTESIAN_POINT('',(24.184089660645,-15.87036037445,
    0.491341710091));
#1828 = VECTOR('',#1829,1.);
#1829 = DIRECTION('',(-0.69144264487,0.286409653624,0.663231919592));
#1830 = ORIENTED_EDGE('',*,*,#1831,.T.);
#1831 = EDGE_CURVE('',#1824,#1717,#1832,.T.);
#1832 = LINE('',#1833,#1834);
#1833 = CARTESIAN_POINT('',(24.093969345093,-15.83303070068,
    0.577785134315));
#1834 = VECTOR('',#1835,1.);
#1835 = DIRECTION('',(0.333320886557,0.333320886557,-0.881926512341));
#1836 = ORIENTED_EDGE('',*,*,#1716,.F.);
#1837 = PLANE('',#1838);
#1838 = AXIS2_PLACEMENT_3D('',#1839,#1840,#1841);
#1839 = CARTESIAN_POINT('',(24.134839586117,-15.83629965429,
    0.522290314592));
#1840 = DIRECTION('',(-0.682460924372,-0.560093814583,-0.469619000437));
#1841 = DIRECTION('',(0.634401817753,-0.773003449948,0.));
#1842 = ADVANCED_FACE('',(#1843),#1853,.T.);
#1843 = FACE_BOUND('',#1844,.T.);
#1844 = EDGE_LOOP('',(#1845,#1846,#1847));
#1845 = ORIENTED_EDGE('',*,*,#1739,.F.);
#1846 = ORIENTED_EDGE('',*,*,#1831,.F.);
#1847 = ORIENTED_EDGE('',*,*,#1848,.T.);
#1848 = EDGE_CURVE('',#1824,#1740,#1849,.T.);
#1849 = LINE('',#1850,#1851);
#1850 = CARTESIAN_POINT('',(24.093969345093,-15.83303070068,
    0.577785134315));
#1851 = VECTOR('',#1852,1.);
#1852 = DIRECTION('',(-0.286404385818,0.691440275065,-0.663236665001));
#1853 = PLANE('',#1854);
#1854 = AXIS2_PLACEMENT_3D('',#1855,#1856,#1857);
#1855 = CARTESIAN_POINT('',(24.090700762824,-15.79216088857,
    0.522290408958));
#1856 = DIRECTION('',(-0.560092836172,-0.682461763559,-0.469618947818));
#1857 = DIRECTION('',(-0.773004375964,0.634400689423,0.));
#1858 = ADVANCED_FACE('',(#1859),#1876,.T.);
#1859 = FACE_BOUND('',#1860,.T.);
#1860 = EDGE_LOOP('',(#1861,#1869,#1875));
#1861 = ORIENTED_EDGE('',*,*,#1862,.F.);
#1862 = EDGE_CURVE('',#1863,#1576,#1865,.T.);
#1863 = VERTEX_POINT('',#1864);
#1864 = CARTESIAN_POINT('',(24.215734481812,-16.12700080871,
    0.577785134315));
#1865 = LINE('',#1866,#1867);
#1866 = CARTESIAN_POINT('',(24.215734481812,-16.12700080871,
    0.577785134315));
#1867 = VECTOR('',#1868,1.);
#1868 = DIRECTION('',(0.471401083326,0.,-0.881918941082));
#1869 = ORIENTED_EDGE('',*,*,#1870,.T.);
#1870 = EDGE_CURVE('',#1863,#1762,#1871,.T.);
#1871 = LINE('',#1872,#1873);
#1872 = CARTESIAN_POINT('',(24.215734481812,-16.12700080871,
    0.577785134315));
#1873 = VECTOR('',#1874,1.);
#1874 = DIRECTION('',(-9.801366481352E-02,0.995185068975,0.));
#1875 = ORIENTED_EDGE('',*,*,#1761,.F.);
#1876 = PLANE('',#1877);
#1877 = AXIS2_PLACEMENT_3D('',#1878,#1879,#1880);
#1878 = CARTESIAN_POINT('',(24.230030119452,-16.09927610656,
    0.545931760804));
#1879 = DIRECTION('',(-0.878610886504,-8.653252105162E-02,
    -0.469632870355));
#1880 = DIRECTION('',(0.471401083326,-6.938893903907E-18,-0.881918941082
    ));
#1881 = ADVANCED_FACE('',(#1882),#1892,.T.);
#1882 = FACE_BOUND('',#1883,.T.);
#1883 = EDGE_LOOP('',(#1884,#1885,#1891));
#1884 = ORIENTED_EDGE('',*,*,#1785,.F.);
#1885 = ORIENTED_EDGE('',*,*,#1886,.T.);
#1886 = EDGE_CURVE('',#1762,#1802,#1887,.T.);
#1887 = LINE('',#1888,#1889);
#1888 = CARTESIAN_POINT('',(24.207746505737,-16.0458946228,
    0.577785134315));
#1889 = VECTOR('',#1890,1.);
#1890 = DIRECTION('',(-0.290273049735,0.956943862825,0.));
#1891 = ORIENTED_EDGE('',*,*,#1801,.F.);
#1892 = PLANE('',#1893);
#1893 = AXIS2_PLACEMENT_3D('',#1894,#1895,#1896);
#1894 = CARTESIAN_POINT('',(24.207905796191,-15.98804883715,
    0.545931784393));
#1895 = DIRECTION('',(-0.844856747825,-0.256273282381,-0.469618015404));
#1896 = DIRECTION('',(0.48584305102,0.,-0.874046068452));
#1897 = ADVANCED_FACE('',(#1898),#1915,.T.);
#1898 = FACE_BOUND('',#1899,.T.);
#1899 = EDGE_LOOP('',(#1900,#1901,#1909));
#1900 = ORIENTED_EDGE('',*,*,#1809,.F.);
#1901 = ORIENTED_EDGE('',*,*,#1902,.T.);
#1902 = EDGE_CURVE('',#1802,#1903,#1905,.T.);
#1903 = VERTEX_POINT('',#1904);
#1904 = CARTESIAN_POINT('',(24.145669937134,-15.89603042602,
    0.577785134315));
#1905 = LINE('',#1906,#1907);
#1906 = CARTESIAN_POINT('',(24.184089660645,-15.96790504455,
    0.577785134315));
#1907 = VECTOR('',#1908,1.);
#1908 = DIRECTION('',(-0.471415246532,0.881911370455,0.));
#1909 = ORIENTED_EDGE('',*,*,#1910,.T.);
#1910 = EDGE_CURVE('',#1903,#1599,#1911,.T.);
#1911 = LINE('',#1912,#1913);
#1912 = CARTESIAN_POINT('',(24.145669937134,-15.89603042602,
    0.577785134315));
#1913 = VECTOR('',#1914,1.);
#1914 = DIRECTION('',(0.391966736222,0.261891690386,-0.881915426899));
#1915 = PLANE('',#1916);
#1916 = AXIS2_PLACEMENT_3D('',#1917,#1918,#1919);
#1917 = CARTESIAN_POINT('',(24.172960206864,-15.91114032547,
    0.545931781954));
#1918 = DIRECTION('',(-0.778602128238,-0.416192518353,-0.469640834649));
#1919 = DIRECTION('',(0.516499464059,-2.775557561563E-17,-0.856287512245
    ));
#1920 = ADVANCED_FACE('',(#1921),#1931,.T.);
#1921 = FACE_BOUND('',#1922,.T.);
#1922 = EDGE_LOOP('',(#1923,#1924,#1930));
#1923 = ORIENTED_EDGE('',*,*,#1910,.F.);
#1924 = ORIENTED_EDGE('',*,*,#1925,.T.);
#1925 = EDGE_CURVE('',#1903,#1824,#1926,.T.);
#1926 = LINE('',#1927,#1928);
#1927 = CARTESIAN_POINT('',(24.145669937134,-15.89603042602,
    0.577785134315));
#1928 = VECTOR('',#1929,1.);
#1929 = DIRECTION('',(-0.634379013182,0.773022165034,0.));
#1930 = ORIENTED_EDGE('',*,*,#1823,.F.);
#1931 = PLANE('',#1932);
#1932 = AXIS2_PLACEMENT_3D('',#1933,#1934,#1935);
#1933 = CARTESIAN_POINT('',(24.142154297346,-15.86503600505,
    0.54593167669));
#1934 = DIRECTION('',(-0.68246913973,-0.560066863504,-0.469639203774));
#1935 = DIRECTION('',(0.634379013182,-0.773022165034,0.));
#1936 = ADVANCED_FACE('',(#1937),#1954,.T.);
#1937 = FACE_BOUND('',#1938,.T.);
#1938 = EDGE_LOOP('',(#1939,#1940,#1948));
#1939 = ORIENTED_EDGE('',*,*,#1848,.F.);
#1940 = ORIENTED_EDGE('',*,*,#1941,.T.);
#1941 = EDGE_CURVE('',#1824,#1942,#1944,.T.);
#1942 = VERTEX_POINT('',#1943);
#1943 = CARTESIAN_POINT('',(24.030969619751,-15.78132915496,
    0.577785134315));
#1944 = LINE('',#1945,#1946);
#1945 = CARTESIAN_POINT('',(24.093969345093,-15.83303070068,
    0.577785134315));
#1946 = VECTOR('',#1947,1.);
#1947 = DIRECTION('',(-0.773016426601,0.634386005682,0.));
#1948 = ORIENTED_EDGE('',*,*,#1949,.F.);
#1949 = EDGE_CURVE('',#1740,#1942,#1950,.T.);
#1950 = LINE('',#1951,#1952);
#1951 = CARTESIAN_POINT('',(24.056640625,-15.7429113388,0.491341710091)
  );
#1952 = VECTOR('',#1953,1.);
#1953 = DIRECTION('',(-0.261902750201,-0.391949267743,0.881919906201));
#1954 = PLANE('',#1955);
#1955 = AXIS2_PLACEMENT_3D('',#1956,#1957,#1958);
#1956 = CARTESIAN_POINT('',(24.061964382151,-15.7848458943,
    0.545931791364));
#1957 = DIRECTION('',(-0.560075482527,-0.68246705358,-0.469631956589));
#1958 = DIRECTION('',(-0.773016426601,0.634386005682,0.));
#1959 = ADVANCED_FACE('',(#1960),#1977,.T.);
#1960 = FACE_BOUND('',#1961,.T.);
#1961 = EDGE_LOOP('',(#1962,#1963,#1971));
#1962 = ORIENTED_EDGE('',*,*,#1949,.T.);
#1963 = ORIENTED_EDGE('',*,*,#1964,.T.);
#1964 = EDGE_CURVE('',#1942,#1965,#1967,.T.);
#1965 = VERTEX_POINT('',#1966);
#1966 = CARTESIAN_POINT('',(23.959095001221,-15.7429113388,
    0.577785134315));
#1967 = LINE('',#1968,#1969);
#1968 = CARTESIAN_POINT('',(24.030969619751,-15.78132915496,
    0.577785134315));
#1969 = VECTOR('',#1970,1.);
#1970 = DIRECTION('',(-0.881921100267,0.471397043801,0.));
#1971 = ORIENTED_EDGE('',*,*,#1972,.T.);
#1972 = EDGE_CURVE('',#1965,#1740,#1973,.T.);
#1973 = LINE('',#1974,#1975);
#1974 = CARTESIAN_POINT('',(23.959095001221,-15.7429113388,
    0.577785134315));
#1975 = VECTOR('',#1976,1.);
#1976 = DIRECTION('',(0.748413468012,0.,-0.663232448617));
#1977 = PLANE('',#1978);
#1978 = AXIS2_PLACEMENT_3D('',#1979,#1980,#1981);
#1979 = CARTESIAN_POINT('',(24.015860068852,-15.754040178,0.545931681599
    ));
#1980 = DIRECTION('',(-0.416179094911,-0.778615670416,-0.469630278775));
#1981 = DIRECTION('',(-2.775557561563E-17,0.516484365052,-0.856296619552
    ));
#1982 = ADVANCED_FACE('',(#1983),#2000,.T.);
#1983 = FACE_BOUND('',#1984,.T.);
#1984 = EDGE_LOOP('',(#1985,#1986,#1994));
#1985 = ORIENTED_EDGE('',*,*,#1964,.F.);
#1986 = ORIENTED_EDGE('',*,*,#1987,.T.);
#1987 = EDGE_CURVE('',#1942,#1988,#1990,.T.);
#1988 = VERTEX_POINT('',#1989);
#1989 = CARTESIAN_POINT('',(23.996423721313,-15.83303070068,
    0.653553366661));
#1990 = LINE('',#1991,#1992);
#1991 = CARTESIAN_POINT('',(24.030969619751,-15.78132915496,
    0.577785134315));
#1992 = VECTOR('',#1993,1.);
#1993 = DIRECTION('',(-0.352448731826,-0.52747634437,0.773012676199));
#1994 = ORIENTED_EDGE('',*,*,#1995,.T.);
#1995 = EDGE_CURVE('',#1988,#1965,#1996,.T.);
#1996 = LINE('',#1997,#1998);
#1997 = CARTESIAN_POINT('',(23.996423721313,-15.83303070068,
    0.653553366661));
#1998 = VECTOR('',#1999,1.);
#1999 = DIRECTION('',(-0.302222091848,0.72962753598,-0.613437418111));
#2000 = PLANE('',#2001);
#2001 = AXIS2_PLACEMENT_3D('',#2002,#2003,#2004);
#2002 = CARTESIAN_POINT('',(23.994028994651,-15.78723186553,
    0.60548054325));
#2003 = DIRECTION('',(-0.365102408145,-0.683057990573,-0.632559888929));
#2004 = DIRECTION('',(-2.775557561563E-17,0.67946516049,-0.733707772673)
  );
#2005 = ADVANCED_FACE('',(#2006),#2023,.T.);
#2006 = FACE_BOUND('',#2007,.T.);
#2007 = EDGE_LOOP('',(#2008,#2016,#2022));
#2008 = ORIENTED_EDGE('',*,*,#2009,.F.);
#2009 = EDGE_CURVE('',#2010,#1863,#2012,.T.);
#2010 = VERTEX_POINT('',#2011);
#2011 = CARTESIAN_POINT('',(24.153553009033,-16.12700080871,
    0.653553366661));
#2012 = LINE('',#2013,#2014);
#2013 = CARTESIAN_POINT('',(24.153553009033,-16.12700080871,
    0.653553366661));
#2014 = VECTOR('',#2015,1.);
#2015 = DIRECTION('',(0.634393841818,0.,-0.773009995707));
#2016 = ORIENTED_EDGE('',*,*,#2017,.T.);
#2017 = EDGE_CURVE('',#2010,#1762,#2018,.T.);
#2018 = LINE('',#2019,#2020);
#2019 = CARTESIAN_POINT('',(24.153553009033,-16.12700080871,
    0.653553366661));
#2020 = VECTOR('',#2021,1.);
#2021 = DIRECTION('',(0.438760184798,0.656650101649,-0.613433080491));
#2022 = ORIENTED_EDGE('',*,*,#1870,.F.);
#2023 = PLANE('',#2024);
#2024 = AXIS2_PLACEMENT_3D('',#2025,#2026,#2027);
#2025 = CARTESIAN_POINT('',(24.190303332296,-16.09956485823,
    0.605480510159));
#2026 = DIRECTION('',(-0.770779466197,-7.591243337566E-02,
    -0.632563290863));
#2027 = DIRECTION('',(0.634393841818,6.938893903907E-18,-0.773009995707)
  );
#2028 = ADVANCED_FACE('',(#2029),#2046,.T.);
#2029 = FACE_BOUND('',#2030,.T.);
#2030 = EDGE_LOOP('',(#2031,#2039,#2045));
#2031 = ORIENTED_EDGE('',*,*,#2032,.T.);
#2032 = EDGE_CURVE('',#1802,#2033,#2035,.T.);
#2033 = VERTEX_POINT('',#2034);
#2034 = CARTESIAN_POINT('',(24.126640319824,-15.99170112609,
    0.653553366661));
#2035 = LINE('',#2036,#2037);
#2036 = CARTESIAN_POINT('',(24.184089660645,-15.96790504455,
    0.577785134315));
#2037 = VECTOR('',#2038,1.);
#2038 = DIRECTION('',(-0.586110813186,-0.242772858742,0.773004174455));
#2039 = ORIENTED_EDGE('',*,*,#2040,.T.);
#2040 = EDGE_CURVE('',#2033,#1903,#2041,.T.);
#2041 = LINE('',#2042,#2043);
#2042 = CARTESIAN_POINT('',(24.126640319824,-15.99170112609,
    0.653553366661));
#2043 = VECTOR('',#2044,1.);
#2044 = DIRECTION('',(0.154067868502,0.774570533849,-0.61343588091));
#2045 = ORIENTED_EDGE('',*,*,#1902,.F.);
#2046 = PLANE('',#2047);
#2047 = AXIS2_PLACEMENT_3D('',#2048,#2049,#2050);
#2048 = CARTESIAN_POINT('',(24.150094071298,-15.95229007453,
    0.605480507726));
#2049 = DIRECTION('',(-0.683043635133,-0.365112861038,-0.632569356837));
#2050 = DIRECTION('',(0.679478322482,0.,-0.733695583521));
#2051 = ADVANCED_FACE('',(#2052),#2062,.T.);
#2052 = FACE_BOUND('',#2053,.T.);
#2053 = EDGE_LOOP('',(#2054,#2055,#2061));
#2054 = ORIENTED_EDGE('',*,*,#1886,.F.);
#2055 = ORIENTED_EDGE('',*,*,#2056,.T.);
#2056 = EDGE_CURVE('',#1762,#2033,#2057,.T.);
#2057 = LINE('',#2058,#2059);
#2058 = CARTESIAN_POINT('',(24.207746505737,-16.0458946228,
    0.577785134315));
#2059 = VECTOR('',#2060,1.);
#2060 = DIRECTION('',(-0.656650101649,0.438760184798,0.613433080491));
#2061 = ORIENTED_EDGE('',*,*,#2032,.F.);
#2062 = PLANE('',#2063);
#2063 = AXIS2_PLACEMENT_3D('',#2064,#2065,#2066);
#2064 = CARTESIAN_POINT('',(24.17109275359,-16.0029848007,0.605480535269
    ));
#2065 = DIRECTION('',(-0.741156134972,-0.224817421362,-0.632569925499));
#2066 = DIRECTION('',(0.649188564096,1.387778780781E-17,-0.760627509525)
  );
#2067 = ADVANCED_FACE('',(#2068),#2085,.T.);
#2068 = FACE_BOUND('',#2069,.T.);
#2069 = EDGE_LOOP('',(#2070,#2078,#2084));
#2070 = ORIENTED_EDGE('',*,*,#2071,.T.);
#2071 = EDGE_CURVE('',#1903,#2072,#2074,.T.);
#2072 = VERTEX_POINT('',#2073);
#2073 = CARTESIAN_POINT('',(24.049999237061,-15.87699985504,
    0.653553366661));
#2074 = LINE('',#2075,#2076);
#2075 = CARTESIAN_POINT('',(24.145669937134,-15.89603042602,
    0.577785134315));
#2076 = VECTOR('',#2077,1.);
#2077 = DIRECTION('',(-0.774569612413,0.154075406365,0.613435151161));
#2078 = ORIENTED_EDGE('',*,*,#2079,.T.);
#2079 = EDGE_CURVE('',#2072,#1824,#2080,.T.);
#2080 = LINE('',#2081,#2082);
#2081 = CARTESIAN_POINT('',(24.049999237061,-15.87699985504,
    0.653553366661));
#2082 = VECTOR('',#2083,1.);
#2083 = DIRECTION('',(0.448593259499,0.448583529892,-0.773005112688));
#2084 = ORIENTED_EDGE('',*,*,#1925,.F.);
#2085 = PLANE('',#2086);
#2086 = AXIS2_PLACEMENT_3D('',#2087,#2088,#2089);
#2087 = CARTESIAN_POINT('',(24.095385818498,-15.87041363863,
    0.605480575578));
#2088 = DIRECTION('',(-0.598708872415,-0.491329176376,-0.632568831459));
#2089 = DIRECTION('',(-0.726277546641,2.775557561563E-17,0.687401574951)
  );
#2090 = ADVANCED_FACE('',(#2091),#2101,.T.);
#2091 = FACE_BOUND('',#2092,.T.);
#2092 = EDGE_LOOP('',(#2093,#2094,#2095));
#2093 = ORIENTED_EDGE('',*,*,#1941,.F.);
#2094 = ORIENTED_EDGE('',*,*,#2079,.F.);
#2095 = ORIENTED_EDGE('',*,*,#2096,.T.);
#2096 = EDGE_CURVE('',#2072,#1942,#2097,.T.);
#2097 = LINE('',#2098,#2099);
#2098 = CARTESIAN_POINT('',(24.049999237061,-15.87699985504,
    0.653553366661));
#2099 = VECTOR('',#2100,1.);
#2100 = DIRECTION('',(-0.154067868502,0.774570533849,-0.61343588091));
#2101 = PLANE('',#2102);
#2102 = AXIS2_PLACEMENT_3D('',#2103,#2104,#2105);
#2103 = CARTESIAN_POINT('',(24.056586078105,-15.83161350849,
    0.605480515345));
#2104 = DIRECTION('',(-0.49133483696,-0.59870472635,-0.632568358864));
#2105 = DIRECTION('',(0.,-0.726279666787,0.687399334893));
#2106 = ADVANCED_FACE('',(#2107),#2117,.T.);
#2107 = FACE_BOUND('',#2108,.T.);
#2108 = EDGE_LOOP('',(#2109,#2110,#2116));
#2109 = ORIENTED_EDGE('',*,*,#2096,.F.);
#2110 = ORIENTED_EDGE('',*,*,#2111,.T.);
#2111 = EDGE_CURVE('',#2072,#1988,#2112,.T.);
#2112 = LINE('',#2113,#2114);
#2113 = CARTESIAN_POINT('',(24.049999237061,-15.87699985504,
    0.653553366661));
#2114 = VECTOR('',#2115,1.);
#2115 = DIRECTION('',(-0.773004333859,0.634400740727,0.));
#2116 = ORIENTED_EDGE('',*,*,#1987,.F.);
#2117 = PLANE('',#2118);
#2118 = AXIS2_PLACEMENT_3D('',#2119,#2120,#2121);
#2119 = CARTESIAN_POINT('',(24.0273403846,-15.82791574662,0.624697181362
    ));
#2120 = DIRECTION('',(-0.491350815862,-0.598700924704,-0.632559545427));
#2121 = DIRECTION('',(2.775557561563E-17,-0.726277064421,0.687402084442)
  );
#2122 = ADVANCED_FACE('',(#2123),#2140,.T.);
#2123 = FACE_BOUND('',#2124,.T.);
#2124 = EDGE_LOOP('',(#2125,#2126,#2134));
#2125 = ORIENTED_EDGE('',*,*,#1995,.F.);
#2126 = ORIENTED_EDGE('',*,*,#2127,.T.);
#2127 = EDGE_CURVE('',#1988,#2128,#2130,.T.);
#2128 = VERTEX_POINT('',#2129);
#2129 = CARTESIAN_POINT('',(23.935298919678,-15.80035972595,
    0.653553366661));
#2130 = LINE('',#2131,#2132);
#2131 = CARTESIAN_POINT('',(23.996423721313,-15.83303070068,
    0.653553366661));
#2132 = VECTOR('',#2133,1.);
#2133 = DIRECTION('',(-0.881926737333,0.47138649745,0.));
#2134 = ORIENTED_EDGE('',*,*,#2135,.F.);
#2135 = EDGE_CURVE('',#1965,#2128,#2136,.T.);
#2136 = LINE('',#2137,#2138);
#2137 = CARTESIAN_POINT('',(23.959095001221,-15.7429113388,
    0.577785134315));
#2138 = VECTOR('',#2139,1.);
#2139 = DIRECTION('',(-0.242774243184,-0.586104425904,0.773008582605));
#2140 = PLANE('',#2141);
#2141 = AXIS2_PLACEMENT_3D('',#2142,#2143,#2144);
#2142 = CARTESIAN_POINT('',(23.964624028866,-15.78931080529,
    0.624697183119));
#2143 = DIRECTION('',(-0.365092111225,-0.68305837401,-0.632565417974));
#2144 = DIRECTION('',(-2.775557561563E-17,0.679468152284,-0.733705002049
    ));
#2145 = ADVANCED_FACE('',(#2146),#2163,.T.);
#2146 = FACE_BOUND('',#2147,.T.);
#2147 = EDGE_LOOP('',(#2148,#2156,#2157));
#2148 = ORIENTED_EDGE('',*,*,#2149,.T.);
#2149 = EDGE_CURVE('',#2150,#1965,#2152,.T.);
#2150 = VERTEX_POINT('',#2151);
#2151 = CARTESIAN_POINT('',(23.881105422974,-15.71925354003,
    0.577785134315));
#2152 = LINE('',#2153,#2154);
#2153 = CARTESIAN_POINT('',(23.881105422974,-15.71925354003,
    0.577785134315));
#2154 = VECTOR('',#2155,1.);
#2155 = DIRECTION('',(0.956940612328,-0.290283765438,0.));
#2156 = ORIENTED_EDGE('',*,*,#2135,.T.);
#2157 = ORIENTED_EDGE('',*,*,#2158,.T.);
#2158 = EDGE_CURVE('',#2128,#2150,#2159,.T.);
#2159 = LINE('',#2160,#2161);
#2160 = CARTESIAN_POINT('',(23.935298919678,-15.80035972595,
    0.653553366661));
#2161 = VECTOR('',#2162,1.);
#2162 = DIRECTION('',(-0.438760184798,0.656650101649,-0.613433080491));
#2163 = PLANE('',#2164);
#2164 = AXIS2_PLACEMENT_3D('',#2165,#2166,#2167);
#2165 = CARTESIAN_POINT('',(23.92401519874,-15.75590752297,
    0.605480491174));
#2166 = DIRECTION('',(-0.224826948197,-0.741157663951,-0.632564748094));
#2167 = DIRECTION('',(-1.387778780781E-17,0.649184715145,-0.760630794553
    ));
#2168 = ADVANCED_FACE('',(#2169),#2186,.T.);
#2169 = FACE_BOUND('',#2170,.T.);
#2170 = EDGE_LOOP('',(#2171,#2172,#2180));
#2171 = ORIENTED_EDGE('',*,*,#2158,.F.);
#2172 = ORIENTED_EDGE('',*,*,#2173,.T.);
#2173 = EDGE_CURVE('',#2128,#2174,#2176,.T.);
#2174 = VERTEX_POINT('',#2175);
#2175 = CARTESIAN_POINT('',(23.868974685669,-15.78024005889,
    0.653553366661));
#2176 = LINE('',#2177,#2178);
#2177 = CARTESIAN_POINT('',(23.935298919678,-15.80035972595,
    0.653553366661));
#2178 = VECTOR('',#2179,1.);
#2179 = DIRECTION('',(-0.956938609802,0.290290366822,0.));
#2180 = ORIENTED_EDGE('',*,*,#2181,.F.);
#2181 = EDGE_CURVE('',#2150,#2174,#2182,.T.);
#2182 = LINE('',#2183,#2184);
#2183 = CARTESIAN_POINT('',(23.881105422974,-15.71925354003,
    0.577785134315));
#2184 = VECTOR('',#2185,1.);
#2185 = DIRECTION('',(-0.123761545465,-0.622203386082,0.773011012995));
#2186 = PLANE('',#2187);
#2187 = AXIS2_PLACEMENT_3D('',#2188,#2189,#2190);
#2188 = CARTESIAN_POINT('',(23.895580715702,-15.7636830324,
    0.624697216432));
#2189 = DIRECTION('',(-0.224832817235,-0.741158605842,-0.632561558491));
#2190 = DIRECTION('',(0.,0.649182343963,-0.760632818308));
#2191 = ADVANCED_FACE('',(#2192),#2209,.T.);
#2192 = FACE_BOUND('',#2193,.T.);
#2193 = EDGE_LOOP('',(#2194,#2195,#2203));
#2194 = ORIENTED_EDGE('',*,*,#2181,.T.);
#2195 = ORIENTED_EDGE('',*,*,#2196,.T.);
#2196 = EDGE_CURVE('',#2174,#2197,#2199,.T.);
#2197 = VERTEX_POINT('',#2198);
#2198 = CARTESIAN_POINT('',(23.799999237061,-15.77344703674,
    0.653553366661));
#2199 = LINE('',#2200,#2201);
#2200 = CARTESIAN_POINT('',(23.868974685669,-15.78024005889,
    0.653553366661));
#2201 = VECTOR('',#2202,1.);
#2202 = DIRECTION('',(-0.995185383304,9.801047320843E-02,0.));
#2203 = ORIENTED_EDGE('',*,*,#2204,.T.);
#2204 = EDGE_CURVE('',#2197,#2150,#2205,.T.);
#2205 = LINE('',#2206,#2207);
#2206 = CARTESIAN_POINT('',(23.799999237061,-15.77344703674,
    0.653553366661));
#2207 = VECTOR('',#2208,1.);
#2208 = DIRECTION('',(0.656650101649,0.438760184798,-0.613433080491));
#2209 = PLANE('',#2210);
#2210 = AXIS2_PLACEMENT_3D('',#2211,#2212,#2213);
#2211 = CARTESIAN_POINT('',(23.85072969804,-15.7547616735,0.624697254111
    ));
#2212 = DIRECTION('',(-7.591008014747E-02,-0.770780914888,
    -0.632561808029));
#2213 = DIRECTION('',(0.,0.63439224071,-0.773011309702));
#2214 = ADVANCED_FACE('',(#2215),#2232,.T.);
#2215 = FACE_BOUND('',#2216,.T.);
#2216 = EDGE_LOOP('',(#2217,#2218,#2226));
#2217 = ORIENTED_EDGE('',*,*,#2017,.F.);
#2218 = ORIENTED_EDGE('',*,*,#2219,.T.);
#2219 = EDGE_CURVE('',#2010,#2220,#2222,.T.);
#2220 = VERTEX_POINT('',#2221);
#2221 = CARTESIAN_POINT('',(24.146759033203,-16.0580253601,
    0.653553366661));
#2222 = LINE('',#2223,#2224);
#2223 = CARTESIAN_POINT('',(24.153553009033,-16.12700080871,
    0.653553366661));
#2224 = VECTOR('',#2225,1.);
#2225 = DIRECTION('',(-9.802410072254E-02,0.995184041109,0.));
#2226 = ORIENTED_EDGE('',*,*,#2227,.T.);
#2227 = EDGE_CURVE('',#2220,#1762,#2228,.T.);
#2228 = LINE('',#2229,#2230);
#2229 = CARTESIAN_POINT('',(24.146759033203,-16.0580253601,
    0.653553366661));
#2230 = VECTOR('',#2231,1.);
#2231 = DIRECTION('',(0.622209348989,0.123760796234,-0.773006333315));
#2232 = PLANE('',#2233);
#2233 = AXIS2_PLACEMENT_3D('',#2234,#2235,#2236);
#2234 = CARTESIAN_POINT('',(24.172238101068,-16.07627030335,
    0.624697244966));
#2235 = DIRECTION('',(-0.770774729244,-7.592012790887E-02,
    -0.632568139363));
#2236 = DIRECTION('',(0.634399077074,0.,-0.773005699208));
#2237 = ADVANCED_FACE('',(#2238),#2248,.T.);
#2238 = FACE_BOUND('',#2239,.T.);
#2239 = EDGE_LOOP('',(#2240,#2241,#2247));
#2240 = ORIENTED_EDGE('',*,*,#2227,.F.);
#2241 = ORIENTED_EDGE('',*,*,#2242,.T.);
#2242 = EDGE_CURVE('',#2220,#2033,#2243,.T.);
#2243 = LINE('',#2244,#2245);
#2244 = CARTESIAN_POINT('',(24.146759033203,-16.0580253601,
    0.653553366661));
#2245 = VECTOR('',#2246,1.);
#2246 = DIRECTION('',(-0.29027776647,0.956942432069,0.));
#2247 = ORIENTED_EDGE('',*,*,#2056,.F.);
#2248 = PLANE('',#2249);
#2249 = AXIS2_PLACEMENT_3D('',#2250,#2251,#2252);
#2250 = CARTESIAN_POINT('',(24.163316792807,-16.03141937822,
    0.624697170547));
#2251 = DIRECTION('',(-0.741156807991,-0.224821614778,-0.632567646577));
#2252 = DIRECTION('',(0.649186869913,-1.387778780781E-17,-0.760628955492
    ));
#2253 = ADVANCED_FACE('',(#2254),#2271,.T.);
#2254 = FACE_BOUND('',#2255,.T.);
#2255 = EDGE_LOOP('',(#2256,#2264,#2270));
#2256 = ORIENTED_EDGE('',*,*,#2257,.T.);
#2257 = EDGE_CURVE('',#1903,#2258,#2260,.T.);
#2258 = VERTEX_POINT('',#2259);
#2259 = CARTESIAN_POINT('',(24.093969345093,-15.93057632446,
    0.653553366661));
#2260 = LINE('',#2261,#2262);
#2261 = CARTESIAN_POINT('',(24.145669937134,-15.89603042602,
    0.577785134315));
#2262 = VECTOR('',#2263,1.);
#2263 = DIRECTION('',(-0.527469321722,-0.352450540656,0.773016643439));
#2264 = ORIENTED_EDGE('',*,*,#2265,.T.);
#2265 = EDGE_CURVE('',#2258,#2072,#2266,.T.);
#2266 = LINE('',#2267,#2268);
#2267 = CARTESIAN_POINT('',(24.093969345093,-15.93057632446,
    0.653553366661));
#2268 = VECTOR('',#2269,1.);
#2269 = DIRECTION('',(-0.634402214951,0.773003123969,0.));
#2270 = ORIENTED_EDGE('',*,*,#2071,.F.);
#2271 = PLANE('',#2272);
#2272 = AXIS2_PLACEMENT_3D('',#2273,#2274,#2275);
#2273 = CARTESIAN_POINT('',(24.099083458255,-15.89965933385,
    0.624697325585));
#2274 = DIRECTION('',(-0.598702886497,-0.49135433676,-0.632554953697));
#2275 = DIRECTION('',(-0.726273448738,2.775557561563E-17,0.687405904585)
  );
#2276 = ADVANCED_FACE('',(#2277),#2287,.T.);
#2277 = FACE_BOUND('',#2278,.T.);
#2278 = EDGE_LOOP('',(#2279,#2280,#2286));
#2279 = ORIENTED_EDGE('',*,*,#2040,.F.);
#2280 = ORIENTED_EDGE('',*,*,#2281,.T.);
#2281 = EDGE_CURVE('',#2033,#2258,#2282,.T.);
#2282 = LINE('',#2283,#2284);
#2283 = CARTESIAN_POINT('',(24.126640319824,-15.99170112609,
    0.653553366661));
#2284 = VECTOR('',#2285,1.);
#2285 = DIRECTION('',(-0.47138649745,0.881926737333,0.));
#2286 = ORIENTED_EDGE('',*,*,#2257,.F.);
#2287 = PLANE('',#2288);
#2288 = AXIS2_PLACEMENT_3D('',#2289,#2290,#2291);
#2289 = CARTESIAN_POINT('',(24.124489629147,-15.93768209659,
    0.624697205238));
#2290 = DIRECTION('',(-0.683066393278,-0.365096397493,-0.632554284557));
#2291 = DIRECTION('',(0.679457420161,0.,-0.733714940688));
#2292 = ADVANCED_FACE('',(#2293),#2310,.T.);
#2293 = FACE_BOUND('',#2294,.T.);
#2294 = EDGE_LOOP('',(#2295,#2303,#2309));
#2295 = ORIENTED_EDGE('',*,*,#2296,.T.);
#2296 = EDGE_CURVE('',#1508,#2297,#2299,.T.);
#2297 = VERTEX_POINT('',#2298);
#2298 = CARTESIAN_POINT('',(23.799999237061,-15.66506004333,
    0.491341710091));
#2299 = LINE('',#2300,#2301);
#2300 = CARTESIAN_POINT('',(23.895669937134,-15.64603042602,
    0.397545158863));
#2301 = VECTOR('',#2302,1.);
#2302 = DIRECTION('',(-0.706970918905,-0.140621799835,0.693121655436));
#2303 = ORIENTED_EDGE('',*,*,#2304,.F.);
#2304 = EDGE_CURVE('',#1538,#2297,#2305,.T.);
#2305 = LINE('',#2306,#2307);
#2306 = CARTESIAN_POINT('',(23.799999237061,-15.6366071701,
    0.397545158863));
#2307 = VECTOR('',#2308,1.);
#2308 = DIRECTION('',(0.,-0.290284681751,0.956940334368));
#2309 = ORIENTED_EDGE('',*,*,#1560,.F.);
#2310 = PLANE('',#2311);
#2311 = AXIS2_PLACEMENT_3D('',#2312,#2313,#2314);
#2312 = CARTESIAN_POINT('',(23.833603839692,-15.64999259373,
    0.430759559556));
#2313 = DIRECTION('',(-9.383962290732E-02,-0.952717669347,
    -0.289003750299));
#2314 = DIRECTION('',(0.,0.290284681751,-0.956940334368));
#2315 = ADVANCED_FACE('',(#2316),#2333,.T.);
#2316 = FACE_BOUND('',#2317,.T.);
#2317 = EDGE_LOOP('',(#2318,#2319,#2327));
#2318 = ORIENTED_EDGE('',*,*,#1507,.F.);
#2319 = ORIENTED_EDGE('',*,*,#2320,.T.);
#2320 = EDGE_CURVE('',#1446,#2321,#2323,.T.);
#2321 = VERTEX_POINT('',#2322);
#2322 = CARTESIAN_POINT('',(23.890119552612,-15.67393589019,
    0.491341710091));
#2323 = LINE('',#2324,#2325);
#2324 = CARTESIAN_POINT('',(23.987665176392,-15.67393589019,
    0.397545158863));
#2325 = VECTOR('',#2326,1.);
#2326 = DIRECTION('',(-0.72082316222,0.,0.693119014894));
#2327 = ORIENTED_EDGE('',*,*,#2328,.T.);
#2328 = EDGE_CURVE('',#2321,#1508,#2329,.T.);
#2329 = LINE('',#2330,#2331);
#2330 = CARTESIAN_POINT('',(23.890119552612,-15.67393589019,
    0.491341710091));
#2331 = VECTOR('',#2332,1.);
#2332 = DIRECTION('',(5.662680551496E-02,0.284700507934,-0.956942540427)
  );
#2333 = PLANE('',#2334);
#2334 = AXIS2_PLACEMENT_3D('',#2335,#2336,#2337);
#2335 = CARTESIAN_POINT('',(23.926018152983,-15.66571393615,
    0.430759488546));
#2336 = DIRECTION('',(-0.277889271257,-0.91611054518,-0.288996577716));
#2337 = DIRECTION('',(2.775557561563E-17,0.300845963683,-0.953672745828)
  );
#2338 = ADVANCED_FACE('',(#2339),#2354,.T.);
#2339 = FACE_BOUND('',#2340,.T.);
#2340 = EDGE_LOOP('',(#2341,#2342,#2348));
#2341 = ORIENTED_EDGE('',*,*,#1445,.F.);
#2342 = ORIENTED_EDGE('',*,*,#2343,.T.);
#2343 = EDGE_CURVE('',#1402,#1740,#2344,.T.);
#2344 = LINE('',#2345,#2346);
#2345 = CARTESIAN_POINT('',(24.07244682312,-15.71925354003,
    0.397545158863));
#2346 = VECTOR('',#2347,1.);
#2347 = DIRECTION('',(-0.161259862371,-0.241364390361,0.956942259415));
#2348 = ORIENTED_EDGE('',*,*,#2349,.T.);
#2349 = EDGE_CURVE('',#1740,#1446,#2350,.T.);
#2350 = LINE('',#2351,#2352);
#2351 = CARTESIAN_POINT('',(24.056640625,-15.7429113388,0.491341710091)
  );
#2352 = VECTOR('',#2353,1.);
#2353 = DIRECTION('',(-0.509699927842,0.509699927842,-0.693117570919));
#2354 = PLANE('',#2355);
#2355 = AXIS2_PLACEMENT_3D('',#2356,#2357,#2358);
#2356 = CARTESIAN_POINT('',(24.037069835282,-15.71171307296,
    0.430759617832));
#2357 = DIRECTION('',(-0.451289062948,-0.844285395232,-0.288998880727));
#2358 = DIRECTION('',(-0.881917305002,0.471404144167,1.387778780781E-17)
  );
#2359 = ADVANCED_FACE('',(#2360),#2365,.T.);
#2360 = FACE_BOUND('',#2361,.T.);
#2361 = EDGE_LOOP('',(#2362,#2363,#2364));
#2362 = ORIENTED_EDGE('',*,*,#1401,.F.);
#2363 = ORIENTED_EDGE('',*,*,#1747,.F.);
#2364 = ORIENTED_EDGE('',*,*,#2343,.F.);
#2365 = PLANE('',#2366);
#2366 = AXIS2_PLACEMENT_3D('',#2367,#2368,#2369);
#2367 = CARTESIAN_POINT('',(24.092952032941,-15.7490526914,
    0.430759524034));
#2368 = DIRECTION('',(-0.60732421023,-0.740025912986,-0.288996456342));
#2369 = DIRECTION('',(-0.773010126148,0.634393682876,2.775557561563E-17)
  );
#2370 = ADVANCED_FACE('',(#2371),#2381,.T.);
#2371 = FACE_BOUND('',#2372,.T.);
#2372 = EDGE_LOOP('',(#2373,#2374,#2380));
#2373 = ORIENTED_EDGE('',*,*,#2328,.F.);
#2374 = ORIENTED_EDGE('',*,*,#2375,.T.);
#2375 = EDGE_CURVE('',#2321,#2297,#2376,.T.);
#2376 = LINE('',#2377,#2378);
#2377 = CARTESIAN_POINT('',(23.890119552612,-15.67393589019,
    0.491341710091));
#2378 = VECTOR('',#2379,1.);
#2379 = DIRECTION('',(-0.995184973867,9.80146304872E-02,0.));
#2380 = ORIENTED_EDGE('',*,*,#2296,.F.);
#2381 = PLANE('',#2382);
#2382 = AXIS2_PLACEMENT_3D('',#2383,#2384,#2385);
#2383 = CARTESIAN_POINT('',(23.860694639971,-15.66078916849,
    0.457555388623));
#2384 = DIRECTION('',(-9.383234946684E-02,-0.952720464158,
    -0.288996898544));
#2385 = DIRECTION('',(-3.469446951954E-18,0.29027759975,-0.956942482641)
  );
#2386 = ADVANCED_FACE('',(#2387),#2404,.T.);
#2387 = FACE_BOUND('',#2388,.T.);
#2388 = EDGE_LOOP('',(#2389,#2397,#2403));
#2389 = ORIENTED_EDGE('',*,*,#2390,.T.);
#2390 = EDGE_CURVE('',#1446,#2391,#2393,.T.);
#2391 = VERTEX_POINT('',#2392);
#2392 = CARTESIAN_POINT('',(23.976776123047,-15.70022296905,
    0.491341710091));
#2393 = LINE('',#2394,#2395);
#2394 = CARTESIAN_POINT('',(23.987665176392,-15.67393589019,
    0.397545158863));
#2395 = VECTOR('',#2396,1.);
#2396 = DIRECTION('',(-0.111093270851,-0.268188379554,0.956939537402));
#2397 = ORIENTED_EDGE('',*,*,#2398,.T.);
#2398 = EDGE_CURVE('',#2391,#2321,#2399,.T.);
#2399 = LINE('',#2400,#2401);
#2400 = CARTESIAN_POINT('',(23.976776123047,-15.70022296905,
    0.491341710091));
#2401 = VECTOR('',#2402,1.);
#2402 = DIRECTION('',(-0.956940042463,0.29028564403,0.));
#2403 = ORIENTED_EDGE('',*,*,#2320,.F.);
#2404 = PLANE('',#2405);
#2405 = AXIS2_PLACEMENT_3D('',#2406,#2407,#2408);
#2406 = CARTESIAN_POINT('',(23.950482058924,-15.68158803653,
    0.457555309099));
#2407 = DIRECTION('',(-0.27789836465,-0.91610480345,-0.289006034574));
#2408 = DIRECTION('',(0.,0.300856632178,-0.953669380275));
#2409 = ADVANCED_FACE('',(#2410),#2420,.T.);
#2410 = FACE_BOUND('',#2411,.T.);
#2411 = EDGE_LOOP('',(#2412,#2413,#2419));
#2412 = ORIENTED_EDGE('',*,*,#2349,.F.);
#2413 = ORIENTED_EDGE('',*,*,#2414,.T.);
#2414 = EDGE_CURVE('',#1740,#2391,#2415,.T.);
#2415 = LINE('',#2416,#2417);
#2416 = CARTESIAN_POINT('',(24.056640625,-15.7429113388,0.491341710091)
  );
#2417 = VECTOR('',#2418,1.);
#2418 = DIRECTION('',(-0.881921704657,0.471395913066,0.));
#2419 = ORIENTED_EDGE('',*,*,#2390,.F.);
#2420 = PLANE('',#2421);
#2421 = AXIS2_PLACEMENT_3D('',#2422,#2423,#2424);
#2422 = CARTESIAN_POINT('',(24.008546578741,-15.70563925858,
    0.457555449661));
#2423 = DIRECTION('',(-0.45128002337,-0.844287437494,-0.289007030012));
#2424 = DIRECTION('',(-0.881921704657,0.471395913066,0.));
#2425 = ADVANCED_FACE('',(#2426),#2441,.T.);
#2426 = FACE_BOUND('',#2427,.T.);
#2427 = EDGE_LOOP('',(#2428,#2429,#2435));
#2428 = ORIENTED_EDGE('',*,*,#2375,.F.);
#2429 = ORIENTED_EDGE('',*,*,#2430,.T.);
#2430 = EDGE_CURVE('',#2321,#2150,#2431,.T.);
#2431 = LINE('',#2432,#2433);
#2432 = CARTESIAN_POINT('',(23.890119552612,-15.67393589019,
    0.491341710091));
#2433 = VECTOR('',#2434,1.);
#2434 = DIRECTION('',(-9.196459197332E-02,-0.462342937577,0.881919226401
    ));
#2435 = ORIENTED_EDGE('',*,*,#2436,.T.);
#2436 = EDGE_CURVE('',#2150,#2297,#2437,.T.);
#2437 = LINE('',#2438,#2439);
#2438 = CARTESIAN_POINT('',(23.881105422974,-15.71925354003,
    0.577785134315));
#2439 = VECTOR('',#2440,1.);
#2440 = DIRECTION('',(-0.622282783724,0.415796644967,-0.663232453304));
#2441 = PLANE('',#2442);
#2442 = AXIS2_PLACEMENT_3D('',#2443,#2444,#2445);
#2443 = CARTESIAN_POINT('',(23.855681420637,-15.68708669264,
    0.522290376879));
#2444 = DIRECTION('',(-8.653340825506E-02,-0.878611154323,
    -0.469632205832));
#2445 = DIRECTION('',(0.,0.471400452765,-0.881919278127));
#2446 = ADVANCED_FACE('',(#2447),#2457,.T.);
#2447 = FACE_BOUND('',#2448,.T.);
#2448 = EDGE_LOOP('',(#2449,#2450,#2456));
#2449 = ORIENTED_EDGE('',*,*,#2398,.F.);
#2450 = ORIENTED_EDGE('',*,*,#2451,.T.);
#2451 = EDGE_CURVE('',#2391,#2150,#2452,.T.);
#2452 = LINE('',#2453,#2454);
#2453 = CARTESIAN_POINT('',(23.976776123047,-15.70022296905,
    0.491341710091));
#2454 = VECTOR('',#2455,1.);
#2455 = DIRECTION('',(-0.734030448695,-0.146011459596,0.663234463863));
#2456 = ORIENTED_EDGE('',*,*,#2430,.F.);
#2457 = PLANE('',#2458);
#2458 = AXIS2_PLACEMENT_3D('',#2459,#2460,#2461);
#2459 = CARTESIAN_POINT('',(23.91690354946,-15.69926447927,
    0.522290404657));
#2460 = DIRECTION('',(-0.256282228232,-0.844846210658,-0.469632089864));
#2461 = DIRECTION('',(0.,0.485858803935,-0.874037311926));
#2462 = ADVANCED_FACE('',(#2463),#2473,.T.);
#2463 = FACE_BOUND('',#2464,.T.);
#2464 = EDGE_LOOP('',(#2465,#2466,#2467));
#2465 = ORIENTED_EDGE('',*,*,#2414,.F.);
#2466 = ORIENTED_EDGE('',*,*,#1972,.F.);
#2467 = ORIENTED_EDGE('',*,*,#2468,.T.);
#2468 = EDGE_CURVE('',#1965,#2391,#2469,.T.);
#2469 = LINE('',#2470,#2471);
#2470 = CARTESIAN_POINT('',(23.959095001221,-15.7429113388,
    0.577785134315));
#2471 = VECTOR('',#2472,1.);
#2472 = DIRECTION('',(0.180387827779,0.435518875246,-0.881920371062));
#2473 = PLANE('',#2474);
#2474 = AXIS2_PLACEMENT_3D('',#2475,#2476,#2477);
#2475 = CARTESIAN_POINT('',(23.99810499348,-15.73029035813,
    0.522290273614));
#2476 = DIRECTION('',(-0.4161783168,-0.778616615926,-0.469629400729));
#2477 = DIRECTION('',(0.,0.516483197113,-0.856297324006));
#2478 = ADVANCED_FACE('',(#2479),#2496,.T.);
#2479 = FACE_BOUND('',#2480,.T.);
#2480 = EDGE_LOOP('',(#2481,#2482,#2490));
#2481 = ORIENTED_EDGE('',*,*,#2436,.F.);
#2482 = ORIENTED_EDGE('',*,*,#2483,.T.);
#2483 = EDGE_CURVE('',#2150,#2484,#2486,.T.);
#2484 = VERTEX_POINT('',#2485);
#2485 = CARTESIAN_POINT('',(23.799999237061,-15.71126556396,
    0.577785134315));
#2486 = LINE('',#2487,#2488);
#2487 = CARTESIAN_POINT('',(23.881105422974,-15.71925354003,
    0.577785134315));
#2488 = VECTOR('',#2489,1.);
#2489 = DIRECTION('',(-0.995185068975,9.801366481352E-02,0.));
#2490 = ORIENTED_EDGE('',*,*,#2491,.F.);
#2491 = EDGE_CURVE('',#2297,#2484,#2492,.T.);
#2492 = LINE('',#2493,#2494);
#2493 = CARTESIAN_POINT('',(23.799999237061,-15.66506004333,
    0.491341710091));
#2494 = VECTOR('',#2495,1.);
#2495 = DIRECTION('',(0.,-0.471401083326,0.881918941082));
#2496 = PLANE('',#2497);
#2497 = AXIS2_PLACEMENT_3D('',#2498,#2499,#2500);
#2498 = CARTESIAN_POINT('',(23.827723939212,-15.69696992632,
    0.545931760804));
#2499 = DIRECTION('',(-8.653252105162E-02,-0.878610886504,
    -0.469632870355));
#2500 = DIRECTION('',(0.,0.471401083326,-0.881918941082));
#2501 = ADVANCED_FACE('',(#2502),#2507,.T.);
#2502 = FACE_BOUND('',#2503,.T.);
#2503 = EDGE_LOOP('',(#2504,#2505,#2506));
#2504 = ORIENTED_EDGE('',*,*,#2468,.F.);
#2505 = ORIENTED_EDGE('',*,*,#2149,.F.);
#2506 = ORIENTED_EDGE('',*,*,#2451,.F.);
#2507 = PLANE('',#2508);
#2508 = AXIS2_PLACEMENT_3D('',#2509,#2510,#2511);
#2509 = CARTESIAN_POINT('',(23.938950920089,-15.71909420732,
    0.545931809262));
#2510 = DIRECTION('',(-0.256280777289,-0.844847398119,-0.469630745462));
#2511 = DIRECTION('',(0.,0.485857219715,-0.874038192558));
#2512 = ADVANCED_FACE('',(#2513),#2523,.T.);
#2513 = FACE_BOUND('',#2514,.T.);
#2514 = EDGE_LOOP('',(#2515,#2516,#2517));
#2515 = ORIENTED_EDGE('',*,*,#2483,.F.);
#2516 = ORIENTED_EDGE('',*,*,#2204,.F.);
#2517 = ORIENTED_EDGE('',*,*,#2518,.F.);
#2518 = EDGE_CURVE('',#2484,#2197,#2519,.T.);
#2519 = LINE('',#2520,#2521);
#2520 = CARTESIAN_POINT('',(23.799999237061,-15.71126556396,
    0.577785134315));
#2521 = VECTOR('',#2522,1.);
#2522 = DIRECTION('',(0.,-0.634393841818,0.773009995707));
#2523 = PLANE('',#2524);
#2524 = AXIS2_PLACEMENT_3D('',#2525,#2526,#2527);
#2525 = CARTESIAN_POINT('',(23.827435187543,-15.73669671348,
    0.605480510159));
#2526 = DIRECTION('',(-7.591243337566E-02,-0.770779466197,
    -0.632563290863));
#2527 = DIRECTION('',(-6.938893903907E-18,0.634393841818,-0.773009995707
    ));
#2528 = ADVANCED_FACE('',(#2529),#2546,.T.);
#2529 = FACE_BOUND('',#2530,.T.);
#2530 = EDGE_LOOP('',(#2531,#2532,#2540));
#2531 = ORIENTED_EDGE('',*,*,#2265,.F.);
#2532 = ORIENTED_EDGE('',*,*,#2533,.T.);
#2533 = EDGE_CURVE('',#2258,#2534,#2536,.T.);
#2534 = VERTEX_POINT('',#2535);
#2535 = CARTESIAN_POINT('',(23.996423721313,-15.93057632446,
    0.715734779835));
#2536 = LINE('',#2537,#2538);
#2537 = CARTESIAN_POINT('',(24.093969345093,-15.93057632446,
    0.653553366661));
#2538 = VECTOR('',#2539,1.);
#2539 = DIRECTION('',(-0.843242565811,0.,0.537533231721));
#2540 = ORIENTED_EDGE('',*,*,#2541,.T.);
#2541 = EDGE_CURVE('',#2534,#2072,#2542,.T.);
#2542 = LINE('',#2543,#2544);
#2543 = CARTESIAN_POINT('',(23.996423721313,-15.93057632446,
    0.715734779835));
#2544 = VECTOR('',#2545,1.);
#2545 = DIRECTION('',(0.546594977414,0.546604707112,-0.634395164569));
#2546 = PLANE('',#2547);
#2547 = AXIS2_PLACEMENT_3D('',#2548,#2549,#2550);
#2548 = CARTESIAN_POINT('',(24.044142634373,-15.91473784476,
    0.677029799752));
#2549 = DIRECTION('',(-0.49180307326,-0.403621860406,-0.771504459439));
#2550 = DIRECTION('',(-0.843242565811,-2.775557561563E-17,0.537533231721
    ));
#2551 = ADVANCED_FACE('',(#2552),#2569,.T.);
#2552 = FACE_BOUND('',#2553,.T.);
#2553 = EDGE_LOOP('',(#2554,#2555,#2563));
#2554 = ORIENTED_EDGE('',*,*,#2196,.F.);
#2555 = ORIENTED_EDGE('',*,*,#2556,.T.);
#2556 = EDGE_CURVE('',#2174,#2557,#2559,.T.);
#2557 = VERTEX_POINT('',#2558);
#2558 = CARTESIAN_POINT('',(23.854192733765,-15.85455226898,
    0.715734779835));
#2559 = LINE('',#2560,#2561);
#2560 = CARTESIAN_POINT('',(23.868974685669,-15.78024005889,
    0.653553366661));
#2561 = VECTOR('',#2562,1.);
#2562 = DIRECTION('',(-0.150810031778,-0.758156083624,0.634393952666));
#2563 = ORIENTED_EDGE('',*,*,#2564,.T.);
#2564 = EDGE_CURVE('',#2557,#2197,#2565,.T.);
#2565 = LINE('',#2566,#2567);
#2566 = CARTESIAN_POINT('',(23.854192733765,-15.85455226898,
    0.715734779835));
#2567 = VECTOR('',#2568,1.);
#2568 = DIRECTION('',(-0.468483628447,0.701126072243,-0.537536343607));
#2569 = PLANE('',#2570);
#2570 = AXIS2_PLACEMENT_3D('',#2571,#2572,#2573);
#2571 = CARTESIAN_POINT('',(23.840850691782,-15.80607631485,
    0.677029817181));
#2572 = DIRECTION('',(-6.235653825274E-02,-0.633160042913,
    -0.771505037051));
#2573 = DIRECTION('',(3.469446951954E-18,-0.773009361591,0.634394614489)
  );
#2574 = ADVANCED_FACE('',(#2575),#2585,.T.);
#2575 = FACE_BOUND('',#2576,.T.);
#2576 = EDGE_LOOP('',(#2577,#2578,#2584));
#2577 = ORIENTED_EDGE('',*,*,#2173,.F.);
#2578 = ORIENTED_EDGE('',*,*,#2579,.T.);
#2579 = EDGE_CURVE('',#2128,#2557,#2580,.T.);
#2580 = LINE('',#2581,#2582);
#2581 = CARTESIAN_POINT('',(23.935298919678,-15.80035972595,
    0.653553366661));
#2582 = VECTOR('',#2583,1.);
#2583 = DIRECTION('',(-0.701132971639,-0.46847448573,0.537535312608));
#2584 = ORIENTED_EDGE('',*,*,#2556,.F.);
#2585 = PLANE('',#2586);
#2586 = AXIS2_PLACEMENT_3D('',#2587,#2588,#2589);
#2587 = CARTESIAN_POINT('',(23.885070388955,-15.81487217565,
    0.677029854653));
#2588 = DIRECTION('',(-0.184689368254,-0.608826221954,-0.771505326433));
#2589 = DIRECTION('',(1.387778780781E-17,-0.785009893955,0.619483225271)
  );
#2590 = ADVANCED_FACE('',(#2591),#2608,.T.);
#2591 = FACE_BOUND('',#2592,.T.);
#2592 = EDGE_LOOP('',(#2593,#2594,#2602));
#2593 = ORIENTED_EDGE('',*,*,#2127,.F.);
#2594 = ORIENTED_EDGE('',*,*,#2595,.T.);
#2595 = EDGE_CURVE('',#1988,#2596,#2598,.T.);
#2596 = VERTEX_POINT('',#2597);
#2597 = CARTESIAN_POINT('',(23.954328536987,-15.89603042602,
    0.715734779835));
#2598 = LINE('',#2599,#2600);
#2599 = CARTESIAN_POINT('',(23.996423721313,-15.83303070068,
    0.653553366661));
#2600 = VECTOR('',#2601,1.);
#2601 = DIRECTION('',(-0.429464492044,-0.642737298242,0.634388694352));
#2602 = ORIENTED_EDGE('',*,*,#2603,.T.);
#2603 = EDGE_CURVE('',#2596,#2128,#2604,.T.);
#2604 = LINE('',#2605,#2606);
#2605 = CARTESIAN_POINT('',(23.954328536987,-15.89603042602,
    0.715734779835));
#2606 = VECTOR('',#2607,1.);
#2607 = DIRECTION('',(-0.164504222378,0.82703891854,-0.537536034178));
#2608 = PLANE('',#2609);
#2609 = AXIS2_PLACEMENT_3D('',#2610,#2611,#2612);
#2610 = CARTESIAN_POINT('',(23.960553511565,-15.84613846282,
    0.677029914856));
#2611 = DIRECTION('',(-0.299904588381,-0.561097690692,-0.771509312561));
#2612 = DIRECTION('',(-2.775557561563E-17,-0.808736079901,0.588171703729
    ));
#2613 = ADVANCED_FACE('',(#2614),#2624,.T.);
#2614 = FACE_BOUND('',#2615,.T.);
#2615 = EDGE_LOOP('',(#2616,#2622,#2623));
#2616 = ORIENTED_EDGE('',*,*,#2617,.T.);
#2617 = EDGE_CURVE('',#2072,#2596,#2618,.T.);
#2618 = LINE('',#2619,#2620);
#2619 = CARTESIAN_POINT('',(24.049999237061,-15.87699985504,
    0.653553366661));
#2620 = VECTOR('',#2621,1.);
#2621 = DIRECTION('',(-0.827037796883,-0.164512243434,0.537535305155));
#2622 = ORIENTED_EDGE('',*,*,#2595,.F.);
#2623 = ORIENTED_EDGE('',*,*,#2111,.F.);
#2624 = PLANE('',#2625);
#2625 = AXIS2_PLACEMENT_3D('',#2626,#2627,#2628);
#2626 = CARTESIAN_POINT('',(23.998040605872,-15.87118649866,
    0.677029925985));
#2627 = DIRECTION('',(-0.403617083454,-0.49179916526,-0.771509449711));
#2628 = DIRECTION('',(2.775557561563E-17,-0.843246077853,0.537527722249)
  );
#2629 = ADVANCED_FACE('',(#2630),#2647,.T.);
#2630 = FACE_BOUND('',#2631,.T.);
#2631 = EDGE_LOOP('',(#2632,#2640,#2641));
#2632 = ORIENTED_EDGE('',*,*,#2633,.T.);
#2633 = EDGE_CURVE('',#2634,#2220,#2636,.T.);
#2634 = VERTEX_POINT('',#2635);
#2635 = CARTESIAN_POINT('',(24.07244682312,-16.07280731201,
    0.715734779835));
#2636 = LINE('',#2637,#2638);
#2637 = CARTESIAN_POINT('',(24.07244682312,-16.07280731201,
    0.715734779835));
#2638 = VECTOR('',#2639,1.);
#2639 = DIRECTION('',(0.758156083624,0.150810031778,-0.634393952666));
#2640 = ORIENTED_EDGE('',*,*,#2219,.F.);
#2641 = ORIENTED_EDGE('',*,*,#2642,.T.);
#2642 = EDGE_CURVE('',#2010,#2634,#2643,.T.);
#2643 = LINE('',#2644,#2645);
#2644 = CARTESIAN_POINT('',(24.153553009033,-16.12700080871,
    0.653553366661));
#2645 = VECTOR('',#2646,1.);
#2646 = DIRECTION('',(-0.70113026373,0.468480920522,0.537533236543));
#2647 = PLANE('',#2648);
#2648 = AXIS2_PLACEMENT_3D('',#2649,#2650,#2651);
#2649 = CARTESIAN_POINT('',(24.120923079874,-16.08614938859,
    0.677029827417));
#2650 = DIRECTION('',(-0.633158680677,-6.236515832677E-02,
    -0.771505458251));
#2651 = DIRECTION('',(-0.773010200769,3.469446951954E-18,0.63439359195)
  );
#2652 = ADVANCED_FACE('',(#2653),#2663,.T.);
#2653 = FACE_BOUND('',#2654,.T.);
#2654 = EDGE_LOOP('',(#2655,#2661,#2662));
#2655 = ORIENTED_EDGE('',*,*,#2656,.T.);
#2656 = EDGE_CURVE('',#2634,#2033,#2657,.T.);
#2657 = LINE('',#2658,#2659);
#2658 = CARTESIAN_POINT('',(24.07244682312,-16.07280731201,
    0.715734779835));
#2659 = VECTOR('',#2660,1.);
#2660 = DIRECTION('',(0.468480920522,0.70113026373,-0.537533236543));
#2661 = ORIENTED_EDGE('',*,*,#2242,.F.);
#2662 = ORIENTED_EDGE('',*,*,#2633,.F.);
#2663 = PLANE('',#2664);
#2664 = AXIS2_PLACEMENT_3D('',#2665,#2666,#2667);
#2665 = CARTESIAN_POINT('',(24.112127184231,-16.04192965824,
    0.677029889639));
#2666 = DIRECTION('',(-0.608828183822,-0.184681209069,-0.771505731411));
#2667 = DIRECTION('',(-0.785009081333,0.,0.619484255026));
#2668 = ADVANCED_FACE('',(#2669),#2686,.T.);
#2669 = FACE_BOUND('',#2670,.T.);
#2670 = EDGE_LOOP('',(#2671,#2679,#2680));
#2671 = ORIENTED_EDGE('',*,*,#2672,.T.);
#2672 = EDGE_CURVE('',#2673,#2258,#2675,.T.);
#2673 = VERTEX_POINT('',#2674);
#2674 = CARTESIAN_POINT('',(24.056640625,-16.02069664001,0.715734779835)
  );
#2675 = LINE('',#2676,#2677);
#2676 = CARTESIAN_POINT('',(24.056640625,-16.02069664001,0.715734779835)
  );
#2677 = VECTOR('',#2678,1.);
#2678 = DIRECTION('',(0.322692257806,0.779055055391,-0.537534117449));
#2679 = ORIENTED_EDGE('',*,*,#2281,.F.);
#2680 = ORIENTED_EDGE('',*,*,#2681,.T.);
#2681 = EDGE_CURVE('',#2033,#2673,#2682,.T.);
#2682 = LINE('',#2683,#2684);
#2683 = CARTESIAN_POINT('',(24.126640319824,-15.99170112609,
    0.653553366661));
#2684 = VECTOR('',#2685,1.);
#2685 = DIRECTION('',(-0.714162694075,-0.295822923034,0.634397702233));
#2686 = PLANE('',#2687);
#2687 = AXIS2_PLACEMENT_3D('',#2688,#2689,#2690);
#2688 = CARTESIAN_POINT('',(24.089534214644,-15.98267103281,
    0.677029888509));
#2689 = DIRECTION('',(-0.561104544954,-0.299908251958,-0.771502903455));
#2690 = DIRECTION('',(-0.80873033794,0.,0.588179598843));
#2691 = ADVANCED_FACE('',(#2692),#2709,.T.);
#2692 = FACE_BOUND('',#2693,.T.);
#2693 = EDGE_LOOP('',(#2694,#2695,#2703));
#2694 = ORIENTED_EDGE('',*,*,#2564,.F.);
#2695 = ORIENTED_EDGE('',*,*,#2696,.T.);
#2696 = EDGE_CURVE('',#2557,#2697,#2699,.T.);
#2697 = VERTEX_POINT('',#2698);
#2698 = CARTESIAN_POINT('',(23.799999237061,-15.84921455383,
    0.715734779835));
#2699 = LINE('',#2700,#2701);
#2700 = CARTESIAN_POINT('',(23.854192733765,-15.85455226898,
    0.715734779835));
#2701 = VECTOR('',#2702,1.);
#2702 = DIRECTION('',(-0.995184508841,9.801935198642E-02,0.));
#2703 = ORIENTED_EDGE('',*,*,#2704,.F.);
#2704 = EDGE_CURVE('',#2197,#2697,#2705,.T.);
#2705 = LINE('',#2706,#2707);
#2706 = CARTESIAN_POINT('',(23.799999237061,-15.77344703674,
    0.653553366661));
#2707 = VECTOR('',#2708,1.);
#2708 = DIRECTION('',(0.,-0.773007357076,0.634397056982));
#2709 = PLANE('',#2710);
#2710 = AXIS2_PLACEMENT_3D('',#2711,#2712,#2713);
#2711 = CARTESIAN_POINT('',(23.817191372816,-15.82071749728,
    0.690957934674));
#2712 = DIRECTION('',(-6.236245892182E-02,-0.63316224597,-0.771502750479
    ));
#2713 = DIRECTION('',(-3.469446951954E-18,-0.773007357076,0.634397056982
    ));
#2714 = ADVANCED_FACE('',(#2715),#2732,.T.);
#2715 = FACE_BOUND('',#2716,.T.);
#2716 = EDGE_LOOP('',(#2717,#2725,#2726));
#2717 = ORIENTED_EDGE('',*,*,#2718,.T.);
#2718 = EDGE_CURVE('',#2719,#2534,#2721,.T.);
#2719 = VERTEX_POINT('',#2720);
#2720 = CARTESIAN_POINT('',(24.030969619751,-15.97267055511,
    0.715734779835));
#2721 = LINE('',#2722,#2723);
#2722 = CARTESIAN_POINT('',(24.030969619751,-15.97267055511,
    0.715734779835));
#2723 = VECTOR('',#2724,1.);
#2724 = DIRECTION('',(-0.634393900037,0.773009947928,0.));
#2725 = ORIENTED_EDGE('',*,*,#2533,.F.);
#2726 = ORIENTED_EDGE('',*,*,#2727,.T.);
#2727 = EDGE_CURVE('',#2258,#2719,#2728,.T.);
#2728 = LINE('',#2729,#2730);
#2729 = CARTESIAN_POINT('',(24.093969345093,-15.93057632446,
    0.653553366661));
#2730 = VECTOR('',#2731,1.);
#2731 = DIRECTION('',(-0.642739983917,-0.42945655692,0.634391345143));
#2732 = PLANE('',#2733);
#2733 = AXIS2_PLACEMENT_3D('',#2734,#2735,#2736);
#2734 = CARTESIAN_POINT('',(24.045113469137,-15.94254382431,
    0.690957827765));
#2735 = DIRECTION('',(-0.491804830629,-0.40361444946,-0.77150721627));
#2736 = DIRECTION('',(-0.843242565811,-2.775557561563E-17,0.537533231721
    ));
#2737 = ADVANCED_FACE('',(#2738),#2748,.T.);
#2738 = FACE_BOUND('',#2739,.T.);
#2739 = EDGE_LOOP('',(#2740,#2741,#2747));
#2740 = ORIENTED_EDGE('',*,*,#2541,.F.);
#2741 = ORIENTED_EDGE('',*,*,#2742,.T.);
#2742 = EDGE_CURVE('',#2534,#2596,#2743,.T.);
#2743 = LINE('',#2744,#2745);
#2744 = CARTESIAN_POINT('',(23.996423721313,-15.93057632446,
    0.715734779835));
#2745 = VECTOR('',#2746,1.);
#2746 = DIRECTION('',(-0.773016996023,0.634385311825,0.));
#2747 = ORIENTED_EDGE('',*,*,#2617,.F.);
#2748 = PLANE('',#2749);
#2749 = AXIS2_PLACEMENT_3D('',#2750,#2751,#2752);
#2750 = CARTESIAN_POINT('',(24.004417362571,-15.89826899798,
    0.690957920283));
#2751 = DIRECTION('',(-0.403611202444,-0.491812016229,-0.771504334371));
#2752 = DIRECTION('',(-2.775557561563E-17,-0.843238095798,0.537540243884
    ));
#2753 = ADVANCED_FACE('',(#2754),#2771,.T.);
#2754 = FACE_BOUND('',#2755,.T.);
#2755 = EDGE_LOOP('',(#2756,#2757,#2765));
#2756 = ORIENTED_EDGE('',*,*,#2603,.F.);
#2757 = ORIENTED_EDGE('',*,*,#2758,.T.);
#2758 = EDGE_CURVE('',#2596,#2759,#2761,.T.);
#2759 = VERTEX_POINT('',#2760);
#2760 = CARTESIAN_POINT('',(23.906303405762,-15.87036037445,
    0.715734779835));
#2761 = LINE('',#2762,#2763);
#2762 = CARTESIAN_POINT('',(23.954328536987,-15.89603042602,
    0.715734779835));
#2763 = VECTOR('',#2764,1.);
#2764 = DIRECTION('',(-0.881920622069,0.471397938445,0.));
#2765 = ORIENTED_EDGE('',*,*,#2766,.T.);
#2766 = EDGE_CURVE('',#2759,#2128,#2767,.T.);
#2767 = LINE('',#2768,#2769);
#2768 = CARTESIAN_POINT('',(23.906303405762,-15.87036037445,
    0.715734779835));
#2769 = VECTOR('',#2770,1.);
#2770 = DIRECTION('',(0.295820867481,0.714167461321,-0.634393294064));
#2771 = PLANE('',#2772);
#2772 = AXIS2_PLACEMENT_3D('',#2773,#2774,#2775);
#2773 = CARTESIAN_POINT('',(23.933092265952,-15.85061123764,
    0.690957867231));
#2774 = DIRECTION('',(-0.299913767871,-0.561097355665,-0.771505987862));
#2775 = DIRECTION('',(0.,-0.808735041286,0.58817313182));
#2776 = ADVANCED_FACE('',(#2777),#2787,.T.);
#2777 = FACE_BOUND('',#2778,.T.);
#2778 = EDGE_LOOP('',(#2779,#2780,#2786));
#2779 = ORIENTED_EDGE('',*,*,#2766,.F.);
#2780 = ORIENTED_EDGE('',*,*,#2781,.T.);
#2781 = EDGE_CURVE('',#2759,#2557,#2782,.T.);
#2782 = LINE('',#2783,#2784);
#2783 = CARTESIAN_POINT('',(23.906303405762,-15.87036037445,
    0.715734779835));
#2784 = VECTOR('',#2785,1.);
#2785 = DIRECTION('',(-0.956937754842,0.290293185174,0.));
#2786 = ORIENTED_EDGE('',*,*,#2579,.F.);
#2787 = PLANE('',#2788);
#2788 = AXIS2_PLACEMENT_3D('',#2789,#2790,#2791);
#2789 = CARTESIAN_POINT('',(23.901325630586,-15.83745294985,
    0.690957909013));
#2790 = DIRECTION('',(-0.184690895643,-0.608824802107,-0.77150608125));
#2791 = DIRECTION('',(0.,-0.785010891251,0.619481961494));
#2792 = ADVANCED_FACE('',(#2793),#2810,.T.);
#2793 = FACE_BOUND('',#2794,.T.);
#2794 = EDGE_LOOP('',(#2795,#2803,#2804));
#2795 = ORIENTED_EDGE('',*,*,#2796,.T.);
#2796 = EDGE_CURVE('',#2797,#2634,#2799,.T.);
#2797 = VERTEX_POINT('',#2798);
#2798 = CARTESIAN_POINT('',(24.077785491943,-16.12700080871,
    0.715734779835));
#2799 = LINE('',#2800,#2801);
#2800 = CARTESIAN_POINT('',(24.077785491943,-16.12700080871,
    0.715734779835));
#2801 = VECTOR('',#2802,1.);
#2802 = DIRECTION('',(-9.803669651962E-02,0.995182800362,0.));
#2803 = ORIENTED_EDGE('',*,*,#2642,.F.);
#2804 = ORIENTED_EDGE('',*,*,#2805,.F.);
#2805 = EDGE_CURVE('',#2797,#2010,#2806,.T.);
#2806 = LINE('',#2807,#2808);
#2807 = CARTESIAN_POINT('',(24.077785491943,-16.12700080871,
    0.715734779835));
#2808 = VECTOR('',#2809,1.);
#2809 = DIRECTION('',(0.773007357076,0.,-0.634397056982));
#2810 = PLANE('',#2811);
#2811 = AXIS2_PLACEMENT_3D('',#2812,#2813,#2814);
#2812 = CARTESIAN_POINT('',(24.106282251841,-16.10980864481,
    0.690957927568));
#2813 = DIRECTION('',(-0.633161805978,-6.237355770006E-02,
    -0.771502214352));
#2814 = DIRECTION('',(-0.773007357076,-3.469446951954E-18,0.634397056982
    ));
#2815 = ADVANCED_FACE('',(#2816),#2826,.T.);
#2816 = FACE_BOUND('',#2817,.T.);
#2817 = EDGE_LOOP('',(#2818,#2824,#2825));
#2818 = ORIENTED_EDGE('',*,*,#2819,.T.);
#2819 = EDGE_CURVE('',#2634,#2673,#2820,.T.);
#2820 = LINE('',#2821,#2822);
#2821 = CARTESIAN_POINT('',(24.07244682312,-16.07280731201,
    0.715734779835));
#2822 = VECTOR('',#2823,1.);
#2823 = DIRECTION('',(-0.290261110585,0.956947484286,0.));
#2824 = ORIENTED_EDGE('',*,*,#2681,.F.);
#2825 = ORIENTED_EDGE('',*,*,#2656,.F.);
#2826 = PLANE('',#2827);
#2827 = AXIS2_PLACEMENT_3D('',#2828,#2829,#2830);
#2828 = CARTESIAN_POINT('',(24.089547127481,-16.0256744321,
    0.690957863372));
#2829 = DIRECTION('',(-0.608836574728,-0.184672182379,-0.771501270465));
#2830 = DIRECTION('',(-0.785003187485,0.,0.619491723624));
#2831 = ADVANCED_FACE('',(#2832),#2842,.T.);
#2832 = FACE_BOUND('',#2833,.T.);
#2833 = EDGE_LOOP('',(#2834,#2835,#2836));
#2834 = ORIENTED_EDGE('',*,*,#2727,.F.);
#2835 = ORIENTED_EDGE('',*,*,#2672,.F.);
#2836 = ORIENTED_EDGE('',*,*,#2837,.T.);
#2837 = EDGE_CURVE('',#2673,#2719,#2838,.T.);
#2838 = LINE('',#2839,#2840);
#2839 = CARTESIAN_POINT('',(24.056640625,-16.02069664001,0.715734779835)
  );
#2840 = VECTOR('',#2841,1.);
#2841 = DIRECTION('',(-0.471404278844,0.881917233015,0.));
#2842 = PLANE('',#2843);
#2843 = AXIS2_PLACEMENT_3D('',#2844,#2845,#2846);
#2844 = CARTESIAN_POINT('',(24.064216259545,-15.97113328421,
    0.690957969681));
#2845 = DIRECTION('',(-0.561092971843,-0.299916611054,-0.771508070834));
#2846 = DIRECTION('',(-0.808737982556,-2.775557561563E-17,0.588169087569
    ));
#2847 = ADVANCED_FACE('',(#2848),#2865,.T.);
#2848 = FACE_BOUND('',#2849,.T.);
#2849 = EDGE_LOOP('',(#2850,#2858,#2864));
#2850 = ORIENTED_EDGE('',*,*,#2851,.T.);
#2851 = EDGE_CURVE('',#2634,#2852,#2854,.T.);
#2852 = VERTEX_POINT('',#2853);
#2853 = CARTESIAN_POINT('',(23.976776123047,-16.05377578735,
    0.761939764023));
#2854 = LINE('',#2855,#2856);
#2855 = CARTESIAN_POINT('',(24.07244682312,-16.07280731201,
    0.715734779835));
#2856 = VECTOR('',#2857,1.);
#2857 = DIRECTION('',(-0.886372591494,0.17632380466,0.428081236401));
#2858 = ORIENTED_EDGE('',*,*,#2859,.T.);
#2859 = EDGE_CURVE('',#2852,#2673,#2860,.T.);
#2860 = LINE('',#2861,#2862);
#2861 = CARTESIAN_POINT('',(23.976776123047,-16.05377578735,
    0.761939764023));
#2862 = VECTOR('',#2863,1.);
#2863 = DIRECTION('',(0.814796747451,0.337481371586,-0.471394297989));
#2864 = ORIENTED_EDGE('',*,*,#2819,.F.);
#2865 = PLANE('',#2866);
#2866 = AXIS2_PLACEMENT_3D('',#2867,#2868,#2869);
#2867 = CARTESIAN_POINT('',(24.029987159731,-16.05002563707,
    0.734006202588));
#2868 = DIRECTION('',(-0.452794691494,-0.137341591026,-0.880973469935));
#2869 = DIRECTION('',(-0.88940166785,0.,0.45712653962));
#2870 = ADVANCED_FACE('',(#2871),#2888,.T.);
#2871 = FACE_BOUND('',#2872,.T.);
#2872 = EDGE_LOOP('',(#2873,#2881,#2887));
#2873 = ORIENTED_EDGE('',*,*,#2874,.T.);
#2874 = EDGE_CURVE('',#2557,#2875,#2877,.T.);
#2875 = VERTEX_POINT('',#2876);
#2876 = CARTESIAN_POINT('',(23.837329864502,-15.93933486938,
    0.761939764023));
#2877 = LINE('',#2878,#2879);
#2878 = CARTESIAN_POINT('',(23.854192733765,-15.85455226898,
    0.715734779835));
#2879 = VECTOR('',#2880,1.);
#2880 = DIRECTION('',(-0.172040125758,-0.864977899558,0.471397314805));
#2881 = ORIENTED_EDGE('',*,*,#2882,.T.);
#2882 = EDGE_CURVE('',#2875,#2697,#2883,.T.);
#2883 = LINE('',#2884,#2885);
#2884 = CARTESIAN_POINT('',(23.837329864502,-15.93933486938,
    0.761939764023));
#2885 = VECTOR('',#2886,1.);
#2886 = DIRECTION('',(-0.345859393811,0.83494331178,-0.428078200598));
#2887 = ORIENTED_EDGE('',*,*,#2696,.F.);
#2888 = PLANE('',#2889);
#2889 = AXIS2_PLACEMENT_3D('',#2890,#2891,#2892);
#2890 = CARTESIAN_POINT('',(23.83062684098,-15.88641454447,0.73400616118
    ));
#2891 = DIRECTION('',(-4.637960354526E-02,-0.470889289095,
    -0.880972309321));
#2892 = DIRECTION('',(3.469446951954E-18,-0.881921356201,0.471396564982)
  );
#2893 = ADVANCED_FACE('',(#2894),#2911,.T.);
#2894 = FACE_BOUND('',#2895,.T.);
#2895 = EDGE_LOOP('',(#2896,#2897,#2905));
#2896 = ORIENTED_EDGE('',*,*,#2758,.F.);
#2897 = ORIENTED_EDGE('',*,*,#2898,.T.);
#2898 = EDGE_CURVE('',#2596,#2899,#2901,.T.);
#2899 = VERTEX_POINT('',#2900);
#2900 = CARTESIAN_POINT('',(23.873222351074,-15.95022296905,
    0.761939764023));
#2901 = LINE('',#2902,#2903);
#2902 = CARTESIAN_POINT('',(23.954328536987,-15.89603042602,
    0.715734779835));
#2903 = VECTOR('',#2904,1.);
#2904 = DIRECTION('',(-0.751436053896,-0.502085386293,0.428081910125));
#2905 = ORIENTED_EDGE('',*,*,#2906,.T.);
#2906 = EDGE_CURVE('',#2899,#2759,#2907,.T.);
#2907 = LINE('',#2908,#2909);
#2908 = CARTESIAN_POINT('',(23.873222351074,-15.95022296905,
    0.761939764023));
#2909 = VECTOR('',#2910,1.);
#2910 = DIRECTION('',(0.3375039655,0.814784855825,-0.471398676271));
#2911 = PLANE('',#2912);
#2912 = AXIS2_PLACEMENT_3D('',#2913,#2914,#2915);
#2913 = CARTESIAN_POINT('',(23.90819603105,-15.90994535032,
    0.734006178204));
#2914 = DIRECTION('',(-0.223051157985,-0.417297998062,-0.880971373959));
#2915 = DIRECTION('',(1.387778780781E-17,-0.903739518352,0.428082799198)
  );
#2916 = ADVANCED_FACE('',(#2917),#2927,.T.);
#2917 = FACE_BOUND('',#2918,.T.);
#2918 = EDGE_LOOP('',(#2919,#2920,#2921));
#2919 = ORIENTED_EDGE('',*,*,#2837,.F.);
#2920 = ORIENTED_EDGE('',*,*,#2859,.F.);
#2921 = ORIENTED_EDGE('',*,*,#2922,.T.);
#2922 = EDGE_CURVE('',#2852,#2719,#2923,.T.);
#2923 = LINE('',#2924,#2925);
#2924 = CARTESIAN_POINT('',(23.976776123047,-16.05377578735,
    0.761939764023));
#2925 = VECTOR('',#2926,1.);
#2926 = DIRECTION('',(0.5020953281,0.751428873725,-0.428082853233));
#2927 = PLANE('',#2928);
#2928 = AXIS2_PLACEMENT_3D('',#2929,#2930,#2931);
#2929 = CARTESIAN_POINT('',(24.017054740926,-16.01880292303,
    0.734006100125));
#2930 = DIRECTION('',(-0.417293676041,-0.223052705011,-0.88097302951));
#2931 = DIRECTION('',(-0.903741544868,0.,0.428078520927));
#2932 = ADVANCED_FACE('',(#2933),#2950,.T.);
#2933 = FACE_BOUND('',#2934,.T.);
#2934 = EDGE_LOOP('',(#2935,#2943,#2949));
#2935 = ORIENTED_EDGE('',*,*,#2936,.T.);
#2936 = EDGE_CURVE('',#2719,#2937,#2939,.T.);
#2937 = VERTEX_POINT('',#2938);
#2938 = CARTESIAN_POINT('',(23.959095001221,-16.02069664001,
    0.761939764023));
#2939 = LINE('',#2940,#2941);
#2940 = CARTESIAN_POINT('',(24.030969619751,-15.97267055511,
    0.715734779835));
#2941 = VECTOR('',#2942,1.);
#2942 = DIRECTION('',(-0.733285978395,-0.489976230476,0.471396825888));
#2943 = ORIENTED_EDGE('',*,*,#2944,.T.);
#2944 = EDGE_CURVE('',#2937,#2534,#2945,.T.);
#2945 = LINE('',#2946,#2947);
#2946 = CARTESIAN_POINT('',(23.959095001221,-16.02069664001,
    0.761939764023));
#2947 = VECTOR('',#2948,1.);
#2948 = DIRECTION('',(0.345843836334,0.834948414642,-0.428080816852));
#2949 = ORIENTED_EDGE('',*,*,#2718,.F.);
#2950 = PLANE('',#2951);
#2951 = AXIS2_PLACEMENT_3D('',#2952,#2953,#2954);
#2952 = CARTESIAN_POINT('',(23.991775904617,-15.97853712765,
    0.734006204258));
#2953 = DIRECTION('',(-0.365763328609,-0.300174693933,-0.880972383544));
#2954 = DIRECTION('',(-0.923563197562,0.,0.383446241484));
#2955 = ADVANCED_FACE('',(#2956),#2973,.T.);
#2956 = FACE_BOUND('',#2957,.T.);
#2957 = EDGE_LOOP('',(#2958,#2959,#2967));
#2958 = ORIENTED_EDGE('',*,*,#2742,.F.);
#2959 = ORIENTED_EDGE('',*,*,#2960,.T.);
#2960 = EDGE_CURVE('',#2534,#2961,#2963,.T.);
#2961 = VERTEX_POINT('',#2962);
#2962 = CARTESIAN_POINT('',(23.906303405762,-15.96790504455,
    0.761939764023));
#2963 = LINE('',#2964,#2965);
#2964 = CARTESIAN_POINT('',(23.996423721313,-15.93057632446,
    0.715734779835));
#2965 = VECTOR('',#2966,1.);
#2966 = DIRECTION('',(-0.834948414642,-0.345843836334,0.428080816852));
#2967 = ORIENTED_EDGE('',*,*,#2968,.T.);
#2968 = EDGE_CURVE('',#2961,#2596,#2969,.T.);
#2969 = LINE('',#2970,#2971);
#2970 = CARTESIAN_POINT('',(23.906303405762,-15.96790504455,
    0.761939764023));
#2971 = VECTOR('',#2972,1.);
#2972 = DIRECTION('',(0.489968836623,0.733289474184,-0.471399073174));
#2973 = PLANE('',#2974);
#2974 = AXIS2_PLACEMENT_3D('',#2975,#2976,#2977);
#2975 = CARTESIAN_POINT('',(23.94846274768,-15.93522408494,
    0.734006143863));
#2976 = DIRECTION('',(-0.300172013752,-0.365768349355,-0.880971212226));
#2977 = DIRECTION('',(0.,-0.923561153015,0.383451165916));
#2978 = ADVANCED_FACE('',(#2979),#2989,.T.);
#2979 = FACE_BOUND('',#2980,.T.);
#2980 = EDGE_LOOP('',(#2981,#2982,#2988));
#2981 = ORIENTED_EDGE('',*,*,#2781,.F.);
#2982 = ORIENTED_EDGE('',*,*,#2983,.T.);
#2983 = EDGE_CURVE('',#2759,#2875,#2984,.T.);
#2984 = LINE('',#2985,#2986);
#2985 = CARTESIAN_POINT('',(23.906303405762,-15.87036037445,
    0.715734779835));
#2986 = VECTOR('',#2987,1.);
#2987 = DIRECTION('',(-0.639034900104,-0.639043735828,0.428085856049));
#2988 = ORIENTED_EDGE('',*,*,#2874,.F.);
#2989 = PLANE('',#2990);
#2990 = AXIS2_PLACEMENT_3D('',#2991,#2992,#2993);
#2991 = CARTESIAN_POINT('',(23.863772568399,-15.89300776235,
    0.734006130494));
#2992 = DIRECTION('',(-0.137357854349,-0.452793670208,-0.880971459281));
#2993 = DIRECTION('',(0.,-0.889401662871,0.457126549308));
#2994 = ADVANCED_FACE('',(#2995),#3012,.T.);
#2995 = FACE_BOUND('',#2996,.T.);
#2996 = EDGE_LOOP('',(#2997,#3005,#3011));
#2997 = ORIENTED_EDGE('',*,*,#2998,.F.);
#2998 = EDGE_CURVE('',#2999,#2797,#3001,.T.);
#2999 = VERTEX_POINT('',#3000);
#3000 = CARTESIAN_POINT('',(23.991342544556,-16.12700080871,
    0.761939764023));
#3001 = LINE('',#3002,#3003);
#3002 = CARTESIAN_POINT('',(23.991342544556,-16.12700080871,
    0.761939764023));
#3003 = VECTOR('',#3004,1.);
#3004 = DIRECTION('',(0.881920135331,0.,-0.471398849062));
#3005 = ORIENTED_EDGE('',*,*,#3006,.T.);
#3006 = EDGE_CURVE('',#2999,#2634,#3007,.T.);
#3007 = LINE('',#3008,#3009);
#3008 = CARTESIAN_POINT('',(23.991342544556,-16.12700080871,
    0.761939764023));
#3009 = VECTOR('',#3010,1.);
#3010 = DIRECTION('',(0.75142502704,0.502098661711,-0.428085695446));
#3011 = ORIENTED_EDGE('',*,*,#2796,.F.);
#3012 = PLANE('',#3013);
#3013 = AXIS2_PLACEMENT_3D('',#3014,#3015,#3016);
#3014 = CARTESIAN_POINT('',(24.041937827933,-16.11010324867,
    0.734006113643));
#3015 = DIRECTION('',(-0.470891384816,-4.638809650859E-02,
    -0.880970741971));
#3016 = DIRECTION('',(-0.881920135331,0.,0.471398849062));
#3017 = ADVANCED_FACE('',(#3018),#3035,.T.);
#3018 = FACE_BOUND('',#3019,.T.);
#3019 = EDGE_LOOP('',(#3020,#3021,#3029));
#3020 = ORIENTED_EDGE('',*,*,#3006,.F.);
#3021 = ORIENTED_EDGE('',*,*,#3022,.T.);
#3022 = EDGE_CURVE('',#2999,#3023,#3025,.T.);
#3023 = VERTEX_POINT('',#3024);
#3024 = CARTESIAN_POINT('',(23.987665176392,-16.08967018127,
    0.761939764023));
#3025 = LINE('',#3026,#3027);
#3026 = CARTESIAN_POINT('',(23.991342544556,-16.12700080871,
    0.761939764023));
#3027 = VECTOR('',#3028,1.);
#3028 = DIRECTION('',(-9.803357004384E-02,0.99518310835,0.));
#3029 = ORIENTED_EDGE('',*,*,#3030,.T.);
#3030 = EDGE_CURVE('',#3023,#2634,#3031,.T.);
#3031 = LINE('',#3032,#3033);
#3032 = CARTESIAN_POINT('',(23.987665176392,-16.08967018127,
    0.761939764023));
#3033 = VECTOR('',#3034,1.);
#3034 = DIRECTION('',(0.864975449466,0.17204157365,-0.471401282091));
#3035 = PLANE('',#3036);
#3036 = AXIS2_PLACEMENT_3D('',#3037,#3038,#3039);
#3037 = CARTESIAN_POINT('',(24.02462307703,-16.09368858214,0.74239678664
    ));
#3038 = DIRECTION('',(-0.470892144232,-4.638667760472E-02,
    -0.880970410764));
#3039 = DIRECTION('',(-0.881919745595,-3.469446951954E-18,0.471399578203
    ));
#3040 = ADVANCED_FACE('',(#3041),#3051,.T.);
#3041 = FACE_BOUND('',#3042,.T.);
#3042 = EDGE_LOOP('',(#3043,#3044,#3050));
#3043 = ORIENTED_EDGE('',*,*,#3030,.F.);
#3044 = ORIENTED_EDGE('',*,*,#3045,.T.);
#3045 = EDGE_CURVE('',#3023,#2852,#3046,.T.);
#3046 = LINE('',#3047,#3048);
#3047 = CARTESIAN_POINT('',(23.987665176392,-16.08967018127,
    0.761939764023));
#3048 = VECTOR('',#3049,1.);
#3049 = DIRECTION('',(-0.290299520211,0.956935833045,0.));
#3050 = ORIENTED_EDGE('',*,*,#2851,.F.);
#3051 = PLANE('',#3052);
#3052 = AXIS2_PLACEMENT_3D('',#3053,#3054,#3055);
#3053 = CARTESIAN_POINT('',(24.020272315764,-16.07181602465,
    0.742396642036));
#3054 = DIRECTION('',(-0.452796718068,-0.137362052365,-0.880969238212));
#3055 = DIRECTION('',(-0.889399943274,0.,0.457129895003));
#3056 = ADVANCED_FACE('',(#3057),#3074,.T.);
#3057 = FACE_BOUND('',#3058,.T.);
#3058 = EDGE_LOOP('',(#3059,#3060,#3068));
#3059 = ORIENTED_EDGE('',*,*,#2882,.F.);
#3060 = ORIENTED_EDGE('',*,*,#3061,.T.);
#3061 = EDGE_CURVE('',#2875,#3062,#3064,.T.);
#3062 = VERTEX_POINT('',#3063);
#3063 = CARTESIAN_POINT('',(23.799999237061,-15.93565845489,
    0.761939764023));
#3064 = LINE('',#3065,#3066);
#3065 = CARTESIAN_POINT('',(23.837329864502,-15.93933486938,
    0.761939764023));
#3066 = VECTOR('',#3067,1.);
#3067 = DIRECTION('',(-0.995185588402,9.800839064202E-02,0.));
#3068 = ORIENTED_EDGE('',*,*,#3069,.F.);
#3069 = EDGE_CURVE('',#2697,#3062,#3070,.T.);
#3070 = LINE('',#3071,#3072);
#3071 = CARTESIAN_POINT('',(23.799999237061,-15.84921455383,
    0.715734779835));
#3072 = VECTOR('',#3073,1.);
#3073 = DIRECTION('',(0.,-0.881922297409,0.471394804101));
#3074 = PLANE('',#3075);
#3075 = AXIS2_PLACEMENT_3D('',#3076,#3077,#3078);
#3076 = CARTESIAN_POINT('',(23.81114999366,-15.90019397521,
    0.742396731816));
#3077 = DIRECTION('',(-4.637420508955E-02,-0.470887648256,
    -0.880973470555));
#3078 = DIRECTION('',(3.469446951954E-18,-0.881922297409,0.471394804101)
  );
#3079 = ADVANCED_FACE('',(#3080),#3090,.T.);
#3080 = FACE_BOUND('',#3081,.T.);
#3081 = EDGE_LOOP('',(#3082,#3083,#3089));
#3082 = ORIENTED_EDGE('',*,*,#2906,.F.);
#3083 = ORIENTED_EDGE('',*,*,#3084,.T.);
#3084 = EDGE_CURVE('',#2899,#2875,#3085,.T.);
#3085 = LINE('',#3086,#3087);
#3086 = CARTESIAN_POINT('',(23.873222351074,-15.95022296905,
    0.761939764023));
#3087 = VECTOR('',#3088,1.);
#3088 = DIRECTION('',(-0.956938610818,0.290290363474,0.));
#3089 = ORIENTED_EDGE('',*,*,#2983,.F.);
#3090 = PLANE('',#3091);
#3091 = AXIS2_PLACEMENT_3D('',#3092,#3093,#3094);
#3092 = CARTESIAN_POINT('',(23.876493564427,-15.91319129256,
    0.742396482405));
#3093 = DIRECTION('',(-0.13735668722,-0.452794629081,-0.880971148422));
#3094 = DIRECTION('',(0.,-0.889401203712,0.457127442664));
#3095 = ADVANCED_FACE('',(#3096),#3106,.T.);
#3096 = FACE_BOUND('',#3097,.T.);
#3097 = EDGE_LOOP('',(#3098,#3099,#3105));
#3098 = ORIENTED_EDGE('',*,*,#2968,.F.);
#3099 = ORIENTED_EDGE('',*,*,#3100,.T.);
#3100 = EDGE_CURVE('',#2961,#2899,#3101,.T.);
#3101 = LINE('',#3102,#3103);
#3102 = CARTESIAN_POINT('',(23.906303405762,-15.96790504455,
    0.761939764023));
#3103 = VECTOR('',#3104,1.);
#3104 = DIRECTION('',(-0.881922556863,0.471394318692,0.));
#3105 = ORIENTED_EDGE('',*,*,#2898,.F.);
#3106 = PLANE('',#3107);
#3107 = AXIS2_PLACEMENT_3D('',#3108,#3109,#3110);
#3108 = CARTESIAN_POINT('',(23.916734975786,-15.93222292435,
    0.742396673088));
#3109 = DIRECTION('',(-0.223049825015,-0.417299624083,-0.880970941236));
#3110 = DIRECTION('',(0.,-0.903738791678,0.4280843333));
#3111 = ADVANCED_FACE('',(#3112),#3122,.T.);
#3112 = FACE_BOUND('',#3113,.T.);
#3113 = EDGE_LOOP('',(#3114,#3115,#3121));
#3114 = ORIENTED_EDGE('',*,*,#2922,.F.);
#3115 = ORIENTED_EDGE('',*,*,#3116,.T.);
#3116 = EDGE_CURVE('',#2852,#2937,#3117,.T.);
#3117 = LINE('',#3118,#3119);
#3118 = CARTESIAN_POINT('',(23.976776123047,-16.05377578735,
    0.761939764023));
#3119 = VECTOR('',#3120,1.);
#3120 = DIRECTION('',(-0.471395683532,0.881921827345,0.));
#3121 = ORIENTED_EDGE('',*,*,#2936,.F.);
#3122 = PLANE('',#3123);
#3123 = AXIS2_PLACEMENT_3D('',#3124,#3125,#3126);
#3124 = CARTESIAN_POINT('',(23.994777063182,-16.01026383177,
    0.742396498618));
#3125 = DIRECTION('',(-0.417297537056,-0.223049539786,-0.880972002034));
#3126 = DIRECTION('',(-0.903739819385,0.,0.428082163676));
#3127 = ADVANCED_FACE('',(#3128),#3145,.T.);
#3128 = FACE_BOUND('',#3129,.T.);
#3129 = EDGE_LOOP('',(#3130,#3138,#3144));
#3130 = ORIENTED_EDGE('',*,*,#3131,.T.);
#3131 = EDGE_CURVE('',#2534,#3132,#3134,.T.);
#3132 = VERTEX_POINT('',#3133);
#3133 = CARTESIAN_POINT('',(23.935298919678,-15.99170112609,
    0.761939764023));
#3134 = LINE('',#3135,#3136);
#3135 = CARTESIAN_POINT('',(23.996423721313,-15.93057632446,
    0.715734779835));
#3136 = VECTOR('',#3137,1.);
#3137 = DIRECTION('',(-0.623612631671,-0.623612631671,0.471396405629));
#3138 = ORIENTED_EDGE('',*,*,#3139,.T.);
#3139 = EDGE_CURVE('',#3132,#2961,#3140,.T.);
#3140 = LINE('',#3141,#3142);
#3141 = CARTESIAN_POINT('',(23.935298919678,-15.99170112609,
    0.761939764023));
#3142 = VECTOR('',#3143,1.);
#3143 = DIRECTION('',(-0.773009430439,0.634394530598,0.));
#3144 = ORIENTED_EDGE('',*,*,#2960,.F.);
#3145 = PLANE('',#3146);
#3146 = AXIS2_PLACEMENT_3D('',#3147,#3148,#3149);
#3147 = CARTESIAN_POINT('',(23.95249161275,-15.95873950911,
    0.742396640995));
#3148 = DIRECTION('',(-0.300174890716,-0.365762959977,-0.880972469543));
#3149 = DIRECTION('',(1.387778780781E-17,-0.923563347676,0.383445879923)
  );
#3150 = ADVANCED_FACE('',(#3151),#3161,.T.);
#3151 = FACE_BOUND('',#3152,.T.);
#3152 = EDGE_LOOP('',(#3153,#3154,#3160));
#3153 = ORIENTED_EDGE('',*,*,#2944,.F.);
#3154 = ORIENTED_EDGE('',*,*,#3155,.T.);
#3155 = EDGE_CURVE('',#2937,#3132,#3156,.T.);
#3156 = LINE('',#3157,#3158);
#3157 = CARTESIAN_POINT('',(23.959095001221,-16.02069664001,
    0.761939764023));
#3158 = VECTOR('',#3159,1.);
#3159 = DIRECTION('',(-0.634394530598,0.773009430439,0.));
#3160 = ORIENTED_EDGE('',*,*,#3131,.F.);
#3161 = PLANE('',#3162);
#3162 = AXIS2_PLACEMENT_3D('',#3163,#3164,#3165);
#3163 = CARTESIAN_POINT('',(23.968260536659,-15.97450843302,
    0.742396640995));
#3164 = DIRECTION('',(-0.365762959977,-0.300174890716,-0.880972469543));
#3165 = DIRECTION('',(-0.923563347676,0.,0.383445879923));
#3166 = ADVANCED_FACE('',(#3167),#3184,.T.);
#3167 = FACE_BOUND('',#3168,.T.);
#3168 = EDGE_LOOP('',(#3169,#3177,#3178));
#3169 = ORIENTED_EDGE('',*,*,#3170,.T.);
#3170 = EDGE_CURVE('',#3171,#2937,#3173,.T.);
#3171 = VERTEX_POINT('',#3172);
#3172 = CARTESIAN_POINT('',(23.881105422974,-16.07280731201,
    0.790392637253));
#3173 = LINE('',#3174,#3175);
#3174 = CARTESIAN_POINT('',(23.881105422974,-16.07280731201,
    0.790392637253));
#3175 = VECTOR('',#3176,1.);
#3176 = DIRECTION('',(0.795668608129,0.531645724833,-0.29028311922));
#3177 = ORIENTED_EDGE('',*,*,#3116,.F.);
#3178 = ORIENTED_EDGE('',*,*,#3179,.T.);
#3179 = EDGE_CURVE('',#2852,#3171,#3180,.T.);
#3180 = LINE('',#3181,#3182);
#3181 = CARTESIAN_POINT('',(23.976776123047,-16.05377578735,
    0.761939764023));
#3182 = VECTOR('',#3183,1.);
#3183 = DIRECTION('',(-0.941545537922,-0.187299216041,0.280019648756));
#3184 = PLANE('',#3185);
#3185 = AXIS2_PLACEMENT_3D('',#3186,#3187,#3188);
#3186 = CARTESIAN_POINT('',(23.931454463666,-16.05233389248,
    0.773915991296));
#3187 = DIRECTION('',(-0.257140620598,-0.137444130367,-0.956549952834));
#3188 = DIRECTION('',(-0.965715051328,0.,0.259604390638));
#3189 = ADVANCED_FACE('',(#3190),#3207,.T.);
#3190 = FACE_BOUND('',#3191,.T.);
#3191 = EDGE_LOOP('',(#3192,#3200,#3206));
#3192 = ORIENTED_EDGE('',*,*,#3193,.T.);
#3193 = EDGE_CURVE('',#2999,#3194,#3196,.T.);
#3194 = VERTEX_POINT('',#3195);
#3195 = CARTESIAN_POINT('',(23.895669937134,-16.10796928405,
    0.790392637253));
#3196 = LINE('',#3197,#3198);
#3197 = CARTESIAN_POINT('',(23.991342544556,-16.12700080871,
    0.761939764023));
#3198 = VECTOR('',#3199,1.);
#3199 = DIRECTION('',(-0.941547668249,0.187295905777,0.280014699783));
#3200 = ORIENTED_EDGE('',*,*,#3201,.T.);
#3201 = EDGE_CURVE('',#3194,#3023,#3202,.T.);
#3202 = LINE('',#3203,#3204);
#3203 = CARTESIAN_POINT('',(23.895669937134,-16.10796928405,
    0.790392637253));
#3204 = VECTOR('',#3205,1.);
#3205 = DIRECTION('',(0.938553621455,0.186691064941,-0.29028183878));
#3206 = ORIENTED_EDGE('',*,*,#3022,.F.);
#3207 = PLANE('',#3208);
#3208 = AXIS2_PLACEMENT_3D('',#3209,#3210,#3211);
#3209 = CARTESIAN_POINT('',(23.950022211367,-16.10832279349,
    0.773915846346));
#3210 = DIRECTION('',(-0.29016239989,-2.858333879972E-02,-0.95655045577)
  );
#3211 = DIRECTION('',(-0.956941449702,0.,0.290281004964));
#3212 = ADVANCED_FACE('',(#3213),#3223,.T.);
#3213 = FACE_BOUND('',#3214,.T.);
#3214 = EDGE_LOOP('',(#3215,#3216,#3222));
#3215 = ORIENTED_EDGE('',*,*,#3201,.F.);
#3216 = ORIENTED_EDGE('',*,*,#3217,.T.);
#3217 = EDGE_CURVE('',#3194,#2852,#3218,.T.);
#3218 = LINE('',#3219,#3220);
#3219 = CARTESIAN_POINT('',(23.895669937134,-16.10796928405,
    0.790392637253));
#3220 = VECTOR('',#3221,1.);
#3221 = DIRECTION('',(0.798205936986,0.533344902466,-0.280018744326));
#3222 = ORIENTED_EDGE('',*,*,#3045,.F.);
#3223 = PLANE('',#3224);
#3224 = AXIS2_PLACEMENT_3D('',#3225,#3226,#3227);
#3225 = CARTESIAN_POINT('',(23.945749196032,-16.08684353356,
    0.773915913055));
#3226 = DIRECTION('',(-0.279011508712,-8.464194182659E-02,-0.95655021807
    ));
#3227 = DIRECTION('',(-0.959995226285,0.,0.280016366503));
#3228 = ADVANCED_FACE('',(#3229),#3246,.T.);
#3229 = FACE_BOUND('',#3230,.T.);
#3230 = EDGE_LOOP('',(#3231,#3239,#3245));
#3231 = ORIENTED_EDGE('',*,*,#3232,.F.);
#3232 = EDGE_CURVE('',#3233,#2999,#3235,.T.);
#3233 = VERTEX_POINT('',#3234);
#3234 = CARTESIAN_POINT('',(23.89754486084,-16.12700080871,
    0.790392637253));
#3235 = LINE('',#3236,#3237);
#3236 = CARTESIAN_POINT('',(23.89754486084,-16.12700080871,
    0.790392637253));
#3237 = VECTOR('',#3238,1.);
#3238 = DIRECTION('',(0.956941307951,0.,-0.29028147226));
#3239 = ORIENTED_EDGE('',*,*,#3240,.T.);
#3240 = EDGE_CURVE('',#3233,#3194,#3241,.T.);
#3241 = LINE('',#3242,#3243);
#3242 = CARTESIAN_POINT('',(23.89754486084,-16.12700080871,
    0.790392637253));
#3243 = VECTOR('',#3244,1.);
#3244 = DIRECTION('',(-9.804210949756E-02,0.995182267108,0.));
#3245 = ORIENTED_EDGE('',*,*,#3193,.F.);
#3246 = PLANE('',#3247);
#3247 = AXIS2_PLACEMENT_3D('',#3248,#3249,#3250);
#3248 = CARTESIAN_POINT('',(23.939826357355,-16.12174882355,
    0.777409887905));
#3249 = DIRECTION('',(-0.290162845762,-2.85858967112E-02,-0.956550244079
    ));
#3250 = DIRECTION('',(-0.956941307951,0.,0.29028147226));
#3251 = ADVANCED_FACE('',(#3252),#3269,.T.);
#3252 = FACE_BOUND('',#3253,.T.);
#3253 = EDGE_LOOP('',(#3254,#3262,#3268));
#3254 = ORIENTED_EDGE('',*,*,#3255,.T.);
#3255 = EDGE_CURVE('',#3194,#3256,#3258,.T.);
#3256 = VERTEX_POINT('',#3257);
#3257 = CARTESIAN_POINT('',(23.890119552612,-16.08967018127,
    0.790392637253));
#3258 = LINE('',#3259,#3260);
#3259 = CARTESIAN_POINT('',(23.895669937134,-16.10796928405,
    0.790392637253));
#3260 = VECTOR('',#3261,1.);
#3261 = DIRECTION('',(-0.290256537018,0.956948871528,0.));
#3262 = ORIENTED_EDGE('',*,*,#3263,.T.);
#3263 = EDGE_CURVE('',#3256,#2852,#3264,.T.);
#3264 = LINE('',#3265,#3266);
#3265 = CARTESIAN_POINT('',(23.890119552612,-16.08967018127,
    0.790392637253));
#3266 = VECTOR('',#3267,1.);
#3267 = DIRECTION('',(0.884097243523,0.366205754097,-0.290285048979));
#3268 = ORIENTED_EDGE('',*,*,#3217,.F.);
#3269 = PLANE('',#3270);
#3270 = AXIS2_PLACEMENT_3D('',#3271,#3272,#3273);
#3271 = CARTESIAN_POINT('',(23.931191923675,-16.07834170425,
    0.777409825001));
#3272 = DIRECTION('',(-0.279018788954,-8.463046444191E-02,-0.95654911003
    ));
#3273 = DIRECTION('',(-0.959993174986,3.469446951954E-18,0.280023398987)
  );
#3274 = ADVANCED_FACE('',(#3275),#3285,.T.);
#3275 = FACE_BOUND('',#3276,.T.);
#3276 = EDGE_LOOP('',(#3277,#3283,#3284));
#3277 = ORIENTED_EDGE('',*,*,#3278,.T.);
#3278 = EDGE_CURVE('',#3256,#3171,#3279,.T.);
#3279 = LINE('',#3280,#3281);
#3280 = CARTESIAN_POINT('',(23.890119552612,-16.08967018127,
    0.790392637253));
#3281 = VECTOR('',#3282,1.);
#3282 = DIRECTION('',(-0.471426765764,0.88190521289,0.));
#3283 = ORIENTED_EDGE('',*,*,#3179,.F.);
#3284 = ORIENTED_EDGE('',*,*,#3263,.F.);
#3285 = PLANE('',#3286);
#3286 = AXIS2_PLACEMENT_3D('',#3287,#3288,#3289);
#3287 = CARTESIAN_POINT('',(23.927172945612,-16.06863829698,
    0.777409744556));
#3288 = DIRECTION('',(-0.257138291752,-0.137454537589,-0.95654908343));
#3289 = DIRECTION('',(-0.965715581617,0.,0.259602417981));
#3290 = ADVANCED_FACE('',(#3291),#3308,.T.);
#3291 = FACE_BOUND('',#3292,.T.);
#3292 = EDGE_LOOP('',(#3293,#3301,#3307));
#3293 = ORIENTED_EDGE('',*,*,#3294,.T.);
#3294 = EDGE_CURVE('',#3171,#3295,#3297,.T.);
#3295 = VERTEX_POINT('',#3296);
#3296 = CARTESIAN_POINT('',(23.868974685669,-16.0580253601,
    0.790392637253));
#3297 = LINE('',#3298,#3299);
#3298 = CARTESIAN_POINT('',(23.881105422974,-16.07280731201,
    0.790392637253));
#3299 = VECTOR('',#3300,1.);
#3300 = DIRECTION('',(-0.634377750005,0.773023201656,0.));
#3301 = ORIENTED_EDGE('',*,*,#3302,.T.);
#3302 = EDGE_CURVE('',#3295,#2937,#3303,.T.);
#3303 = LINE('',#3304,#3305);
#3304 = CARTESIAN_POINT('',(23.868974685669,-16.0580253601,
    0.790392637253));
#3305 = VECTOR('',#3306,1.);
#3306 = DIRECTION('',(0.88692031189,0.367371106775,-0.280019339089));
#3307 = ORIENTED_EDGE('',*,*,#3170,.F.);
#3308 = PLANE('',#3309);
#3309 = AXIS2_PLACEMENT_3D('',#3310,#3311,#3312);
#3310 = CARTESIAN_POINT('',(23.913343848803,-16.04495040077,
    0.777409817804));
#3311 = DIRECTION('',(-0.225388887085,-0.184964299595,-0.956550080996));
#3312 = DIRECTION('',(-0.973344913312,0.,0.229346200601));
#3313 = ADVANCED_FACE('',(#3314),#3331,.T.);
#3314 = FACE_BOUND('',#3315,.T.);
#3315 = EDGE_LOOP('',(#3316,#3317,#3325));
#3316 = ORIENTED_EDGE('',*,*,#3061,.F.);
#3317 = ORIENTED_EDGE('',*,*,#3318,.T.);
#3318 = EDGE_CURVE('',#2875,#3319,#3321,.T.);
#3319 = VERTEX_POINT('',#3320);
#3320 = CARTESIAN_POINT('',(23.799999237061,-16.02945518493,
    0.790392637253));
#3321 = LINE('',#3322,#3323);
#3322 = CARTESIAN_POINT('',(23.837329864502,-15.93933486938,
    0.761939764023));
#3323 = VECTOR('',#3324,1.);
#3324 = DIRECTION('',(-0.367387344415,-0.886914195599,0.280017408048));
#3325 = ORIENTED_EDGE('',*,*,#3326,.F.);
#3326 = EDGE_CURVE('',#3062,#3319,#3327,.T.);
#3327 = LINE('',#3328,#3329);
#3328 = CARTESIAN_POINT('',(23.799999237061,-15.93565845489,
    0.761939764023));
#3329 = VECTOR('',#3330,1.);
#3330 = DIRECTION('',(0.,-0.956940488094,0.290284174985));
#3331 = PLANE('',#3332);
#3332 = AXIS2_PLACEMENT_3D('',#3333,#3334,#3335);
#3333 = CARTESIAN_POINT('',(23.81094958598,-15.97621676015,
    0.773915834255));
#3334 = DIRECTION('',(-2.857624397131E-02,-0.2901656275,-0.956549688672)
  );
#3335 = DIRECTION('',(1.734723475977E-18,-0.956940488094,0.290284174985)
  );
#3336 = ADVANCED_FACE('',(#3337),#3354,.T.);
#3337 = FACE_BOUND('',#3338,.T.);
#3338 = EDGE_LOOP('',(#3339,#3340,#3348));
#3339 = ORIENTED_EDGE('',*,*,#3100,.F.);
#3340 = ORIENTED_EDGE('',*,*,#3341,.T.);
#3341 = EDGE_CURVE('',#2961,#3342,#3344,.T.);
#3342 = VERTEX_POINT('',#3343);
#3343 = CARTESIAN_POINT('',(23.837329864502,-16.03688049316,
    0.790392637253));
#3344 = LINE('',#3345,#3346);
#3345 = CARTESIAN_POINT('',(23.906303405762,-15.96790504455,
    0.761939764023));
#3346 = VECTOR('',#3347,1.);
#3347 = DIRECTION('',(-0.678808736406,-0.678827507733,0.280021274413));
#3348 = ORIENTED_EDGE('',*,*,#3349,.T.);
#3349 = EDGE_CURVE('',#3342,#2899,#3350,.T.);
#3350 = LINE('',#3351,#3352);
#3351 = CARTESIAN_POINT('',(23.837329864502,-16.03688049316,
    0.790392637253));
#3352 = VECTOR('',#3353,1.);
#3353 = DIRECTION('',(0.366185754211,0.884105668186,-0.290284620493));
#3354 = PLANE('',#3355);
#3355 = AXIS2_PLACEMENT_3D('',#3356,#3357,#3358);
#3356 = CARTESIAN_POINT('',(23.867818570543,-15.99188474137,
    0.77391587323));
#3357 = DIRECTION('',(-0.137444699374,-0.257142642354,-0.956549327582));
#3358 = DIRECTION('',(0.,-0.965714497065,0.259606452458));
#3359 = ADVANCED_FACE('',(#3360),#3377,.T.);
#3360 = FACE_BOUND('',#3361,.T.);
#3361 = EDGE_LOOP('',(#3362,#3363,#3371));
#3362 = ORIENTED_EDGE('',*,*,#3084,.F.);
#3363 = ORIENTED_EDGE('',*,*,#3364,.T.);
#3364 = EDGE_CURVE('',#2899,#3365,#3367,.T.);
#3365 = VERTEX_POINT('',#3366);
#3366 = CARTESIAN_POINT('',(23.819030761719,-16.03132820129,
    0.790392637253));
#3367 = LINE('',#3368,#3369);
#3368 = CARTESIAN_POINT('',(23.873222351074,-15.95022296905,
    0.761939764023));
#3369 = VECTOR('',#3370,1.);
#3370 = DIRECTION('',(-0.533335466311,-0.798210522533,0.280023645597));
#3371 = ORIENTED_EDGE('',*,*,#3372,.T.);
#3372 = EDGE_CURVE('',#3365,#2875,#3373,.T.);
#3373 = LINE('',#3374,#3375);
#3374 = CARTESIAN_POINT('',(23.819030761719,-16.03132820129,
    0.790392637253));
#3375 = VECTOR('',#3376,1.);
#3376 = DIRECTION('',(0.186694474623,0.938551303474,-0.290287140419));
#3377 = PLANE('',#3378);
#3378 = AXIS2_PLACEMENT_3D('',#3379,#3380,#3381);
#3379 = CARTESIAN_POINT('',(23.840155864321,-15.98124998821,
    0.773915985352));
#3380 = DIRECTION('',(-8.464071333105E-02,-0.279017069889,
    -0.956548704645));
#3381 = DIRECTION('',(3.469446951954E-18,-0.959993606867,0.280021918382)
  );
#3382 = ADVANCED_FACE('',(#3383),#3393,.T.);
#3383 = FACE_BOUND('',#3384,.T.);
#3384 = EDGE_LOOP('',(#3385,#3391,#3392));
#3385 = ORIENTED_EDGE('',*,*,#3386,.T.);
#3386 = EDGE_CURVE('',#3295,#3132,#3387,.T.);
#3387 = LINE('',#3388,#3389);
#3388 = CARTESIAN_POINT('',(23.868974685669,-16.0580253601,
    0.790392637253));
#3389 = VECTOR('',#3390,1.);
#3390 = DIRECTION('',(0.676659048268,0.676659048268,-0.290284454966));
#3391 = ORIENTED_EDGE('',*,*,#3155,.F.);
#3392 = ORIENTED_EDGE('',*,*,#3302,.F.);
#3393 = PLANE('',#3394);
#3394 = AXIS2_PLACEMENT_3D('',#3395,#3396,#3397);
#3395 = CARTESIAN_POINT('',(23.914362481271,-16.02812305733,
    0.773915892979));
#3396 = DIRECTION('',(-0.225386229806,-0.18497030674,-0.956549545522));
#3397 = DIRECTION('',(-0.973345488256,0.,0.229343760523));
#3398 = ADVANCED_FACE('',(#3399),#3409,.T.);
#3399 = FACE_BOUND('',#3400,.T.);
#3400 = EDGE_LOOP('',(#3401,#3407,#3408));
#3401 = ORIENTED_EDGE('',*,*,#3402,.T.);
#3402 = EDGE_CURVE('',#3295,#2961,#3403,.T.);
#3403 = LINE('',#3404,#3405);
#3404 = CARTESIAN_POINT('',(23.868974685669,-16.0580253601,
    0.790392637253));
#3405 = VECTOR('',#3406,1.);
#3406 = DIRECTION('',(0.367371106775,0.88692031189,-0.280019339089));
#3407 = ORIENTED_EDGE('',*,*,#3139,.F.);
#3408 = ORIENTED_EDGE('',*,*,#3386,.F.);
#3409 = PLANE('',#3410);
#3410 = AXIS2_PLACEMENT_3D('',#3411,#3412,#3413);
#3411 = CARTESIAN_POINT('',(23.898876988443,-16.0126375645,
    0.773915892979));
#3412 = DIRECTION('',(-0.18497030674,-0.225386229806,-0.956549545522));
#3413 = DIRECTION('',(0.,-0.973345488256,0.229343760523));
#3414 = ADVANCED_FACE('',(#3415),#3425,.T.);
#3415 = FACE_BOUND('',#3416,.T.);
#3416 = EDGE_LOOP('',(#3417,#3418,#3424));
#3417 = ORIENTED_EDGE('',*,*,#3372,.F.);
#3418 = ORIENTED_EDGE('',*,*,#3419,.T.);
#3419 = EDGE_CURVE('',#3365,#3319,#3420,.T.);
#3420 = LINE('',#3421,#3422);
#3421 = CARTESIAN_POINT('',(23.819030761719,-16.03132820129,
    0.790392637253));
#3422 = VECTOR('',#3423,1.);
#3423 = DIRECTION('',(-0.99519199368,9.794332910337E-02,0.));
#3424 = ORIENTED_EDGE('',*,*,#3318,.F.);
#3425 = PLANE('',#3426);
#3426 = AXIS2_PLACEMENT_3D('',#3427,#3428,#3429);
#3427 = CARTESIAN_POINT('',(23.822128439726,-15.98883573627,
    0.777409893281));
#3428 = DIRECTION('',(-2.855779232E-02,-0.290172761475,-0.956548075632)
  );
#3429 = DIRECTION('',(0.,-0.956938369573,0.290291158735));
#3430 = ADVANCED_FACE('',(#3431),#3448,.T.);
#3431 = FACE_BOUND('',#3432,.T.);
#3432 = EDGE_LOOP('',(#3433,#3434,#3442));
#3433 = ORIENTED_EDGE('',*,*,#3341,.F.);
#3434 = ORIENTED_EDGE('',*,*,#3435,.T.);
#3435 = EDGE_CURVE('',#2961,#3436,#3438,.T.);
#3436 = VERTEX_POINT('',#3437);
#3437 = CARTESIAN_POINT('',(23.854192733765,-16.0458946228,
    0.790392637253));
#3438 = LINE('',#3439,#3440);
#3439 = CARTESIAN_POINT('',(23.906303405762,-15.96790504455,
    0.761939764023));
#3440 = VECTOR('',#3441,1.);
#3441 = DIRECTION('',(-0.531645724833,-0.795668608129,0.29028311922));
#3442 = ORIENTED_EDGE('',*,*,#3443,.T.);
#3443 = EDGE_CURVE('',#3436,#3342,#3444,.T.);
#3444 = LINE('',#3445,#3446);
#3445 = CARTESIAN_POINT('',(23.854192733765,-16.0458946228,
    0.790392637253));
#3446 = VECTOR('',#3447,1.);
#3447 = DIRECTION('',(-0.88190521289,0.471426765764,0.));
#3448 = PLANE('',#3449);
#3449 = AXIS2_PLACEMENT_3D('',#3450,#3451,#3452);
#3450 = CARTESIAN_POINT('',(23.873317111406,-16.00782087747,
    0.777409744205));
#3451 = DIRECTION('',(-0.137452756481,-0.257134959808,-0.956550235053));
#3452 = DIRECTION('',(-6.938893903907E-18,-0.965716503297,0.259598989328
    ));
#3453 = ADVANCED_FACE('',(#3454),#3464,.T.);
#3454 = FACE_BOUND('',#3455,.T.);
#3455 = EDGE_LOOP('',(#3456,#3462,#3463));
#3456 = ORIENTED_EDGE('',*,*,#3457,.T.);
#3457 = EDGE_CURVE('',#3295,#3436,#3458,.T.);
#3458 = LINE('',#3459,#3460);
#3459 = CARTESIAN_POINT('',(23.868974685669,-16.0580253601,
    0.790392637253));
#3460 = VECTOR('',#3461,1.);
#3461 = DIRECTION('',(-0.773023201656,0.634377750005,0.));
#3462 = ORIENTED_EDGE('',*,*,#3435,.F.);
#3463 = ORIENTED_EDGE('',*,*,#3402,.F.);
#3464 = PLANE('',#3465);
#3465 = AXIS2_PLACEMENT_3D('',#3466,#3467,#3468);
#3466 = CARTESIAN_POINT('',(23.882049645005,-16.01365619697,
    0.777409817804));
#3467 = DIRECTION('',(-0.184964299595,-0.225388887085,-0.956550080996));
#3468 = DIRECTION('',(0.,-0.973344913312,0.229346200601));
#3469 = ADVANCED_FACE('',(#3470),#3480,.T.);
#3470 = FACE_BOUND('',#3471,.T.);
#3471 = EDGE_LOOP('',(#3472,#3473,#3479));
#3472 = ORIENTED_EDGE('',*,*,#3349,.F.);
#3473 = ORIENTED_EDGE('',*,*,#3474,.T.);
#3474 = EDGE_CURVE('',#3342,#3365,#3475,.T.);
#3475 = LINE('',#3476,#3477);
#3476 = CARTESIAN_POINT('',(23.837329864502,-16.03688049316,
    0.790392637253));
#3477 = VECTOR('',#3478,1.);
#3478 = DIRECTION('',(-0.956921162868,0.290347874204,0.));
#3479 = ORIENTED_EDGE('',*,*,#3364,.F.);
#3480 = PLANE('',#3481);
#3481 = AXIS2_PLACEMENT_3D('',#3482,#3483,#3484);
#3482 = CARTESIAN_POINT('',(23.848657444341,-15.99580729695,
    0.777409867152));
#3483 = DIRECTION('',(-8.4656069956E-02,-0.279007329151,-0.956550186922)
  );
#3484 = DIRECTION('',(0.,-0.9599963514,0.280012509182));
#3485 = ADVANCED_FACE('',(#3486),#3503,.T.);
#3486 = FACE_BOUND('',#3487,.T.);
#3487 = EDGE_LOOP('',(#3488,#3496,#3497));
#3488 = ORIENTED_EDGE('',*,*,#3489,.T.);
#3489 = EDGE_CURVE('',#3490,#3342,#3492,.T.);
#3490 = VERTEX_POINT('',#3491);
#3491 = CARTESIAN_POINT('',(23.799999237061,-16.12700080871,
    0.800000011921));
#3492 = LINE('',#3493,#3494);
#3493 = CARTESIAN_POINT('',(23.799999237061,-16.12700080871,
    0.800000011921));
#3494 = VECTOR('',#3495,1.);
#3495 = DIRECTION('',(0.380854413648,0.919425208994,-9.801632859408E-02)
  );
#3496 = ORIENTED_EDGE('',*,*,#3443,.F.);
#3497 = ORIENTED_EDGE('',*,*,#3498,.T.);
#3498 = EDGE_CURVE('',#3436,#3490,#3499,.T.);
#3499 = LINE('',#3500,#3501);
#3500 = CARTESIAN_POINT('',(23.854192733765,-16.0458946228,
    0.790392637253));
#3501 = VECTOR('',#3502,1.);
#3502 = DIRECTION('',(-0.552895562563,-0.827465526586,9.801683126094E-02
    ));
#3503 = PLANE('',#3504);
#3504 = AXIS2_PLACEMENT_3D('',#3505,#3506,#3507);
#3505 = CARTESIAN_POINT('',(23.82491369356,-16.08038995687,
    0.794769421296));
#3506 = DIRECTION('',(-4.642902263217E-02,-8.685547801334E-02,
    -0.99513841841));
#3507 = DIRECTION('',(0.,-0.996212742754,8.69492448227E-02));
#3508 = ADVANCED_FACE('',(#3509),#3519,.T.);
#3509 = FACE_BOUND('',#3510,.T.);
#3510 = EDGE_LOOP('',(#3511,#3517,#3518));
#3511 = ORIENTED_EDGE('',*,*,#3512,.T.);
#3512 = EDGE_CURVE('',#3490,#3365,#3513,.T.);
#3513 = LINE('',#3514,#3515);
#3514 = CARTESIAN_POINT('',(23.799999237061,-16.12700080871,
    0.800000011921));
#3515 = VECTOR('',#3516,1.);
#3516 = DIRECTION('',(0.194161344836,0.976060639105,-9.801530982989E-02)
  );
#3517 = ORIENTED_EDGE('',*,*,#3474,.F.);
#3518 = ORIENTED_EDGE('',*,*,#3489,.F.);
#3519 = PLANE('',#3520);
#3520 = AXIS2_PLACEMENT_3D('',#3521,#3522,#3523);
#3521 = CARTESIAN_POINT('',(23.815342085294,-16.07642436851,
    0.794769384839));
#3522 = DIRECTION('',(-2.859505765971E-02,-9.424286608975E-02,
    -0.995138485272));
#3523 = DIRECTION('',(0.,-0.995545586033,9.428141986198E-02));
#3524 = ADVANCED_FACE('',(#3525),#3535,.T.);
#3525 = FACE_BOUND('',#3526,.T.);
#3526 = EDGE_LOOP('',(#3527,#3533,#3534));
#3527 = ORIENTED_EDGE('',*,*,#3528,.F.);
#3528 = EDGE_CURVE('',#3319,#3490,#3529,.T.);
#3529 = LINE('',#3530,#3531);
#3530 = CARTESIAN_POINT('',(23.799999237061,-16.02945518493,
    0.790392637253));
#3531 = VECTOR('',#3532,1.);
#3532 = DIRECTION('',(0.,-0.995184757233,9.801683003614E-02));
#3533 = ORIENTED_EDGE('',*,*,#3419,.F.);
#3534 = ORIENTED_EDGE('',*,*,#3512,.F.);
#3535 = PLANE('',#3536);
#3536 = AXIS2_PLACEMENT_3D('',#3537,#3538,#3539);
#3537 = CARTESIAN_POINT('',(23.805180033034,-16.07440293788,
    0.794769372136));
#3538 = DIRECTION('',(-9.646026161919E-03,-9.801226990186E-02,
    -0.995138457265));
#3539 = DIRECTION('',(0.,-0.995184757233,9.801683003614E-02));
#3540 = ADVANCED_FACE('',(#3541),#3556,.T.);
#3541 = FACE_BOUND('',#3542,.T.);
#3542 = EDGE_LOOP('',(#3543,#3549,#3555));
#3543 = ORIENTED_EDGE('',*,*,#3544,.F.);
#3544 = EDGE_CURVE('',#3490,#3233,#3545,.T.);
#3545 = LINE('',#3546,#3547);
#3546 = CARTESIAN_POINT('',(23.799999237061,-16.12700080871,
    0.800000011921));
#3547 = VECTOR('',#3548,1.);
#3548 = DIRECTION('',(0.995184757233,0.,-9.801683003614E-02));
#3549 = ORIENTED_EDGE('',*,*,#3550,.T.);
#3550 = EDGE_CURVE('',#3490,#3194,#3551,.T.);
#3551 = LINE('',#3552,#3553);
#3552 = CARTESIAN_POINT('',(23.799999237061,-16.12700080871,
    0.800000011921));
#3553 = VECTOR('',#3554,1.);
#3554 = DIRECTION('',(0.976059718561,0.194165032632,-9.801717147988E-02)
  );
#3555 = ORIENTED_EDGE('',*,*,#3240,.F.);
#3556 = PLANE('',#3557);
#3557 = AXIS2_PLACEMENT_3D('',#3558,#3559,#3560);
#3558 = CARTESIAN_POINT('',(23.852596668107,-16.12182004648,
    0.79476936464));
#3559 = DIRECTION('',(-9.801226061034E-02,-9.655848083781E-03,
    -0.995138362926));
#3560 = DIRECTION('',(-0.995184757233,-1.084202172486E-19,
    9.801683003614E-02));
#3561 = ADVANCED_FACE('',(#3562),#3572,.T.);
#3562 = FACE_BOUND('',#3563,.T.);
#3563 = EDGE_LOOP('',(#3564,#3565,#3571));
#3564 = ORIENTED_EDGE('',*,*,#3550,.F.);
#3565 = ORIENTED_EDGE('',*,*,#3566,.T.);
#3566 = EDGE_CURVE('',#3490,#3256,#3567,.T.);
#3567 = LINE('',#3568,#3569);
#3568 = CARTESIAN_POINT('',(23.799999237061,-16.12700080871,
    0.800000011921));
#3569 = VECTOR('',#3570,1.);
#3570 = DIRECTION('',(0.919425208994,0.380854413648,-9.801632859408E-02)
  );
#3571 = ORIENTED_EDGE('',*,*,#3255,.F.);
#3572 = PLANE('',#3573);
#3573 = AXIS2_PLACEMENT_3D('',#3574,#3575,#3576);
#3574 = CARTESIAN_POINT('',(23.850575072844,-16.1116579431,
    0.794769392409));
#3575 = DIRECTION('',(-9.424647235202E-02,-2.858632838695E-02,
    -0.995138394535));
#3576 = DIRECTION('',(-0.995545246592,0.,9.428500404901E-02));
#3577 = ADVANCED_FACE('',(#3578),#3588,.T.);
#3578 = FACE_BOUND('',#3579,.T.);
#3579 = EDGE_LOOP('',(#3580,#3581,#3587));
#3580 = ORIENTED_EDGE('',*,*,#3566,.F.);
#3581 = ORIENTED_EDGE('',*,*,#3582,.T.);
#3582 = EDGE_CURVE('',#3490,#3171,#3583,.T.);
#3583 = LINE('',#3584,#3585);
#3584 = CARTESIAN_POINT('',(23.799999237061,-16.12700080871,
    0.800000011921));
#3585 = VECTOR('',#3586,1.);
#3586 = DIRECTION('',(0.827465526586,0.552895562563,-9.801683126094E-02)
  );
#3587 = ORIENTED_EDGE('',*,*,#3278,.F.);
#3588 = PLANE('',#3589);
#3589 = AXIS2_PLACEMENT_3D('',#3590,#3591,#3592);
#3590 = CARTESIAN_POINT('',(23.846610088904,-16.10208635221,
    0.794769421296));
#3591 = DIRECTION('',(-8.685547801334E-02,-4.642902263217E-02,
    -0.99513841841));
#3592 = DIRECTION('',(-0.996212742754,0.,8.69492448227E-02));
#3593 = ADVANCED_FACE('',(#3594),#3604,.T.);
#3594 = FACE_BOUND('',#3595,.T.);
#3595 = EDGE_LOOP('',(#3596,#3597,#3598));
#3596 = ORIENTED_EDGE('',*,*,#3498,.F.);
#3597 = ORIENTED_EDGE('',*,*,#3457,.F.);
#3598 = ORIENTED_EDGE('',*,*,#3599,.T.);
#3599 = EDGE_CURVE('',#3295,#3490,#3600,.T.);
#3600 = LINE('',#3601,#3602);
#3601 = CARTESIAN_POINT('',(23.868974685669,-16.0580253601,
    0.790392637253));
#3602 = VECTOR('',#3603,1.);
#3603 = DIRECTION('',(-0.70370191748,-0.70370191748,9.801644081058E-02)
  );
#3604 = PLANE('',#3605);
#3605 = AXIS2_PLACEMENT_3D('',#3606,#3607,#3608);
#3606 = CARTESIAN_POINT('',(23.833528155458,-16.08614576055,
    0.794769394479));
#3607 = DIRECTION('',(-6.247752018535E-02,-7.613219833907E-02,
    -0.995138406377));
#3608 = DIRECTION('',(-8.673617379884E-19,-0.99708634277,
    7.628122351872E-02));
#3609 = ADVANCED_FACE('',(#3610),#3615,.T.);
#3610 = FACE_BOUND('',#3611,.T.);
#3611 = EDGE_LOOP('',(#3612,#3613,#3614));
#3612 = ORIENTED_EDGE('',*,*,#3582,.F.);
#3613 = ORIENTED_EDGE('',*,*,#3599,.F.);
#3614 = ORIENTED_EDGE('',*,*,#3294,.F.);
#3615 = PLANE('',#3616);
#3616 = AXIS2_PLACEMENT_3D('',#3617,#3618,#3619);
#3617 = CARTESIAN_POINT('',(23.84085428522,-16.09347189031,
    0.794769394479));
#3618 = DIRECTION('',(-7.613219833907E-02,-6.247752018535E-02,
    -0.995138406377));
#3619 = DIRECTION('',(-0.99708634277,0.,7.628122351872E-02));
#3620 = ADVANCED_FACE('',(#3621),#3632,.T.);
#3621 = FACE_BOUND('',#3622,.T.);
#3622 = EDGE_LOOP('',(#3623,#3624,#3625,#3631));
#3623 = ORIENTED_EDGE('',*,*,#1193,.F.);
#3624 = ORIENTED_EDGE('',*,*,#1492,.T.);
#3625 = ORIENTED_EDGE('',*,*,#3626,.T.);
#3626 = EDGE_CURVE('',#1485,#492,#3627,.T.);
#3627 = LINE('',#3628,#3629);
#3628 = CARTESIAN_POINT('',(23.89754486084,-15.6366071701,0.300000011921
    ));
#3629 = VECTOR('',#3630,1.);
#3630 = DIRECTION('',(0.,0.,-1.));
#3631 = ORIENTED_EDGE('',*,*,#491,.T.);
#3632 = PLANE('',#3633);
#3633 = AXIS2_PLACEMENT_3D('',#3634,#3635,#3636);
#3634 = CARTESIAN_POINT('',(23.944443702698,-15.65083360672,
    0.250000007451));
#3635 = DIRECTION('',(-0.29028147226,-0.956941307951,-0.));
#3636 = DIRECTION('',(-0.956941307951,0.29028147226,0.));
#3637 = ADVANCED_FACE('',(#3638),#3649,.T.);
#3638 = FACE_BOUND('',#3639,.T.);
#3639 = EDGE_LOOP('',(#3640,#3641,#3642,#3648));
#3640 = ORIENTED_EDGE('',*,*,#3626,.F.);
#3641 = ORIENTED_EDGE('',*,*,#1529,.T.);
#3642 = ORIENTED_EDGE('',*,*,#3643,.F.);
#3643 = EDGE_CURVE('',#500,#1530,#3644,.T.);
#3644 = LINE('',#3645,#3646);
#3645 = CARTESIAN_POINT('',(23.799999237061,-15.62699985504,
    0.20000000298));
#3646 = VECTOR('',#3647,1.);
#3647 = DIRECTION('',(0.,0.,1.));
#3648 = ORIENTED_EDGE('',*,*,#499,.T.);
#3649 = PLANE('',#3650);
#3650 = AXIS2_PLACEMENT_3D('',#3651,#3652,#3653);
#3651 = CARTESIAN_POINT('',(23.84877204895,-15.63180351257,
    0.250000007451));
#3652 = DIRECTION('',(-9.801622777686E-02,-0.99518481655,-0.));
#3653 = DIRECTION('',(-0.99518481655,9.801622777686E-02,0.));
#3654 = ADVANCED_FACE('',(#3655),#3680,.T.);
#3655 = FACE_BOUND('',#3656,.T.);
#3656 = EDGE_LOOP('',(#3657,#3658,#3666,#3674));
#3657 = ORIENTED_EDGE('',*,*,#515,.T.);
#3658 = ORIENTED_EDGE('',*,*,#3659,.T.);
#3659 = EDGE_CURVE('',#508,#3660,#3662,.T.);
#3660 = VERTEX_POINT('',#3661);
#3661 = CARTESIAN_POINT('',(-23.79999923706,-15.62699985504,
    0.300000011921));
#3662 = LINE('',#3663,#3664);
#3663 = CARTESIAN_POINT('',(-23.79999923706,-15.62699985504,
    0.20000000298));
#3664 = VECTOR('',#3665,1.);
#3665 = DIRECTION('',(0.,0.,1.));
#3666 = ORIENTED_EDGE('',*,*,#3667,.T.);
#3667 = EDGE_CURVE('',#3660,#3668,#3670,.T.);
#3668 = VERTEX_POINT('',#3669);
#3669 = CARTESIAN_POINT('',(-23.89754486084,-15.6366071701,
    0.300000011921));
#3670 = LINE('',#3671,#3672);
#3671 = CARTESIAN_POINT('',(-23.79999923706,-15.62699985504,
    0.300000011921));
#3672 = VECTOR('',#3673,1.);
#3673 = DIRECTION('',(-0.99518481655,-9.801622777686E-02,0.));
#3674 = ORIENTED_EDGE('',*,*,#3675,.T.);
#3675 = EDGE_CURVE('',#3668,#516,#3676,.T.);
#3676 = LINE('',#3677,#3678);
#3677 = CARTESIAN_POINT('',(-23.89754486084,-15.6366071701,
    0.300000011921));
#3678 = VECTOR('',#3679,1.);
#3679 = DIRECTION('',(0.,0.,-1.));
#3680 = PLANE('',#3681);
#3681 = AXIS2_PLACEMENT_3D('',#3682,#3683,#3684);
#3682 = CARTESIAN_POINT('',(-23.84877204895,-15.63180351257,
    0.250000007451));
#3683 = DIRECTION('',(9.801622777686E-02,-0.99518481655,-0.));
#3684 = DIRECTION('',(-0.99518481655,-9.801622777686E-02,0.));
#3685 = ADVANCED_FACE('',(#3686),#3703,.T.);
#3686 = FACE_BOUND('',#3687,.T.);
#3687 = EDGE_LOOP('',(#3688,#3689,#3697));
#3688 = ORIENTED_EDGE('',*,*,#3667,.F.);
#3689 = ORIENTED_EDGE('',*,*,#3690,.T.);
#3690 = EDGE_CURVE('',#3660,#3691,#3693,.T.);
#3691 = VERTEX_POINT('',#3692);
#3692 = CARTESIAN_POINT('',(-23.79999923706,-15.6366071701,
    0.397545158863));
#3693 = LINE('',#3694,#3695);
#3694 = CARTESIAN_POINT('',(-23.79999923706,-15.62699985504,
    0.300000011921));
#3695 = VECTOR('',#3696,1.);
#3696 = DIRECTION('',(0.,-9.801670231362E-02,0.995184769813));
#3697 = ORIENTED_EDGE('',*,*,#3698,.T.);
#3698 = EDGE_CURVE('',#3691,#3668,#3699,.T.);
#3699 = LINE('',#3700,#3701);
#3700 = CARTESIAN_POINT('',(-23.79999923706,-15.6366071701,
    0.397545158863));
#3701 = VECTOR('',#3702,1.);
#3702 = DIRECTION('',(-0.707108509481,0.,-0.707105052887));
#3703 = PLANE('',#3704);
#3704 = AXIS2_PLACEMENT_3D('',#3705,#3706,#3707);
#3705 = CARTESIAN_POINT('',(-23.83445830856,-15.63378762903,
    0.334458845681));
#3706 = DIRECTION('',(9.754875899954E-02,-0.990438481786,
    -9.754923585435E-02));
#3707 = DIRECTION('',(1.734723475977E-18,9.801670231362E-02,
    -0.995184769813));
#3708 = ADVANCED_FACE('',(#3709),#3726,.T.);
#3709 = FACE_BOUND('',#3710,.T.);
#3710 = EDGE_LOOP('',(#3711,#3712,#3720));
#3711 = ORIENTED_EDGE('',*,*,#3698,.F.);
#3712 = ORIENTED_EDGE('',*,*,#3713,.T.);
#3713 = EDGE_CURVE('',#3691,#3714,#3716,.T.);
#3714 = VERTEX_POINT('',#3715);
#3715 = CARTESIAN_POINT('',(-23.89566993713,-15.64603042602,
    0.397545158863));
#3716 = LINE('',#3717,#3718);
#3717 = CARTESIAN_POINT('',(-23.79999923706,-15.6366071701,
    0.397545158863));
#3718 = VECTOR('',#3719,1.);
#3719 = DIRECTION('',(-0.995184204695,-9.802243990702E-02,0.));
#3720 = ORIENTED_EDGE('',*,*,#3721,.F.);
#3721 = EDGE_CURVE('',#3668,#3714,#3722,.T.);
#3722 = LINE('',#3723,#3724);
#3723 = CARTESIAN_POINT('',(-23.89754486084,-15.6366071701,
    0.300000011921));
#3724 = VECTOR('',#3725,1.);
#3725 = DIRECTION('',(1.912852000226E-02,-9.613881289031E-02,
    0.995184117829));
#3726 = PLANE('',#3727);
#3727 = AXIS2_PLACEMENT_3D('',#3728,#3729,#3730);
#3728 = CARTESIAN_POINT('',(-23.86261894132,-15.63936165431,
    0.362890844816));
#3729 = DIRECTION('',(9.755488266486E-02,-0.990437275496,
    -9.755535954961E-02));
#3730 = DIRECTION('',(-1.734723475977E-18,9.802291447327E-02,
    -0.995184157952));
#3731 = ADVANCED_FACE('',(#3732),#3758,.T.);
#3732 = FACE_BOUND('',#3733,.T.);
#3733 = EDGE_LOOP('',(#3734,#3744,#3752));
#3734 = ORIENTED_EDGE('',*,*,#3735,.F.);
#3735 = EDGE_CURVE('',#3736,#3738,#3740,.T.);
#3736 = VERTEX_POINT('',#3737);
#3737 = CARTESIAN_POINT('',(-23.99134254455,-15.66506004333,
    0.300000011921));
#3738 = VERTEX_POINT('',#3739);
#3739 = CARTESIAN_POINT('',(-24.07778549194,-15.71126556396,
    0.300000011921));
#3740 = LINE('',#3741,#3742);
#3741 = CARTESIAN_POINT('',(-23.99134254455,-15.66506004333,
    0.300000011921));
#3742 = VECTOR('',#3743,1.);
#3743 = DIRECTION('',(-0.881917860019,-0.471403105822,0.));
#3744 = ORIENTED_EDGE('',*,*,#3745,.T.);
#3745 = EDGE_CURVE('',#3736,#3746,#3748,.T.);
#3746 = VERTEX_POINT('',#3747);
#3747 = CARTESIAN_POINT('',(-23.98766517639,-15.67393589019,
    0.397545158863));
#3748 = LINE('',#3749,#3750);
#3749 = CARTESIAN_POINT('',(-23.99134254455,-15.66506004333,
    0.300000011921));
#3750 = VECTOR('',#3751,1.);
#3751 = DIRECTION('',(3.751760386602E-02,-9.055402987061E-02,
    0.99518460452));
#3752 = ORIENTED_EDGE('',*,*,#3753,.T.);
#3753 = EDGE_CURVE('',#3746,#3738,#3754,.T.);
#3754 = LINE('',#3755,#3756);
#3755 = CARTESIAN_POINT('',(-23.98766517639,-15.67393589019,
    0.397545158863));
#3756 = VECTOR('',#3757,1.);
#3757 = DIRECTION('',(-0.653281963463,-0.270602720648,-0.707104549407));
#3758 = PLANE('',#3759);
#3759 = AXIS2_PLACEMENT_3D('',#3760,#3761,#3762);
#3760 = CARTESIAN_POINT('',(-24.0205803816,-15.68451813508,
    0.334458911605));
#3761 = DIRECTION('',(0.469154732613,-0.877711522672,-9.755162651323E-02
    ));
#3762 = DIRECTION('',(-0.881917860019,-0.471403105822,0.));
#3763 = ADVANCED_FACE('',(#3764),#3779,.T.);
#3764 = FACE_BOUND('',#3765,.T.);
#3765 = EDGE_LOOP('',(#3766,#3772,#3778));
#3766 = ORIENTED_EDGE('',*,*,#3767,.F.);
#3767 = EDGE_CURVE('',#3668,#3736,#3768,.T.);
#3768 = LINE('',#3769,#3770);
#3769 = CARTESIAN_POINT('',(-23.89754486084,-15.6366071701,
    0.300000011921));
#3770 = VECTOR('',#3771,1.);
#3771 = DIRECTION('',(-0.956941307951,-0.29028147226,0.));
#3772 = ORIENTED_EDGE('',*,*,#3773,.T.);
#3773 = EDGE_CURVE('',#3668,#3746,#3774,.T.);
#3774 = LINE('',#3775,#3776);
#3775 = CARTESIAN_POINT('',(-23.89754486084,-15.6366071701,
    0.300000011921));
#3776 = VECTOR('',#3777,1.);
#3777 = DIRECTION('',(-0.653283185562,-0.270596313671,0.707105872193));
#3778 = ORIENTED_EDGE('',*,*,#3745,.F.);
#3779 = PLANE('',#3780);
#3780 = AXIS2_PLACEMENT_3D('',#3781,#3782,#3783);
#3781 = CARTESIAN_POINT('',(-23.95690839112,-15.65814422401,
    0.334458775191));
#3782 = DIRECTION('',(0.288897009232,-0.952377289961,-9.75500672666E-02)
  );
#3783 = DIRECTION('',(-0.956941307951,-0.29028147226,3.469446951954E-18)
  );
#3784 = ADVANCED_FACE('',(#3785),#3802,.T.);
#3785 = FACE_BOUND('',#3786,.T.);
#3786 = EDGE_LOOP('',(#3787,#3788,#3796));
#3787 = ORIENTED_EDGE('',*,*,#3753,.F.);
#3788 = ORIENTED_EDGE('',*,*,#3789,.T.);
#3789 = EDGE_CURVE('',#3746,#3790,#3792,.T.);
#3790 = VERTEX_POINT('',#3791);
#3791 = CARTESIAN_POINT('',(-24.07244682312,-15.71925354003,
    0.397545158863));
#3792 = LINE('',#3793,#3794);
#3793 = CARTESIAN_POINT('',(-23.98766517639,-15.67393589019,
    0.397545158863));
#3794 = VECTOR('',#3795,1.);
#3795 = DIRECTION('',(-0.881917305002,-0.471404144167,0.));
#3796 = ORIENTED_EDGE('',*,*,#3797,.F.);
#3797 = EDGE_CURVE('',#3738,#3790,#3798,.T.);
#3798 = LINE('',#3799,#3800);
#3799 = CARTESIAN_POINT('',(-24.07778549194,-15.71126556396,
    0.300000011921));
#3800 = VECTOR('',#3801,1.);
#3801 = DIRECTION('',(5.446667189968E-02,-8.14956848574E-02,
    0.995184322124));
#3802 = PLANE('',#3803);
#3803 = AXIS2_PLACEMENT_3D('',#3804,#3805,#3806);
#3804 = CARTESIAN_POINT('',(-24.04446399517,-15.70044446228,
    0.362890806981));
#3805 = DIRECTION('',(0.469155712635,-0.877710870456,-9.755278153631E-02
    ));
#3806 = DIRECTION('',(-0.881917305002,-0.471404144167,0.));
#3807 = ADVANCED_FACE('',(#3808),#3834,.T.);
#3808 = FACE_BOUND('',#3809,.T.);
#3809 = EDGE_LOOP('',(#3810,#3820,#3828));
#3810 = ORIENTED_EDGE('',*,*,#3811,.F.);
#3811 = EDGE_CURVE('',#3812,#3814,#3816,.T.);
#3812 = VERTEX_POINT('',#3813);
#3813 = CARTESIAN_POINT('',(-24.15355300903,-15.77344703674,
    0.300000011921));
#3814 = VERTEX_POINT('',#3815);
#3815 = CARTESIAN_POINT('',(-24.21573448181,-15.84921455383,
    0.300000011921));
#3816 = LINE('',#3817,#3818);
#3817 = CARTESIAN_POINT('',(-24.15355300903,-15.77344703674,
    0.300000011921));
#3818 = VECTOR('',#3819,1.);
#3819 = DIRECTION('',(-0.634397420351,-0.773007058863,0.));
#3820 = ORIENTED_EDGE('',*,*,#3821,.T.);
#3821 = EDGE_CURVE('',#3812,#3822,#3824,.T.);
#3822 = VERTEX_POINT('',#3823);
#3823 = CARTESIAN_POINT('',(-24.20774650573,-15.85455226898,
    0.397545158863));
#3824 = LINE('',#3825,#3826);
#3825 = CARTESIAN_POINT('',(-24.15355300903,-15.77344703674,
    0.300000011921));
#3826 = VECTOR('',#3827,1.);
#3827 = DIRECTION('',(-0.392850413896,-0.587934456935,0.707107931401));
#3828 = ORIENTED_EDGE('',*,*,#3829,.T.);
#3829 = EDGE_CURVE('',#3822,#3814,#3830,.T.);
#3830 = LINE('',#3831,#3832);
#3831 = CARTESIAN_POINT('',(-24.20774650573,-15.85455226898,
    0.397545158863));
#3832 = VECTOR('',#3833,1.);
#3833 = DIRECTION('',(-8.149572804161E-02,5.445697108989E-02,
    -0.995184849468));
#3834 = PLANE('',#3835);
#3835 = AXIS2_PLACEMENT_3D('',#3836,#3837,#3838);
#3836 = CARTESIAN_POINT('',(-24.19094638863,-15.82433449865,
    0.334458924971));
#3837 = DIRECTION('',(0.76932040197,-0.631371826217,-9.754863490436E-02)
  );
#3838 = DIRECTION('',(0.634397420351,0.773007058863,0.));
#3839 = ADVANCED_FACE('',(#3840),#3857,.T.);
#3840 = FACE_BOUND('',#3841,.T.);
#3841 = EDGE_LOOP('',(#3842,#3843,#3851));
#3842 = ORIENTED_EDGE('',*,*,#3829,.F.);
#3843 = ORIENTED_EDGE('',*,*,#3844,.T.);
#3844 = EDGE_CURVE('',#3822,#3845,#3847,.T.);
#3845 = VERTEX_POINT('',#3846);
#3846 = CARTESIAN_POINT('',(-24.2530632019,-15.93933486938,
    0.397545158863));
#3847 = LINE('',#3848,#3849);
#3848 = CARTESIAN_POINT('',(-24.20774650573,-15.85455226898,
    0.397545158863));
#3849 = VECTOR('',#3850,1.);
#3850 = DIRECTION('',(-0.471392304084,-0.881923633684,0.));
#3851 = ORIENTED_EDGE('',*,*,#3852,.F.);
#3852 = EDGE_CURVE('',#3814,#3845,#3853,.T.);
#3853 = LINE('',#3854,#3855);
#3854 = CARTESIAN_POINT('',(-24.21573448181,-15.84921455383,
    0.300000011921));
#3855 = VECTOR('',#3856,1.);
#3856 = DIRECTION('',(-0.270596313671,-0.653283185562,0.707105872193));
#3857 = PLANE('',#3858);
#3858 = AXIS2_PLACEMENT_3D('',#3859,#3860,#3861);
#3859 = CARTESIAN_POINT('',(-24.22655524814,-15.88253578449,
    0.362890861013));
#3860 = DIRECTION('',(0.87771757273,-0.469144144847,-9.7548110574E-02));
#3861 = DIRECTION('',(0.471392304084,0.881923633684,0.));
#3862 = ADVANCED_FACE('',(#3863),#3887,.T.);
#3863 = FACE_BOUND('',#3864,.T.);
#3864 = EDGE_LOOP('',(#3865,#3875,#3881));
#3865 = ORIENTED_EDGE('',*,*,#3866,.F.);
#3866 = EDGE_CURVE('',#3867,#3869,#3871,.T.);
#3867 = VERTEX_POINT('',#3868);
#3868 = CARTESIAN_POINT('',(-24.26194000244,-15.93565845489,
    0.300000011921));
#3869 = VERTEX_POINT('',#3870);
#3870 = CARTESIAN_POINT('',(-24.29039192199,-16.02945518493,
    0.300000011921));
#3871 = LINE('',#3872,#3873);
#3872 = CARTESIAN_POINT('',(-24.26194000244,-15.93565845489,
    0.300000011921));
#3873 = VECTOR('',#3874,1.);
#3874 = DIRECTION('',(-0.290275265163,-0.956943190808,0.));
#3875 = ORIENTED_EDGE('',*,*,#3876,.T.);
#3876 = EDGE_CURVE('',#3867,#3845,#3877,.T.);
#3877 = LINE('',#3878,#3879);
#3878 = CARTESIAN_POINT('',(-24.26194000244,-15.93565845489,
    0.300000011921));
#3879 = VECTOR('',#3880,1.);
#3880 = DIRECTION('',(9.05637127978E-02,-3.750785483837E-02,
    0.995184090885));
#3881 = ORIENTED_EDGE('',*,*,#3882,.T.);
#3882 = EDGE_CURVE('',#3845,#3869,#3883,.T.);
#3883 = LINE('',#3884,#3885);
#3884 = CARTESIAN_POINT('',(-24.2530632019,-15.93933486938,
    0.397545158863));
#3885 = VECTOR('',#3886,1.);
#3886 = DIRECTION('',(-0.270596313671,-0.653283185562,-0.707105872193));
#3887 = PLANE('',#3888);
#3888 = AXIS2_PLACEMENT_3D('',#3889,#3890,#3891);
#3889 = CARTESIAN_POINT('',(-24.26885512021,-15.9700918852,0.33445890008
    ));
#3890 = DIRECTION('',(0.952378566965,-0.288890650685,-9.755643050636E-02
    ));
#3891 = DIRECTION('',(0.290275265163,0.956943190808,0.));
#3892 = ADVANCED_FACE('',(#3893),#3903,.T.);
#3893 = FACE_BOUND('',#3894,.T.);
#3894 = EDGE_LOOP('',(#3895,#3901,#3902));
#3895 = ORIENTED_EDGE('',*,*,#3896,.F.);
#3896 = EDGE_CURVE('',#3814,#3867,#3897,.T.);
#3897 = LINE('',#3898,#3899);
#3898 = CARTESIAN_POINT('',(-24.21573448181,-15.84921455383,
    0.300000011921));
#3899 = VECTOR('',#3900,1.);
#3900 = DIRECTION('',(-0.471399060845,-0.88192002213,0.));
#3901 = ORIENTED_EDGE('',*,*,#3852,.T.);
#3902 = ORIENTED_EDGE('',*,*,#3876,.F.);
#3903 = PLANE('',#3904);
#3904 = AXIS2_PLACEMENT_3D('',#3905,#3906,#3907);
#3905 = CARTESIAN_POINT('',(-24.24248157314,-15.90641992293,
    0.334458815936));
#3906 = DIRECTION('',(0.877713328682,-0.469150522099,-9.755562652889E-02
    ));
#3907 = DIRECTION('',(0.471399060845,0.88192002213,0.));
#3908 = ADVANCED_FACE('',(#3909),#3926,.T.);
#3909 = FACE_BOUND('',#3910,.T.);
#3910 = EDGE_LOOP('',(#3911,#3912,#3920));
#3911 = ORIENTED_EDGE('',*,*,#3882,.F.);
#3912 = ORIENTED_EDGE('',*,*,#3913,.T.);
#3913 = EDGE_CURVE('',#3845,#3914,#3916,.T.);
#3914 = VERTEX_POINT('',#3915);
#3915 = CARTESIAN_POINT('',(-24.28096961975,-16.03132820129,
    0.397545158863));
#3916 = LINE('',#3917,#3918);
#3917 = CARTESIAN_POINT('',(-24.2530632019,-15.93933486938,
    0.397545158863));
#3918 = VECTOR('',#3919,1.);
#3919 = DIRECTION('',(-0.290289875413,-0.956938758873,0.));
#3920 = ORIENTED_EDGE('',*,*,#3921,.F.);
#3921 = EDGE_CURVE('',#3869,#3914,#3922,.T.);
#3922 = LINE('',#3923,#3924);
#3923 = CARTESIAN_POINT('',(-24.29039192199,-16.02945518493,
    0.300000011921));
#3924 = VECTOR('',#3925,1.);
#3925 = DIRECTION('',(9.612920890445E-02,-1.910908565671E-02,
    0.995185418925));
#3926 = PLANE('',#3927);
#3927 = AXIS2_PLACEMENT_3D('',#3928,#3929,#3930);
#3928 = CARTESIAN_POINT('',(-24.27448202187,-15.99824172804,
    0.36289078144));
#3929 = DIRECTION('',(0.952375561025,-0.288905617411,-9.754145268316E-02
    ));
#3930 = DIRECTION('',(0.290289875413,0.956938758873,0.));
#3931 = ADVANCED_FACE('',(#3932),#3956,.T.);
#3932 = FACE_BOUND('',#3933,.T.);
#3933 = EDGE_LOOP('',(#3934,#3942,#3950));
#3934 = ORIENTED_EDGE('',*,*,#3935,.F.);
#3935 = EDGE_CURVE('',#3869,#3936,#3938,.T.);
#3936 = VERTEX_POINT('',#3937);
#3937 = CARTESIAN_POINT('',(-24.29999923706,-16.12700080871,
    0.300000011921));
#3938 = LINE('',#3939,#3940);
#3939 = CARTESIAN_POINT('',(-24.29039192199,-16.02945518493,
    0.300000011921));
#3940 = VECTOR('',#3941,1.);
#3941 = DIRECTION('',(-9.801622777686E-02,-0.99518481655,0.));
#3942 = ORIENTED_EDGE('',*,*,#3943,.T.);
#3943 = EDGE_CURVE('',#3869,#3944,#3946,.T.);
#3944 = VERTEX_POINT('',#3945);
#3945 = CARTESIAN_POINT('',(-24.29039192199,-16.12700080871,
    0.397545158863));
#3946 = LINE('',#3947,#3948);
#3947 = CARTESIAN_POINT('',(-24.29039192199,-16.02945518493,
    0.300000011921));
#3948 = VECTOR('',#3949,1.);
#3949 = DIRECTION('',(0.,-0.707108509481,0.707105052887));
#3950 = ORIENTED_EDGE('',*,*,#3951,.F.);
#3951 = EDGE_CURVE('',#3936,#3944,#3952,.T.);
#3952 = LINE('',#3953,#3954);
#3953 = CARTESIAN_POINT('',(-24.29999923706,-16.12700080871,
    0.300000011921));
#3954 = VECTOR('',#3955,1.);
#3955 = DIRECTION('',(9.801670231362E-02,0.,0.995184769813));
#3956 = PLANE('',#3957);
#3957 = AXIS2_PLACEMENT_3D('',#3958,#3959,#3960);
#3958 = CARTESIAN_POINT('',(-24.29321146307,-16.0925417372,
    0.334458845681));
#3959 = DIRECTION('',(0.990438481786,-9.754875899954E-02,
    -9.754923585435E-02));
#3960 = DIRECTION('',(9.801670231362E-02,1.734723475977E-18,
    0.995184769813));
#3961 = ADVANCED_FACE('',(#3962),#3972,.T.);
#3962 = FACE_BOUND('',#3963,.T.);
#3963 = EDGE_LOOP('',(#3964,#3965,#3966));
#3964 = ORIENTED_EDGE('',*,*,#3943,.F.);
#3965 = ORIENTED_EDGE('',*,*,#3921,.T.);
#3966 = ORIENTED_EDGE('',*,*,#3967,.T.);
#3967 = EDGE_CURVE('',#3914,#3944,#3968,.T.);
#3968 = LINE('',#3969,#3970);
#3969 = CARTESIAN_POINT('',(-24.28096961975,-16.03132820129,
    0.397545158863));
#3970 = VECTOR('',#3971,1.);
#3971 = DIRECTION('',(-9.801067968633E-02,-0.995185362969,0.));
#3972 = PLANE('',#3973);
#3973 = AXIS2_PLACEMENT_3D('',#3974,#3975,#3976);
#3974 = CARTESIAN_POINT('',(-24.28763770667,-16.06438064037,
    0.36289103858));
#3975 = DIRECTION('',(0.990439559067,-9.754328990811E-02,
    -9.754376673619E-02));
#3976 = DIRECTION('',(9.801115419675E-02,1.734723475977E-18,
    0.995185316237));
#3977 = ADVANCED_FACE('',(#3978),#3995,.T.);
#3978 = FACE_BOUND('',#3979,.T.);
#3979 = EDGE_LOOP('',(#3980,#3988,#3994));
#3980 = ORIENTED_EDGE('',*,*,#3981,.T.);
#3981 = EDGE_CURVE('',#3812,#3982,#3984,.T.);
#3982 = VERTEX_POINT('',#3983);
#3983 = CARTESIAN_POINT('',(-24.1467590332,-15.78024005889,
    0.397545158863));
#3984 = LINE('',#3985,#3986);
#3985 = CARTESIAN_POINT('',(-24.15355300903,-15.77344703674,
    0.300000011921));
#3986 = VECTOR('',#3987,1.);
#3987 = DIRECTION('',(6.931416390406E-02,-6.930443423478E-02,
    0.995184627131));
#3988 = ORIENTED_EDGE('',*,*,#3989,.T.);
#3989 = EDGE_CURVE('',#3982,#3822,#3990,.T.);
#3990 = LINE('',#3991,#3992);
#3991 = CARTESIAN_POINT('',(-24.1467590332,-15.78024005889,
    0.397545158863));
#3992 = VECTOR('',#3993,1.);
#3993 = DIRECTION('',(-0.634399610646,-0.77300526131,0.));
#3994 = ORIENTED_EDGE('',*,*,#3821,.F.);
#3995 = PLANE('',#3996);
#3996 = AXIS2_PLACEMENT_3D('',#3997,#3998,#3999);
#3997 = CARTESIAN_POINT('',(-24.17066641536,-15.80401649452,
    0.362890922799));
#3998 = DIRECTION('',(0.769318402379,-0.63137383322,-9.755141457398E-02)
  );
#3999 = DIRECTION('',(0.634399610646,0.77300526131,0.));
#4000 = ADVANCED_FACE('',(#4001),#4016,.T.);
#4001 = FACE_BOUND('',#4002,.T.);
#4002 = EDGE_LOOP('',(#4003,#4009,#4015));
#4003 = ORIENTED_EDGE('',*,*,#4004,.T.);
#4004 = EDGE_CURVE('',#3812,#3790,#4005,.T.);
#4005 = LINE('',#4006,#4007);
#4006 = CARTESIAN_POINT('',(-24.15355300903,-15.77344703674,
    0.300000011921));
#4007 = VECTOR('',#4008,1.);
#4008 = DIRECTION('',(0.587938980454,0.392848817149,0.707105057348));
#4009 = ORIENTED_EDGE('',*,*,#4010,.T.);
#4010 = EDGE_CURVE('',#3790,#3982,#4011,.T.);
#4011 = LINE('',#4012,#4013);
#4012 = CARTESIAN_POINT('',(-24.07244682312,-15.71925354003,
    0.397545158863));
#4013 = VECTOR('',#4014,1.);
#4014 = DIRECTION('',(-0.773010126148,-0.634393682876,0.));
#4015 = ORIENTED_EDGE('',*,*,#3981,.F.);
#4016 = PLANE('',#4017);
#4017 = AXIS2_PLACEMENT_3D('',#4018,#4019,#4020);
#4018 = CARTESIAN_POINT('',(-24.1229829439,-15.75633334679,0.36289083583
    ));
#4019 = DIRECTION('',(0.631368021327,-0.769323350762,-9.755000573317E-02
    ));
#4020 = DIRECTION('',(-0.773010126148,-0.634393682876,0.));
#4021 = ADVANCED_FACE('',(#4022),#4032,.T.);
#4022 = FACE_BOUND('',#4023,.T.);
#4023 = EDGE_LOOP('',(#4024,#4030,#4031));
#4024 = ORIENTED_EDGE('',*,*,#4025,.F.);
#4025 = EDGE_CURVE('',#3738,#3812,#4026,.T.);
#4026 = LINE('',#4027,#4028);
#4027 = CARTESIAN_POINT('',(-24.07778549194,-15.71126556396,
    0.300000011921));
#4028 = VECTOR('',#4029,1.);
#4029 = DIRECTION('',(-0.773007058863,-0.634397420351,0.));
#4030 = ORIENTED_EDGE('',*,*,#3797,.T.);
#4031 = ORIENTED_EDGE('',*,*,#4004,.F.);
#4032 = PLANE('',#4033);
#4033 = AXIS2_PLACEMENT_3D('',#4034,#4035,#4036);
#4034 = CARTESIAN_POINT('',(-24.10266522329,-15.73605367119,
    0.334458951227));
#4035 = DIRECTION('',(0.631371446028,-0.769319938714,-9.755474892366E-02
    ));
#4036 = DIRECTION('',(-0.773007058863,-0.634397420351,0.));
#4037 = ADVANCED_FACE('',(#4038),#4048,.T.);
#4038 = FACE_BOUND('',#4039,.T.);
#4039 = EDGE_LOOP('',(#4040,#4041,#4047));
#4040 = ORIENTED_EDGE('',*,*,#3721,.T.);
#4041 = ORIENTED_EDGE('',*,*,#4042,.T.);
#4042 = EDGE_CURVE('',#3714,#3746,#4043,.T.);
#4043 = LINE('',#4044,#4045);
#4044 = CARTESIAN_POINT('',(-23.89566993713,-15.64603042602,
    0.397545158863));
#4045 = VECTOR('',#4046,1.);
#4046 = DIRECTION('',(-0.95694318641,-0.290275279664,0.));
#4047 = ORIENTED_EDGE('',*,*,#3773,.F.);
#4048 = PLANE('',#4049);
#4049 = AXIS2_PLACEMENT_3D('',#4050,#4051,#4052);
#4050 = CARTESIAN_POINT('',(-23.92875780798,-15.65251737947,
    0.362890937564));
#4051 = DIRECTION('',(0.28889066554,-0.952378563981,-9.755641564037E-02)
  );
#4052 = DIRECTION('',(-0.95694318641,-0.290275279664,-3.469446951954E-18
    ));
#4053 = ADVANCED_FACE('',(#4054),#4071,.T.);
#4054 = FACE_BOUND('',#4055,.T.);
#4055 = EDGE_LOOP('',(#4056,#4057,#4065));
#4056 = ORIENTED_EDGE('',*,*,#3967,.F.);
#4057 = ORIENTED_EDGE('',*,*,#4058,.T.);
#4058 = EDGE_CURVE('',#3914,#4059,#4061,.T.);
#4059 = VERTEX_POINT('',#4060);
#4060 = CARTESIAN_POINT('',(-24.26194000244,-16.12700080871,
    0.491341710091));
#4061 = LINE('',#4062,#4063);
#4062 = CARTESIAN_POINT('',(-24.28096961975,-16.03132820129,
    0.397545158863));
#4063 = VECTOR('',#4064,1.);
#4064 = DIRECTION('',(0.14062039862,-0.706977968806,0.69311474888));
#4065 = ORIENTED_EDGE('',*,*,#4066,.F.);
#4066 = EDGE_CURVE('',#3944,#4059,#4067,.T.);
#4067 = LINE('',#4068,#4069);
#4068 = CARTESIAN_POINT('',(-24.29039192199,-16.12700080871,
    0.397545158863));
#4069 = VECTOR('',#4070,1.);
#4070 = DIRECTION('',(0.290275771916,0.,0.956943037092));
#4071 = PLANE('',#4072);
#4072 = AXIS2_PLACEMENT_3D('',#4073,#4074,#4075);
#4073 = CARTESIAN_POINT('',(-24.27700719654,-16.09339537169,
    0.430759422134));
#4074 = DIRECTION('',(0.952721352691,-9.382861806804E-02,-0.288995180856
    ));
#4075 = DIRECTION('',(0.290275771916,-3.469446951954E-18,0.956943037092)
  );
#4076 = ADVANCED_FACE('',(#4077),#4094,.T.);
#4077 = FACE_BOUND('',#4078,.T.);
#4078 = EDGE_LOOP('',(#4079,#4080,#4088));
#4079 = ORIENTED_EDGE('',*,*,#3913,.F.);
#4080 = ORIENTED_EDGE('',*,*,#4081,.T.);
#4081 = EDGE_CURVE('',#3845,#4082,#4084,.T.);
#4082 = VERTEX_POINT('',#4083);
#4083 = CARTESIAN_POINT('',(-24.2530632019,-16.03688049316,
    0.491341710091));
#4084 = LINE('',#4085,#4086);
#4085 = CARTESIAN_POINT('',(-24.2530632019,-15.93933486938,
    0.397545158863));
#4086 = VECTOR('',#4087,1.);
#4087 = DIRECTION('',(0.,-0.72082316222,0.693119014894));
#4088 = ORIENTED_EDGE('',*,*,#4089,.T.);
#4089 = EDGE_CURVE('',#4082,#3914,#4090,.T.);
#4090 = LINE('',#4091,#4092);
#4091 = CARTESIAN_POINT('',(-24.2530632019,-16.03688049316,
    0.491341710091));
#4092 = VECTOR('',#4093,1.);
#4093 = DIRECTION('',(-0.284709135175,5.664604555348E-02,-0.956938834969
    ));
#4094 = PLANE('',#4095);
#4095 = AXIS2_PLACEMENT_3D('',#4096,#4097,#4098);
#4096 = CARTESIAN_POINT('',(-24.2612854166,-16.00098144252,
    0.430759660402));
#4097 = DIRECTION('',(0.916102459267,-0.277902077119,-0.289009895432));
#4098 = DIRECTION('',(0.300860987724,0.,0.953668006209));
#4099 = ADVANCED_FACE('',(#4100),#4117,.T.);
#4100 = FACE_BOUND('',#4101,.T.);
#4101 = EDGE_LOOP('',(#4102,#4103,#4111));
#4102 = ORIENTED_EDGE('',*,*,#3844,.F.);
#4103 = ORIENTED_EDGE('',*,*,#4104,.T.);
#4104 = EDGE_CURVE('',#3822,#4105,#4107,.T.);
#4105 = VERTEX_POINT('',#4106);
#4106 = CARTESIAN_POINT('',(-24.18408966064,-15.87036037445,
    0.491341710091));
#4107 = LINE('',#4108,#4109);
#4108 = CARTESIAN_POINT('',(-24.20774650573,-15.85455226898,
    0.397545158863));
#4109 = VECTOR('',#4110,1.);
#4110 = DIRECTION('',(0.241354470037,-0.161279194362,0.956941503572));
#4111 = ORIENTED_EDGE('',*,*,#4112,.T.);
#4112 = EDGE_CURVE('',#4105,#3845,#4113,.T.);
#4113 = LINE('',#4114,#4115);
#4114 = CARTESIAN_POINT('',(-24.18408966064,-15.87036037445,
    0.491341710091));
#4115 = VECTOR('',#4116,1.);
#4116 = DIRECTION('',(-0.509691325707,-0.50969837304,-0.69312503996));
#4117 = PLANE('',#4118);
#4118 = AXIS2_PLACEMENT_3D('',#4119,#4120,#4121);
#4119 = CARTESIAN_POINT('',(-24.21528697439,-15.88993020307,
    0.430759521015));
#4120 = DIRECTION('',(0.84429140252,-0.451277700644,-0.288999073583));
#4121 = DIRECTION('',(0.471392304084,0.881923633684,0.));
#4122 = ADVANCED_FACE('',(#4123),#4133,.T.);
#4123 = FACE_BOUND('',#4124,.T.);
#4124 = EDGE_LOOP('',(#4125,#4126,#4132));
#4125 = ORIENTED_EDGE('',*,*,#3989,.F.);
#4126 = ORIENTED_EDGE('',*,*,#4127,.T.);
#4127 = EDGE_CURVE('',#3982,#4105,#4128,.T.);
#4128 = LINE('',#4129,#4130);
#4129 = CARTESIAN_POINT('',(-24.1467590332,-15.78024005889,
    0.397545158863));
#4130 = VECTOR('',#4131,1.);
#4131 = DIRECTION('',(-0.275857672093,-0.665951315589,0.693117154609));
#4132 = ORIENTED_EDGE('',*,*,#4104,.F.);
#4133 = PLANE('',#4134);
#4134 = AXIS2_PLACEMENT_3D('',#4135,#4136,#4137);
#4135 = CARTESIAN_POINT('',(-24.17794729177,-15.83404766298,
    0.430759540865));
#4136 = DIRECTION('',(0.740020270347,-0.607329076367,-0.289000679021));
#4137 = DIRECTION('',(0.634399610646,0.77300526131,-2.775557561563E-17)
  );
#4138 = ADVANCED_FACE('',(#4139),#4149,.T.);
#4139 = FACE_BOUND('',#4140,.T.);
#4140 = EDGE_LOOP('',(#4141,#4142,#4148));
#4141 = ORIENTED_EDGE('',*,*,#4089,.F.);
#4142 = ORIENTED_EDGE('',*,*,#4143,.T.);
#4143 = EDGE_CURVE('',#4082,#4059,#4144,.T.);
#4144 = LINE('',#4145,#4146);
#4145 = CARTESIAN_POINT('',(-24.2530632019,-16.03688049316,
    0.491341710091));
#4146 = VECTOR('',#4147,1.);
#4147 = DIRECTION('',(-9.802506057923E-02,-0.995183946564,0.));
#4148 = ORIENTED_EDGE('',*,*,#4058,.F.);
#4149 = PLANE('',#4150);
#4150 = AXIS2_PLACEMENT_3D('',#4151,#4152,#4153);
#4151 = CARTESIAN_POINT('',(-24.26621061993,-16.06630473908,
    0.457555328422));
#4152 = DIRECTION('',(0.952716206021,-9.384201195413E-02,-0.289007798472
    ));
#4153 = DIRECTION('',(0.290288813525,3.469446951954E-18,0.956939080999)
  );
#4154 = ADVANCED_FACE('',(#4155),#4172,.T.);
#4155 = FACE_BOUND('',#4156,.T.);
#4156 = EDGE_LOOP('',(#4157,#4165,#4171));
#4157 = ORIENTED_EDGE('',*,*,#4158,.T.);
#4158 = EDGE_CURVE('',#3845,#4159,#4161,.T.);
#4159 = VERTEX_POINT('',#4160);
#4160 = CARTESIAN_POINT('',(-24.22677612304,-15.95022296905,
    0.491341710091));
#4161 = LINE('',#4162,#4163);
#4162 = CARTESIAN_POINT('',(-24.2530632019,-15.93933486938,
    0.397545158863));
#4163 = VECTOR('',#4164,1.);
#4164 = DIRECTION('',(0.268188669427,-0.111083661255,0.956940571715));
#4165 = ORIENTED_EDGE('',*,*,#4166,.T.);
#4166 = EDGE_CURVE('',#4159,#4082,#4167,.T.);
#4167 = LINE('',#4168,#4169);
#4168 = CARTESIAN_POINT('',(-24.22677612304,-15.95022296905,
    0.491341710091));
#4169 = VECTOR('',#4170,1.);
#4170 = DIRECTION('',(-0.290282718602,-0.956940929881,0.));
#4171 = ORIENTED_EDGE('',*,*,#4081,.F.);
#4172 = PLANE('',#4173);
#4173 = AXIS2_PLACEMENT_3D('',#4174,#4175,#4176);
#4174 = CARTESIAN_POINT('',(-24.24541104189,-15.97651776761,
    0.457555408584));
#4175 = DIRECTION('',(0.916106424118,-0.277895797973,-0.289003365306));
#4176 = DIRECTION('',(0.300853620908,-1.387778780781E-17,0.953670330243)
  );
#4177 = ADVANCED_FACE('',(#4178),#4188,.T.);
#4178 = FACE_BOUND('',#4179,.T.);
#4179 = EDGE_LOOP('',(#4180,#4181,#4187));
#4180 = ORIENTED_EDGE('',*,*,#4112,.F.);
#4181 = ORIENTED_EDGE('',*,*,#4182,.T.);
#4182 = EDGE_CURVE('',#4105,#4159,#4183,.T.);
#4183 = LINE('',#4184,#4185);
#4184 = CARTESIAN_POINT('',(-24.18408966064,-15.87036037445,
    0.491341710091));
#4185 = VECTOR('',#4186,1.);
#4186 = DIRECTION('',(-0.471388287183,-0.881925780725,0.));
#4187 = ORIENTED_EDGE('',*,*,#4158,.F.);
#4188 = PLANE('',#4189);
#4189 = AXIS2_PLACEMENT_3D('',#4190,#4191,#4192);
#4190 = CARTESIAN_POINT('',(-24.22136063199,-15.91845363965,
    0.457555243728));
#4191 = DIRECTION('',(0.844292399151,-0.451273289221,-0.289003050454));
#4192 = DIRECTION('',(0.471388287183,0.881925780725,1.387778780781E-17)
  );
#4193 = ADVANCED_FACE('',(#4194),#4211,.T.);
#4194 = FACE_BOUND('',#4195,.T.);
#4195 = EDGE_LOOP('',(#4196,#4204,#4210));
#4196 = ORIENTED_EDGE('',*,*,#4197,.T.);
#4197 = EDGE_CURVE('',#3982,#4198,#4200,.T.);
#4198 = VERTEX_POINT('',#4199);
#4199 = CARTESIAN_POINT('',(-24.12664031982,-15.80035972595,
    0.491341710091));
#4200 = LINE('',#4201,#4202);
#4201 = CARTESIAN_POINT('',(-24.1467590332,-15.78024005889,
    0.397545158863));
#4202 = VECTOR('',#4203,1.);
#4203 = DIRECTION('',(0.20525712753,-0.2052668572,0.956940452135));
#4204 = ORIENTED_EDGE('',*,*,#4205,.T.);
#4205 = EDGE_CURVE('',#4198,#4105,#4206,.T.);
#4206 = LINE('',#4207,#4208);
#4207 = CARTESIAN_POINT('',(-24.12664031982,-15.80035972595,
    0.491341710091));
#4208 = VECTOR('',#4209,1.);
#4209 = DIRECTION('',(-0.634401817753,-0.773003449948,0.));
#4210 = ORIENTED_EDGE('',*,*,#4127,.F.);
#4211 = PLANE('',#4212);
#4212 = AXIS2_PLACEMENT_3D('',#4213,#4214,#4215);
#4213 = CARTESIAN_POINT('',(-24.15391938425,-15.81752111976,
    0.457555382183));
#4214 = DIRECTION('',(0.740017954504,-0.607330711834,-0.289003172083));
#4215 = DIRECTION('',(0.634401817753,0.773003449948,0.));
#4216 = ADVANCED_FACE('',(#4217),#4234,.T.);
#4217 = FACE_BOUND('',#4218,.T.);
#4218 = EDGE_LOOP('',(#4219,#4227,#4233));
#4219 = ORIENTED_EDGE('',*,*,#4220,.T.);
#4220 = EDGE_CURVE('',#3982,#4221,#4223,.T.);
#4221 = VERTEX_POINT('',#4222);
#4222 = CARTESIAN_POINT('',(-24.056640625,-15.7429113388,0.491341710091)
  );
#4223 = LINE('',#4224,#4225);
#4224 = CARTESIAN_POINT('',(-24.1467590332,-15.78024005889,
    0.397545158863));
#4225 = VECTOR('',#4226,1.);
#4226 = DIRECTION('',(0.665946060999,0.275847239244,0.693126355322));
#4227 = ORIENTED_EDGE('',*,*,#4228,.T.);
#4228 = EDGE_CURVE('',#4221,#4198,#4229,.T.);
#4229 = LINE('',#4230,#4231);
#4230 = CARTESIAN_POINT('',(-24.056640625,-15.7429113388,0.491341710091)
  );
#4231 = VECTOR('',#4232,1.);
#4232 = DIRECTION('',(-0.773004375964,-0.634400689423,0.));
#4233 = ORIENTED_EDGE('',*,*,#4197,.F.);
#4234 = PLANE('',#4235);
#4235 = AXIS2_PLACEMENT_3D('',#4236,#4237,#4238);
#4236 = CARTESIAN_POINT('',(-24.10947903209,-15.77308072033,
    0.457555314894));
#4237 = DIRECTION('',(0.607329402149,-0.74001856136,-0.289004370432));
#4238 = DIRECTION('',(-0.773004375964,-0.634400689423,2.775557561563E-17
    ));
#4239 = ADVANCED_FACE('',(#4240),#4257,.T.);
#4240 = FACE_BOUND('',#4241,.T.);
#4241 = EDGE_LOOP('',(#4242,#4243,#4251));
#4242 = ORIENTED_EDGE('',*,*,#4143,.F.);
#4243 = ORIENTED_EDGE('',*,*,#4244,.T.);
#4244 = EDGE_CURVE('',#4082,#4245,#4247,.T.);
#4245 = VERTEX_POINT('',#4246);
#4246 = CARTESIAN_POINT('',(-24.20774650573,-16.0458946228,
    0.577785134315));
#4247 = LINE('',#4248,#4249);
#4248 = CARTESIAN_POINT('',(-24.2530632019,-16.03688049316,
    0.491341710091));
#4249 = VECTOR('',#4250,1.);
#4250 = DIRECTION('',(0.4623352877,-9.196500566822E-02,0.88192319364));
#4251 = ORIENTED_EDGE('',*,*,#4252,.T.);
#4252 = EDGE_CURVE('',#4245,#4059,#4253,.T.);
#4253 = LINE('',#4254,#4255);
#4254 = CARTESIAN_POINT('',(-24.20774650573,-16.0458946228,
    0.577785134315));
#4255 = VECTOR('',#4256,1.);
#4256 = DIRECTION('',(-0.415796644967,-0.622282783724,-0.663232453304));
#4257 = PLANE('',#4258);
#4258 = AXIS2_PLACEMENT_3D('',#4259,#4260,#4261);
#4259 = CARTESIAN_POINT('',(-24.23991308947,-16.07131866963,
    0.522290350838));
#4260 = DIRECTION('',(0.878614046942,-8.654299084571E-02,-0.469625028348
    ));
#4261 = DIRECTION('',(0.471393642115,0.,0.881922918499));
#4262 = ADVANCED_FACE('',(#4263),#4273,.T.);
#4263 = FACE_BOUND('',#4264,.T.);
#4264 = EDGE_LOOP('',(#4265,#4266,#4272));
#4265 = ORIENTED_EDGE('',*,*,#4166,.F.);
#4266 = ORIENTED_EDGE('',*,*,#4267,.T.);
#4267 = EDGE_CURVE('',#4159,#4245,#4268,.T.);
#4268 = LINE('',#4269,#4270);
#4269 = CARTESIAN_POINT('',(-24.22677612304,-15.95022296905,
    0.491341710091));
#4270 = VECTOR('',#4271,1.);
#4271 = DIRECTION('',(0.146003514364,-0.734034607473,0.663231610242));
#4272 = ORIENTED_EDGE('',*,*,#4244,.F.);
#4273 = PLANE('',#4274);
#4274 = AXIS2_PLACEMENT_3D('',#4275,#4276,#4277);
#4275 = CARTESIAN_POINT('',(-24.22773496702,-16.01009605426,
    0.522290320705));
#4276 = DIRECTION('',(0.844850636136,-0.256280750266,-0.469624935096));
#4277 = DIRECTION('',(0.48585120499,0.,0.874041535975));
#4278 = ADVANCED_FACE('',(#4279),#4296,.T.);
#4279 = FACE_BOUND('',#4280,.T.);
#4280 = EDGE_LOOP('',(#4281,#4282,#4290));
#4281 = ORIENTED_EDGE('',*,*,#4182,.F.);
#4282 = ORIENTED_EDGE('',*,*,#4283,.T.);
#4283 = EDGE_CURVE('',#4105,#4284,#4286,.T.);
#4284 = VERTEX_POINT('',#4285);
#4285 = CARTESIAN_POINT('',(-24.18408966064,-15.96790504455,
    0.577785134315));
#4286 = LINE('',#4287,#4288);
#4287 = CARTESIAN_POINT('',(-24.18408966064,-15.87036037445,
    0.491341710091));
#4288 = VECTOR('',#4289,1.);
#4289 = DIRECTION('',(0.,-0.748410249398,0.66323608059));
#4290 = ORIENTED_EDGE('',*,*,#4291,.T.);
#4291 = EDGE_CURVE('',#4284,#4159,#4292,.T.);
#4292 = LINE('',#4293,#4294);
#4293 = CARTESIAN_POINT('',(-24.18408966064,-15.96790504455,
    0.577785134315));
#4294 = VECTOR('',#4295,1.);
#4295 = DIRECTION('',(-0.435502342323,0.180398769638,-0.881926297229));
#4296 = PLANE('',#4297);
#4297 = AXIS2_PLACEMENT_3D('',#4298,#4299,#4300);
#4298 = CARTESIAN_POINT('',(-24.19671001702,-15.92889521073,
    0.522290471296));
#4299 = DIRECTION('',(0.77862467146,-0.416173966403,-0.469619900219));
#4300 = DIRECTION('',(0.516471617783,2.775557561563E-17,0.856304308073)
  );
#4301 = ADVANCED_FACE('',(#4302),#4319,.T.);
#4302 = FACE_BOUND('',#4303,.T.);
#4303 = EDGE_LOOP('',(#4304,#4305,#4313));
#4304 = ORIENTED_EDGE('',*,*,#4205,.F.);
#4305 = ORIENTED_EDGE('',*,*,#4306,.T.);
#4306 = EDGE_CURVE('',#4198,#4307,#4309,.T.);
#4307 = VERTEX_POINT('',#4308);
#4308 = CARTESIAN_POINT('',(-24.09396934509,-15.83303070068,
    0.577785134315));
#4309 = LINE('',#4310,#4311);
#4310 = CARTESIAN_POINT('',(-24.12664031982,-15.80035972595,
    0.491341710091));
#4311 = VECTOR('',#4312,1.);
#4312 = DIRECTION('',(0.333320886557,-0.333320886557,0.881926512341));
#4313 = ORIENTED_EDGE('',*,*,#4314,.T.);
#4314 = EDGE_CURVE('',#4307,#4105,#4315,.T.);
#4315 = LINE('',#4316,#4317);
#4316 = CARTESIAN_POINT('',(-24.09396934509,-15.83303070068,
    0.577785134315));
#4317 = VECTOR('',#4318,1.);
#4318 = DIRECTION('',(-0.69144264487,-0.286409653624,-0.663231919592));
#4319 = PLANE('',#4320);
#4320 = AXIS2_PLACEMENT_3D('',#4321,#4322,#4323);
#4321 = CARTESIAN_POINT('',(-24.13483958611,-15.83629965429,
    0.522290314592));
#4322 = DIRECTION('',(0.682460924372,-0.560093814583,-0.469619000437));
#4323 = DIRECTION('',(0.634401817753,0.773003449948,-2.775557561563E-17)
  );
#4324 = ADVANCED_FACE('',(#4325),#4335,.T.);
#4325 = FACE_BOUND('',#4326,.T.);
#4326 = EDGE_LOOP('',(#4327,#4328,#4334));
#4327 = ORIENTED_EDGE('',*,*,#4228,.F.);
#4328 = ORIENTED_EDGE('',*,*,#4329,.T.);
#4329 = EDGE_CURVE('',#4221,#4307,#4330,.T.);
#4330 = LINE('',#4331,#4332);
#4331 = CARTESIAN_POINT('',(-24.056640625,-15.7429113388,0.491341710091)
  );
#4332 = VECTOR('',#4333,1.);
#4333 = DIRECTION('',(-0.286404385818,-0.691440275065,0.663236665001));
#4334 = ORIENTED_EDGE('',*,*,#4306,.F.);
#4335 = PLANE('',#4336);
#4336 = AXIS2_PLACEMENT_3D('',#4337,#4338,#4339);
#4337 = CARTESIAN_POINT('',(-24.09070076282,-15.79216088857,
    0.522290408958));
#4338 = DIRECTION('',(0.560092836172,-0.682461763559,-0.469618947818));
#4339 = DIRECTION('',(-0.773004375964,-0.634400689423,2.775557561563E-17
    ));
#4340 = ADVANCED_FACE('',(#4341),#4358,.T.);
#4341 = FACE_BOUND('',#4342,.T.);
#4342 = EDGE_LOOP('',(#4343,#4344,#4352));
#4343 = ORIENTED_EDGE('',*,*,#4252,.F.);
#4344 = ORIENTED_EDGE('',*,*,#4345,.T.);
#4345 = EDGE_CURVE('',#4245,#4346,#4348,.T.);
#4346 = VERTEX_POINT('',#4347);
#4347 = CARTESIAN_POINT('',(-24.21573448181,-16.12700080871,
    0.577785134315));
#4348 = LINE('',#4349,#4350);
#4349 = CARTESIAN_POINT('',(-24.20774650573,-16.0458946228,
    0.577785134315));
#4350 = VECTOR('',#4351,1.);
#4351 = DIRECTION('',(-9.801366481352E-02,-0.995185068975,0.));
#4352 = ORIENTED_EDGE('',*,*,#4353,.F.);
#4353 = EDGE_CURVE('',#4059,#4346,#4354,.T.);
#4354 = LINE('',#4355,#4356);
#4355 = CARTESIAN_POINT('',(-24.26194000244,-16.12700080871,
    0.491341710091));
#4356 = VECTOR('',#4357,1.);
#4357 = DIRECTION('',(0.471401083326,0.,0.881918941082));
#4358 = PLANE('',#4359);
#4359 = AXIS2_PLACEMENT_3D('',#4360,#4361,#4362);
#4360 = CARTESIAN_POINT('',(-24.23003011945,-16.09927610656,
    0.545931760804));
#4361 = DIRECTION('',(0.878610886504,-8.653252105162E-02,-0.469632870355
    ));
#4362 = DIRECTION('',(0.471401083326,0.,0.881918941082));
#4363 = ADVANCED_FACE('',(#4364),#4374,.T.);
#4364 = FACE_BOUND('',#4365,.T.);
#4365 = EDGE_LOOP('',(#4366,#4367,#4373));
#4366 = ORIENTED_EDGE('',*,*,#4291,.F.);
#4367 = ORIENTED_EDGE('',*,*,#4368,.T.);
#4368 = EDGE_CURVE('',#4284,#4245,#4369,.T.);
#4369 = LINE('',#4370,#4371);
#4370 = CARTESIAN_POINT('',(-24.18408966064,-15.96790504455,
    0.577785134315));
#4371 = VECTOR('',#4372,1.);
#4372 = DIRECTION('',(-0.290273049735,-0.956943862825,0.));
#4373 = ORIENTED_EDGE('',*,*,#4267,.F.);
#4374 = PLANE('',#4375);
#4375 = AXIS2_PLACEMENT_3D('',#4376,#4377,#4378);
#4376 = CARTESIAN_POINT('',(-24.20790579619,-15.98804883715,
    0.545931784393));
#4377 = DIRECTION('',(0.844856747825,-0.256273282381,-0.469618015404));
#4378 = DIRECTION('',(0.48584305102,-1.387778780781E-17,0.874046068452)
  );
#4379 = ADVANCED_FACE('',(#4380),#4397,.T.);
#4380 = FACE_BOUND('',#4381,.T.);
#4381 = EDGE_LOOP('',(#4382,#4390,#4396));
#4382 = ORIENTED_EDGE('',*,*,#4383,.T.);
#4383 = EDGE_CURVE('',#4105,#4384,#4386,.T.);
#4384 = VERTEX_POINT('',#4385);
#4385 = CARTESIAN_POINT('',(-24.14566993713,-15.89603042602,
    0.577785134315));
#4386 = LINE('',#4387,#4388);
#4387 = CARTESIAN_POINT('',(-24.18408966064,-15.87036037445,
    0.491341710091));
#4388 = VECTOR('',#4389,1.);
#4389 = DIRECTION('',(0.391966736222,-0.261891690386,0.881915426899));
#4390 = ORIENTED_EDGE('',*,*,#4391,.T.);
#4391 = EDGE_CURVE('',#4384,#4284,#4392,.T.);
#4392 = LINE('',#4393,#4394);
#4393 = CARTESIAN_POINT('',(-24.14566993713,-15.89603042602,
    0.577785134315));
#4394 = VECTOR('',#4395,1.);
#4395 = DIRECTION('',(-0.471415246532,-0.881911370455,0.));
#4396 = ORIENTED_EDGE('',*,*,#4283,.F.);
#4397 = PLANE('',#4398);
#4398 = AXIS2_PLACEMENT_3D('',#4399,#4400,#4401);
#4399 = CARTESIAN_POINT('',(-24.17296020686,-15.91114032547,
    0.545931781954));
#4400 = DIRECTION('',(0.778602128238,-0.416192518353,-0.469640834649));
#4401 = DIRECTION('',(0.516499464059,0.,0.856287512245));
#4402 = ADVANCED_FACE('',(#4403),#4413,.T.);
#4403 = FACE_BOUND('',#4404,.T.);
#4404 = EDGE_LOOP('',(#4405,#4406,#4412));
#4405 = ORIENTED_EDGE('',*,*,#4314,.F.);
#4406 = ORIENTED_EDGE('',*,*,#4407,.T.);
#4407 = EDGE_CURVE('',#4307,#4384,#4408,.T.);
#4408 = LINE('',#4409,#4410);
#4409 = CARTESIAN_POINT('',(-24.09396934509,-15.83303070068,
    0.577785134315));
#4410 = VECTOR('',#4411,1.);
#4411 = DIRECTION('',(-0.634379013182,-0.773022165034,0.));
#4412 = ORIENTED_EDGE('',*,*,#4383,.F.);
#4413 = PLANE('',#4414);
#4414 = AXIS2_PLACEMENT_3D('',#4415,#4416,#4417);
#4415 = CARTESIAN_POINT('',(-24.14215429734,-15.86503600505,
    0.54593167669));
#4416 = DIRECTION('',(0.68246913973,-0.560066863504,-0.469639203774));
#4417 = DIRECTION('',(0.634379013182,0.773022165034,0.));
#4418 = ADVANCED_FACE('',(#4419),#4436,.T.);
#4419 = FACE_BOUND('',#4420,.T.);
#4420 = EDGE_LOOP('',(#4421,#4429,#4435));
#4421 = ORIENTED_EDGE('',*,*,#4422,.T.);
#4422 = EDGE_CURVE('',#4221,#4423,#4425,.T.);
#4423 = VERTEX_POINT('',#4424);
#4424 = CARTESIAN_POINT('',(-24.03096961975,-15.78132915496,
    0.577785134315));
#4425 = LINE('',#4426,#4427);
#4426 = CARTESIAN_POINT('',(-24.056640625,-15.7429113388,0.491341710091)
  );
#4427 = VECTOR('',#4428,1.);
#4428 = DIRECTION('',(0.261902750201,-0.391949267743,0.881919906201));
#4429 = ORIENTED_EDGE('',*,*,#4430,.T.);
#4430 = EDGE_CURVE('',#4423,#4307,#4431,.T.);
#4431 = LINE('',#4432,#4433);
#4432 = CARTESIAN_POINT('',(-24.03096961975,-15.78132915496,
    0.577785134315));
#4433 = VECTOR('',#4434,1.);
#4434 = DIRECTION('',(-0.773016426601,-0.634386005682,0.));
#4435 = ORIENTED_EDGE('',*,*,#4329,.F.);
#4436 = PLANE('',#4437);
#4437 = AXIS2_PLACEMENT_3D('',#4438,#4439,#4440);
#4438 = CARTESIAN_POINT('',(-24.06196438215,-15.7848458943,
    0.545931791364));
#4439 = DIRECTION('',(0.560075482527,-0.68246705358,-0.469631956589));
#4440 = DIRECTION('',(-0.773016426601,-0.634386005682,0.));
#4441 = ADVANCED_FACE('',(#4442),#4459,.T.);
#4442 = FACE_BOUND('',#4443,.T.);
#4443 = EDGE_LOOP('',(#4444,#4452,#4458));
#4444 = ORIENTED_EDGE('',*,*,#4445,.T.);
#4445 = EDGE_CURVE('',#4221,#4446,#4448,.T.);
#4446 = VERTEX_POINT('',#4447);
#4447 = CARTESIAN_POINT('',(-23.95909500122,-15.7429113388,
    0.577785134315));
#4448 = LINE('',#4449,#4450);
#4449 = CARTESIAN_POINT('',(-24.056640625,-15.7429113388,0.491341710091)
  );
#4450 = VECTOR('',#4451,1.);
#4451 = DIRECTION('',(0.748413468012,0.,0.663232448617));
#4452 = ORIENTED_EDGE('',*,*,#4453,.T.);
#4453 = EDGE_CURVE('',#4446,#4423,#4454,.T.);
#4454 = LINE('',#4455,#4456);
#4455 = CARTESIAN_POINT('',(-23.95909500122,-15.7429113388,
    0.577785134315));
#4456 = VECTOR('',#4457,1.);
#4457 = DIRECTION('',(-0.881921100267,-0.471397043801,0.));
#4458 = ORIENTED_EDGE('',*,*,#4422,.F.);
#4459 = PLANE('',#4460);
#4460 = AXIS2_PLACEMENT_3D('',#4461,#4462,#4463);
#4461 = CARTESIAN_POINT('',(-24.01586006885,-15.754040178,0.545931681599
    ));
#4462 = DIRECTION('',(0.416179094911,-0.778615670416,-0.469630278775));
#4463 = DIRECTION('',(0.,0.516484365052,-0.856296619552));
#4464 = ADVANCED_FACE('',(#4465),#4482,.T.);
#4465 = FACE_BOUND('',#4466,.T.);
#4466 = EDGE_LOOP('',(#4467,#4468,#4476));
#4467 = ORIENTED_EDGE('',*,*,#4345,.F.);
#4468 = ORIENTED_EDGE('',*,*,#4469,.T.);
#4469 = EDGE_CURVE('',#4245,#4470,#4472,.T.);
#4470 = VERTEX_POINT('',#4471);
#4471 = CARTESIAN_POINT('',(-24.15355300903,-16.12700080871,
    0.653553366661));
#4472 = LINE('',#4473,#4474);
#4473 = CARTESIAN_POINT('',(-24.20774650573,-16.0458946228,
    0.577785134315));
#4474 = VECTOR('',#4475,1.);
#4475 = DIRECTION('',(0.438760184798,-0.656650101649,0.613433080491));
#4476 = ORIENTED_EDGE('',*,*,#4477,.F.);
#4477 = EDGE_CURVE('',#4346,#4470,#4478,.T.);
#4478 = LINE('',#4479,#4480);
#4479 = CARTESIAN_POINT('',(-24.21573448181,-16.12700080871,
    0.577785134315));
#4480 = VECTOR('',#4481,1.);
#4481 = DIRECTION('',(0.634393841818,0.,0.773009995707));
#4482 = PLANE('',#4483);
#4483 = AXIS2_PLACEMENT_3D('',#4484,#4485,#4486);
#4484 = CARTESIAN_POINT('',(-24.19030333229,-16.09956485823,
    0.605480510159));
#4485 = DIRECTION('',(0.770779466197,-7.591243337566E-02,-0.632563290863
    ));
#4486 = DIRECTION('',(0.634393841818,6.938893903907E-18,0.773009995707)
  );
#4487 = ADVANCED_FACE('',(#4488),#4505,.T.);
#4488 = FACE_BOUND('',#4489,.T.);
#4489 = EDGE_LOOP('',(#4490,#4491,#4499));
#4490 = ORIENTED_EDGE('',*,*,#4368,.F.);
#4491 = ORIENTED_EDGE('',*,*,#4492,.T.);
#4492 = EDGE_CURVE('',#4284,#4493,#4495,.T.);
#4493 = VERTEX_POINT('',#4494);
#4494 = CARTESIAN_POINT('',(-24.12664031982,-15.99170112609,
    0.653553366661));
#4495 = LINE('',#4496,#4497);
#4496 = CARTESIAN_POINT('',(-24.18408966064,-15.96790504455,
    0.577785134315));
#4497 = VECTOR('',#4498,1.);
#4498 = DIRECTION('',(0.586110813186,-0.242772858742,0.773004174455));
#4499 = ORIENTED_EDGE('',*,*,#4500,.T.);
#4500 = EDGE_CURVE('',#4493,#4245,#4501,.T.);
#4501 = LINE('',#4502,#4503);
#4502 = CARTESIAN_POINT('',(-24.12664031982,-15.99170112609,
    0.653553366661));
#4503 = VECTOR('',#4504,1.);
#4504 = DIRECTION('',(-0.656650101649,-0.438760184798,-0.613433080491));
#4505 = PLANE('',#4506);
#4506 = AXIS2_PLACEMENT_3D('',#4507,#4508,#4509);
#4507 = CARTESIAN_POINT('',(-24.17109275359,-16.0029848007,
    0.605480535269));
#4508 = DIRECTION('',(0.741156134972,-0.224817421362,-0.632569925499));
#4509 = DIRECTION('',(0.649188564096,-1.387778780781E-17,0.760627509525)
  );
#4510 = ADVANCED_FACE('',(#4511),#4521,.T.);
#4511 = FACE_BOUND('',#4512,.T.);
#4512 = EDGE_LOOP('',(#4513,#4514,#4520));
#4513 = ORIENTED_EDGE('',*,*,#4391,.F.);
#4514 = ORIENTED_EDGE('',*,*,#4515,.T.);
#4515 = EDGE_CURVE('',#4384,#4493,#4516,.T.);
#4516 = LINE('',#4517,#4518);
#4517 = CARTESIAN_POINT('',(-24.14566993713,-15.89603042602,
    0.577785134315));
#4518 = VECTOR('',#4519,1.);
#4519 = DIRECTION('',(0.154067868502,-0.774570533849,0.61343588091));
#4520 = ORIENTED_EDGE('',*,*,#4492,.F.);
#4521 = PLANE('',#4522);
#4522 = AXIS2_PLACEMENT_3D('',#4523,#4524,#4525);
#4523 = CARTESIAN_POINT('',(-24.15009407129,-15.95229007453,
    0.605480507726));
#4524 = DIRECTION('',(0.683043635133,-0.365112861038,-0.632569356837));
#4525 = DIRECTION('',(0.679478322482,0.,0.733695583521));
#4526 = ADVANCED_FACE('',(#4527),#4544,.T.);
#4527 = FACE_BOUND('',#4528,.T.);
#4528 = EDGE_LOOP('',(#4529,#4530,#4538));
#4529 = ORIENTED_EDGE('',*,*,#4407,.F.);
#4530 = ORIENTED_EDGE('',*,*,#4531,.T.);
#4531 = EDGE_CURVE('',#4307,#4532,#4534,.T.);
#4532 = VERTEX_POINT('',#4533);
#4533 = CARTESIAN_POINT('',(-24.04999923706,-15.87699985504,
    0.653553366661));
#4534 = LINE('',#4535,#4536);
#4535 = CARTESIAN_POINT('',(-24.09396934509,-15.83303070068,
    0.577785134315));
#4536 = VECTOR('',#4537,1.);
#4537 = DIRECTION('',(0.448593259499,-0.448583529892,0.773005112688));
#4538 = ORIENTED_EDGE('',*,*,#4539,.T.);
#4539 = EDGE_CURVE('',#4532,#4384,#4540,.T.);
#4540 = LINE('',#4541,#4542);
#4541 = CARTESIAN_POINT('',(-24.04999923706,-15.87699985504,
    0.653553366661));
#4542 = VECTOR('',#4543,1.);
#4543 = DIRECTION('',(-0.774569612413,-0.154075406365,-0.613435151161));
#4544 = PLANE('',#4545);
#4545 = AXIS2_PLACEMENT_3D('',#4546,#4547,#4548);
#4546 = CARTESIAN_POINT('',(-24.09538581849,-15.87041363863,
    0.605480575578));
#4547 = DIRECTION('',(0.598708872415,-0.491329176376,-0.632568831459));
#4548 = DIRECTION('',(-0.726277546641,0.,-0.687401574951));
#4549 = ADVANCED_FACE('',(#4550),#4560,.T.);
#4550 = FACE_BOUND('',#4551,.T.);
#4551 = EDGE_LOOP('',(#4552,#4553,#4559));
#4552 = ORIENTED_EDGE('',*,*,#4430,.F.);
#4553 = ORIENTED_EDGE('',*,*,#4554,.T.);
#4554 = EDGE_CURVE('',#4423,#4532,#4555,.T.);
#4555 = LINE('',#4556,#4557);
#4556 = CARTESIAN_POINT('',(-24.03096961975,-15.78132915496,
    0.577785134315));
#4557 = VECTOR('',#4558,1.);
#4558 = DIRECTION('',(-0.154067868502,-0.774570533849,0.61343588091));
#4559 = ORIENTED_EDGE('',*,*,#4531,.F.);
#4560 = PLANE('',#4561);
#4561 = AXIS2_PLACEMENT_3D('',#4562,#4563,#4564);
#4562 = CARTESIAN_POINT('',(-24.0565860781,-15.83161350849,
    0.605480515345));
#4563 = DIRECTION('',(0.49133483696,-0.59870472635,-0.632568358864));
#4564 = DIRECTION('',(0.,-0.726279666787,0.687399334893));
#4565 = ADVANCED_FACE('',(#4566),#4583,.T.);
#4566 = FACE_BOUND('',#4567,.T.);
#4567 = EDGE_LOOP('',(#4568,#4569,#4577));
#4568 = ORIENTED_EDGE('',*,*,#4453,.F.);
#4569 = ORIENTED_EDGE('',*,*,#4570,.T.);
#4570 = EDGE_CURVE('',#4446,#4571,#4573,.T.);
#4571 = VERTEX_POINT('',#4572);
#4572 = CARTESIAN_POINT('',(-23.99642372131,-15.83303070068,
    0.653553366661));
#4573 = LINE('',#4574,#4575);
#4574 = CARTESIAN_POINT('',(-23.95909500122,-15.7429113388,
    0.577785134315));
#4575 = VECTOR('',#4576,1.);
#4576 = DIRECTION('',(-0.302222091848,-0.72962753598,0.613437418111));
#4577 = ORIENTED_EDGE('',*,*,#4578,.T.);
#4578 = EDGE_CURVE('',#4571,#4423,#4579,.T.);
#4579 = LINE('',#4580,#4581);
#4580 = CARTESIAN_POINT('',(-23.99642372131,-15.83303070068,
    0.653553366661));
#4581 = VECTOR('',#4582,1.);
#4582 = DIRECTION('',(-0.352448731826,0.52747634437,-0.773012676199));
#4583 = PLANE('',#4584);
#4584 = AXIS2_PLACEMENT_3D('',#4585,#4586,#4587);
#4585 = CARTESIAN_POINT('',(-23.99402899465,-15.78723186553,
    0.60548054325));
#4586 = DIRECTION('',(0.365102408145,-0.683057990573,-0.632559888929));
#4587 = DIRECTION('',(0.,0.67946516049,-0.733707772673));
#4588 = ADVANCED_FACE('',(#4589),#4613,.T.);
#4589 = FACE_BOUND('',#4590,.T.);
#4590 = EDGE_LOOP('',(#4591,#4599,#4607));
#4591 = ORIENTED_EDGE('',*,*,#4592,.T.);
#4592 = EDGE_CURVE('',#4446,#4593,#4595,.T.);
#4593 = VERTEX_POINT('',#4594);
#4594 = CARTESIAN_POINT('',(-23.88110542297,-15.71925354003,
    0.577785134315));
#4595 = LINE('',#4596,#4597);
#4596 = CARTESIAN_POINT('',(-23.95909500122,-15.7429113388,
    0.577785134315));
#4597 = VECTOR('',#4598,1.);
#4598 = DIRECTION('',(0.956940612328,0.290283765438,0.));
#4599 = ORIENTED_EDGE('',*,*,#4600,.T.);
#4600 = EDGE_CURVE('',#4593,#4601,#4603,.T.);
#4601 = VERTEX_POINT('',#4602);
#4602 = CARTESIAN_POINT('',(-23.93529891967,-15.80035972595,
    0.653553366661));
#4603 = LINE('',#4604,#4605);
#4604 = CARTESIAN_POINT('',(-23.88110542297,-15.71925354003,
    0.577785134315));
#4605 = VECTOR('',#4606,1.);
#4606 = DIRECTION('',(-0.438760184798,-0.656650101649,0.613433080491));
#4607 = ORIENTED_EDGE('',*,*,#4608,.T.);
#4608 = EDGE_CURVE('',#4601,#4446,#4609,.T.);
#4609 = LINE('',#4610,#4611);
#4610 = CARTESIAN_POINT('',(-23.93529891967,-15.80035972595,
    0.653553366661));
#4611 = VECTOR('',#4612,1.);
#4612 = DIRECTION('',(-0.242774243184,0.586104425904,-0.773008582605));
#4613 = PLANE('',#4614);
#4614 = AXIS2_PLACEMENT_3D('',#4615,#4616,#4617);
#4615 = CARTESIAN_POINT('',(-23.92401519874,-15.75590752297,
    0.605480491174));
#4616 = DIRECTION('',(0.224826948197,-0.741157663951,-0.632564748094));
#4617 = DIRECTION('',(-1.387778780781E-17,0.649184715145,-0.760630794553
    ));
#4618 = ADVANCED_FACE('',(#4619),#4629,.T.);
#4619 = FACE_BOUND('',#4620,.T.);
#4620 = EDGE_LOOP('',(#4621,#4622,#4628));
#4621 = ORIENTED_EDGE('',*,*,#4608,.F.);
#4622 = ORIENTED_EDGE('',*,*,#4623,.T.);
#4623 = EDGE_CURVE('',#4601,#4571,#4624,.T.);
#4624 = LINE('',#4625,#4626);
#4625 = CARTESIAN_POINT('',(-23.93529891967,-15.80035972595,
    0.653553366661));
#4626 = VECTOR('',#4627,1.);
#4627 = DIRECTION('',(-0.881926737333,-0.47138649745,0.));
#4628 = ORIENTED_EDGE('',*,*,#4570,.F.);
#4629 = PLANE('',#4630);
#4630 = AXIS2_PLACEMENT_3D('',#4631,#4632,#4633);
#4631 = CARTESIAN_POINT('',(-23.96462402886,-15.78931080529,
    0.624697183119));
#4632 = DIRECTION('',(0.365092111225,-0.68305837401,-0.632565417974));
#4633 = DIRECTION('',(0.,0.679468152284,-0.733705002049));
#4634 = ADVANCED_FACE('',(#4635),#4652,.T.);
#4635 = FACE_BOUND('',#4636,.T.);
#4636 = EDGE_LOOP('',(#4637,#4645,#4651));
#4637 = ORIENTED_EDGE('',*,*,#4638,.T.);
#4638 = EDGE_CURVE('',#4245,#4639,#4641,.T.);
#4639 = VERTEX_POINT('',#4640);
#4640 = CARTESIAN_POINT('',(-24.1467590332,-16.0580253601,0.653553366661
    ));
#4641 = LINE('',#4642,#4643);
#4642 = CARTESIAN_POINT('',(-24.20774650573,-16.0458946228,
    0.577785134315));
#4643 = VECTOR('',#4644,1.);
#4644 = DIRECTION('',(0.622209348989,-0.123760796234,0.773006333315));
#4645 = ORIENTED_EDGE('',*,*,#4646,.T.);
#4646 = EDGE_CURVE('',#4639,#4470,#4647,.T.);
#4647 = LINE('',#4648,#4649);
#4648 = CARTESIAN_POINT('',(-24.1467590332,-16.0580253601,0.653553366661
    ));
#4649 = VECTOR('',#4650,1.);
#4650 = DIRECTION('',(-9.802410072254E-02,-0.995184041109,0.));
#4651 = ORIENTED_EDGE('',*,*,#4469,.F.);
#4652 = PLANE('',#4653);
#4653 = AXIS2_PLACEMENT_3D('',#4654,#4655,#4656);
#4654 = CARTESIAN_POINT('',(-24.17223810106,-16.07627030335,
    0.624697244966));
#4655 = DIRECTION('',(0.770774729244,-7.592012790887E-02,-0.632568139363
    ));
#4656 = DIRECTION('',(0.634399077074,0.,0.773005699208));
#4657 = ADVANCED_FACE('',(#4658),#4668,.T.);
#4658 = FACE_BOUND('',#4659,.T.);
#4659 = EDGE_LOOP('',(#4660,#4661,#4667));
#4660 = ORIENTED_EDGE('',*,*,#4500,.F.);
#4661 = ORIENTED_EDGE('',*,*,#4662,.T.);
#4662 = EDGE_CURVE('',#4493,#4639,#4663,.T.);
#4663 = LINE('',#4664,#4665);
#4664 = CARTESIAN_POINT('',(-24.12664031982,-15.99170112609,
    0.653553366661));
#4665 = VECTOR('',#4666,1.);
#4666 = DIRECTION('',(-0.29027776647,-0.956942432069,0.));
#4667 = ORIENTED_EDGE('',*,*,#4638,.F.);
#4668 = PLANE('',#4669);
#4669 = AXIS2_PLACEMENT_3D('',#4670,#4671,#4672);
#4670 = CARTESIAN_POINT('',(-24.1633167928,-16.03141937822,
    0.624697170547));
#4671 = DIRECTION('',(0.741156807991,-0.224821614778,-0.632567646577));
#4672 = DIRECTION('',(0.649186869913,-1.387778780781E-17,0.760628955492)
  );
#4673 = ADVANCED_FACE('',(#4674),#4691,.T.);
#4674 = FACE_BOUND('',#4675,.T.);
#4675 = EDGE_LOOP('',(#4676,#4684,#4690));
#4676 = ORIENTED_EDGE('',*,*,#4677,.T.);
#4677 = EDGE_CURVE('',#4384,#4678,#4680,.T.);
#4678 = VERTEX_POINT('',#4679);
#4679 = CARTESIAN_POINT('',(-24.09396934509,-15.93057632446,
    0.653553366661));
#4680 = LINE('',#4681,#4682);
#4681 = CARTESIAN_POINT('',(-24.14566993713,-15.89603042602,
    0.577785134315));
#4682 = VECTOR('',#4683,1.);
#4683 = DIRECTION('',(0.527469321722,-0.352450540656,0.773016643439));
#4684 = ORIENTED_EDGE('',*,*,#4685,.T.);
#4685 = EDGE_CURVE('',#4678,#4493,#4686,.T.);
#4686 = LINE('',#4687,#4688);
#4687 = CARTESIAN_POINT('',(-24.09396934509,-15.93057632446,
    0.653553366661));
#4688 = VECTOR('',#4689,1.);
#4689 = DIRECTION('',(-0.47138649745,-0.881926737333,0.));
#4690 = ORIENTED_EDGE('',*,*,#4515,.F.);
#4691 = PLANE('',#4692);
#4692 = AXIS2_PLACEMENT_3D('',#4693,#4694,#4695);
#4693 = CARTESIAN_POINT('',(-24.12448962914,-15.93768209659,
    0.624697205238));
#4694 = DIRECTION('',(0.683066393278,-0.365096397493,-0.632554284557));
#4695 = DIRECTION('',(0.679457420161,0.,0.733714940688));
#4696 = ADVANCED_FACE('',(#4697),#4707,.T.);
#4697 = FACE_BOUND('',#4698,.T.);
#4698 = EDGE_LOOP('',(#4699,#4700,#4706));
#4699 = ORIENTED_EDGE('',*,*,#4539,.F.);
#4700 = ORIENTED_EDGE('',*,*,#4701,.T.);
#4701 = EDGE_CURVE('',#4532,#4678,#4702,.T.);
#4702 = LINE('',#4703,#4704);
#4703 = CARTESIAN_POINT('',(-24.04999923706,-15.87699985504,
    0.653553366661));
#4704 = VECTOR('',#4705,1.);
#4705 = DIRECTION('',(-0.634402214951,-0.773003123969,0.));
#4706 = ORIENTED_EDGE('',*,*,#4677,.F.);
#4707 = PLANE('',#4708);
#4708 = AXIS2_PLACEMENT_3D('',#4709,#4710,#4711);
#4709 = CARTESIAN_POINT('',(-24.09908345825,-15.89965933385,
    0.624697325585));
#4710 = DIRECTION('',(0.598702886497,-0.49135433676,-0.632554953697));
#4711 = DIRECTION('',(-0.726273448738,-2.775557561563E-17,
    -0.687405904585));
#4712 = ADVANCED_FACE('',(#4713),#4723,.T.);
#4713 = FACE_BOUND('',#4714,.T.);
#4714 = EDGE_LOOP('',(#4715,#4716,#4722));
#4715 = ORIENTED_EDGE('',*,*,#4578,.F.);
#4716 = ORIENTED_EDGE('',*,*,#4717,.T.);
#4717 = EDGE_CURVE('',#4571,#4532,#4718,.T.);
#4718 = LINE('',#4719,#4720);
#4719 = CARTESIAN_POINT('',(-23.99642372131,-15.83303070068,
    0.653553366661));
#4720 = VECTOR('',#4721,1.);
#4721 = DIRECTION('',(-0.773004333859,-0.634400740727,0.));
#4722 = ORIENTED_EDGE('',*,*,#4554,.F.);
#4723 = PLANE('',#4724);
#4724 = AXIS2_PLACEMENT_3D('',#4725,#4726,#4727);
#4725 = CARTESIAN_POINT('',(-24.0273403846,-15.82791574662,
    0.624697181362));
#4726 = DIRECTION('',(0.491350815862,-0.598700924704,-0.632559545427));
#4727 = DIRECTION('',(-2.775557561563E-17,-0.726277064421,0.687402084442
    ));
#4728 = ADVANCED_FACE('',(#4729),#4746,.T.);
#4729 = FACE_BOUND('',#4730,.T.);
#4730 = EDGE_LOOP('',(#4731,#4739,#4745));
#4731 = ORIENTED_EDGE('',*,*,#4732,.T.);
#4732 = EDGE_CURVE('',#4593,#4733,#4735,.T.);
#4733 = VERTEX_POINT('',#4734);
#4734 = CARTESIAN_POINT('',(-23.86897468566,-15.78024005889,
    0.653553366661));
#4735 = LINE('',#4736,#4737);
#4736 = CARTESIAN_POINT('',(-23.88110542297,-15.71925354003,
    0.577785134315));
#4737 = VECTOR('',#4738,1.);
#4738 = DIRECTION('',(0.123761545465,-0.622203386082,0.773011012995));
#4739 = ORIENTED_EDGE('',*,*,#4740,.T.);
#4740 = EDGE_CURVE('',#4733,#4601,#4741,.T.);
#4741 = LINE('',#4742,#4743);
#4742 = CARTESIAN_POINT('',(-23.86897468566,-15.78024005889,
    0.653553366661));
#4743 = VECTOR('',#4744,1.);
#4744 = DIRECTION('',(-0.956938609802,-0.290290366822,0.));
#4745 = ORIENTED_EDGE('',*,*,#4600,.F.);
#4746 = PLANE('',#4747);
#4747 = AXIS2_PLACEMENT_3D('',#4748,#4749,#4750);
#4748 = CARTESIAN_POINT('',(-23.8955807157,-15.7636830324,0.624697216432
    ));
#4749 = DIRECTION('',(0.224832817235,-0.741158605842,-0.632561558491));
#4750 = DIRECTION('',(-1.387778780781E-17,0.649182343963,-0.760632818308
    ));
#4751 = ADVANCED_FACE('',(#4752),#4769,.T.);
#4752 = FACE_BOUND('',#4753,.T.);
#4753 = EDGE_LOOP('',(#4754,#4762,#4768));
#4754 = ORIENTED_EDGE('',*,*,#4755,.T.);
#4755 = EDGE_CURVE('',#4593,#4756,#4758,.T.);
#4756 = VERTEX_POINT('',#4757);
#4757 = CARTESIAN_POINT('',(-23.79999923706,-15.77344703674,
    0.653553366661));
#4758 = LINE('',#4759,#4760);
#4759 = CARTESIAN_POINT('',(-23.88110542297,-15.71925354003,
    0.577785134315));
#4760 = VECTOR('',#4761,1.);
#4761 = DIRECTION('',(0.656650101649,-0.438760184798,0.613433080491));
#4762 = ORIENTED_EDGE('',*,*,#4763,.T.);
#4763 = EDGE_CURVE('',#4756,#4733,#4764,.T.);
#4764 = LINE('',#4765,#4766);
#4765 = CARTESIAN_POINT('',(-23.79999923706,-15.77344703674,
    0.653553366661));
#4766 = VECTOR('',#4767,1.);
#4767 = DIRECTION('',(-0.995185383304,-9.801047320843E-02,0.));
#4768 = ORIENTED_EDGE('',*,*,#4732,.F.);
#4769 = PLANE('',#4770);
#4770 = AXIS2_PLACEMENT_3D('',#4771,#4772,#4773);
#4771 = CARTESIAN_POINT('',(-23.85072969804,-15.7547616735,
    0.624697254111));
#4772 = DIRECTION('',(7.591008014747E-02,-0.770780914888,-0.632561808029
    ));
#4773 = DIRECTION('',(0.,0.63439224071,-0.773011309702));
#4774 = ADVANCED_FACE('',(#4775),#4785,.T.);
#4775 = FACE_BOUND('',#4776,.T.);
#4776 = EDGE_LOOP('',(#4777,#4778,#4784));
#4777 = ORIENTED_EDGE('',*,*,#4010,.F.);
#4778 = ORIENTED_EDGE('',*,*,#4779,.T.);
#4779 = EDGE_CURVE('',#3790,#4221,#4780,.T.);
#4780 = LINE('',#4781,#4782);
#4781 = CARTESIAN_POINT('',(-24.07244682312,-15.71925354003,
    0.397545158863));
#4782 = VECTOR('',#4783,1.);
#4783 = DIRECTION('',(0.161259862371,-0.241364390361,0.956942259415));
#4784 = ORIENTED_EDGE('',*,*,#4220,.F.);
#4785 = PLANE('',#4786);
#4786 = AXIS2_PLACEMENT_3D('',#4787,#4788,#4789);
#4787 = CARTESIAN_POINT('',(-24.09295203294,-15.7490526914,
    0.430759524034));
#4788 = DIRECTION('',(0.60732421023,-0.740025912986,-0.288996456342));
#4789 = DIRECTION('',(-0.773010126148,-0.634393682876,0.));
#4790 = ADVANCED_FACE('',(#4791),#4801,.T.);
#4791 = FACE_BOUND('',#4792,.T.);
#4792 = EDGE_LOOP('',(#4793,#4794,#4800));
#4793 = ORIENTED_EDGE('',*,*,#3789,.F.);
#4794 = ORIENTED_EDGE('',*,*,#4795,.T.);
#4795 = EDGE_CURVE('',#3746,#4221,#4796,.T.);
#4796 = LINE('',#4797,#4798);
#4797 = CARTESIAN_POINT('',(-23.98766517639,-15.67393589019,
    0.397545158863));
#4798 = VECTOR('',#4799,1.);
#4799 = DIRECTION('',(-0.509699927842,-0.509699927842,0.693117570919));
#4800 = ORIENTED_EDGE('',*,*,#4779,.F.);
#4801 = PLANE('',#4802);
#4802 = AXIS2_PLACEMENT_3D('',#4803,#4804,#4805);
#4803 = CARTESIAN_POINT('',(-24.03706983528,-15.71171307296,
    0.430759617832));
#4804 = DIRECTION('',(0.451289062948,-0.844285395232,-0.288998880727));
#4805 = DIRECTION('',(-0.881917305002,-0.471404144167,0.));
#4806 = ADVANCED_FACE('',(#4807),#4824,.T.);
#4807 = FACE_BOUND('',#4808,.T.);
#4808 = EDGE_LOOP('',(#4809,#4810,#4818));
#4809 = ORIENTED_EDGE('',*,*,#4042,.F.);
#4810 = ORIENTED_EDGE('',*,*,#4811,.T.);
#4811 = EDGE_CURVE('',#3714,#4812,#4814,.T.);
#4812 = VERTEX_POINT('',#4813);
#4813 = CARTESIAN_POINT('',(-23.89011955261,-15.67393589019,
    0.491341710091));
#4814 = LINE('',#4815,#4816);
#4815 = CARTESIAN_POINT('',(-23.89566993713,-15.64603042602,
    0.397545158863));
#4816 = VECTOR('',#4817,1.);
#4817 = DIRECTION('',(5.662680551496E-02,-0.284700507934,0.956942540427)
  );
#4818 = ORIENTED_EDGE('',*,*,#4819,.T.);
#4819 = EDGE_CURVE('',#4812,#3746,#4820,.T.);
#4820 = LINE('',#4821,#4822);
#4821 = CARTESIAN_POINT('',(-23.89011955261,-15.67393589019,
    0.491341710091));
#4822 = VECTOR('',#4823,1.);
#4823 = DIRECTION('',(-0.72082316222,0.,-0.693119014894));
#4824 = PLANE('',#4825);
#4825 = AXIS2_PLACEMENT_3D('',#4826,#4827,#4828);
#4826 = CARTESIAN_POINT('',(-23.92601815298,-15.66571393615,
    0.430759488546));
#4827 = DIRECTION('',(0.277889271257,-0.91611054518,-0.288996577716));
#4828 = DIRECTION('',(0.,0.300845963683,-0.953672745828));
#4829 = ADVANCED_FACE('',(#4830),#4847,.T.);
#4830 = FACE_BOUND('',#4831,.T.);
#4831 = EDGE_LOOP('',(#4832,#4833,#4841));
#4832 = ORIENTED_EDGE('',*,*,#3713,.F.);
#4833 = ORIENTED_EDGE('',*,*,#4834,.T.);
#4834 = EDGE_CURVE('',#3691,#4835,#4837,.T.);
#4835 = VERTEX_POINT('',#4836);
#4836 = CARTESIAN_POINT('',(-23.79999923706,-15.66506004333,
    0.491341710091));
#4837 = LINE('',#4838,#4839);
#4838 = CARTESIAN_POINT('',(-23.79999923706,-15.6366071701,
    0.397545158863));
#4839 = VECTOR('',#4840,1.);
#4840 = DIRECTION('',(0.,-0.290284681751,0.956940334368));
#4841 = ORIENTED_EDGE('',*,*,#4842,.T.);
#4842 = EDGE_CURVE('',#4835,#3714,#4843,.T.);
#4843 = LINE('',#4844,#4845);
#4844 = CARTESIAN_POINT('',(-23.79999923706,-15.66506004333,
    0.491341710091));
#4845 = VECTOR('',#4846,1.);
#4846 = DIRECTION('',(-0.706970918905,0.140621799835,-0.693121655436));
#4847 = PLANE('',#4848);
#4848 = AXIS2_PLACEMENT_3D('',#4849,#4850,#4851);
#4849 = CARTESIAN_POINT('',(-23.83360383969,-15.64999259373,
    0.430759559556));
#4850 = DIRECTION('',(9.383962290732E-02,-0.952717669347,-0.289003750299
    ));
#4851 = DIRECTION('',(3.469446951954E-18,0.290284681751,-0.956940334368)
  );
#4852 = ADVANCED_FACE('',(#4853),#4870,.T.);
#4853 = FACE_BOUND('',#4854,.T.);
#4854 = EDGE_LOOP('',(#4855,#4863,#4869));
#4855 = ORIENTED_EDGE('',*,*,#4856,.T.);
#4856 = EDGE_CURVE('',#3746,#4857,#4859,.T.);
#4857 = VERTEX_POINT('',#4858);
#4858 = CARTESIAN_POINT('',(-23.97677612304,-15.70022296905,
    0.491341710091));
#4859 = LINE('',#4860,#4861);
#4860 = CARTESIAN_POINT('',(-23.98766517639,-15.67393589019,
    0.397545158863));
#4861 = VECTOR('',#4862,1.);
#4862 = DIRECTION('',(0.111093270851,-0.268188379554,0.956939537402));
#4863 = ORIENTED_EDGE('',*,*,#4864,.T.);
#4864 = EDGE_CURVE('',#4857,#4221,#4865,.T.);
#4865 = LINE('',#4866,#4867);
#4866 = CARTESIAN_POINT('',(-23.97677612304,-15.70022296905,
    0.491341710091));
#4867 = VECTOR('',#4868,1.);
#4868 = DIRECTION('',(-0.881921704657,-0.471395913066,0.));
#4869 = ORIENTED_EDGE('',*,*,#4795,.F.);
#4870 = PLANE('',#4871);
#4871 = AXIS2_PLACEMENT_3D('',#4872,#4873,#4874);
#4872 = CARTESIAN_POINT('',(-24.00854657874,-15.70563925858,
    0.457555449661));
#4873 = DIRECTION('',(0.45128002337,-0.844287437494,-0.289007030012));
#4874 = DIRECTION('',(-0.881921704657,-0.471395913066,1.387778780781E-17
    ));
#4875 = ADVANCED_FACE('',(#4876),#4886,.T.);
#4876 = FACE_BOUND('',#4877,.T.);
#4877 = EDGE_LOOP('',(#4878,#4879,#4885));
#4878 = ORIENTED_EDGE('',*,*,#4819,.F.);
#4879 = ORIENTED_EDGE('',*,*,#4880,.T.);
#4880 = EDGE_CURVE('',#4812,#4857,#4881,.T.);
#4881 = LINE('',#4882,#4883);
#4882 = CARTESIAN_POINT('',(-23.89011955261,-15.67393589019,
    0.491341710091));
#4883 = VECTOR('',#4884,1.);
#4884 = DIRECTION('',(-0.956940042463,-0.29028564403,0.));
#4885 = ORIENTED_EDGE('',*,*,#4856,.F.);
#4886 = PLANE('',#4887);
#4887 = AXIS2_PLACEMENT_3D('',#4888,#4889,#4890);
#4888 = CARTESIAN_POINT('',(-23.95048205892,-15.68158803653,
    0.457555309099));
#4889 = DIRECTION('',(0.27789836465,-0.91610480345,-0.289006034574));
#4890 = DIRECTION('',(-1.387778780781E-17,0.300856632178,-0.953669380275
    ));
#4891 = ADVANCED_FACE('',(#4892),#4902,.T.);
#4892 = FACE_BOUND('',#4893,.T.);
#4893 = EDGE_LOOP('',(#4894,#4895,#4901));
#4894 = ORIENTED_EDGE('',*,*,#4842,.F.);
#4895 = ORIENTED_EDGE('',*,*,#4896,.T.);
#4896 = EDGE_CURVE('',#4835,#4812,#4897,.T.);
#4897 = LINE('',#4898,#4899);
#4898 = CARTESIAN_POINT('',(-23.79999923706,-15.66506004333,
    0.491341710091));
#4899 = VECTOR('',#4900,1.);
#4900 = DIRECTION('',(-0.995184973867,-9.80146304872E-02,0.));
#4901 = ORIENTED_EDGE('',*,*,#4811,.F.);
#4902 = PLANE('',#4903);
#4903 = AXIS2_PLACEMENT_3D('',#4904,#4905,#4906);
#4904 = CARTESIAN_POINT('',(-23.86069463997,-15.66078916849,
    0.457555388623));
#4905 = DIRECTION('',(9.383234946684E-02,-0.952720464158,-0.288996898544
    ));
#4906 = DIRECTION('',(0.,0.29027759975,-0.956942482641));
#4907 = ADVANCED_FACE('',(#4908),#4918,.T.);
#4908 = FACE_BOUND('',#4909,.T.);
#4909 = EDGE_LOOP('',(#4910,#4911,#4917));
#4910 = ORIENTED_EDGE('',*,*,#4864,.F.);
#4911 = ORIENTED_EDGE('',*,*,#4912,.T.);
#4912 = EDGE_CURVE('',#4857,#4446,#4913,.T.);
#4913 = LINE('',#4914,#4915);
#4914 = CARTESIAN_POINT('',(-23.97677612304,-15.70022296905,
    0.491341710091));
#4915 = VECTOR('',#4916,1.);
#4916 = DIRECTION('',(0.180387827779,-0.435518875246,0.881920371062));
#4917 = ORIENTED_EDGE('',*,*,#4445,.F.);
#4918 = PLANE('',#4919);
#4919 = AXIS2_PLACEMENT_3D('',#4920,#4921,#4922);
#4920 = CARTESIAN_POINT('',(-23.99810499347,-15.73029035813,
    0.522290273614));
#4921 = DIRECTION('',(0.4161783168,-0.778616615926,-0.469629400729));
#4922 = DIRECTION('',(0.,0.516483197113,-0.856297324006));
#4923 = ADVANCED_FACE('',(#4924),#4939,.T.);
#4924 = FACE_BOUND('',#4925,.T.);
#4925 = EDGE_LOOP('',(#4926,#4927,#4933));
#4926 = ORIENTED_EDGE('',*,*,#4880,.F.);
#4927 = ORIENTED_EDGE('',*,*,#4928,.T.);
#4928 = EDGE_CURVE('',#4812,#4593,#4929,.T.);
#4929 = LINE('',#4930,#4931);
#4930 = CARTESIAN_POINT('',(-23.89011955261,-15.67393589019,
    0.491341710091));
#4931 = VECTOR('',#4932,1.);
#4932 = DIRECTION('',(9.196459197332E-02,-0.462342937577,0.881919226401)
  );
#4933 = ORIENTED_EDGE('',*,*,#4934,.T.);
#4934 = EDGE_CURVE('',#4593,#4857,#4935,.T.);
#4935 = LINE('',#4936,#4937);
#4936 = CARTESIAN_POINT('',(-23.88110542297,-15.71925354003,
    0.577785134315));
#4937 = VECTOR('',#4938,1.);
#4938 = DIRECTION('',(-0.734030448695,0.146011459596,-0.663234463863));
#4939 = PLANE('',#4940);
#4940 = AXIS2_PLACEMENT_3D('',#4941,#4942,#4943);
#4941 = CARTESIAN_POINT('',(-23.91690354946,-15.69926447927,
    0.522290404657));
#4942 = DIRECTION('',(0.256282228232,-0.844846210658,-0.469632089864));
#4943 = DIRECTION('',(0.,0.485858803935,-0.874037311926));
#4944 = ADVANCED_FACE('',(#4945),#4955,.T.);
#4945 = FACE_BOUND('',#4946,.T.);
#4946 = EDGE_LOOP('',(#4947,#4948,#4954));
#4947 = ORIENTED_EDGE('',*,*,#4896,.F.);
#4948 = ORIENTED_EDGE('',*,*,#4949,.T.);
#4949 = EDGE_CURVE('',#4835,#4593,#4950,.T.);
#4950 = LINE('',#4951,#4952);
#4951 = CARTESIAN_POINT('',(-23.79999923706,-15.66506004333,
    0.491341710091));
#4952 = VECTOR('',#4953,1.);
#4953 = DIRECTION('',(-0.622282783724,-0.415796644967,0.663232453304));
#4954 = ORIENTED_EDGE('',*,*,#4928,.F.);
#4955 = PLANE('',#4956);
#4956 = AXIS2_PLACEMENT_3D('',#4957,#4958,#4959);
#4957 = CARTESIAN_POINT('',(-23.85568142063,-15.68708669264,
    0.522290376879));
#4958 = DIRECTION('',(8.653340825506E-02,-0.878611154323,-0.469632205832
    ));
#4959 = DIRECTION('',(0.,0.471400452765,-0.881919278127));
#4960 = ADVANCED_FACE('',(#4961),#4966,.T.);
#4961 = FACE_BOUND('',#4962,.T.);
#4962 = EDGE_LOOP('',(#4963,#4964,#4965));
#4963 = ORIENTED_EDGE('',*,*,#4934,.F.);
#4964 = ORIENTED_EDGE('',*,*,#4592,.F.);
#4965 = ORIENTED_EDGE('',*,*,#4912,.F.);
#4966 = PLANE('',#4967);
#4967 = AXIS2_PLACEMENT_3D('',#4968,#4969,#4970);
#4968 = CARTESIAN_POINT('',(-23.93895092008,-15.71909420732,
    0.545931809262));
#4969 = DIRECTION('',(0.256280777289,-0.844847398119,-0.469630745462));
#4970 = DIRECTION('',(1.387778780781E-17,0.485857219715,-0.874038192558)
  );
#4971 = ADVANCED_FACE('',(#4972),#4989,.T.);
#4972 = FACE_BOUND('',#4973,.T.);
#4973 = EDGE_LOOP('',(#4974,#4982,#4988));
#4974 = ORIENTED_EDGE('',*,*,#4975,.T.);
#4975 = EDGE_CURVE('',#4835,#4976,#4978,.T.);
#4976 = VERTEX_POINT('',#4977);
#4977 = CARTESIAN_POINT('',(-23.79999923706,-15.71126556396,
    0.577785134315));
#4978 = LINE('',#4979,#4980);
#4979 = CARTESIAN_POINT('',(-23.79999923706,-15.66506004333,
    0.491341710091));
#4980 = VECTOR('',#4981,1.);
#4981 = DIRECTION('',(0.,-0.471401083326,0.881918941082));
#4982 = ORIENTED_EDGE('',*,*,#4983,.T.);
#4983 = EDGE_CURVE('',#4976,#4593,#4984,.T.);
#4984 = LINE('',#4985,#4986);
#4985 = CARTESIAN_POINT('',(-23.79999923706,-15.71126556396,
    0.577785134315));
#4986 = VECTOR('',#4987,1.);
#4987 = DIRECTION('',(-0.995185068975,-9.801366481352E-02,0.));
#4988 = ORIENTED_EDGE('',*,*,#4949,.F.);
#4989 = PLANE('',#4990);
#4990 = AXIS2_PLACEMENT_3D('',#4991,#4992,#4993);
#4991 = CARTESIAN_POINT('',(-23.82772393921,-15.69696992632,
    0.545931760804));
#4992 = DIRECTION('',(8.653252105162E-02,-0.878610886504,-0.469632870355
    ));
#4993 = DIRECTION('',(0.,0.471401083326,-0.881918941082));
#4994 = ADVANCED_FACE('',(#4995),#5005,.T.);
#4995 = FACE_BOUND('',#4996,.T.);
#4996 = EDGE_LOOP('',(#4997,#4998,#5004));
#4997 = ORIENTED_EDGE('',*,*,#4983,.F.);
#4998 = ORIENTED_EDGE('',*,*,#4999,.T.);
#4999 = EDGE_CURVE('',#4976,#4756,#5000,.T.);
#5000 = LINE('',#5001,#5002);
#5001 = CARTESIAN_POINT('',(-23.79999923706,-15.71126556396,
    0.577785134315));
#5002 = VECTOR('',#5003,1.);
#5003 = DIRECTION('',(0.,-0.634393841818,0.773009995707));
#5004 = ORIENTED_EDGE('',*,*,#4755,.F.);
#5005 = PLANE('',#5006);
#5006 = AXIS2_PLACEMENT_3D('',#5007,#5008,#5009);
#5007 = CARTESIAN_POINT('',(-23.82743518754,-15.73669671348,
    0.605480510159));
#5008 = DIRECTION('',(7.591243337566E-02,-0.770779466197,-0.632563290863
    ));
#5009 = DIRECTION('',(0.,0.634393841818,-0.773009995707));
#5010 = ADVANCED_FACE('',(#5011),#5028,.T.);
#5011 = FACE_BOUND('',#5012,.T.);
#5012 = EDGE_LOOP('',(#5013,#5014,#5022));
#5013 = ORIENTED_EDGE('',*,*,#4646,.F.);
#5014 = ORIENTED_EDGE('',*,*,#5015,.T.);
#5015 = EDGE_CURVE('',#4639,#5016,#5018,.T.);
#5016 = VERTEX_POINT('',#5017);
#5017 = CARTESIAN_POINT('',(-24.07244682312,-16.07280731201,
    0.715734779835));
#5018 = LINE('',#5019,#5020);
#5019 = CARTESIAN_POINT('',(-24.1467590332,-16.0580253601,0.653553366661
    ));
#5020 = VECTOR('',#5021,1.);
#5021 = DIRECTION('',(0.758156083624,-0.150810031778,0.634393952666));
#5022 = ORIENTED_EDGE('',*,*,#5023,.T.);
#5023 = EDGE_CURVE('',#5016,#4470,#5024,.T.);
#5024 = LINE('',#5025,#5026);
#5025 = CARTESIAN_POINT('',(-24.07244682312,-16.07280731201,
    0.715734779835));
#5026 = VECTOR('',#5027,1.);
#5027 = DIRECTION('',(-0.70113026373,-0.468480920522,-0.537533236543));
#5028 = PLANE('',#5029);
#5029 = AXIS2_PLACEMENT_3D('',#5030,#5031,#5032);
#5030 = CARTESIAN_POINT('',(-24.12092307987,-16.08614938859,
    0.677029827417));
#5031 = DIRECTION('',(0.633158680677,-6.236515832677E-02,-0.771505458251
    ));
#5032 = DIRECTION('',(-0.773010200769,0.,-0.63439359195));
#5033 = ADVANCED_FACE('',(#5034),#5044,.T.);
#5034 = FACE_BOUND('',#5035,.T.);
#5035 = EDGE_LOOP('',(#5036,#5037,#5038));
#5036 = ORIENTED_EDGE('',*,*,#5015,.F.);
#5037 = ORIENTED_EDGE('',*,*,#4662,.F.);
#5038 = ORIENTED_EDGE('',*,*,#5039,.T.);
#5039 = EDGE_CURVE('',#4493,#5016,#5040,.T.);
#5040 = LINE('',#5041,#5042);
#5041 = CARTESIAN_POINT('',(-24.12664031982,-15.99170112609,
    0.653553366661));
#5042 = VECTOR('',#5043,1.);
#5043 = DIRECTION('',(0.468480920522,-0.70113026373,0.537533236543));
#5044 = PLANE('',#5045);
#5045 = AXIS2_PLACEMENT_3D('',#5046,#5047,#5048);
#5046 = CARTESIAN_POINT('',(-24.11212718423,-16.04192965824,
    0.677029889639));
#5047 = DIRECTION('',(0.608828183822,-0.184681209069,-0.771505731411));
#5048 = DIRECTION('',(-0.785009081333,0.,-0.619484255026));
#5049 = ADVANCED_FACE('',(#5050),#5067,.T.);
#5050 = FACE_BOUND('',#5051,.T.);
#5051 = EDGE_LOOP('',(#5052,#5053,#5061));
#5052 = ORIENTED_EDGE('',*,*,#4685,.F.);
#5053 = ORIENTED_EDGE('',*,*,#5054,.T.);
#5054 = EDGE_CURVE('',#4678,#5055,#5057,.T.);
#5055 = VERTEX_POINT('',#5056);
#5056 = CARTESIAN_POINT('',(-24.056640625,-16.02069664001,0.715734779835
    ));
#5057 = LINE('',#5058,#5059);
#5058 = CARTESIAN_POINT('',(-24.09396934509,-15.93057632446,
    0.653553366661));
#5059 = VECTOR('',#5060,1.);
#5060 = DIRECTION('',(0.322692257806,-0.779055055391,0.537534117449));
#5061 = ORIENTED_EDGE('',*,*,#5062,.T.);
#5062 = EDGE_CURVE('',#5055,#4493,#5063,.T.);
#5063 = LINE('',#5064,#5065);
#5064 = CARTESIAN_POINT('',(-24.056640625,-16.02069664001,0.715734779835
    ));
#5065 = VECTOR('',#5066,1.);
#5066 = DIRECTION('',(-0.714162694075,0.295822923034,-0.634397702233));
#5067 = PLANE('',#5068);
#5068 = AXIS2_PLACEMENT_3D('',#5069,#5070,#5071);
#5069 = CARTESIAN_POINT('',(-24.08953421464,-15.98267103281,
    0.677029888509));
#5070 = DIRECTION('',(0.561104544954,-0.299908251958,-0.771502903455));
#5071 = DIRECTION('',(-0.80873033794,0.,-0.588179598843));
#5072 = ADVANCED_FACE('',(#5073),#5090,.T.);
#5073 = FACE_BOUND('',#5074,.T.);
#5074 = EDGE_LOOP('',(#5075,#5076,#5084));
#5075 = ORIENTED_EDGE('',*,*,#4701,.F.);
#5076 = ORIENTED_EDGE('',*,*,#5077,.T.);
#5077 = EDGE_CURVE('',#4532,#5078,#5080,.T.);
#5078 = VERTEX_POINT('',#5079);
#5079 = CARTESIAN_POINT('',(-23.99642372131,-15.93057632446,
    0.715734779835));
#5080 = LINE('',#5081,#5082);
#5081 = CARTESIAN_POINT('',(-24.04999923706,-15.87699985504,
    0.653553366661));
#5082 = VECTOR('',#5083,1.);
#5083 = DIRECTION('',(0.546594977414,-0.546604707112,0.634395164569));
#5084 = ORIENTED_EDGE('',*,*,#5085,.T.);
#5085 = EDGE_CURVE('',#5078,#4678,#5086,.T.);
#5086 = LINE('',#5087,#5088);
#5087 = CARTESIAN_POINT('',(-23.99642372131,-15.93057632446,
    0.715734779835));
#5088 = VECTOR('',#5089,1.);
#5089 = DIRECTION('',(-0.843242565811,0.,-0.537533231721));
#5090 = PLANE('',#5091);
#5091 = AXIS2_PLACEMENT_3D('',#5092,#5093,#5094);
#5092 = CARTESIAN_POINT('',(-24.04414263437,-15.91473784476,
    0.677029799752));
#5093 = DIRECTION('',(0.49180307326,-0.403621860406,-0.771504459439));
#5094 = DIRECTION('',(-0.843242565811,-2.775557561563E-17,
    -0.537533231721));
#5095 = ADVANCED_FACE('',(#5096),#5113,.T.);
#5096 = FACE_BOUND('',#5097,.T.);
#5097 = EDGE_LOOP('',(#5098,#5099,#5107));
#5098 = ORIENTED_EDGE('',*,*,#4717,.F.);
#5099 = ORIENTED_EDGE('',*,*,#5100,.T.);
#5100 = EDGE_CURVE('',#4571,#5101,#5103,.T.);
#5101 = VERTEX_POINT('',#5102);
#5102 = CARTESIAN_POINT('',(-23.95432853698,-15.89603042602,
    0.715734779835));
#5103 = LINE('',#5104,#5105);
#5104 = CARTESIAN_POINT('',(-23.99642372131,-15.83303070068,
    0.653553366661));
#5105 = VECTOR('',#5106,1.);
#5106 = DIRECTION('',(0.429464492044,-0.642737298242,0.634388694352));
#5107 = ORIENTED_EDGE('',*,*,#5108,.T.);
#5108 = EDGE_CURVE('',#5101,#4532,#5109,.T.);
#5109 = LINE('',#5110,#5111);
#5110 = CARTESIAN_POINT('',(-23.95432853698,-15.89603042602,
    0.715734779835));
#5111 = VECTOR('',#5112,1.);
#5112 = DIRECTION('',(-0.827037796883,0.164512243434,-0.537535305155));
#5113 = PLANE('',#5114);
#5114 = AXIS2_PLACEMENT_3D('',#5115,#5116,#5117);
#5115 = CARTESIAN_POINT('',(-23.99804060587,-15.87118649866,
    0.677029925985));
#5116 = DIRECTION('',(0.403617083454,-0.49179916526,-0.771509449711));
#5117 = DIRECTION('',(0.,-0.843246077853,0.537527722249));
#5118 = ADVANCED_FACE('',(#5119),#5129,.T.);
#5119 = FACE_BOUND('',#5120,.T.);
#5120 = EDGE_LOOP('',(#5121,#5122,#5128));
#5121 = ORIENTED_EDGE('',*,*,#4623,.F.);
#5122 = ORIENTED_EDGE('',*,*,#5123,.T.);
#5123 = EDGE_CURVE('',#4601,#5101,#5124,.T.);
#5124 = LINE('',#5125,#5126);
#5125 = CARTESIAN_POINT('',(-23.93529891967,-15.80035972595,
    0.653553366661));
#5126 = VECTOR('',#5127,1.);
#5127 = DIRECTION('',(-0.164504222378,-0.82703891854,0.537536034178));
#5128 = ORIENTED_EDGE('',*,*,#5100,.F.);
#5129 = PLANE('',#5130);
#5130 = AXIS2_PLACEMENT_3D('',#5131,#5132,#5133);
#5131 = CARTESIAN_POINT('',(-23.96055351156,-15.84613846282,
    0.677029914856));
#5132 = DIRECTION('',(0.299904588381,-0.561097690692,-0.771509312561));
#5133 = DIRECTION('',(2.775557561563E-17,-0.808736079901,0.588171703729)
  );
#5134 = ADVANCED_FACE('',(#5135),#5152,.T.);
#5135 = FACE_BOUND('',#5136,.T.);
#5136 = EDGE_LOOP('',(#5137,#5138,#5146));
#5137 = ORIENTED_EDGE('',*,*,#4740,.F.);
#5138 = ORIENTED_EDGE('',*,*,#5139,.T.);
#5139 = EDGE_CURVE('',#4733,#5140,#5142,.T.);
#5140 = VERTEX_POINT('',#5141);
#5141 = CARTESIAN_POINT('',(-23.85419273376,-15.85455226898,
    0.715734779835));
#5142 = LINE('',#5143,#5144);
#5143 = CARTESIAN_POINT('',(-23.86897468566,-15.78024005889,
    0.653553366661));
#5144 = VECTOR('',#5145,1.);
#5145 = DIRECTION('',(0.150810031778,-0.758156083624,0.634393952666));
#5146 = ORIENTED_EDGE('',*,*,#5147,.T.);
#5147 = EDGE_CURVE('',#5140,#4601,#5148,.T.);
#5148 = LINE('',#5149,#5150);
#5149 = CARTESIAN_POINT('',(-23.85419273376,-15.85455226898,
    0.715734779835));
#5150 = VECTOR('',#5151,1.);
#5151 = DIRECTION('',(-0.701132971639,0.46847448573,-0.537535312608));
#5152 = PLANE('',#5153);
#5153 = AXIS2_PLACEMENT_3D('',#5154,#5155,#5156);
#5154 = CARTESIAN_POINT('',(-23.88507038895,-15.81487217565,
    0.677029854653));
#5155 = DIRECTION('',(0.184689368254,-0.608826221954,-0.771505326433));
#5156 = DIRECTION('',(-1.387778780781E-17,-0.785009893955,0.619483225271
    ));
#5157 = ADVANCED_FACE('',(#5158),#5168,.T.);
#5158 = FACE_BOUND('',#5159,.T.);
#5159 = EDGE_LOOP('',(#5160,#5161,#5167));
#5160 = ORIENTED_EDGE('',*,*,#4763,.F.);
#5161 = ORIENTED_EDGE('',*,*,#5162,.T.);
#5162 = EDGE_CURVE('',#4756,#5140,#5163,.T.);
#5163 = LINE('',#5164,#5165);
#5164 = CARTESIAN_POINT('',(-23.79999923706,-15.77344703674,
    0.653553366661));
#5165 = VECTOR('',#5166,1.);
#5166 = DIRECTION('',(-0.468483628447,-0.701126072243,0.537536343607));
#5167 = ORIENTED_EDGE('',*,*,#5139,.F.);
#5168 = PLANE('',#5169);
#5169 = AXIS2_PLACEMENT_3D('',#5170,#5171,#5172);
#5170 = CARTESIAN_POINT('',(-23.84085069178,-15.80607631485,
    0.677029817181));
#5171 = DIRECTION('',(6.235653825274E-02,-0.633160042913,-0.771505037051
    ));
#5172 = DIRECTION('',(0.,-0.773009361591,0.634394614489));
#5173 = ADVANCED_FACE('',(#5174),#5191,.T.);
#5174 = FACE_BOUND('',#5175,.T.);
#5175 = EDGE_LOOP('',(#5176,#5177,#5185));
#5176 = ORIENTED_EDGE('',*,*,#5023,.F.);
#5177 = ORIENTED_EDGE('',*,*,#5178,.T.);
#5178 = EDGE_CURVE('',#5016,#5179,#5181,.T.);
#5179 = VERTEX_POINT('',#5180);
#5180 = CARTESIAN_POINT('',(-24.07778549194,-16.12700080871,
    0.715734779835));
#5181 = LINE('',#5182,#5183);
#5182 = CARTESIAN_POINT('',(-24.07244682312,-16.07280731201,
    0.715734779835));
#5183 = VECTOR('',#5184,1.);
#5184 = DIRECTION('',(-9.803669651962E-02,-0.995182800362,0.));
#5185 = ORIENTED_EDGE('',*,*,#5186,.F.);
#5186 = EDGE_CURVE('',#4470,#5179,#5187,.T.);
#5187 = LINE('',#5188,#5189);
#5188 = CARTESIAN_POINT('',(-24.15355300903,-16.12700080871,
    0.653553366661));
#5189 = VECTOR('',#5190,1.);
#5190 = DIRECTION('',(0.773007357076,0.,0.634397056982));
#5191 = PLANE('',#5192);
#5192 = AXIS2_PLACEMENT_3D('',#5193,#5194,#5195);
#5193 = CARTESIAN_POINT('',(-24.10628225184,-16.10980864481,
    0.690957927568));
#5194 = DIRECTION('',(0.633161805978,-6.237355770006E-02,-0.771502214352
    ));
#5195 = DIRECTION('',(-0.773007357076,-3.469446951954E-18,
    -0.634397056982));
#5196 = ADVANCED_FACE('',(#5197),#5207,.T.);
#5197 = FACE_BOUND('',#5198,.T.);
#5198 = EDGE_LOOP('',(#5199,#5200,#5201));
#5199 = ORIENTED_EDGE('',*,*,#5039,.F.);
#5200 = ORIENTED_EDGE('',*,*,#5062,.F.);
#5201 = ORIENTED_EDGE('',*,*,#5202,.T.);
#5202 = EDGE_CURVE('',#5055,#5016,#5203,.T.);
#5203 = LINE('',#5204,#5205);
#5204 = CARTESIAN_POINT('',(-24.056640625,-16.02069664001,0.715734779835
    ));
#5205 = VECTOR('',#5206,1.);
#5206 = DIRECTION('',(-0.290261110585,-0.956947484286,0.));
#5207 = PLANE('',#5208);
#5208 = AXIS2_PLACEMENT_3D('',#5209,#5210,#5211);
#5209 = CARTESIAN_POINT('',(-24.08954712748,-16.0256744321,
    0.690957863372));
#5210 = DIRECTION('',(0.608836574728,-0.184672182379,-0.771501270465));
#5211 = DIRECTION('',(-0.785003187485,-1.387778780781E-17,
    -0.619491723624));
#5212 = ADVANCED_FACE('',(#5213),#5230,.T.);
#5213 = FACE_BOUND('',#5214,.T.);
#5214 = EDGE_LOOP('',(#5215,#5223,#5229));
#5215 = ORIENTED_EDGE('',*,*,#5216,.T.);
#5216 = EDGE_CURVE('',#4678,#5217,#5219,.T.);
#5217 = VERTEX_POINT('',#5218);
#5218 = CARTESIAN_POINT('',(-24.03096961975,-15.97267055511,
    0.715734779835));
#5219 = LINE('',#5220,#5221);
#5220 = CARTESIAN_POINT('',(-24.09396934509,-15.93057632446,
    0.653553366661));
#5221 = VECTOR('',#5222,1.);
#5222 = DIRECTION('',(0.642739983917,-0.42945655692,0.634391345143));
#5223 = ORIENTED_EDGE('',*,*,#5224,.T.);
#5224 = EDGE_CURVE('',#5217,#5055,#5225,.T.);
#5225 = LINE('',#5226,#5227);
#5226 = CARTESIAN_POINT('',(-24.03096961975,-15.97267055511,
    0.715734779835));
#5227 = VECTOR('',#5228,1.);
#5228 = DIRECTION('',(-0.471404278844,-0.881917233015,0.));
#5229 = ORIENTED_EDGE('',*,*,#5054,.F.);
#5230 = PLANE('',#5231);
#5231 = AXIS2_PLACEMENT_3D('',#5232,#5233,#5234);
#5232 = CARTESIAN_POINT('',(-24.06421625954,-15.97113328421,
    0.690957969681));
#5233 = DIRECTION('',(0.561092971843,-0.299916611054,-0.771508070834));
#5234 = DIRECTION('',(-0.808737982556,0.,-0.588169087569));
#5235 = ADVANCED_FACE('',(#5236),#5246,.T.);
#5236 = FACE_BOUND('',#5237,.T.);
#5237 = EDGE_LOOP('',(#5238,#5239,#5245));
#5238 = ORIENTED_EDGE('',*,*,#5085,.F.);
#5239 = ORIENTED_EDGE('',*,*,#5240,.T.);
#5240 = EDGE_CURVE('',#5078,#5217,#5241,.T.);
#5241 = LINE('',#5242,#5243);
#5242 = CARTESIAN_POINT('',(-23.99642372131,-15.93057632446,
    0.715734779835));
#5243 = VECTOR('',#5244,1.);
#5244 = DIRECTION('',(-0.634393900037,-0.773009947928,0.));
#5245 = ORIENTED_EDGE('',*,*,#5216,.F.);
#5246 = PLANE('',#5247);
#5247 = AXIS2_PLACEMENT_3D('',#5248,#5249,#5250);
#5248 = CARTESIAN_POINT('',(-24.04511346913,-15.94254382431,
    0.690957827765));
#5249 = DIRECTION('',(0.491804830629,-0.40361444946,-0.77150721627));
#5250 = DIRECTION('',(-0.843242565811,2.775557561563E-17,-0.537533231721
    ));
#5251 = ADVANCED_FACE('',(#5252),#5262,.T.);
#5252 = FACE_BOUND('',#5253,.T.);
#5253 = EDGE_LOOP('',(#5254,#5255,#5261));
#5254 = ORIENTED_EDGE('',*,*,#5108,.F.);
#5255 = ORIENTED_EDGE('',*,*,#5256,.T.);
#5256 = EDGE_CURVE('',#5101,#5078,#5257,.T.);
#5257 = LINE('',#5258,#5259);
#5258 = CARTESIAN_POINT('',(-23.95432853698,-15.89603042602,
    0.715734779835));
#5259 = VECTOR('',#5260,1.);
#5260 = DIRECTION('',(-0.773016996023,-0.634385311825,0.));
#5261 = ORIENTED_EDGE('',*,*,#5077,.F.);
#5262 = PLANE('',#5263);
#5263 = AXIS2_PLACEMENT_3D('',#5264,#5265,#5266);
#5264 = CARTESIAN_POINT('',(-24.00441736257,-15.89826899798,
    0.690957920283));
#5265 = DIRECTION('',(0.403611202444,-0.491812016229,-0.771504334371));
#5266 = DIRECTION('',(2.775557561563E-17,-0.843238095798,0.537540243884)
  );
#5267 = ADVANCED_FACE('',(#5268),#5285,.T.);
#5268 = FACE_BOUND('',#5269,.T.);
#5269 = EDGE_LOOP('',(#5270,#5278,#5284));
#5270 = ORIENTED_EDGE('',*,*,#5271,.T.);
#5271 = EDGE_CURVE('',#4601,#5272,#5274,.T.);
#5272 = VERTEX_POINT('',#5273);
#5273 = CARTESIAN_POINT('',(-23.90630340576,-15.87036037445,
    0.715734779835));
#5274 = LINE('',#5275,#5276);
#5275 = CARTESIAN_POINT('',(-23.93529891967,-15.80035972595,
    0.653553366661));
#5276 = VECTOR('',#5277,1.);
#5277 = DIRECTION('',(0.295820867481,-0.714167461321,0.634393294064));
#5278 = ORIENTED_EDGE('',*,*,#5279,.T.);
#5279 = EDGE_CURVE('',#5272,#5101,#5280,.T.);
#5280 = LINE('',#5281,#5282);
#5281 = CARTESIAN_POINT('',(-23.90630340576,-15.87036037445,
    0.715734779835));
#5282 = VECTOR('',#5283,1.);
#5283 = DIRECTION('',(-0.881920622069,-0.471397938445,0.));
#5284 = ORIENTED_EDGE('',*,*,#5123,.F.);
#5285 = PLANE('',#5286);
#5286 = AXIS2_PLACEMENT_3D('',#5287,#5288,#5289);
#5287 = CARTESIAN_POINT('',(-23.93309226595,-15.85061123764,
    0.690957867231));
#5288 = DIRECTION('',(0.299913767871,-0.561097355665,-0.771505987862));
#5289 = DIRECTION('',(0.,-0.808735041286,0.58817313182));
#5290 = ADVANCED_FACE('',(#5291),#5301,.T.);
#5291 = FACE_BOUND('',#5292,.T.);
#5292 = EDGE_LOOP('',(#5293,#5294,#5300));
#5293 = ORIENTED_EDGE('',*,*,#5147,.F.);
#5294 = ORIENTED_EDGE('',*,*,#5295,.T.);
#5295 = EDGE_CURVE('',#5140,#5272,#5296,.T.);
#5296 = LINE('',#5297,#5298);
#5297 = CARTESIAN_POINT('',(-23.85419273376,-15.85455226898,
    0.715734779835));
#5298 = VECTOR('',#5299,1.);
#5299 = DIRECTION('',(-0.956937754842,-0.290293185174,0.));
#5300 = ORIENTED_EDGE('',*,*,#5271,.F.);
#5301 = PLANE('',#5302);
#5302 = AXIS2_PLACEMENT_3D('',#5303,#5304,#5305);
#5303 = CARTESIAN_POINT('',(-23.90132563058,-15.83745294985,
    0.690957909013));
#5304 = DIRECTION('',(0.184690895643,-0.608824802107,-0.77150608125));
#5305 = DIRECTION('',(0.,-0.785010891251,0.619481961494));
#5306 = ADVANCED_FACE('',(#5307),#5324,.T.);
#5307 = FACE_BOUND('',#5308,.T.);
#5308 = EDGE_LOOP('',(#5309,#5317,#5323));
#5309 = ORIENTED_EDGE('',*,*,#5310,.T.);
#5310 = EDGE_CURVE('',#4756,#5311,#5313,.T.);
#5311 = VERTEX_POINT('',#5312);
#5312 = CARTESIAN_POINT('',(-23.79999923706,-15.84921455383,
    0.715734779835));
#5313 = LINE('',#5314,#5315);
#5314 = CARTESIAN_POINT('',(-23.79999923706,-15.77344703674,
    0.653553366661));
#5315 = VECTOR('',#5316,1.);
#5316 = DIRECTION('',(0.,-0.773007357076,0.634397056982));
#5317 = ORIENTED_EDGE('',*,*,#5318,.T.);
#5318 = EDGE_CURVE('',#5311,#5140,#5319,.T.);
#5319 = LINE('',#5320,#5321);
#5320 = CARTESIAN_POINT('',(-23.79999923706,-15.84921455383,
    0.715734779835));
#5321 = VECTOR('',#5322,1.);
#5322 = DIRECTION('',(-0.995184508841,-9.801935198642E-02,0.));
#5323 = ORIENTED_EDGE('',*,*,#5162,.F.);
#5324 = PLANE('',#5325);
#5325 = AXIS2_PLACEMENT_3D('',#5326,#5327,#5328);
#5326 = CARTESIAN_POINT('',(-23.81719137281,-15.82071749728,
    0.690957934674));
#5327 = DIRECTION('',(6.236245892182E-02,-0.63316224597,-0.771502750479)
  );
#5328 = DIRECTION('',(3.469446951954E-18,-0.773007357076,0.634397056982)
  );
#5329 = ADVANCED_FACE('',(#5330),#5347,.T.);
#5330 = FACE_BOUND('',#5331,.T.);
#5331 = EDGE_LOOP('',(#5332,#5333,#5341));
#5332 = ORIENTED_EDGE('',*,*,#5178,.F.);
#5333 = ORIENTED_EDGE('',*,*,#5334,.T.);
#5334 = EDGE_CURVE('',#5016,#5335,#5337,.T.);
#5335 = VERTEX_POINT('',#5336);
#5336 = CARTESIAN_POINT('',(-23.99134254455,-16.12700080871,
    0.761939764023));
#5337 = LINE('',#5338,#5339);
#5338 = CARTESIAN_POINT('',(-24.07244682312,-16.07280731201,
    0.715734779835));
#5339 = VECTOR('',#5340,1.);
#5340 = DIRECTION('',(0.75142502704,-0.502098661711,0.428085695446));
#5341 = ORIENTED_EDGE('',*,*,#5342,.F.);
#5342 = EDGE_CURVE('',#5179,#5335,#5343,.T.);
#5343 = LINE('',#5344,#5345);
#5344 = CARTESIAN_POINT('',(-24.07778549194,-16.12700080871,
    0.715734779835));
#5345 = VECTOR('',#5346,1.);
#5346 = DIRECTION('',(0.881920135331,0.,0.471398849062));
#5347 = PLANE('',#5348);
#5348 = AXIS2_PLACEMENT_3D('',#5349,#5350,#5351);
#5349 = CARTESIAN_POINT('',(-24.04193782793,-16.11010324867,
    0.734006113643));
#5350 = DIRECTION('',(0.470891384816,-4.638809650859E-02,-0.880970741971
    ));
#5351 = DIRECTION('',(-0.881920135331,3.469446951954E-18,-0.471398849062
    ));
#5352 = ADVANCED_FACE('',(#5353),#5370,.T.);
#5353 = FACE_BOUND('',#5354,.T.);
#5354 = EDGE_LOOP('',(#5355,#5356,#5364));
#5355 = ORIENTED_EDGE('',*,*,#5202,.F.);
#5356 = ORIENTED_EDGE('',*,*,#5357,.T.);
#5357 = EDGE_CURVE('',#5055,#5358,#5360,.T.);
#5358 = VERTEX_POINT('',#5359);
#5359 = CARTESIAN_POINT('',(-23.97677612304,-16.05377578735,
    0.761939764023));
#5360 = LINE('',#5361,#5362);
#5361 = CARTESIAN_POINT('',(-24.056640625,-16.02069664001,0.715734779835
    ));
#5362 = VECTOR('',#5363,1.);
#5363 = DIRECTION('',(0.814796747451,-0.337481371586,0.471394297989));
#5364 = ORIENTED_EDGE('',*,*,#5365,.T.);
#5365 = EDGE_CURVE('',#5358,#5016,#5366,.T.);
#5366 = LINE('',#5367,#5368);
#5367 = CARTESIAN_POINT('',(-23.97677612304,-16.05377578735,
    0.761939764023));
#5368 = VECTOR('',#5369,1.);
#5369 = DIRECTION('',(-0.886372591494,-0.17632380466,-0.428081236401));
#5370 = PLANE('',#5371);
#5371 = AXIS2_PLACEMENT_3D('',#5372,#5373,#5374);
#5372 = CARTESIAN_POINT('',(-24.02998715973,-16.05002563707,
    0.734006202588));
#5373 = DIRECTION('',(0.452794691494,-0.137341591026,-0.880973469935));
#5374 = DIRECTION('',(-0.88940166785,-1.387778780781E-17,-0.45712653962)
  );
#5375 = ADVANCED_FACE('',(#5376),#5386,.T.);
#5376 = FACE_BOUND('',#5377,.T.);
#5377 = EDGE_LOOP('',(#5378,#5379,#5385));
#5378 = ORIENTED_EDGE('',*,*,#5224,.F.);
#5379 = ORIENTED_EDGE('',*,*,#5380,.T.);
#5380 = EDGE_CURVE('',#5217,#5358,#5381,.T.);
#5381 = LINE('',#5382,#5383);
#5382 = CARTESIAN_POINT('',(-24.03096961975,-15.97267055511,
    0.715734779835));
#5383 = VECTOR('',#5384,1.);
#5384 = DIRECTION('',(0.5020953281,-0.751428873725,0.428082853233));
#5385 = ORIENTED_EDGE('',*,*,#5357,.F.);
#5386 = PLANE('',#5387);
#5387 = AXIS2_PLACEMENT_3D('',#5388,#5389,#5390);
#5388 = CARTESIAN_POINT('',(-24.01705474092,-16.01880292303,
    0.734006100125));
#5389 = DIRECTION('',(0.417293676041,-0.223052705011,-0.88097302951));
#5390 = DIRECTION('',(-0.903741544868,1.387778780781E-17,-0.428078520927
    ));
#5391 = ADVANCED_FACE('',(#5392),#5409,.T.);
#5392 = FACE_BOUND('',#5393,.T.);
#5393 = EDGE_LOOP('',(#5394,#5395,#5403));
#5394 = ORIENTED_EDGE('',*,*,#5240,.F.);
#5395 = ORIENTED_EDGE('',*,*,#5396,.T.);
#5396 = EDGE_CURVE('',#5078,#5397,#5399,.T.);
#5397 = VERTEX_POINT('',#5398);
#5398 = CARTESIAN_POINT('',(-23.95909500122,-16.02069664001,
    0.761939764023));
#5399 = LINE('',#5400,#5401);
#5400 = CARTESIAN_POINT('',(-23.99642372131,-15.93057632446,
    0.715734779835));
#5401 = VECTOR('',#5402,1.);
#5402 = DIRECTION('',(0.345843836334,-0.834948414642,0.428080816852));
#5403 = ORIENTED_EDGE('',*,*,#5404,.T.);
#5404 = EDGE_CURVE('',#5397,#5217,#5405,.T.);
#5405 = LINE('',#5406,#5407);
#5406 = CARTESIAN_POINT('',(-23.95909500122,-16.02069664001,
    0.761939764023));
#5407 = VECTOR('',#5408,1.);
#5408 = DIRECTION('',(-0.733285978395,0.489976230476,-0.471396825888));
#5409 = PLANE('',#5410);
#5410 = AXIS2_PLACEMENT_3D('',#5411,#5412,#5413);
#5411 = CARTESIAN_POINT('',(-23.99177590461,-15.97853712765,
    0.734006204258));
#5412 = DIRECTION('',(0.365763328609,-0.300174693933,-0.880972383544));
#5413 = DIRECTION('',(-0.923563197562,0.,-0.383446241484));
#5414 = ADVANCED_FACE('',(#5415),#5432,.T.);
#5415 = FACE_BOUND('',#5416,.T.);
#5416 = EDGE_LOOP('',(#5417,#5418,#5426));
#5417 = ORIENTED_EDGE('',*,*,#5256,.F.);
#5418 = ORIENTED_EDGE('',*,*,#5419,.T.);
#5419 = EDGE_CURVE('',#5101,#5420,#5422,.T.);
#5420 = VERTEX_POINT('',#5421);
#5421 = CARTESIAN_POINT('',(-23.90630340576,-15.96790504455,
    0.761939764023));
#5422 = LINE('',#5423,#5424);
#5423 = CARTESIAN_POINT('',(-23.95432853698,-15.89603042602,
    0.715734779835));
#5424 = VECTOR('',#5425,1.);
#5425 = DIRECTION('',(0.489968836623,-0.733289474184,0.471399073174));
#5426 = ORIENTED_EDGE('',*,*,#5427,.T.);
#5427 = EDGE_CURVE('',#5420,#5078,#5428,.T.);
#5428 = LINE('',#5429,#5430);
#5429 = CARTESIAN_POINT('',(-23.90630340576,-15.96790504455,
    0.761939764023));
#5430 = VECTOR('',#5431,1.);
#5431 = DIRECTION('',(-0.834948414642,0.345843836334,-0.428080816852));
#5432 = PLANE('',#5433);
#5433 = AXIS2_PLACEMENT_3D('',#5434,#5435,#5436);
#5434 = CARTESIAN_POINT('',(-23.94846274768,-15.93522408494,
    0.734006143863));
#5435 = DIRECTION('',(0.300172013752,-0.365768349355,-0.880971212226));
#5436 = DIRECTION('',(0.,-0.923561153015,0.383451165916));
#5437 = ADVANCED_FACE('',(#5438),#5455,.T.);
#5438 = FACE_BOUND('',#5439,.T.);
#5439 = EDGE_LOOP('',(#5440,#5441,#5449));
#5440 = ORIENTED_EDGE('',*,*,#5279,.F.);
#5441 = ORIENTED_EDGE('',*,*,#5442,.T.);
#5442 = EDGE_CURVE('',#5272,#5443,#5445,.T.);
#5443 = VERTEX_POINT('',#5444);
#5444 = CARTESIAN_POINT('',(-23.87322235107,-15.95022296905,
    0.761939764023));
#5445 = LINE('',#5446,#5447);
#5446 = CARTESIAN_POINT('',(-23.90630340576,-15.87036037445,
    0.715734779835));
#5447 = VECTOR('',#5448,1.);
#5448 = DIRECTION('',(0.3375039655,-0.814784855825,0.471398676271));
#5449 = ORIENTED_EDGE('',*,*,#5450,.T.);
#5450 = EDGE_CURVE('',#5443,#5101,#5451,.T.);
#5451 = LINE('',#5452,#5453);
#5452 = CARTESIAN_POINT('',(-23.87322235107,-15.95022296905,
    0.761939764023));
#5453 = VECTOR('',#5454,1.);
#5454 = DIRECTION('',(-0.751436053896,0.502085386293,-0.428081910125));
#5455 = PLANE('',#5456);
#5456 = AXIS2_PLACEMENT_3D('',#5457,#5458,#5459);
#5457 = CARTESIAN_POINT('',(-23.90819603105,-15.90994535032,
    0.734006178204));
#5458 = DIRECTION('',(0.223051157985,-0.417297998062,-0.880971373959));
#5459 = DIRECTION('',(-1.387778780781E-17,-0.903739518352,0.428082799198
    ));
#5460 = ADVANCED_FACE('',(#5461),#5478,.T.);
#5461 = FACE_BOUND('',#5462,.T.);
#5462 = EDGE_LOOP('',(#5463,#5464,#5472));
#5463 = ORIENTED_EDGE('',*,*,#5295,.F.);
#5464 = ORIENTED_EDGE('',*,*,#5465,.T.);
#5465 = EDGE_CURVE('',#5140,#5466,#5468,.T.);
#5466 = VERTEX_POINT('',#5467);
#5467 = CARTESIAN_POINT('',(-23.8373298645,-15.93933486938,
    0.761939764023));
#5468 = LINE('',#5469,#5470);
#5469 = CARTESIAN_POINT('',(-23.85419273376,-15.85455226898,
    0.715734779835));
#5470 = VECTOR('',#5471,1.);
#5471 = DIRECTION('',(0.172040125758,-0.864977899558,0.471397314805));
#5472 = ORIENTED_EDGE('',*,*,#5473,.T.);
#5473 = EDGE_CURVE('',#5466,#5272,#5474,.T.);
#5474 = LINE('',#5475,#5476);
#5475 = CARTESIAN_POINT('',(-23.8373298645,-15.93933486938,
    0.761939764023));
#5476 = VECTOR('',#5477,1.);
#5477 = DIRECTION('',(-0.639034900104,0.639043735828,-0.428085856049));
#5478 = PLANE('',#5479);
#5479 = AXIS2_PLACEMENT_3D('',#5480,#5481,#5482);
#5480 = CARTESIAN_POINT('',(-23.86377256839,-15.89300776235,
    0.734006130494));
#5481 = DIRECTION('',(0.137357854349,-0.452793670208,-0.880971459281));
#5482 = DIRECTION('',(6.938893903907E-18,-0.889401662871,0.457126549308)
  );
#5483 = ADVANCED_FACE('',(#5484),#5494,.T.);
#5484 = FACE_BOUND('',#5485,.T.);
#5485 = EDGE_LOOP('',(#5486,#5487,#5493));
#5486 = ORIENTED_EDGE('',*,*,#5318,.F.);
#5487 = ORIENTED_EDGE('',*,*,#5488,.T.);
#5488 = EDGE_CURVE('',#5311,#5466,#5489,.T.);
#5489 = LINE('',#5490,#5491);
#5490 = CARTESIAN_POINT('',(-23.79999923706,-15.84921455383,
    0.715734779835));
#5491 = VECTOR('',#5492,1.);
#5492 = DIRECTION('',(-0.345859393811,-0.83494331178,0.428078200598));
#5493 = ORIENTED_EDGE('',*,*,#5465,.F.);
#5494 = PLANE('',#5495);
#5495 = AXIS2_PLACEMENT_3D('',#5496,#5497,#5498);
#5496 = CARTESIAN_POINT('',(-23.83062684098,-15.88641454447,
    0.73400616118));
#5497 = DIRECTION('',(4.637960354526E-02,-0.470889289095,-0.880972309321
    ));
#5498 = DIRECTION('',(0.,-0.881921356201,0.471396564982));
#5499 = ADVANCED_FACE('',(#5500),#5517,.T.);
#5500 = FACE_BOUND('',#5501,.T.);
#5501 = EDGE_LOOP('',(#5502,#5510,#5516));
#5502 = ORIENTED_EDGE('',*,*,#5503,.T.);
#5503 = EDGE_CURVE('',#5016,#5504,#5506,.T.);
#5504 = VERTEX_POINT('',#5505);
#5505 = CARTESIAN_POINT('',(-23.98766517639,-16.08967018127,
    0.761939764023));
#5506 = LINE('',#5507,#5508);
#5507 = CARTESIAN_POINT('',(-24.07244682312,-16.07280731201,
    0.715734779835));
#5508 = VECTOR('',#5509,1.);
#5509 = DIRECTION('',(0.864975449466,-0.17204157365,0.471401282091));
#5510 = ORIENTED_EDGE('',*,*,#5511,.T.);
#5511 = EDGE_CURVE('',#5504,#5335,#5512,.T.);
#5512 = LINE('',#5513,#5514);
#5513 = CARTESIAN_POINT('',(-23.98766517639,-16.08967018127,
    0.761939764023));
#5514 = VECTOR('',#5515,1.);
#5515 = DIRECTION('',(-9.803357004384E-02,-0.99518310835,0.));
#5516 = ORIENTED_EDGE('',*,*,#5334,.F.);
#5517 = PLANE('',#5518);
#5518 = AXIS2_PLACEMENT_3D('',#5519,#5520,#5521);
#5519 = CARTESIAN_POINT('',(-24.02462307703,-16.09368858214,
    0.74239678664));
#5520 = DIRECTION('',(0.470892144232,-4.638667760472E-02,-0.880970410764
    ));
#5521 = DIRECTION('',(-0.881919745595,0.,-0.471399578203));
#5522 = ADVANCED_FACE('',(#5523),#5533,.T.);
#5523 = FACE_BOUND('',#5524,.T.);
#5524 = EDGE_LOOP('',(#5525,#5526,#5532));
#5525 = ORIENTED_EDGE('',*,*,#5365,.F.);
#5526 = ORIENTED_EDGE('',*,*,#5527,.T.);
#5527 = EDGE_CURVE('',#5358,#5504,#5528,.T.);
#5528 = LINE('',#5529,#5530);
#5529 = CARTESIAN_POINT('',(-23.97677612304,-16.05377578735,
    0.761939764023));
#5530 = VECTOR('',#5531,1.);
#5531 = DIRECTION('',(-0.290299520211,-0.956935833045,0.));
#5532 = ORIENTED_EDGE('',*,*,#5503,.F.);
#5533 = PLANE('',#5534);
#5534 = AXIS2_PLACEMENT_3D('',#5535,#5536,#5537);
#5535 = CARTESIAN_POINT('',(-24.02027231576,-16.07181602465,
    0.742396642036));
#5536 = DIRECTION('',(0.452796718068,-0.137362052365,-0.880969238212));
#5537 = DIRECTION('',(-0.889399943274,6.938893903907E-18,-0.457129895003
    ));
#5538 = ADVANCED_FACE('',(#5539),#5549,.T.);
#5539 = FACE_BOUND('',#5540,.T.);
#5540 = EDGE_LOOP('',(#5541,#5542,#5548));
#5541 = ORIENTED_EDGE('',*,*,#5404,.F.);
#5542 = ORIENTED_EDGE('',*,*,#5543,.T.);
#5543 = EDGE_CURVE('',#5397,#5358,#5544,.T.);
#5544 = LINE('',#5545,#5546);
#5545 = CARTESIAN_POINT('',(-23.95909500122,-16.02069664001,
    0.761939764023));
#5546 = VECTOR('',#5547,1.);
#5547 = DIRECTION('',(-0.471395683532,-0.881921827345,0.));
#5548 = ORIENTED_EDGE('',*,*,#5380,.F.);
#5549 = PLANE('',#5550);
#5550 = AXIS2_PLACEMENT_3D('',#5551,#5552,#5553);
#5551 = CARTESIAN_POINT('',(-23.99477706318,-16.01026383177,
    0.742396498618));
#5552 = DIRECTION('',(0.417297537056,-0.223049539786,-0.880972002034));
#5553 = DIRECTION('',(-0.903739819385,0.,-0.428082163676));
#5554 = ADVANCED_FACE('',(#5555),#5572,.T.);
#5555 = FACE_BOUND('',#5556,.T.);
#5556 = EDGE_LOOP('',(#5557,#5565,#5571));
#5557 = ORIENTED_EDGE('',*,*,#5558,.T.);
#5558 = EDGE_CURVE('',#5078,#5559,#5561,.T.);
#5559 = VERTEX_POINT('',#5560);
#5560 = CARTESIAN_POINT('',(-23.93529891967,-15.99170112609,
    0.761939764023));
#5561 = LINE('',#5562,#5563);
#5562 = CARTESIAN_POINT('',(-23.99642372131,-15.93057632446,
    0.715734779835));
#5563 = VECTOR('',#5564,1.);
#5564 = DIRECTION('',(0.623612631671,-0.623612631671,0.471396405629));
#5565 = ORIENTED_EDGE('',*,*,#5566,.T.);
#5566 = EDGE_CURVE('',#5559,#5397,#5567,.T.);
#5567 = LINE('',#5568,#5569);
#5568 = CARTESIAN_POINT('',(-23.93529891967,-15.99170112609,
    0.761939764023));
#5569 = VECTOR('',#5570,1.);
#5570 = DIRECTION('',(-0.634394530598,-0.773009430439,0.));
#5571 = ORIENTED_EDGE('',*,*,#5396,.F.);
#5572 = PLANE('',#5573);
#5573 = AXIS2_PLACEMENT_3D('',#5574,#5575,#5576);
#5574 = CARTESIAN_POINT('',(-23.96826053665,-15.97450843302,
    0.742396640995));
#5575 = DIRECTION('',(0.365762959977,-0.300174890716,-0.880972469543));
#5576 = DIRECTION('',(-0.923563347676,-1.387778780781E-17,
    -0.383445879923));
#5577 = ADVANCED_FACE('',(#5578),#5588,.T.);
#5578 = FACE_BOUND('',#5579,.T.);
#5579 = EDGE_LOOP('',(#5580,#5581,#5587));
#5580 = ORIENTED_EDGE('',*,*,#5427,.F.);
#5581 = ORIENTED_EDGE('',*,*,#5582,.T.);
#5582 = EDGE_CURVE('',#5420,#5559,#5583,.T.);
#5583 = LINE('',#5584,#5585);
#5584 = CARTESIAN_POINT('',(-23.90630340576,-15.96790504455,
    0.761939764023));
#5585 = VECTOR('',#5586,1.);
#5586 = DIRECTION('',(-0.773009430439,-0.634394530598,0.));
#5587 = ORIENTED_EDGE('',*,*,#5558,.F.);
#5588 = PLANE('',#5589);
#5589 = AXIS2_PLACEMENT_3D('',#5590,#5591,#5592);
#5590 = CARTESIAN_POINT('',(-23.95249161275,-15.95873950911,
    0.742396640995));
#5591 = DIRECTION('',(0.300174890716,-0.365762959977,-0.880972469543));
#5592 = DIRECTION('',(0.,-0.923563347676,0.383445879923));
#5593 = ADVANCED_FACE('',(#5594),#5604,.T.);
#5594 = FACE_BOUND('',#5595,.T.);
#5595 = EDGE_LOOP('',(#5596,#5597,#5603));
#5596 = ORIENTED_EDGE('',*,*,#5450,.F.);
#5597 = ORIENTED_EDGE('',*,*,#5598,.T.);
#5598 = EDGE_CURVE('',#5443,#5420,#5599,.T.);
#5599 = LINE('',#5600,#5601);
#5600 = CARTESIAN_POINT('',(-23.87322235107,-15.95022296905,
    0.761939764023));
#5601 = VECTOR('',#5602,1.);
#5602 = DIRECTION('',(-0.881922556863,-0.471394318692,0.));
#5603 = ORIENTED_EDGE('',*,*,#5419,.F.);
#5604 = PLANE('',#5605);
#5605 = AXIS2_PLACEMENT_3D('',#5606,#5607,#5608);
#5606 = CARTESIAN_POINT('',(-23.91673497578,-15.93222292435,
    0.742396673088));
#5607 = DIRECTION('',(0.223049825015,-0.417299624083,-0.880970941236));
#5608 = DIRECTION('',(0.,-0.903738791678,0.4280843333));
#5609 = ADVANCED_FACE('',(#5610),#5620,.T.);
#5610 = FACE_BOUND('',#5611,.T.);
#5611 = EDGE_LOOP('',(#5612,#5613,#5619));
#5612 = ORIENTED_EDGE('',*,*,#5473,.F.);
#5613 = ORIENTED_EDGE('',*,*,#5614,.T.);
#5614 = EDGE_CURVE('',#5466,#5443,#5615,.T.);
#5615 = LINE('',#5616,#5617);
#5616 = CARTESIAN_POINT('',(-23.8373298645,-15.93933486938,
    0.761939764023));
#5617 = VECTOR('',#5618,1.);
#5618 = DIRECTION('',(-0.956938610818,-0.290290363474,0.));
#5619 = ORIENTED_EDGE('',*,*,#5442,.F.);
#5620 = PLANE('',#5621);
#5621 = AXIS2_PLACEMENT_3D('',#5622,#5623,#5624);
#5622 = CARTESIAN_POINT('',(-23.87649356442,-15.91319129256,
    0.742396482405));
#5623 = DIRECTION('',(0.13735668722,-0.452794629081,-0.880971148422));
#5624 = DIRECTION('',(-6.938893903907E-18,-0.889401203712,0.457127442664
    ));
#5625 = ADVANCED_FACE('',(#5626),#5643,.T.);
#5626 = FACE_BOUND('',#5627,.T.);
#5627 = EDGE_LOOP('',(#5628,#5636,#5642));
#5628 = ORIENTED_EDGE('',*,*,#5629,.T.);
#5629 = EDGE_CURVE('',#5311,#5630,#5632,.T.);
#5630 = VERTEX_POINT('',#5631);
#5631 = CARTESIAN_POINT('',(-23.79999923706,-15.93565845489,
    0.761939764023));
#5632 = LINE('',#5633,#5634);
#5633 = CARTESIAN_POINT('',(-23.79999923706,-15.84921455383,
    0.715734779835));
#5634 = VECTOR('',#5635,1.);
#5635 = DIRECTION('',(0.,-0.881922297409,0.471394804101));
#5636 = ORIENTED_EDGE('',*,*,#5637,.T.);
#5637 = EDGE_CURVE('',#5630,#5466,#5638,.T.);
#5638 = LINE('',#5639,#5640);
#5639 = CARTESIAN_POINT('',(-23.79999923706,-15.93565845489,
    0.761939764023));
#5640 = VECTOR('',#5641,1.);
#5641 = DIRECTION('',(-0.995185588402,-9.800839064202E-02,0.));
#5642 = ORIENTED_EDGE('',*,*,#5488,.F.);
#5643 = PLANE('',#5644);
#5644 = AXIS2_PLACEMENT_3D('',#5645,#5646,#5647);
#5645 = CARTESIAN_POINT('',(-23.81114999366,-15.90019397521,
    0.742396731816));
#5646 = DIRECTION('',(4.637420508955E-02,-0.470887648256,-0.880973470555
    ));
#5647 = DIRECTION('',(0.,-0.881922297409,0.471394804101));
#5648 = ADVANCED_FACE('',(#5649),#5666,.T.);
#5649 = FACE_BOUND('',#5650,.T.);
#5650 = EDGE_LOOP('',(#5651,#5652,#5660));
#5651 = ORIENTED_EDGE('',*,*,#5511,.F.);
#5652 = ORIENTED_EDGE('',*,*,#5653,.T.);
#5653 = EDGE_CURVE('',#5504,#5654,#5656,.T.);
#5654 = VERTEX_POINT('',#5655);
#5655 = CARTESIAN_POINT('',(-23.89566993713,-16.10796928405,
    0.790392637253));
#5656 = LINE('',#5657,#5658);
#5657 = CARTESIAN_POINT('',(-23.98766517639,-16.08967018127,
    0.761939764023));
#5658 = VECTOR('',#5659,1.);
#5659 = DIRECTION('',(0.938553621455,-0.186691064941,0.29028183878));
#5660 = ORIENTED_EDGE('',*,*,#5661,.T.);
#5661 = EDGE_CURVE('',#5654,#5335,#5662,.T.);
#5662 = LINE('',#5663,#5664);
#5663 = CARTESIAN_POINT('',(-23.89566993713,-16.10796928405,
    0.790392637253));
#5664 = VECTOR('',#5665,1.);
#5665 = DIRECTION('',(-0.941547668249,-0.187295905777,-0.280014699783));
#5666 = PLANE('',#5667);
#5667 = AXIS2_PLACEMENT_3D('',#5668,#5669,#5670);
#5668 = CARTESIAN_POINT('',(-23.95002221136,-16.10832279349,
    0.773915846346));
#5669 = DIRECTION('',(0.29016239989,-2.858333879972E-02,-0.95655045577)
  );
#5670 = DIRECTION('',(-0.956941449702,1.734723475977E-18,-0.290281004964
    ));
#5671 = ADVANCED_FACE('',(#5672),#5682,.T.);
#5672 = FACE_BOUND('',#5673,.T.);
#5673 = EDGE_LOOP('',(#5674,#5675,#5681));
#5674 = ORIENTED_EDGE('',*,*,#5527,.F.);
#5675 = ORIENTED_EDGE('',*,*,#5676,.T.);
#5676 = EDGE_CURVE('',#5358,#5654,#5677,.T.);
#5677 = LINE('',#5678,#5679);
#5678 = CARTESIAN_POINT('',(-23.97677612304,-16.05377578735,
    0.761939764023));
#5679 = VECTOR('',#5680,1.);
#5680 = DIRECTION('',(0.798205936986,-0.533344902466,0.280018744326));
#5681 = ORIENTED_EDGE('',*,*,#5653,.F.);
#5682 = PLANE('',#5683);
#5683 = AXIS2_PLACEMENT_3D('',#5684,#5685,#5686);
#5684 = CARTESIAN_POINT('',(-23.94574919603,-16.08684353356,
    0.773915913055));
#5685 = DIRECTION('',(0.279011508712,-8.464194182659E-02,-0.95655021807)
  );
#5686 = DIRECTION('',(-0.959995226285,0.,-0.280016366503));
#5687 = ADVANCED_FACE('',(#5688),#5705,.T.);
#5688 = FACE_BOUND('',#5689,.T.);
#5689 = EDGE_LOOP('',(#5690,#5698,#5699));
#5690 = ORIENTED_EDGE('',*,*,#5691,.T.);
#5691 = EDGE_CURVE('',#5692,#5358,#5694,.T.);
#5692 = VERTEX_POINT('',#5693);
#5693 = CARTESIAN_POINT('',(-23.88110542297,-16.07280731201,
    0.790392637253));
#5694 = LINE('',#5695,#5696);
#5695 = CARTESIAN_POINT('',(-23.88110542297,-16.07280731201,
    0.790392637253));
#5696 = VECTOR('',#5697,1.);
#5697 = DIRECTION('',(-0.941545537922,0.187299216041,-0.280019648756));
#5698 = ORIENTED_EDGE('',*,*,#5543,.F.);
#5699 = ORIENTED_EDGE('',*,*,#5700,.T.);
#5700 = EDGE_CURVE('',#5397,#5692,#5701,.T.);
#5701 = LINE('',#5702,#5703);
#5702 = CARTESIAN_POINT('',(-23.95909500122,-16.02069664001,
    0.761939764023));
#5703 = VECTOR('',#5704,1.);
#5704 = DIRECTION('',(0.795668608129,-0.531645724833,0.29028311922));
#5705 = PLANE('',#5706);
#5706 = AXIS2_PLACEMENT_3D('',#5707,#5708,#5709);
#5707 = CARTESIAN_POINT('',(-23.93145446366,-16.05233389248,
    0.773915991296));
#5708 = DIRECTION('',(0.257140620598,-0.137444130367,-0.956549952834));
#5709 = DIRECTION('',(-0.965715051328,6.938893903907E-18,-0.259604390638
    ));
#5710 = ADVANCED_FACE('',(#5711),#5728,.T.);
#5711 = FACE_BOUND('',#5712,.T.);
#5712 = EDGE_LOOP('',(#5713,#5714,#5722));
#5713 = ORIENTED_EDGE('',*,*,#5661,.F.);
#5714 = ORIENTED_EDGE('',*,*,#5715,.T.);
#5715 = EDGE_CURVE('',#5654,#5716,#5718,.T.);
#5716 = VERTEX_POINT('',#5717);
#5717 = CARTESIAN_POINT('',(-23.89754486084,-16.12700080871,
    0.790392637253));
#5718 = LINE('',#5719,#5720);
#5719 = CARTESIAN_POINT('',(-23.89566993713,-16.10796928405,
    0.790392637253));
#5720 = VECTOR('',#5721,1.);
#5721 = DIRECTION('',(-9.804210949756E-02,-0.995182267108,0.));
#5722 = ORIENTED_EDGE('',*,*,#5723,.F.);
#5723 = EDGE_CURVE('',#5335,#5716,#5724,.T.);
#5724 = LINE('',#5725,#5726);
#5725 = CARTESIAN_POINT('',(-23.99134254455,-16.12700080871,
    0.761939764023));
#5726 = VECTOR('',#5727,1.);
#5727 = DIRECTION('',(0.956941307951,0.,0.29028147226));
#5728 = PLANE('',#5729);
#5729 = AXIS2_PLACEMENT_3D('',#5730,#5731,#5732);
#5730 = CARTESIAN_POINT('',(-23.93982635735,-16.12174882355,
    0.777409887905));
#5731 = DIRECTION('',(0.290162845762,-2.85858967112E-02,-0.956550244079)
  );
#5732 = DIRECTION('',(-0.956941307951,0.,-0.29028147226));
#5733 = ADVANCED_FACE('',(#5734),#5751,.T.);
#5734 = FACE_BOUND('',#5735,.T.);
#5735 = EDGE_LOOP('',(#5736,#5737,#5745));
#5736 = ORIENTED_EDGE('',*,*,#5676,.F.);
#5737 = ORIENTED_EDGE('',*,*,#5738,.T.);
#5738 = EDGE_CURVE('',#5358,#5739,#5741,.T.);
#5739 = VERTEX_POINT('',#5740);
#5740 = CARTESIAN_POINT('',(-23.89011955261,-16.08967018127,
    0.790392637253));
#5741 = LINE('',#5742,#5743);
#5742 = CARTESIAN_POINT('',(-23.97677612304,-16.05377578735,
    0.761939764023));
#5743 = VECTOR('',#5744,1.);
#5744 = DIRECTION('',(0.884097243523,-0.366205754097,0.290285048979));
#5745 = ORIENTED_EDGE('',*,*,#5746,.T.);
#5746 = EDGE_CURVE('',#5739,#5654,#5747,.T.);
#5747 = LINE('',#5748,#5749);
#5748 = CARTESIAN_POINT('',(-23.89011955261,-16.08967018127,
    0.790392637253));
#5749 = VECTOR('',#5750,1.);
#5750 = DIRECTION('',(-0.290256537018,-0.956948871528,0.));
#5751 = PLANE('',#5752);
#5752 = AXIS2_PLACEMENT_3D('',#5753,#5754,#5755);
#5753 = CARTESIAN_POINT('',(-23.93119192367,-16.07834170425,
    0.777409825001));
#5754 = DIRECTION('',(0.279018788954,-8.463046444191E-02,-0.95654911003)
  );
#5755 = DIRECTION('',(-0.959993174986,3.469446951954E-18,-0.280023398987
    ));
#5756 = ADVANCED_FACE('',(#5757),#5767,.T.);
#5757 = FACE_BOUND('',#5758,.T.);
#5758 = EDGE_LOOP('',(#5759,#5760,#5761));
#5759 = ORIENTED_EDGE('',*,*,#5738,.F.);
#5760 = ORIENTED_EDGE('',*,*,#5691,.F.);
#5761 = ORIENTED_EDGE('',*,*,#5762,.T.);
#5762 = EDGE_CURVE('',#5692,#5739,#5763,.T.);
#5763 = LINE('',#5764,#5765);
#5764 = CARTESIAN_POINT('',(-23.88110542297,-16.07280731201,
    0.790392637253));
#5765 = VECTOR('',#5766,1.);
#5766 = DIRECTION('',(-0.471426765764,-0.88190521289,0.));
#5767 = PLANE('',#5768);
#5768 = AXIS2_PLACEMENT_3D('',#5769,#5770,#5771);
#5769 = CARTESIAN_POINT('',(-23.92717294561,-16.06863829698,
    0.777409744556));
#5770 = DIRECTION('',(0.257138291752,-0.137454537589,-0.95654908343));
#5771 = DIRECTION('',(-0.965715581617,0.,-0.259602417981));
#5772 = ADVANCED_FACE('',(#5773),#5790,.T.);
#5773 = FACE_BOUND('',#5774,.T.);
#5774 = EDGE_LOOP('',(#5775,#5776,#5784));
#5775 = ORIENTED_EDGE('',*,*,#5700,.F.);
#5776 = ORIENTED_EDGE('',*,*,#5777,.T.);
#5777 = EDGE_CURVE('',#5397,#5778,#5780,.T.);
#5778 = VERTEX_POINT('',#5779);
#5779 = CARTESIAN_POINT('',(-23.86897468566,-16.0580253601,
    0.790392637253));
#5780 = LINE('',#5781,#5782);
#5781 = CARTESIAN_POINT('',(-23.95909500122,-16.02069664001,
    0.761939764023));
#5782 = VECTOR('',#5783,1.);
#5783 = DIRECTION('',(0.88692031189,-0.367371106775,0.280019339089));
#5784 = ORIENTED_EDGE('',*,*,#5785,.T.);
#5785 = EDGE_CURVE('',#5778,#5692,#5786,.T.);
#5786 = LINE('',#5787,#5788);
#5787 = CARTESIAN_POINT('',(-23.86897468566,-16.0580253601,
    0.790392637253));
#5788 = VECTOR('',#5789,1.);
#5789 = DIRECTION('',(-0.634377750005,-0.773023201656,0.));
#5790 = PLANE('',#5791);
#5791 = AXIS2_PLACEMENT_3D('',#5792,#5793,#5794);
#5792 = CARTESIAN_POINT('',(-23.9133438488,-16.04495040077,
    0.777409817804));
#5793 = DIRECTION('',(0.225388887085,-0.184964299595,-0.956550080996));
#5794 = DIRECTION('',(-0.973344913312,0.,-0.229346200601));
#5795 = ADVANCED_FACE('',(#5796),#5806,.T.);
#5796 = FACE_BOUND('',#5797,.T.);
#5797 = EDGE_LOOP('',(#5798,#5799,#5805));
#5798 = ORIENTED_EDGE('',*,*,#5566,.F.);
#5799 = ORIENTED_EDGE('',*,*,#5800,.T.);
#5800 = EDGE_CURVE('',#5559,#5778,#5801,.T.);
#5801 = LINE('',#5802,#5803);
#5802 = CARTESIAN_POINT('',(-23.93529891967,-15.99170112609,
    0.761939764023));
#5803 = VECTOR('',#5804,1.);
#5804 = DIRECTION('',(0.676659048268,-0.676659048268,0.290284454966));
#5805 = ORIENTED_EDGE('',*,*,#5777,.F.);
#5806 = PLANE('',#5807);
#5807 = AXIS2_PLACEMENT_3D('',#5808,#5809,#5810);
#5808 = CARTESIAN_POINT('',(-23.91436248127,-16.02812305733,
    0.773915892979));
#5809 = DIRECTION('',(0.225386229806,-0.18497030674,-0.956549545522));
#5810 = DIRECTION('',(-0.973345488256,-6.938893903907E-18,
    -0.229343760523));
#5811 = ADVANCED_FACE('',(#5812),#5822,.T.);
#5812 = FACE_BOUND('',#5813,.T.);
#5813 = EDGE_LOOP('',(#5814,#5815,#5821));
#5814 = ORIENTED_EDGE('',*,*,#5582,.F.);
#5815 = ORIENTED_EDGE('',*,*,#5816,.T.);
#5816 = EDGE_CURVE('',#5420,#5778,#5817,.T.);
#5817 = LINE('',#5818,#5819);
#5818 = CARTESIAN_POINT('',(-23.90630340576,-15.96790504455,
    0.761939764023));
#5819 = VECTOR('',#5820,1.);
#5820 = DIRECTION('',(0.367371106775,-0.88692031189,0.280019339089));
#5821 = ORIENTED_EDGE('',*,*,#5800,.F.);
#5822 = PLANE('',#5823);
#5823 = AXIS2_PLACEMENT_3D('',#5824,#5825,#5826);
#5824 = CARTESIAN_POINT('',(-23.89887698844,-16.0126375645,
    0.773915892979));
#5825 = DIRECTION('',(0.18497030674,-0.225386229806,-0.956549545522));
#5826 = DIRECTION('',(0.,-0.973345488256,0.229343760523));
#5827 = ADVANCED_FACE('',(#5828),#5845,.T.);
#5828 = FACE_BOUND('',#5829,.T.);
#5829 = EDGE_LOOP('',(#5830,#5831,#5839));
#5830 = ORIENTED_EDGE('',*,*,#5598,.F.);
#5831 = ORIENTED_EDGE('',*,*,#5832,.T.);
#5832 = EDGE_CURVE('',#5443,#5833,#5835,.T.);
#5833 = VERTEX_POINT('',#5834);
#5834 = CARTESIAN_POINT('',(-23.8373298645,-16.03688049316,
    0.790392637253));
#5835 = LINE('',#5836,#5837);
#5836 = CARTESIAN_POINT('',(-23.87322235107,-15.95022296905,
    0.761939764023));
#5837 = VECTOR('',#5838,1.);
#5838 = DIRECTION('',(0.366185754211,-0.884105668186,0.290284620493));
#5839 = ORIENTED_EDGE('',*,*,#5840,.T.);
#5840 = EDGE_CURVE('',#5833,#5420,#5841,.T.);
#5841 = LINE('',#5842,#5843);
#5842 = CARTESIAN_POINT('',(-23.8373298645,-16.03688049316,
    0.790392637253));
#5843 = VECTOR('',#5844,1.);
#5844 = DIRECTION('',(-0.678808736406,0.678827507733,-0.280021274413));
#5845 = PLANE('',#5846);
#5846 = AXIS2_PLACEMENT_3D('',#5847,#5848,#5849);
#5847 = CARTESIAN_POINT('',(-23.86781857054,-15.99188474137,
    0.77391587323));
#5848 = DIRECTION('',(0.137444699374,-0.257142642354,-0.956549327582));
#5849 = DIRECTION('',(0.,-0.965714497065,0.259606452458));
#5850 = ADVANCED_FACE('',(#5851),#5868,.T.);
#5851 = FACE_BOUND('',#5852,.T.);
#5852 = EDGE_LOOP('',(#5853,#5854,#5862));
#5853 = ORIENTED_EDGE('',*,*,#5614,.F.);
#5854 = ORIENTED_EDGE('',*,*,#5855,.T.);
#5855 = EDGE_CURVE('',#5466,#5856,#5858,.T.);
#5856 = VERTEX_POINT('',#5857);
#5857 = CARTESIAN_POINT('',(-23.81903076171,-16.03132820129,
    0.790392637253));
#5858 = LINE('',#5859,#5860);
#5859 = CARTESIAN_POINT('',(-23.8373298645,-15.93933486938,
    0.761939764023));
#5860 = VECTOR('',#5861,1.);
#5861 = DIRECTION('',(0.186694474623,-0.938551303474,0.290287140419));
#5862 = ORIENTED_EDGE('',*,*,#5863,.T.);
#5863 = EDGE_CURVE('',#5856,#5443,#5864,.T.);
#5864 = LINE('',#5865,#5866);
#5865 = CARTESIAN_POINT('',(-23.81903076171,-16.03132820129,
    0.790392637253));
#5866 = VECTOR('',#5867,1.);
#5867 = DIRECTION('',(-0.533335466311,0.798210522533,-0.280023645597));
#5868 = PLANE('',#5869);
#5869 = AXIS2_PLACEMENT_3D('',#5870,#5871,#5872);
#5870 = CARTESIAN_POINT('',(-23.84015586432,-15.98124998821,
    0.773915985352));
#5871 = DIRECTION('',(8.464071333105E-02,-0.279017069889,-0.956548704645
    ));
#5872 = DIRECTION('',(0.,-0.959993606867,0.280021918382));
#5873 = ADVANCED_FACE('',(#5874),#5891,.T.);
#5874 = FACE_BOUND('',#5875,.T.);
#5875 = EDGE_LOOP('',(#5876,#5877,#5885));
#5876 = ORIENTED_EDGE('',*,*,#5637,.F.);
#5877 = ORIENTED_EDGE('',*,*,#5878,.T.);
#5878 = EDGE_CURVE('',#5630,#5879,#5881,.T.);
#5879 = VERTEX_POINT('',#5880);
#5880 = CARTESIAN_POINT('',(-23.79999923706,-16.02945518493,
    0.790392637253));
#5881 = LINE('',#5882,#5883);
#5882 = CARTESIAN_POINT('',(-23.79999923706,-15.93565845489,
    0.761939764023));
#5883 = VECTOR('',#5884,1.);
#5884 = DIRECTION('',(0.,-0.956940488094,0.290284174985));
#5885 = ORIENTED_EDGE('',*,*,#5886,.T.);
#5886 = EDGE_CURVE('',#5879,#5466,#5887,.T.);
#5887 = LINE('',#5888,#5889);
#5888 = CARTESIAN_POINT('',(-23.79999923706,-16.02945518493,
    0.790392637253));
#5889 = VECTOR('',#5890,1.);
#5890 = DIRECTION('',(-0.367387344415,0.886914195599,-0.280017408048));
#5891 = PLANE('',#5892);
#5892 = AXIS2_PLACEMENT_3D('',#5893,#5894,#5895);
#5893 = CARTESIAN_POINT('',(-23.81094958598,-15.97621676015,
    0.773915834255));
#5894 = DIRECTION('',(2.857624397131E-02,-0.2901656275,-0.956549688672)
  );
#5895 = DIRECTION('',(0.,-0.956940488094,0.290284174985));
#5896 = ADVANCED_FACE('',(#5897),#5914,.T.);
#5897 = FACE_BOUND('',#5898,.T.);
#5898 = EDGE_LOOP('',(#5899,#5907,#5913));
#5899 = ORIENTED_EDGE('',*,*,#5900,.T.);
#5900 = EDGE_CURVE('',#5420,#5901,#5903,.T.);
#5901 = VERTEX_POINT('',#5902);
#5902 = CARTESIAN_POINT('',(-23.85419273376,-16.0458946228,
    0.790392637253));
#5903 = LINE('',#5904,#5905);
#5904 = CARTESIAN_POINT('',(-23.90630340576,-15.96790504455,
    0.761939764023));
#5905 = VECTOR('',#5906,1.);
#5906 = DIRECTION('',(0.531645724833,-0.795668608129,0.29028311922));
#5907 = ORIENTED_EDGE('',*,*,#5908,.T.);
#5908 = EDGE_CURVE('',#5901,#5778,#5909,.T.);
#5909 = LINE('',#5910,#5911);
#5910 = CARTESIAN_POINT('',(-23.85419273376,-16.0458946228,
    0.790392637253));
#5911 = VECTOR('',#5912,1.);
#5912 = DIRECTION('',(-0.773023201656,-0.634377750005,0.));
#5913 = ORIENTED_EDGE('',*,*,#5816,.F.);
#5914 = PLANE('',#5915);
#5915 = AXIS2_PLACEMENT_3D('',#5916,#5917,#5918);
#5916 = CARTESIAN_POINT('',(-23.882049645,-16.01365619697,0.777409817804
    ));
#5917 = DIRECTION('',(0.184964299595,-0.225388887085,-0.956550080996));
#5918 = DIRECTION('',(-6.938893903907E-18,-0.973344913312,0.229346200601
    ));
#5919 = ADVANCED_FACE('',(#5920),#5930,.T.);
#5920 = FACE_BOUND('',#5921,.T.);
#5921 = EDGE_LOOP('',(#5922,#5923,#5929));
#5922 = ORIENTED_EDGE('',*,*,#5840,.F.);
#5923 = ORIENTED_EDGE('',*,*,#5924,.T.);
#5924 = EDGE_CURVE('',#5833,#5901,#5925,.T.);
#5925 = LINE('',#5926,#5927);
#5926 = CARTESIAN_POINT('',(-23.8373298645,-16.03688049316,
    0.790392637253));
#5927 = VECTOR('',#5928,1.);
#5928 = DIRECTION('',(-0.88190521289,-0.471426765764,0.));
#5929 = ORIENTED_EDGE('',*,*,#5900,.F.);
#5930 = PLANE('',#5931);
#5931 = AXIS2_PLACEMENT_3D('',#5932,#5933,#5934);
#5932 = CARTESIAN_POINT('',(-23.8733171114,-16.00782087747,
    0.777409744205));
#5933 = DIRECTION('',(0.137452756481,-0.257134959808,-0.956550235053));
#5934 = DIRECTION('',(6.938893903907E-18,-0.965716503297,0.259598989328)
  );
#5935 = ADVANCED_FACE('',(#5936),#5946,.T.);
#5936 = FACE_BOUND('',#5937,.T.);
#5937 = EDGE_LOOP('',(#5938,#5939,#5945));
#5938 = ORIENTED_EDGE('',*,*,#5863,.F.);
#5939 = ORIENTED_EDGE('',*,*,#5940,.T.);
#5940 = EDGE_CURVE('',#5856,#5833,#5941,.T.);
#5941 = LINE('',#5942,#5943);
#5942 = CARTESIAN_POINT('',(-23.81903076171,-16.03132820129,
    0.790392637253));
#5943 = VECTOR('',#5944,1.);
#5944 = DIRECTION('',(-0.956921162868,-0.290347874204,0.));
#5945 = ORIENTED_EDGE('',*,*,#5832,.F.);
#5946 = PLANE('',#5947);
#5947 = AXIS2_PLACEMENT_3D('',#5948,#5949,#5950);
#5948 = CARTESIAN_POINT('',(-23.84865744434,-15.99580729695,
    0.777409867152));
#5949 = DIRECTION('',(8.4656069956E-02,-0.279007329151,-0.956550186922)
  );
#5950 = DIRECTION('',(3.469446951954E-18,-0.9599963514,0.280012509182));
#5951 = ADVANCED_FACE('',(#5952),#5962,.T.);
#5952 = FACE_BOUND('',#5953,.T.);
#5953 = EDGE_LOOP('',(#5954,#5955,#5961));
#5954 = ORIENTED_EDGE('',*,*,#5886,.F.);
#5955 = ORIENTED_EDGE('',*,*,#5956,.T.);
#5956 = EDGE_CURVE('',#5879,#5856,#5957,.T.);
#5957 = LINE('',#5958,#5959);
#5958 = CARTESIAN_POINT('',(-23.79999923706,-16.02945518493,
    0.790392637253));
#5959 = VECTOR('',#5960,1.);
#5960 = DIRECTION('',(-0.99519199368,-9.794332910337E-02,0.));
#5961 = ORIENTED_EDGE('',*,*,#5855,.F.);
#5962 = PLANE('',#5963);
#5963 = AXIS2_PLACEMENT_3D('',#5964,#5965,#5966);
#5964 = CARTESIAN_POINT('',(-23.82212843972,-15.98883573627,
    0.777409893281));
#5965 = DIRECTION('',(2.855779232E-02,-0.290172761475,-0.956548075632));
#5966 = DIRECTION('',(1.734723475977E-18,-0.956938369573,0.290291158735)
  );
#5967 = ADVANCED_FACE('',(#5968),#5985,.T.);
#5968 = FACE_BOUND('',#5969,.T.);
#5969 = EDGE_LOOP('',(#5970,#5971,#5979));
#5970 = ORIENTED_EDGE('',*,*,#5715,.F.);
#5971 = ORIENTED_EDGE('',*,*,#5972,.T.);
#5972 = EDGE_CURVE('',#5654,#5973,#5975,.T.);
#5973 = VERTEX_POINT('',#5974);
#5974 = CARTESIAN_POINT('',(-23.79999923706,-16.12700080871,
    0.800000011921));
#5975 = LINE('',#5976,#5977);
#5976 = CARTESIAN_POINT('',(-23.89566993713,-16.10796928405,
    0.790392637253));
#5977 = VECTOR('',#5978,1.);
#5978 = DIRECTION('',(0.976059718561,-0.194165032632,9.801717147988E-02)
  );
#5979 = ORIENTED_EDGE('',*,*,#5980,.F.);
#5980 = EDGE_CURVE('',#5716,#5973,#5981,.T.);
#5981 = LINE('',#5982,#5983);
#5982 = CARTESIAN_POINT('',(-23.89754486084,-16.12700080871,
    0.790392637253));
#5983 = VECTOR('',#5984,1.);
#5984 = DIRECTION('',(0.995184757233,0.,9.801683003614E-02));
#5985 = PLANE('',#5986);
#5986 = AXIS2_PLACEMENT_3D('',#5987,#5988,#5989);
#5987 = CARTESIAN_POINT('',(-23.8525966681,-16.12182004648,0.79476936464
    ));
#5988 = DIRECTION('',(9.801226061034E-02,-9.655848083781E-03,
    -0.995138362926));
#5989 = DIRECTION('',(-0.995184757233,1.084202172486E-19,
    -9.801683003614E-02));
#5990 = ADVANCED_FACE('',(#5991),#6001,.T.);
#5991 = FACE_BOUND('',#5992,.T.);
#5992 = EDGE_LOOP('',(#5993,#5994,#6000));
#5993 = ORIENTED_EDGE('',*,*,#5746,.F.);
#5994 = ORIENTED_EDGE('',*,*,#5995,.T.);
#5995 = EDGE_CURVE('',#5739,#5973,#5996,.T.);
#5996 = LINE('',#5997,#5998);
#5997 = CARTESIAN_POINT('',(-23.89011955261,-16.08967018127,
    0.790392637253));
#5998 = VECTOR('',#5999,1.);
#5999 = DIRECTION('',(0.919425208994,-0.380854413648,9.801632859408E-02)
  );
#6000 = ORIENTED_EDGE('',*,*,#5972,.F.);
#6001 = PLANE('',#6002);
#6002 = AXIS2_PLACEMENT_3D('',#6003,#6004,#6005);
#6003 = CARTESIAN_POINT('',(-23.85057507284,-16.1116579431,
    0.794769392409));
#6004 = DIRECTION('',(9.424647235202E-02,-2.858632838695E-02,
    -0.995138394535));
#6005 = DIRECTION('',(-0.995545246592,0.,-9.428500404901E-02));
#6006 = ADVANCED_FACE('',(#6007),#6017,.T.);
#6007 = FACE_BOUND('',#6008,.T.);
#6008 = EDGE_LOOP('',(#6009,#6010,#6016));
#6009 = ORIENTED_EDGE('',*,*,#5762,.F.);
#6010 = ORIENTED_EDGE('',*,*,#6011,.T.);
#6011 = EDGE_CURVE('',#5692,#5973,#6012,.T.);
#6012 = LINE('',#6013,#6014);
#6013 = CARTESIAN_POINT('',(-23.88110542297,-16.07280731201,
    0.790392637253));
#6014 = VECTOR('',#6015,1.);
#6015 = DIRECTION('',(0.827465526586,-0.552895562563,9.801683126094E-02)
  );
#6016 = ORIENTED_EDGE('',*,*,#5995,.F.);
#6017 = PLANE('',#6018);
#6018 = AXIS2_PLACEMENT_3D('',#6019,#6020,#6021);
#6019 = CARTESIAN_POINT('',(-23.8466100889,-16.10208635221,
    0.794769421296));
#6020 = DIRECTION('',(8.685547801334E-02,-4.642902263217E-02,
    -0.99513841841));
#6021 = DIRECTION('',(-0.996212742754,0.,-8.69492448227E-02));
#6022 = ADVANCED_FACE('',(#6023),#6033,.T.);
#6023 = FACE_BOUND('',#6024,.T.);
#6024 = EDGE_LOOP('',(#6025,#6026,#6032));
#6025 = ORIENTED_EDGE('',*,*,#5785,.F.);
#6026 = ORIENTED_EDGE('',*,*,#6027,.T.);
#6027 = EDGE_CURVE('',#5778,#5973,#6028,.T.);
#6028 = LINE('',#6029,#6030);
#6029 = CARTESIAN_POINT('',(-23.86897468566,-16.0580253601,
    0.790392637253));
#6030 = VECTOR('',#6031,1.);
#6031 = DIRECTION('',(0.70370191748,-0.70370191748,9.801644081058E-02));
#6032 = ORIENTED_EDGE('',*,*,#6011,.F.);
#6033 = PLANE('',#6034);
#6034 = AXIS2_PLACEMENT_3D('',#6035,#6036,#6037);
#6035 = CARTESIAN_POINT('',(-23.84085428522,-16.09347189031,
    0.794769394479));
#6036 = DIRECTION('',(7.613219833907E-02,-6.247752018535E-02,
    -0.995138406377));
#6037 = DIRECTION('',(-0.99708634277,0.,-7.628122351872E-02));
#6038 = ADVANCED_FACE('',(#6039),#6049,.T.);
#6039 = FACE_BOUND('',#6040,.T.);
#6040 = EDGE_LOOP('',(#6041,#6042,#6043));
#6041 = ORIENTED_EDGE('',*,*,#6027,.F.);
#6042 = ORIENTED_EDGE('',*,*,#5908,.F.);
#6043 = ORIENTED_EDGE('',*,*,#6044,.T.);
#6044 = EDGE_CURVE('',#5901,#5973,#6045,.T.);
#6045 = LINE('',#6046,#6047);
#6046 = CARTESIAN_POINT('',(-23.85419273376,-16.0458946228,
    0.790392637253));
#6047 = VECTOR('',#6048,1.);
#6048 = DIRECTION('',(0.552895562563,-0.827465526586,9.801683126094E-02)
  );
#6049 = PLANE('',#6050);
#6050 = AXIS2_PLACEMENT_3D('',#6051,#6052,#6053);
#6051 = CARTESIAN_POINT('',(-23.83352815545,-16.08614576055,
    0.794769394479));
#6052 = DIRECTION('',(6.247752018535E-02,-7.613219833907E-02,
    -0.995138406377));
#6053 = DIRECTION('',(8.673617379884E-19,-0.99708634277,
    7.628122351872E-02));
#6054 = ADVANCED_FACE('',(#6055),#6065,.T.);
#6055 = FACE_BOUND('',#6056,.T.);
#6056 = EDGE_LOOP('',(#6057,#6058,#6059));
#6057 = ORIENTED_EDGE('',*,*,#6044,.F.);
#6058 = ORIENTED_EDGE('',*,*,#5924,.F.);
#6059 = ORIENTED_EDGE('',*,*,#6060,.T.);
#6060 = EDGE_CURVE('',#5833,#5973,#6061,.T.);
#6061 = LINE('',#6062,#6063);
#6062 = CARTESIAN_POINT('',(-23.8373298645,-16.03688049316,
    0.790392637253));
#6063 = VECTOR('',#6064,1.);
#6064 = DIRECTION('',(0.380854413648,-0.919425208994,9.801632859408E-02)
  );
#6065 = PLANE('',#6066);
#6066 = AXIS2_PLACEMENT_3D('',#6067,#6068,#6069);
#6067 = CARTESIAN_POINT('',(-23.82491369356,-16.08038995687,
    0.794769421296));
#6068 = DIRECTION('',(4.642902263217E-02,-8.685547801334E-02,
    -0.99513841841));
#6069 = DIRECTION('',(0.,-0.996212742754,8.69492448227E-02));
#6070 = ADVANCED_FACE('',(#6071),#6081,.T.);
#6071 = FACE_BOUND('',#6072,.T.);
#6072 = EDGE_LOOP('',(#6073,#6074,#6075));
#6073 = ORIENTED_EDGE('',*,*,#6060,.F.);
#6074 = ORIENTED_EDGE('',*,*,#5940,.F.);
#6075 = ORIENTED_EDGE('',*,*,#6076,.T.);
#6076 = EDGE_CURVE('',#5856,#5973,#6077,.T.);
#6077 = LINE('',#6078,#6079);
#6078 = CARTESIAN_POINT('',(-23.81903076171,-16.03132820129,
    0.790392637253));
#6079 = VECTOR('',#6080,1.);
#6080 = DIRECTION('',(0.194161344836,-0.976060639105,9.801530982989E-02)
  );
#6081 = PLANE('',#6082);
#6082 = AXIS2_PLACEMENT_3D('',#6083,#6084,#6085);
#6083 = CARTESIAN_POINT('',(-23.81534208529,-16.07642436851,
    0.794769384839));
#6084 = DIRECTION('',(2.859505765971E-02,-9.424286608975E-02,
    -0.995138485272));
#6085 = DIRECTION('',(-4.336808689942E-19,-0.995545586033,
    9.428141986198E-02));
#6086 = ADVANCED_FACE('',(#6087),#6097,.T.);
#6087 = FACE_BOUND('',#6088,.T.);
#6088 = EDGE_LOOP('',(#6089,#6090,#6091));
#6089 = ORIENTED_EDGE('',*,*,#6076,.F.);
#6090 = ORIENTED_EDGE('',*,*,#5956,.F.);
#6091 = ORIENTED_EDGE('',*,*,#6092,.T.);
#6092 = EDGE_CURVE('',#5879,#5973,#6093,.T.);
#6093 = LINE('',#6094,#6095);
#6094 = CARTESIAN_POINT('',(-23.79999923706,-16.02945518493,
    0.790392637253));
#6095 = VECTOR('',#6096,1.);
#6096 = DIRECTION('',(0.,-0.995184757233,9.801683003614E-02));
#6097 = PLANE('',#6098);
#6098 = AXIS2_PLACEMENT_3D('',#6099,#6100,#6101);
#6099 = CARTESIAN_POINT('',(-23.80518003303,-16.07440293788,
    0.794769372136));
#6100 = DIRECTION('',(9.646026161919E-03,-9.801226990186E-02,
    -0.995138457265));
#6101 = DIRECTION('',(0.,-0.995184757233,9.801683003614E-02));
#6102 = ADVANCED_FACE('',(#6103),#6114,.T.);
#6103 = FACE_BOUND('',#6104,.T.);
#6104 = EDGE_LOOP('',(#6105,#6106,#6107,#6113));
#6105 = ORIENTED_EDGE('',*,*,#3675,.F.);
#6106 = ORIENTED_EDGE('',*,*,#3767,.T.);
#6107 = ORIENTED_EDGE('',*,*,#6108,.T.);
#6108 = EDGE_CURVE('',#3736,#524,#6109,.T.);
#6109 = LINE('',#6110,#6111);
#6110 = CARTESIAN_POINT('',(-23.99134254455,-15.66506004333,
    0.300000011921));
#6111 = VECTOR('',#6112,1.);
#6112 = DIRECTION('',(0.,0.,-1.));
#6113 = ORIENTED_EDGE('',*,*,#523,.T.);
#6114 = PLANE('',#6115);
#6115 = AXIS2_PLACEMENT_3D('',#6116,#6117,#6118);
#6116 = CARTESIAN_POINT('',(-23.94444370269,-15.65083360672,
    0.250000007451));
#6117 = DIRECTION('',(0.29028147226,-0.956941307951,-0.));
#6118 = DIRECTION('',(-0.956941307951,-0.29028147226,0.));
#6119 = ADVANCED_FACE('',(#6120),#6131,.T.);
#6120 = FACE_BOUND('',#6121,.T.);
#6121 = EDGE_LOOP('',(#6122,#6123,#6124,#6130));
#6122 = ORIENTED_EDGE('',*,*,#6108,.F.);
#6123 = ORIENTED_EDGE('',*,*,#3735,.T.);
#6124 = ORIENTED_EDGE('',*,*,#6125,.T.);
#6125 = EDGE_CURVE('',#3738,#532,#6126,.T.);
#6126 = LINE('',#6127,#6128);
#6127 = CARTESIAN_POINT('',(-24.07778549194,-15.71126556396,
    0.300000011921));
#6128 = VECTOR('',#6129,1.);
#6129 = DIRECTION('',(0.,0.,-1.));
#6130 = ORIENTED_EDGE('',*,*,#531,.T.);
#6131 = PLANE('',#6132);
#6132 = AXIS2_PLACEMENT_3D('',#6133,#6134,#6135);
#6133 = CARTESIAN_POINT('',(-24.03456401825,-15.68816280365,
    0.250000007451));
#6134 = DIRECTION('',(0.471403105822,-0.881917860019,-0.));
#6135 = DIRECTION('',(-0.881917860019,-0.471403105822,0.));
#6136 = ADVANCED_FACE('',(#6137),#6148,.T.);
#6137 = FACE_BOUND('',#6138,.T.);
#6138 = EDGE_LOOP('',(#6139,#6140,#6141,#6147));
#6139 = ORIENTED_EDGE('',*,*,#6125,.F.);
#6140 = ORIENTED_EDGE('',*,*,#4025,.T.);
#6141 = ORIENTED_EDGE('',*,*,#6142,.T.);
#6142 = EDGE_CURVE('',#3812,#540,#6143,.T.);
#6143 = LINE('',#6144,#6145);
#6144 = CARTESIAN_POINT('',(-24.15355300903,-15.77344703674,
    0.300000011921));
#6145 = VECTOR('',#6146,1.);
#6146 = DIRECTION('',(0.,0.,-1.));
#6147 = ORIENTED_EDGE('',*,*,#539,.T.);
#6148 = PLANE('',#6149);
#6149 = AXIS2_PLACEMENT_3D('',#6150,#6151,#6152);
#6150 = CARTESIAN_POINT('',(-24.11566925048,-15.74235630035,
    0.250000007451));
#6151 = DIRECTION('',(0.634397420351,-0.773007058863,-0.));
#6152 = DIRECTION('',(-0.773007058863,-0.634397420351,0.));
#6153 = ADVANCED_FACE('',(#6154),#6165,.T.);
#6154 = FACE_BOUND('',#6155,.T.);
#6155 = EDGE_LOOP('',(#6156,#6157,#6158,#6164));
#6156 = ORIENTED_EDGE('',*,*,#6142,.F.);
#6157 = ORIENTED_EDGE('',*,*,#3811,.T.);
#6158 = ORIENTED_EDGE('',*,*,#6159,.T.);
#6159 = EDGE_CURVE('',#3814,#548,#6160,.T.);
#6160 = LINE('',#6161,#6162);
#6161 = CARTESIAN_POINT('',(-24.21573448181,-15.84921455383,
    0.300000011921));
#6162 = VECTOR('',#6163,1.);
#6163 = DIRECTION('',(0.,0.,-1.));
#6164 = ORIENTED_EDGE('',*,*,#547,.T.);
#6165 = PLANE('',#6166);
#6166 = AXIS2_PLACEMENT_3D('',#6167,#6168,#6169);
#6167 = CARTESIAN_POINT('',(-24.18464374542,-15.81133079528,
    0.250000007451));
#6168 = DIRECTION('',(0.773007058863,-0.634397420351,0.));
#6169 = DIRECTION('',(0.634397420351,0.773007058863,0.));
#6170 = ADVANCED_FACE('',(#6171),#6182,.T.);
#6171 = FACE_BOUND('',#6172,.T.);
#6172 = EDGE_LOOP('',(#6173,#6174,#6175,#6181));
#6173 = ORIENTED_EDGE('',*,*,#6159,.F.);
#6174 = ORIENTED_EDGE('',*,*,#3896,.T.);
#6175 = ORIENTED_EDGE('',*,*,#6176,.T.);
#6176 = EDGE_CURVE('',#3867,#556,#6177,.T.);
#6177 = LINE('',#6178,#6179);
#6178 = CARTESIAN_POINT('',(-24.26194000244,-15.93565845489,
    0.300000011921));
#6179 = VECTOR('',#6180,1.);
#6180 = DIRECTION('',(0.,0.,-1.));
#6181 = ORIENTED_EDGE('',*,*,#555,.T.);
#6182 = PLANE('',#6183);
#6183 = AXIS2_PLACEMENT_3D('',#6184,#6185,#6186);
#6184 = CARTESIAN_POINT('',(-24.23883724212,-15.89243650436,
    0.250000007451));
#6185 = DIRECTION('',(0.88192002213,-0.471399060845,0.));
#6186 = DIRECTION('',(0.471399060845,0.88192002213,0.));
#6187 = ADVANCED_FACE('',(#6188),#6199,.T.);
#6188 = FACE_BOUND('',#6189,.T.);
#6189 = EDGE_LOOP('',(#6190,#6191,#6192,#6198));
#6190 = ORIENTED_EDGE('',*,*,#6176,.F.);
#6191 = ORIENTED_EDGE('',*,*,#3866,.T.);
#6192 = ORIENTED_EDGE('',*,*,#6193,.T.);
#6193 = EDGE_CURVE('',#3869,#564,#6194,.T.);
#6194 = LINE('',#6195,#6196);
#6195 = CARTESIAN_POINT('',(-24.29039192199,-16.02945518493,
    0.300000011921));
#6196 = VECTOR('',#6197,1.);
#6197 = DIRECTION('',(0.,0.,-1.));
#6198 = ORIENTED_EDGE('',*,*,#563,.T.);
#6199 = PLANE('',#6200);
#6200 = AXIS2_PLACEMENT_3D('',#6201,#6202,#6203);
#6201 = CARTESIAN_POINT('',(-24.27616596221,-15.98255681991,
    0.250000007451));
#6202 = DIRECTION('',(0.956943190808,-0.290275265163,0.));
#6203 = DIRECTION('',(0.290275265163,0.956943190808,0.));
#6204 = ADVANCED_FACE('',(#6205),#6216,.T.);
#6205 = FACE_BOUND('',#6206,.T.);
#6206 = EDGE_LOOP('',(#6207,#6208,#6209,#6215));
#6207 = ORIENTED_EDGE('',*,*,#6193,.F.);
#6208 = ORIENTED_EDGE('',*,*,#3935,.T.);
#6209 = ORIENTED_EDGE('',*,*,#6210,.F.);
#6210 = EDGE_CURVE('',#572,#3936,#6211,.T.);
#6211 = LINE('',#6212,#6213);
#6212 = CARTESIAN_POINT('',(-24.29999923706,-16.12700080871,
    0.20000000298));
#6213 = VECTOR('',#6214,1.);
#6214 = DIRECTION('',(0.,0.,1.));
#6215 = ORIENTED_EDGE('',*,*,#571,.T.);
#6216 = PLANE('',#6217);
#6217 = AXIS2_PLACEMENT_3D('',#6218,#6219,#6220);
#6218 = CARTESIAN_POINT('',(-24.29519557952,-16.07822799682,
    0.250000007451));
#6219 = DIRECTION('',(0.99518481655,-9.801622777686E-02,0.));
#6220 = DIRECTION('',(9.801622777686E-02,0.99518481655,0.));
#6221 = ADVANCED_FACE('',(#6222),#6261,.T.);
#6222 = FACE_BOUND('',#6223,.T.);
#6223 = EDGE_LOOP('',(#6224,#6225,#6233,#6241,#6249,#6255));
#6224 = ORIENTED_EDGE('',*,*,#435,.T.);
#6225 = ORIENTED_EDGE('',*,*,#6226,.T.);
#6226 = EDGE_CURVE('',#428,#6227,#6229,.T.);
#6227 = VERTEX_POINT('',#6228);
#6228 = CARTESIAN_POINT('',(24.299999237061,-27.,2.));
#6229 = LINE('',#6230,#6231);
#6230 = CARTESIAN_POINT('',(24.299999237061,-27.,0.20000000298));
#6231 = VECTOR('',#6232,1.);
#6232 = DIRECTION('',(0.,0.,1.));
#6233 = ORIENTED_EDGE('',*,*,#6234,.T.);
#6234 = EDGE_CURVE('',#6227,#6235,#6237,.T.);
#6235 = VERTEX_POINT('',#6236);
#6236 = CARTESIAN_POINT('',(24.299999237061,-18.47699928283,2.));
#6237 = LINE('',#6238,#6239);
#6238 = CARTESIAN_POINT('',(24.299999237061,-27.,2.));
#6239 = VECTOR('',#6240,1.);
#6240 = DIRECTION('',(0.,1.,0.));
#6241 = ORIENTED_EDGE('',*,*,#6242,.F.);
#6242 = EDGE_CURVE('',#6243,#6235,#6245,.T.);
#6243 = VERTEX_POINT('',#6244);
#6244 = CARTESIAN_POINT('',(24.299999237061,-18.47699928283,
    0.300000011921));
#6245 = LINE('',#6246,#6247);
#6246 = CARTESIAN_POINT('',(24.299999237061,-18.47699928283,
    0.300000011921));
#6247 = VECTOR('',#6248,1.);
#6248 = DIRECTION('',(0.,0.,1.));
#6249 = ORIENTED_EDGE('',*,*,#6250,.T.);
#6250 = EDGE_CURVE('',#6243,#1210,#6251,.T.);
#6251 = LINE('',#6252,#6253);
#6252 = CARTESIAN_POINT('',(24.299999237061,-18.47699928283,
    0.300000011921));
#6253 = VECTOR('',#6254,1.);
#6254 = DIRECTION('',(0.,1.,0.));
#6255 = ORIENTED_EDGE('',*,*,#6256,.T.);
#6256 = EDGE_CURVE('',#1210,#436,#6257,.T.);
#6257 = LINE('',#6258,#6259);
#6258 = CARTESIAN_POINT('',(24.299999237061,-16.12700080871,
    0.300000011921));
#6259 = VECTOR('',#6260,1.);
#6260 = DIRECTION('',(0.,0.,-1.));
#6261 = PLANE('',#6262);
#6262 = AXIS2_PLACEMENT_3D('',#6263,#6264,#6265);
#6263 = CARTESIAN_POINT('',(24.299999237061,-21.72111887014,
    0.942381535702));
#6264 = DIRECTION('',(-1.,-0.,-0.));
#6265 = DIRECTION('',(0.,0.,-1.));
#6266 = ADVANCED_FACE('',(#6267),#6292,.T.);
#6267 = FACE_BOUND('',#6268,.T.);
#6268 = EDGE_LOOP('',(#6269,#6270,#6278,#6286));
#6269 = ORIENTED_EDGE('',*,*,#6242,.T.);
#6270 = ORIENTED_EDGE('',*,*,#6271,.T.);
#6271 = EDGE_CURVE('',#6235,#6272,#6274,.T.);
#6272 = VERTEX_POINT('',#6273);
#6273 = CARTESIAN_POINT('',(24.290391921997,-18.3794555664,2.));
#6274 = LINE('',#6275,#6276);
#6275 = CARTESIAN_POINT('',(24.299999237061,-18.47699928283,2.));
#6276 = VECTOR('',#6277,1.);
#6277 = DIRECTION('',(-9.801812595134E-02,0.995184629596,0.));
#6278 = ORIENTED_EDGE('',*,*,#6279,.F.);
#6279 = EDGE_CURVE('',#6280,#6272,#6282,.T.);
#6280 = VERTEX_POINT('',#6281);
#6281 = CARTESIAN_POINT('',(24.290391921997,-18.3794555664,
    0.397545158863));
#6282 = LINE('',#6283,#6284);
#6283 = CARTESIAN_POINT('',(24.290391921997,-18.3794555664,
    0.397545158863));
#6284 = VECTOR('',#6285,1.);
#6285 = DIRECTION('',(0.,0.,1.));
#6286 = ORIENTED_EDGE('',*,*,#6287,.T.);
#6287 = EDGE_CURVE('',#6280,#6243,#6288,.T.);
#6288 = LINE('',#6289,#6290);
#6289 = CARTESIAN_POINT('',(24.290391921997,-18.3794555664,
    0.397545158863));
#6290 = VECTOR('',#6291,1.);
#6291 = DIRECTION('',(6.947584988839E-02,-0.705392979778,-0.705403324604
    ));
#6292 = PLANE('',#6293);
#6293 = AXIS2_PLACEMENT_3D('',#6294,#6295,#6296);
#6294 = CARTESIAN_POINT('',(24.29532799155,-18.42957181278,
    1.164319517246));
#6295 = DIRECTION('',(-0.995184629596,-9.801812595134E-02,-0.));
#6296 = DIRECTION('',(9.801812595134E-02,-0.995184629596,0.));
#6297 = ADVANCED_FACE('',(#6298),#6323,.T.);
#6298 = FACE_BOUND('',#6299,.T.);
#6299 = EDGE_LOOP('',(#6300,#6301,#6309,#6317));
#6300 = ORIENTED_EDGE('',*,*,#6279,.T.);
#6301 = ORIENTED_EDGE('',*,*,#6302,.T.);
#6302 = EDGE_CURVE('',#6272,#6303,#6305,.T.);
#6303 = VERTEX_POINT('',#6304);
#6304 = CARTESIAN_POINT('',(24.261940002441,-18.28565788269,2.));
#6305 = LINE('',#6306,#6307);
#6306 = CARTESIAN_POINT('',(24.290391921997,-18.3794555664,2.));
#6307 = VECTOR('',#6308,1.);
#6308 = DIRECTION('',(-0.290272562506,0.956944010617,0.));
#6309 = ORIENTED_EDGE('',*,*,#6310,.F.);
#6310 = EDGE_CURVE('',#6311,#6303,#6313,.T.);
#6311 = VERTEX_POINT('',#6312);
#6312 = CARTESIAN_POINT('',(24.261940002441,-18.28565788269,
    0.491341710091));
#6313 = LINE('',#6314,#6315);
#6314 = CARTESIAN_POINT('',(24.261940002441,-18.28565788269,
    0.491341710091));
#6315 = VECTOR('',#6316,1.);
#6316 = DIRECTION('',(0.,0.,1.));
#6317 = ORIENTED_EDGE('',*,*,#6318,.T.);
#6318 = EDGE_CURVE('',#6311,#6280,#6319,.T.);
#6319 = LINE('',#6320,#6321);
#6320 = CARTESIAN_POINT('',(24.261940002441,-18.28565788269,
    0.491341710091));
#6321 = VECTOR('',#6322,1.);
#6322 = DIRECTION('',(0.209720073478,-0.691385939093,-0.691377591483));
#6323 = PLANE('',#6324);
#6324 = AXIS2_PLACEMENT_3D('',#6325,#6326,#6327);
#6325 = CARTESIAN_POINT('',(24.276564894013,-18.33387188636,
    1.212809660054));
#6326 = DIRECTION('',(-0.956944010617,-0.290272562506,-0.));
#6327 = DIRECTION('',(0.290272562506,-0.956944010617,0.));
#6328 = ADVANCED_FACE('',(#6329),#6354,.T.);
#6329 = FACE_BOUND('',#6330,.T.);
#6330 = EDGE_LOOP('',(#6331,#6332,#6340,#6348));
#6331 = ORIENTED_EDGE('',*,*,#6310,.T.);
#6332 = ORIENTED_EDGE('',*,*,#6333,.T.);
#6333 = EDGE_CURVE('',#6303,#6334,#6336,.T.);
#6334 = VERTEX_POINT('',#6335);
#6335 = CARTESIAN_POINT('',(24.215734481812,-18.1992149353,2.));
#6336 = LINE('',#6337,#6338);
#6337 = CARTESIAN_POINT('',(24.261940002441,-18.28565788269,2.));
#6338 = VECTOR('',#6339,1.);
#6339 = DIRECTION('',(-0.471403105822,0.881917860019,0.));
#6340 = ORIENTED_EDGE('',*,*,#6341,.F.);
#6341 = EDGE_CURVE('',#6342,#6334,#6344,.T.);
#6342 = VERTEX_POINT('',#6343);
#6343 = CARTESIAN_POINT('',(24.215734481812,-18.1992149353,
    0.577785134315));
#6344 = LINE('',#6345,#6346);
#6345 = CARTESIAN_POINT('',(24.215734481812,-18.1992149353,
    0.577785134315));
#6346 = VECTOR('',#6347,1.);
#6347 = DIRECTION('',(0.,0.,1.));
#6348 = ORIENTED_EDGE('',*,*,#6349,.T.);
#6349 = EDGE_CURVE('',#6342,#6311,#6350,.T.);
#6350 = LINE('',#6351,#6352);
#6351 = CARTESIAN_POINT('',(24.215734481812,-18.1992149353,
    0.577785134315));
#6352 = VECTOR('',#6353,1.);
#6353 = DIRECTION('',(0.353551343472,-0.661436550568,-0.661440199188));
#6354 = PLANE('',#6355);
#6355 = AXIS2_PLACEMENT_3D('',#6356,#6357,#6358);
#6356 = CARTESIAN_POINT('',(24.239469314046,-18.24361891184,
    1.259113536234));
#6357 = DIRECTION('',(-0.881917860019,-0.471403105822,-0.));
#6358 = DIRECTION('',(0.471403105822,-0.881917860019,0.));
#6359 = ADVANCED_FACE('',(#6360),#6385,.T.);
#6360 = FACE_BOUND('',#6361,.T.);
#6361 = EDGE_LOOP('',(#6362,#6363,#6371,#6379));
#6362 = ORIENTED_EDGE('',*,*,#6341,.T.);
#6363 = ORIENTED_EDGE('',*,*,#6364,.T.);
#6364 = EDGE_CURVE('',#6334,#6365,#6367,.T.);
#6365 = VERTEX_POINT('',#6366);
#6366 = CARTESIAN_POINT('',(24.153553009033,-18.12344741821,2.));
#6367 = LINE('',#6368,#6369);
#6368 = CARTESIAN_POINT('',(24.215734481812,-18.1992149353,2.));
#6369 = VECTOR('',#6370,1.);
#6370 = DIRECTION('',(-0.634397420351,0.773007058863,0.));
#6371 = ORIENTED_EDGE('',*,*,#6372,.F.);
#6372 = EDGE_CURVE('',#6373,#6365,#6375,.T.);
#6373 = VERTEX_POINT('',#6374);
#6374 = CARTESIAN_POINT('',(24.153553009033,-18.12344741821,
    0.653553366661));
#6375 = LINE('',#6376,#6377);
#6376 = CARTESIAN_POINT('',(24.153553009033,-18.12344741821,
    0.653553366661));
#6377 = VECTOR('',#6378,1.);
#6378 = DIRECTION('',(0.,0.,1.));
#6379 = ORIENTED_EDGE('',*,*,#6380,.T.);
#6380 = EDGE_CURVE('',#6373,#6342,#6381,.T.);
#6381 = LINE('',#6382,#6383);
#6382 = CARTESIAN_POINT('',(24.153553009033,-18.12344741821,
    0.653553366661));
#6383 = VECTOR('',#6384,1.);
#6384 = DIRECTION('',(0.501919439251,-0.611583933155,-0.611589706591));
#6385 = PLANE('',#6386);
#6386 = AXIS2_PLACEMENT_3D('',#6387,#6388,#6389);
#6387 = CARTESIAN_POINT('',(24.18543145269,-18.16229099036,1.30136693385
    ));
#6388 = DIRECTION('',(-0.773007058863,-0.634397420351,-0.));
#6389 = DIRECTION('',(0.634397420351,-0.773007058863,0.));
#6390 = ADVANCED_FACE('',(#6391),#6416,.T.);
#6391 = FACE_BOUND('',#6392,.T.);
#6392 = EDGE_LOOP('',(#6393,#6401,#6402,#6410));
#6393 = ORIENTED_EDGE('',*,*,#6394,.T.);
#6394 = EDGE_CURVE('',#6395,#6373,#6397,.T.);
#6395 = VERTEX_POINT('',#6396);
#6396 = CARTESIAN_POINT('',(24.077785491943,-18.06126594543,
    0.715734779835));
#6397 = LINE('',#6398,#6399);
#6398 = CARTESIAN_POINT('',(24.077785491943,-18.06126594543,
    0.715734779835));
#6399 = VECTOR('',#6400,1.);
#6400 = DIRECTION('',(0.652737139689,-0.535693371539,-0.535692858045));
#6401 = ORIENTED_EDGE('',*,*,#6372,.T.);
#6402 = ORIENTED_EDGE('',*,*,#6403,.T.);
#6403 = EDGE_CURVE('',#6365,#6404,#6406,.T.);
#6404 = VERTEX_POINT('',#6405);
#6405 = CARTESIAN_POINT('',(24.077785491943,-18.06126594543,2.));
#6406 = LINE('',#6407,#6408);
#6407 = CARTESIAN_POINT('',(24.153553009033,-18.12344741821,2.));
#6408 = VECTOR('',#6409,1.);
#6409 = DIRECTION('',(-0.773007058863,0.634397420351,0.));
#6410 = ORIENTED_EDGE('',*,*,#6411,.F.);
#6411 = EDGE_CURVE('',#6395,#6404,#6412,.T.);
#6412 = LINE('',#6413,#6414);
#6413 = CARTESIAN_POINT('',(24.077785491943,-18.06126594543,
    0.715734779835));
#6414 = VECTOR('',#6415,1.);
#6415 = DIRECTION('',(0.,0.,1.));
#6416 = PLANE('',#6417);
#6417 = AXIS2_PLACEMENT_3D('',#6418,#6419,#6420);
#6418 = CARTESIAN_POINT('',(24.116497309211,-18.09303625947,
    1.337807030959));
#6419 = DIRECTION('',(-0.634397420351,-0.773007058863,-0.));
#6420 = DIRECTION('',(-0.773007058863,0.634397420351,0.));
#6421 = ADVANCED_FACE('',(#6422),#6447,.T.);
#6422 = FACE_BOUND('',#6423,.T.);
#6423 = EDGE_LOOP('',(#6424,#6425,#6433,#6441));
#6424 = ORIENTED_EDGE('',*,*,#6411,.T.);
#6425 = ORIENTED_EDGE('',*,*,#6426,.T.);
#6426 = EDGE_CURVE('',#6404,#6427,#6429,.T.);
#6427 = VERTEX_POINT('',#6428);
#6428 = CARTESIAN_POINT('',(23.991342544556,-18.0150604248,2.));
#6429 = LINE('',#6430,#6431);
#6430 = CARTESIAN_POINT('',(24.077785491943,-18.06126594543,2.));
#6431 = VECTOR('',#6432,1.);
#6432 = DIRECTION('',(-0.881917860019,0.471403105822,0.));
#6433 = ORIENTED_EDGE('',*,*,#6434,.F.);
#6434 = EDGE_CURVE('',#6435,#6427,#6437,.T.);
#6435 = VERTEX_POINT('',#6436);
#6436 = CARTESIAN_POINT('',(23.991342544556,-18.0150604248,
    0.761939764023));
#6437 = LINE('',#6438,#6439);
#6438 = CARTESIAN_POINT('',(23.991342544556,-18.0150604248,
    0.761939764023));
#6439 = VECTOR('',#6440,1.);
#6440 = DIRECTION('',(0.,0.,1.));
#6441 = ORIENTED_EDGE('',*,*,#6442,.T.);
#6442 = EDGE_CURVE('',#6435,#6395,#6443,.T.);
#6443 = LINE('',#6444,#6445);
#6444 = CARTESIAN_POINT('',(23.991342544556,-18.0150604248,
    0.761939764023));
#6445 = VECTOR('',#6446,1.);
#6446 = DIRECTION('',(0.797726838599,-0.426401285608,-0.426396335129));
#6447 = PLANE('',#6448);
#6448 = AXIS2_PLACEMENT_3D('',#6449,#6450,#6451);
#6449 = CARTESIAN_POINT('',(24.035295884906,-18.03855438279,
    1.366832490126));
#6450 = DIRECTION('',(-0.471403105822,-0.881917860019,-0.));
#6451 = DIRECTION('',(-0.881917860019,0.471403105822,0.));
#6452 = ADVANCED_FACE('',(#6453),#6478,.T.);
#6453 = FACE_BOUND('',#6454,.T.);
#6454 = EDGE_LOOP('',(#6455,#6456,#6464,#6472));
#6455 = ORIENTED_EDGE('',*,*,#6434,.T.);
#6456 = ORIENTED_EDGE('',*,*,#6457,.T.);
#6457 = EDGE_CURVE('',#6427,#6458,#6460,.T.);
#6458 = VERTEX_POINT('',#6459);
#6459 = CARTESIAN_POINT('',(23.89754486084,-17.9866065979,2.));
#6460 = LINE('',#6461,#6462);
#6461 = CARTESIAN_POINT('',(23.991342544556,-18.0150604248,2.));
#6462 = VECTOR('',#6463,1.);
#6463 = DIRECTION('',(-0.956938605216,0.290290381939,0.));
#6464 = ORIENTED_EDGE('',*,*,#6465,.F.);
#6465 = EDGE_CURVE('',#6466,#6458,#6468,.T.);
#6466 = VERTEX_POINT('',#6467);
#6467 = CARTESIAN_POINT('',(23.89754486084,-17.9866065979,0.790392637253
    ));
#6468 = LINE('',#6469,#6470);
#6469 = CARTESIAN_POINT('',(23.89754486084,-17.9866065979,0.790392637253
    ));
#6470 = VECTOR('',#6471,1.);
#6471 = DIRECTION('',(0.,0.,1.));
#6472 = ORIENTED_EDGE('',*,*,#6473,.T.);
#6473 = EDGE_CURVE('',#6466,#6435,#6474,.T.);
#6474 = LINE('',#6475,#6476);
#6475 = CARTESIAN_POINT('',(23.89754486084,-17.9866065979,0.790392637253
    ));
#6476 = VECTOR('',#6477,1.);
#6477 = DIRECTION('',(0.919002695221,-0.278782402491,-0.278773058665));
#6478 = PLANE('',#6479);
#6479 = AXIS2_PLACEMENT_3D('',#6480,#6481,#6482);
#6480 = CARTESIAN_POINT('',(23.944947680199,-18.00098639453,
    1.38707156333));
#6481 = DIRECTION('',(-0.290290381939,-0.956938605216,-0.));
#6482 = DIRECTION('',(-0.956938605216,0.290290381939,0.));
#6483 = ADVANCED_FACE('',(#6484),#6509,.T.);
#6484 = FACE_BOUND('',#6485,.T.);
#6485 = EDGE_LOOP('',(#6486,#6487,#6495,#6503));
#6486 = ORIENTED_EDGE('',*,*,#6465,.T.);
#6487 = ORIENTED_EDGE('',*,*,#6488,.T.);
#6488 = EDGE_CURVE('',#6458,#6489,#6491,.T.);
#6489 = VERTEX_POINT('',#6490);
#6490 = CARTESIAN_POINT('',(23.799999237061,-17.97699928283,2.));
#6491 = LINE('',#6492,#6493);
#6492 = CARTESIAN_POINT('',(23.89754486084,-17.9866065979,2.));
#6493 = VECTOR('',#6494,1.);
#6494 = DIRECTION('',(-0.99518481655,9.801622777686E-02,0.));
#6495 = ORIENTED_EDGE('',*,*,#6496,.F.);
#6496 = EDGE_CURVE('',#6497,#6489,#6499,.T.);
#6497 = VERTEX_POINT('',#6498);
#6498 = CARTESIAN_POINT('',(23.799999237061,-17.97699928283,
    0.800000011921));
#6499 = LINE('',#6500,#6501);
#6500 = CARTESIAN_POINT('',(23.799999237061,-17.97699928283,
    0.800000011921));
#6501 = VECTOR('',#6502,1.);
#6502 = DIRECTION('',(0.,0.,1.));
#6503 = ORIENTED_EDGE('',*,*,#6504,.T.);
#6504 = EDGE_CURVE('',#6497,#6466,#6505,.T.);
#6505 = LINE('',#6506,#6507);
#6506 = CARTESIAN_POINT('',(23.799999237061,-17.97699928283,
    0.800000011921));
#6507 = VECTOR('',#6508,1.);
#6508 = DIRECTION('',(0.990438469385,-9.754875777822E-02,
    -9.754936297946E-02));
#6509 = PLANE('',#6510);
#6510 = AXIS2_PLACEMENT_3D('',#6511,#6512,#6513);
#6511 = CARTESIAN_POINT('',(23.848951848832,-17.98182064894,
    1.397480733105));
#6512 = DIRECTION('',(-9.801622777686E-02,-0.99518481655,-0.));
#6513 = DIRECTION('',(-0.99518481655,9.801622777686E-02,0.));
#6514 = ADVANCED_FACE('',(#6515),#6531,.T.);
#6515 = FACE_BOUND('',#6516,.T.);
#6516 = EDGE_LOOP('',(#6517,#6523,#6524,#6530));
#6517 = ORIENTED_EDGE('',*,*,#6518,.T.);
#6518 = EDGE_CURVE('',#226,#6497,#6519,.T.);
#6519 = LINE('',#6520,#6521);
#6520 = CARTESIAN_POINT('',(23.70245552063,-17.9866065979,0.800000011921
    ));
#6521 = VECTOR('',#6522,1.);
#6522 = DIRECTION('',(0.995184629596,9.801812595134E-02,0.));
#6523 = ORIENTED_EDGE('',*,*,#6496,.T.);
#6524 = ORIENTED_EDGE('',*,*,#6525,.T.);
#6525 = EDGE_CURVE('',#6489,#217,#6526,.T.);
#6526 = LINE('',#6527,#6528);
#6527 = CARTESIAN_POINT('',(23.799999237061,-17.97699928283,2.));
#6528 = VECTOR('',#6529,1.);
#6529 = DIRECTION('',(-0.995184629596,-9.801812595134E-02,0.));
#6530 = ORIENTED_EDGE('',*,*,#233,.F.);
#6531 = PLANE('',#6532);
#6532 = AXIS2_PLACEMENT_3D('',#6533,#6534,#6535);
#6533 = CARTESIAN_POINT('',(23.751227378845,-17.98180294036,
    1.40000000596));
#6534 = DIRECTION('',(9.801812595134E-02,-0.995184629596,-0.));
#6535 = DIRECTION('',(-0.995184629596,-9.801812595134E-02,0.));
#6536 = ADVANCED_FACE('',(#6537),#6562,.T.);
#6537 = FACE_BOUND('',#6538,.T.);
#6538 = EDGE_LOOP('',(#6539,#6547,#6548,#6556));
#6539 = ORIENTED_EDGE('',*,*,#6540,.T.);
#6540 = EDGE_CURVE('',#6541,#186,#6543,.T.);
#6541 = VERTEX_POINT('',#6542);
#6542 = CARTESIAN_POINT('',(-23.29999923706,-18.47699928283,
    0.800000011921));
#6543 = LINE('',#6544,#6545);
#6544 = CARTESIAN_POINT('',(-23.29999923706,-18.47699928283,
    0.800000011921));
#6545 = VECTOR('',#6546,1.);
#6546 = DIRECTION('',(1.,0.,0.));
#6547 = ORIENTED_EDGE('',*,*,#202,.F.);
#6548 = ORIENTED_EDGE('',*,*,#6549,.T.);
#6549 = EDGE_CURVE('',#195,#6550,#6552,.T.);
#6550 = VERTEX_POINT('',#6551);
#6551 = CARTESIAN_POINT('',(-23.29999923706,-18.47699928283,2.));
#6552 = LINE('',#6553,#6554);
#6553 = CARTESIAN_POINT('',(23.299999237061,-18.47699928283,2.));
#6554 = VECTOR('',#6555,1.);
#6555 = DIRECTION('',(-1.,0.,0.));
#6556 = ORIENTED_EDGE('',*,*,#6557,.F.);
#6557 = EDGE_CURVE('',#6541,#6550,#6558,.T.);
#6558 = LINE('',#6559,#6560);
#6559 = CARTESIAN_POINT('',(-23.29999923706,-18.47699928283,
    0.800000011921));
#6560 = VECTOR('',#6561,1.);
#6561 = DIRECTION('',(0.,0.,1.));
#6562 = PLANE('',#6563);
#6563 = AXIS2_PLACEMENT_3D('',#6564,#6565,#6566);
#6564 = CARTESIAN_POINT('',(0.,-18.47699928283,1.40000000596));
#6565 = DIRECTION('',(-0.,-1.,-0.));
#6566 = DIRECTION('',(0.,0.,-1.));
#6567 = ADVANCED_FACE('',(#6568),#6593,.T.);
#6568 = FACE_BOUND('',#6569,.T.);
#6569 = EDGE_LOOP('',(#6570,#6571,#6579,#6587));
#6570 = ORIENTED_EDGE('',*,*,#6557,.T.);
#6571 = ORIENTED_EDGE('',*,*,#6572,.T.);
#6572 = EDGE_CURVE('',#6550,#6573,#6575,.T.);
#6573 = VERTEX_POINT('',#6574);
#6574 = CARTESIAN_POINT('',(-23.30960655212,-18.3794555664,2.));
#6575 = LINE('',#6576,#6577);
#6576 = CARTESIAN_POINT('',(-23.29999923706,-18.47699928283,2.));
#6577 = VECTOR('',#6578,1.);
#6578 = DIRECTION('',(-9.801812595134E-02,0.995184629596,0.));
#6579 = ORIENTED_EDGE('',*,*,#6580,.F.);
#6580 = EDGE_CURVE('',#6581,#6573,#6583,.T.);
#6581 = VERTEX_POINT('',#6582);
#6582 = CARTESIAN_POINT('',(-23.30960655212,-18.3794555664,
    0.800000011921));
#6583 = LINE('',#6584,#6585);
#6584 = CARTESIAN_POINT('',(-23.30960655212,-18.3794555664,
    0.800000011921));
#6585 = VECTOR('',#6586,1.);
#6586 = DIRECTION('',(0.,0.,1.));
#6587 = ORIENTED_EDGE('',*,*,#6588,.T.);
#6588 = EDGE_CURVE('',#6581,#6541,#6589,.T.);
#6589 = LINE('',#6590,#6591);
#6590 = CARTESIAN_POINT('',(-23.30960655212,-18.3794555664,
    0.800000011921));
#6591 = VECTOR('',#6592,1.);
#6592 = DIRECTION('',(9.801812595134E-02,-0.995184629596,0.));
#6593 = PLANE('',#6594);
#6594 = AXIS2_PLACEMENT_3D('',#6595,#6596,#6597);
#6595 = CARTESIAN_POINT('',(-23.30480289459,-18.42822742462,
    1.40000000596));
#6596 = DIRECTION('',(-0.995184629596,-9.801812595134E-02,-0.));
#6597 = DIRECTION('',(9.801812595134E-02,-0.995184629596,0.));
#6598 = ADVANCED_FACE('',(#6599),#6624,.T.);
#6599 = FACE_BOUND('',#6600,.T.);
#6600 = EDGE_LOOP('',(#6601,#6602,#6610,#6618));
#6601 = ORIENTED_EDGE('',*,*,#6580,.T.);
#6602 = ORIENTED_EDGE('',*,*,#6603,.T.);
#6603 = EDGE_CURVE('',#6573,#6604,#6606,.T.);
#6604 = VERTEX_POINT('',#6605);
#6605 = CARTESIAN_POINT('',(-23.33806037902,-18.28565788269,2.));
#6606 = LINE('',#6607,#6608);
#6607 = CARTESIAN_POINT('',(-23.30960655212,-18.3794555664,2.));
#6608 = VECTOR('',#6609,1.);
#6609 = DIRECTION('',(-0.290290381939,0.956938605216,0.));
#6610 = ORIENTED_EDGE('',*,*,#6611,.F.);
#6611 = EDGE_CURVE('',#6612,#6604,#6614,.T.);
#6612 = VERTEX_POINT('',#6613);
#6613 = CARTESIAN_POINT('',(-23.33806037902,-18.28565788269,
    0.800000011921));
#6614 = LINE('',#6615,#6616);
#6615 = CARTESIAN_POINT('',(-23.33806037902,-18.28565788269,
    0.800000011921));
#6616 = VECTOR('',#6617,1.);
#6617 = DIRECTION('',(0.,0.,1.));
#6618 = ORIENTED_EDGE('',*,*,#6619,.T.);
#6619 = EDGE_CURVE('',#6612,#6581,#6620,.T.);
#6620 = LINE('',#6621,#6622);
#6621 = CARTESIAN_POINT('',(-23.33806037902,-18.28565788269,
    0.800000011921));
#6622 = VECTOR('',#6623,1.);
#6623 = DIRECTION('',(0.290290381939,-0.956938605216,0.));
#6624 = PLANE('',#6625);
#6625 = AXIS2_PLACEMENT_3D('',#6626,#6627,#6628);
#6626 = CARTESIAN_POINT('',(-23.32383346557,-18.33255672454,
    1.40000000596));
#6627 = DIRECTION('',(-0.956938605216,-0.290290381939,-0.));
#6628 = DIRECTION('',(0.290290381939,-0.956938605216,0.));
#6629 = ADVANCED_FACE('',(#6630),#6655,.T.);
#6630 = FACE_BOUND('',#6631,.T.);
#6631 = EDGE_LOOP('',(#6632,#6640,#6641,#6649));
#6632 = ORIENTED_EDGE('',*,*,#6633,.T.);
#6633 = EDGE_CURVE('',#6634,#6612,#6636,.T.);
#6634 = VERTEX_POINT('',#6635);
#6635 = CARTESIAN_POINT('',(-23.38426589965,-18.1992149353,
    0.800000011921));
#6636 = LINE('',#6637,#6638);
#6637 = CARTESIAN_POINT('',(-23.38426589965,-18.1992149353,
    0.800000011921));
#6638 = VECTOR('',#6639,1.);
#6639 = DIRECTION('',(0.471403105822,-0.881917860019,0.));
#6640 = ORIENTED_EDGE('',*,*,#6611,.T.);
#6641 = ORIENTED_EDGE('',*,*,#6642,.T.);
#6642 = EDGE_CURVE('',#6604,#6643,#6645,.T.);
#6643 = VERTEX_POINT('',#6644);
#6644 = CARTESIAN_POINT('',(-23.38426589965,-18.1992149353,2.));
#6645 = LINE('',#6646,#6647);
#6646 = CARTESIAN_POINT('',(-23.33806037902,-18.28565788269,2.));
#6647 = VECTOR('',#6648,1.);
#6648 = DIRECTION('',(-0.471403105822,0.881917860019,0.));
#6649 = ORIENTED_EDGE('',*,*,#6650,.F.);
#6650 = EDGE_CURVE('',#6634,#6643,#6651,.T.);
#6651 = LINE('',#6652,#6653);
#6652 = CARTESIAN_POINT('',(-23.38426589965,-18.1992149353,
    0.800000011921));
#6653 = VECTOR('',#6654,1.);
#6654 = DIRECTION('',(0.,0.,1.));
#6655 = PLANE('',#6656);
#6656 = AXIS2_PLACEMENT_3D('',#6657,#6658,#6659);
#6657 = CARTESIAN_POINT('',(-23.36116313934,-18.24243640899,
    1.40000000596));
#6658 = DIRECTION('',(-0.881917860019,-0.471403105822,-0.));
#6659 = DIRECTION('',(0.471403105822,-0.881917860019,0.));
#6660 = ADVANCED_FACE('',(#6661),#6686,.T.);
#6661 = FACE_BOUND('',#6662,.T.);
#6662 = EDGE_LOOP('',(#6663,#6664,#6672,#6680));
#6663 = ORIENTED_EDGE('',*,*,#6650,.T.);
#6664 = ORIENTED_EDGE('',*,*,#6665,.T.);
#6665 = EDGE_CURVE('',#6643,#6666,#6668,.T.);
#6666 = VERTEX_POINT('',#6667);
#6667 = CARTESIAN_POINT('',(-23.44644737243,-18.12344741821,2.));
#6668 = LINE('',#6669,#6670);
#6669 = CARTESIAN_POINT('',(-23.38426589965,-18.1992149353,2.));
#6670 = VECTOR('',#6671,1.);
#6671 = DIRECTION('',(-0.634397420351,0.773007058863,0.));
#6672 = ORIENTED_EDGE('',*,*,#6673,.F.);
#6673 = EDGE_CURVE('',#6674,#6666,#6676,.T.);
#6674 = VERTEX_POINT('',#6675);
#6675 = CARTESIAN_POINT('',(-23.44644737243,-18.12344741821,
    0.800000011921));
#6676 = LINE('',#6677,#6678);
#6677 = CARTESIAN_POINT('',(-23.44644737243,-18.12344741821,
    0.800000011921));
#6678 = VECTOR('',#6679,1.);
#6679 = DIRECTION('',(0.,0.,1.));
#6680 = ORIENTED_EDGE('',*,*,#6681,.T.);
#6681 = EDGE_CURVE('',#6674,#6634,#6682,.T.);
#6682 = LINE('',#6683,#6684);
#6683 = CARTESIAN_POINT('',(-23.44644737243,-18.12344741821,
    0.800000011921));
#6684 = VECTOR('',#6685,1.);
#6685 = DIRECTION('',(0.634397420351,-0.773007058863,0.));
#6686 = PLANE('',#6687);
#6687 = AXIS2_PLACEMENT_3D('',#6688,#6689,#6690);
#6688 = CARTESIAN_POINT('',(-23.41535663604,-18.16133117675,
    1.40000000596));
#6689 = DIRECTION('',(-0.773007058863,-0.634397420351,-0.));
#6690 = DIRECTION('',(0.634397420351,-0.773007058863,0.));
#6691 = ADVANCED_FACE('',(#6692),#6717,.T.);
#6692 = FACE_BOUND('',#6693,.T.);
#6693 = EDGE_LOOP('',(#6694,#6702,#6703,#6711));
#6694 = ORIENTED_EDGE('',*,*,#6695,.T.);
#6695 = EDGE_CURVE('',#6696,#6674,#6698,.T.);
#6696 = VERTEX_POINT('',#6697);
#6697 = CARTESIAN_POINT('',(-23.52221488952,-18.06126594543,
    0.800000011921));
#6698 = LINE('',#6699,#6700);
#6699 = CARTESIAN_POINT('',(-23.52221488952,-18.06126594543,
    0.800000011921));
#6700 = VECTOR('',#6701,1.);
#6701 = DIRECTION('',(0.773007058863,-0.634397420351,0.));
#6702 = ORIENTED_EDGE('',*,*,#6673,.T.);
#6703 = ORIENTED_EDGE('',*,*,#6704,.T.);
#6704 = EDGE_CURVE('',#6666,#6705,#6707,.T.);
#6705 = VERTEX_POINT('',#6706);
#6706 = CARTESIAN_POINT('',(-23.52221488952,-18.06126594543,2.));
#6707 = LINE('',#6708,#6709);
#6708 = CARTESIAN_POINT('',(-23.44644737243,-18.12344741821,2.));
#6709 = VECTOR('',#6710,1.);
#6710 = DIRECTION('',(-0.773007058863,0.634397420351,0.));
#6711 = ORIENTED_EDGE('',*,*,#6712,.F.);
#6712 = EDGE_CURVE('',#6696,#6705,#6713,.T.);
#6713 = LINE('',#6714,#6715);
#6714 = CARTESIAN_POINT('',(-23.52221488952,-18.06126594543,
    0.800000011921));
#6715 = VECTOR('',#6716,1.);
#6716 = DIRECTION('',(0.,0.,1.));
#6717 = PLANE('',#6718);
#6718 = AXIS2_PLACEMENT_3D('',#6719,#6720,#6721);
#6719 = CARTESIAN_POINT('',(-23.48433113098,-18.09235668182,
    1.40000000596));
#6720 = DIRECTION('',(-0.634397420351,-0.773007058863,-0.));
#6721 = DIRECTION('',(-0.773007058863,0.634397420351,0.));
#6722 = ADVANCED_FACE('',(#6723),#6748,.T.);
#6723 = FACE_BOUND('',#6724,.T.);
#6724 = EDGE_LOOP('',(#6725,#6733,#6734,#6742));
#6725 = ORIENTED_EDGE('',*,*,#6726,.T.);
#6726 = EDGE_CURVE('',#6727,#6696,#6729,.T.);
#6727 = VERTEX_POINT('',#6728);
#6728 = CARTESIAN_POINT('',(-23.60865783691,-18.0150604248,
    0.800000011921));
#6729 = LINE('',#6730,#6731);
#6730 = CARTESIAN_POINT('',(-23.60865783691,-18.0150604248,
    0.800000011921));
#6731 = VECTOR('',#6732,1.);
#6732 = DIRECTION('',(0.881917860019,-0.471403105822,0.));
#6733 = ORIENTED_EDGE('',*,*,#6712,.T.);
#6734 = ORIENTED_EDGE('',*,*,#6735,.T.);
#6735 = EDGE_CURVE('',#6705,#6736,#6738,.T.);
#6736 = VERTEX_POINT('',#6737);
#6737 = CARTESIAN_POINT('',(-23.60865783691,-18.0150604248,2.));
#6738 = LINE('',#6739,#6740);
#6739 = CARTESIAN_POINT('',(-23.52221488952,-18.06126594543,2.));
#6740 = VECTOR('',#6741,1.);
#6741 = DIRECTION('',(-0.881917860019,0.471403105822,0.));
#6742 = ORIENTED_EDGE('',*,*,#6743,.F.);
#6743 = EDGE_CURVE('',#6727,#6736,#6744,.T.);
#6744 = LINE('',#6745,#6746);
#6745 = CARTESIAN_POINT('',(-23.60865783691,-18.0150604248,
    0.800000011921));
#6746 = VECTOR('',#6747,1.);
#6747 = DIRECTION('',(0.,0.,1.));
#6748 = PLANE('',#6749);
#6749 = AXIS2_PLACEMENT_3D('',#6750,#6751,#6752);
#6750 = CARTESIAN_POINT('',(-23.56543636322,-18.03816318512,
    1.40000000596));
#6751 = DIRECTION('',(-0.471403105822,-0.881917860019,-0.));
#6752 = DIRECTION('',(-0.881917860019,0.471403105822,0.));
#6753 = ADVANCED_FACE('',(#6754),#6779,.T.);
#6754 = FACE_BOUND('',#6755,.T.);
#6755 = EDGE_LOOP('',(#6756,#6764,#6765,#6773));
#6756 = ORIENTED_EDGE('',*,*,#6757,.T.);
#6757 = EDGE_CURVE('',#6758,#6727,#6760,.T.);
#6758 = VERTEX_POINT('',#6759);
#6759 = CARTESIAN_POINT('',(-23.70245552063,-17.9866065979,
    0.800000011921));
#6760 = LINE('',#6761,#6762);
#6761 = CARTESIAN_POINT('',(-23.70245552063,-17.9866065979,
    0.800000011921));
#6762 = VECTOR('',#6763,1.);
#6763 = DIRECTION('',(0.956938605216,-0.290290381939,0.));
#6764 = ORIENTED_EDGE('',*,*,#6743,.T.);
#6765 = ORIENTED_EDGE('',*,*,#6766,.T.);
#6766 = EDGE_CURVE('',#6736,#6767,#6769,.T.);
#6767 = VERTEX_POINT('',#6768);
#6768 = CARTESIAN_POINT('',(-23.70245552063,-17.9866065979,2.));
#6769 = LINE('',#6770,#6771);
#6770 = CARTESIAN_POINT('',(-23.60865783691,-18.0150604248,2.));
#6771 = VECTOR('',#6772,1.);
#6772 = DIRECTION('',(-0.956938605216,0.290290381939,0.));
#6773 = ORIENTED_EDGE('',*,*,#6774,.F.);
#6774 = EDGE_CURVE('',#6758,#6767,#6775,.T.);
#6775 = LINE('',#6776,#6777);
#6776 = CARTESIAN_POINT('',(-23.70245552063,-17.9866065979,
    0.800000011921));
#6777 = VECTOR('',#6778,1.);
#6778 = DIRECTION('',(0.,0.,1.));
#6779 = PLANE('',#6780);
#6780 = AXIS2_PLACEMENT_3D('',#6781,#6782,#6783);
#6781 = CARTESIAN_POINT('',(-23.65555667877,-18.00083351135,
    1.40000000596));
#6782 = DIRECTION('',(-0.290290381939,-0.956938605216,-0.));
#6783 = DIRECTION('',(-0.956938605216,0.290290381939,0.));
#6784 = ADVANCED_FACE('',(#6785),#6810,.T.);
#6785 = FACE_BOUND('',#6786,.T.);
#6786 = EDGE_LOOP('',(#6787,#6795,#6796,#6804));
#6787 = ORIENTED_EDGE('',*,*,#6788,.T.);
#6788 = EDGE_CURVE('',#6789,#6758,#6791,.T.);
#6789 = VERTEX_POINT('',#6790);
#6790 = CARTESIAN_POINT('',(-23.79999923706,-17.97699928283,
    0.800000011921));
#6791 = LINE('',#6792,#6793);
#6792 = CARTESIAN_POINT('',(-23.79999923706,-17.97699928283,
    0.800000011921));
#6793 = VECTOR('',#6794,1.);
#6794 = DIRECTION('',(0.995184629596,-9.801812595134E-02,0.));
#6795 = ORIENTED_EDGE('',*,*,#6774,.T.);
#6796 = ORIENTED_EDGE('',*,*,#6797,.T.);
#6797 = EDGE_CURVE('',#6767,#6798,#6800,.T.);
#6798 = VERTEX_POINT('',#6799);
#6799 = CARTESIAN_POINT('',(-23.79999923706,-17.97699928283,2.));
#6800 = LINE('',#6801,#6802);
#6801 = CARTESIAN_POINT('',(-23.70245552063,-17.9866065979,2.));
#6802 = VECTOR('',#6803,1.);
#6803 = DIRECTION('',(-0.995184629596,9.801812595134E-02,0.));
#6804 = ORIENTED_EDGE('',*,*,#6805,.F.);
#6805 = EDGE_CURVE('',#6789,#6798,#6806,.T.);
#6806 = LINE('',#6807,#6808);
#6807 = CARTESIAN_POINT('',(-23.79999923706,-17.97699928283,
    0.800000011921));
#6808 = VECTOR('',#6809,1.);
#6809 = DIRECTION('',(0.,0.,1.));
#6810 = PLANE('',#6811);
#6811 = AXIS2_PLACEMENT_3D('',#6812,#6813,#6814);
#6812 = CARTESIAN_POINT('',(-23.75122737884,-17.98180294036,
    1.40000000596));
#6813 = DIRECTION('',(-9.801812595134E-02,-0.995184629596,-0.));
#6814 = DIRECTION('',(-0.995184629596,9.801812595134E-02,0.));
#6815 = ADVANCED_FACE('',(#6816),#6841,.T.);
#6816 = FACE_BOUND('',#6817,.T.);
#6817 = EDGE_LOOP('',(#6818,#6826,#6827,#6835));
#6818 = ORIENTED_EDGE('',*,*,#6819,.T.);
#6819 = EDGE_CURVE('',#6820,#6789,#6822,.T.);
#6820 = VERTEX_POINT('',#6821);
#6821 = CARTESIAN_POINT('',(-23.89754486084,-17.9866065979,
    0.790392637253));
#6822 = LINE('',#6823,#6824);
#6823 = CARTESIAN_POINT('',(-23.89754486084,-17.9866065979,
    0.790392637253));
#6824 = VECTOR('',#6825,1.);
#6825 = DIRECTION('',(0.990438469385,9.754875777822E-02,
    9.754936297946E-02));
#6826 = ORIENTED_EDGE('',*,*,#6805,.T.);
#6827 = ORIENTED_EDGE('',*,*,#6828,.T.);
#6828 = EDGE_CURVE('',#6798,#6829,#6831,.T.);
#6829 = VERTEX_POINT('',#6830);
#6830 = CARTESIAN_POINT('',(-23.89754486084,-17.9866065979,2.));
#6831 = LINE('',#6832,#6833);
#6832 = CARTESIAN_POINT('',(-23.79999923706,-17.97699928283,2.));
#6833 = VECTOR('',#6834,1.);
#6834 = DIRECTION('',(-0.99518481655,-9.801622777686E-02,0.));
#6835 = ORIENTED_EDGE('',*,*,#6836,.F.);
#6836 = EDGE_CURVE('',#6820,#6829,#6837,.T.);
#6837 = LINE('',#6838,#6839);
#6838 = CARTESIAN_POINT('',(-23.89754486084,-17.9866065979,
    0.790392637253));
#6839 = VECTOR('',#6840,1.);
#6840 = DIRECTION('',(0.,0.,1.));
#6841 = PLANE('',#6842);
#6842 = AXIS2_PLACEMENT_3D('',#6843,#6844,#6845);
#6843 = CARTESIAN_POINT('',(-23.84895184883,-17.98182064894,
    1.397480733105));
#6844 = DIRECTION('',(9.801622777686E-02,-0.99518481655,-0.));
#6845 = DIRECTION('',(-0.99518481655,-9.801622777686E-02,0.));
#6846 = ADVANCED_FACE('',(#6847),#6881,.T.);
#6847 = FACE_BOUND('',#6848,.T.);
#6848 = EDGE_LOOP('',(#6849,#6859,#6867,#6875));
#6849 = ORIENTED_EDGE('',*,*,#6850,.T.);
#6850 = EDGE_CURVE('',#6851,#6853,#6855,.T.);
#6851 = VERTEX_POINT('',#6852);
#6852 = CARTESIAN_POINT('',(-24.07778549194,-18.06126594543,
    0.715734779835));
#6853 = VERTEX_POINT('',#6854);
#6854 = CARTESIAN_POINT('',(-23.99134254455,-18.0150604248,
    0.761939764023));
#6855 = LINE('',#6856,#6857);
#6856 = CARTESIAN_POINT('',(-24.07778549194,-18.06126594543,
    0.715734779835));
#6857 = VECTOR('',#6858,1.);
#6858 = DIRECTION('',(0.797726838599,0.426401285608,0.426396335129));
#6859 = ORIENTED_EDGE('',*,*,#6860,.T.);
#6860 = EDGE_CURVE('',#6853,#6861,#6863,.T.);
#6861 = VERTEX_POINT('',#6862);
#6862 = CARTESIAN_POINT('',(-23.99134254455,-18.0150604248,2.));
#6863 = LINE('',#6864,#6865);
#6864 = CARTESIAN_POINT('',(-23.99134254455,-18.0150604248,
    0.761939764023));
#6865 = VECTOR('',#6866,1.);
#6866 = DIRECTION('',(0.,0.,1.));
#6867 = ORIENTED_EDGE('',*,*,#6868,.T.);
#6868 = EDGE_CURVE('',#6861,#6869,#6871,.T.);
#6869 = VERTEX_POINT('',#6870);
#6870 = CARTESIAN_POINT('',(-24.07778549194,-18.06126594543,2.));
#6871 = LINE('',#6872,#6873);
#6872 = CARTESIAN_POINT('',(-23.99134254455,-18.0150604248,2.));
#6873 = VECTOR('',#6874,1.);
#6874 = DIRECTION('',(-0.881917860019,-0.471403105822,0.));
#6875 = ORIENTED_EDGE('',*,*,#6876,.F.);
#6876 = EDGE_CURVE('',#6851,#6869,#6877,.T.);
#6877 = LINE('',#6878,#6879);
#6878 = CARTESIAN_POINT('',(-24.07778549194,-18.06126594543,
    0.715734779835));
#6879 = VECTOR('',#6880,1.);
#6880 = DIRECTION('',(0.,0.,1.));
#6881 = PLANE('',#6882);
#6882 = AXIS2_PLACEMENT_3D('',#6883,#6884,#6885);
#6883 = CARTESIAN_POINT('',(-24.0352958849,-18.03855438279,
    1.366832490126));
#6884 = DIRECTION('',(0.471403105822,-0.881917860019,-0.));
#6885 = DIRECTION('',(-0.881917860019,-0.471403105822,0.));
#6886 = ADVANCED_FACE('',(#6887),#6912,.T.);
#6887 = FACE_BOUND('',#6888,.T.);
#6888 = EDGE_LOOP('',(#6889,#6897,#6898,#6906));
#6889 = ORIENTED_EDGE('',*,*,#6890,.T.);
#6890 = EDGE_CURVE('',#6891,#6851,#6893,.T.);
#6891 = VERTEX_POINT('',#6892);
#6892 = CARTESIAN_POINT('',(-24.15355300903,-18.12344741821,
    0.653553366661));
#6893 = LINE('',#6894,#6895);
#6894 = CARTESIAN_POINT('',(-24.15355300903,-18.12344741821,
    0.653553366661));
#6895 = VECTOR('',#6896,1.);
#6896 = DIRECTION('',(0.652737139689,0.535693371539,0.535692858045));
#6897 = ORIENTED_EDGE('',*,*,#6876,.T.);
#6898 = ORIENTED_EDGE('',*,*,#6899,.T.);
#6899 = EDGE_CURVE('',#6869,#6900,#6902,.T.);
#6900 = VERTEX_POINT('',#6901);
#6901 = CARTESIAN_POINT('',(-24.15355300903,-18.12344741821,2.));
#6902 = LINE('',#6903,#6904);
#6903 = CARTESIAN_POINT('',(-24.07778549194,-18.06126594543,2.));
#6904 = VECTOR('',#6905,1.);
#6905 = DIRECTION('',(-0.773007058863,-0.634397420351,0.));
#6906 = ORIENTED_EDGE('',*,*,#6907,.F.);
#6907 = EDGE_CURVE('',#6891,#6900,#6908,.T.);
#6908 = LINE('',#6909,#6910);
#6909 = CARTESIAN_POINT('',(-24.15355300903,-18.12344741821,
    0.653553366661));
#6910 = VECTOR('',#6911,1.);
#6911 = DIRECTION('',(0.,0.,1.));
#6912 = PLANE('',#6913);
#6913 = AXIS2_PLACEMENT_3D('',#6914,#6915,#6916);
#6914 = CARTESIAN_POINT('',(-24.11649730921,-18.09303625947,
    1.337807030959));
#6915 = DIRECTION('',(0.634397420351,-0.773007058863,-0.));
#6916 = DIRECTION('',(-0.773007058863,-0.634397420351,0.));
#6917 = ADVANCED_FACE('',(#6918),#6943,.T.);
#6918 = FACE_BOUND('',#6919,.T.);
#6919 = EDGE_LOOP('',(#6920,#6928,#6929,#6937));
#6920 = ORIENTED_EDGE('',*,*,#6921,.T.);
#6921 = EDGE_CURVE('',#6922,#6891,#6924,.T.);
#6922 = VERTEX_POINT('',#6923);
#6923 = CARTESIAN_POINT('',(-24.21573448181,-18.1992149353,
    0.577785134315));
#6924 = LINE('',#6925,#6926);
#6925 = CARTESIAN_POINT('',(-24.21573448181,-18.1992149353,
    0.577785134315));
#6926 = VECTOR('',#6927,1.);
#6927 = DIRECTION('',(0.501919439251,0.611583933155,0.611589706591));
#6928 = ORIENTED_EDGE('',*,*,#6907,.T.);
#6929 = ORIENTED_EDGE('',*,*,#6930,.T.);
#6930 = EDGE_CURVE('',#6900,#6931,#6933,.T.);
#6931 = VERTEX_POINT('',#6932);
#6932 = CARTESIAN_POINT('',(-24.21573448181,-18.1992149353,2.));
#6933 = LINE('',#6934,#6935);
#6934 = CARTESIAN_POINT('',(-24.15355300903,-18.12344741821,2.));
#6935 = VECTOR('',#6936,1.);
#6936 = DIRECTION('',(-0.634397420351,-0.773007058863,0.));
#6937 = ORIENTED_EDGE('',*,*,#6938,.F.);
#6938 = EDGE_CURVE('',#6922,#6931,#6939,.T.);
#6939 = LINE('',#6940,#6941);
#6940 = CARTESIAN_POINT('',(-24.21573448181,-18.1992149353,
    0.577785134315));
#6941 = VECTOR('',#6942,1.);
#6942 = DIRECTION('',(0.,0.,1.));
#6943 = PLANE('',#6944);
#6944 = AXIS2_PLACEMENT_3D('',#6945,#6946,#6947);
#6945 = CARTESIAN_POINT('',(-24.18543145269,-18.16229099036,
    1.30136693385));
#6946 = DIRECTION('',(0.773007058863,-0.634397420351,0.));
#6947 = DIRECTION('',(0.634397420351,0.773007058863,0.));
#6948 = ADVANCED_FACE('',(#6949),#6974,.T.);
#6949 = FACE_BOUND('',#6950,.T.);
#6950 = EDGE_LOOP('',(#6951,#6959,#6960,#6968));
#6951 = ORIENTED_EDGE('',*,*,#6952,.T.);
#6952 = EDGE_CURVE('',#6953,#6922,#6955,.T.);
#6953 = VERTEX_POINT('',#6954);
#6954 = CARTESIAN_POINT('',(-24.26194000244,-18.28565788269,
    0.491341710091));
#6955 = LINE('',#6956,#6957);
#6956 = CARTESIAN_POINT('',(-24.26194000244,-18.28565788269,
    0.491341710091));
#6957 = VECTOR('',#6958,1.);
#6958 = DIRECTION('',(0.353551343472,0.661436550568,0.661440199188));
#6959 = ORIENTED_EDGE('',*,*,#6938,.T.);
#6960 = ORIENTED_EDGE('',*,*,#6961,.T.);
#6961 = EDGE_CURVE('',#6931,#6962,#6964,.T.);
#6962 = VERTEX_POINT('',#6963);
#6963 = CARTESIAN_POINT('',(-24.26194000244,-18.28565788269,2.));
#6964 = LINE('',#6965,#6966);
#6965 = CARTESIAN_POINT('',(-24.21573448181,-18.1992149353,2.));
#6966 = VECTOR('',#6967,1.);
#6967 = DIRECTION('',(-0.471403105822,-0.881917860019,0.));
#6968 = ORIENTED_EDGE('',*,*,#6969,.F.);
#6969 = EDGE_CURVE('',#6953,#6962,#6970,.T.);
#6970 = LINE('',#6971,#6972);
#6971 = CARTESIAN_POINT('',(-24.26194000244,-18.28565788269,
    0.491341710091));
#6972 = VECTOR('',#6973,1.);
#6973 = DIRECTION('',(0.,0.,1.));
#6974 = PLANE('',#6975);
#6975 = AXIS2_PLACEMENT_3D('',#6976,#6977,#6978);
#6976 = CARTESIAN_POINT('',(-24.23946931404,-18.24361891184,
    1.259113536234));
#6977 = DIRECTION('',(0.881917860019,-0.471403105822,0.));
#6978 = DIRECTION('',(0.471403105822,0.881917860019,0.));
#6979 = ADVANCED_FACE('',(#6980),#7005,.T.);
#6980 = FACE_BOUND('',#6981,.T.);
#6981 = EDGE_LOOP('',(#6982,#6983,#6991,#6999));
#6982 = ORIENTED_EDGE('',*,*,#6969,.T.);
#6983 = ORIENTED_EDGE('',*,*,#6984,.T.);
#6984 = EDGE_CURVE('',#6962,#6985,#6987,.T.);
#6985 = VERTEX_POINT('',#6986);
#6986 = CARTESIAN_POINT('',(-24.29039192199,-18.3794555664,2.));
#6987 = LINE('',#6988,#6989);
#6988 = CARTESIAN_POINT('',(-24.26194000244,-18.28565788269,2.));
#6989 = VECTOR('',#6990,1.);
#6990 = DIRECTION('',(-0.290272562506,-0.956944010617,0.));
#6991 = ORIENTED_EDGE('',*,*,#6992,.F.);
#6992 = EDGE_CURVE('',#6993,#6985,#6995,.T.);
#6993 = VERTEX_POINT('',#6994);
#6994 = CARTESIAN_POINT('',(-24.29039192199,-18.3794555664,
    0.397545158863));
#6995 = LINE('',#6996,#6997);
#6996 = CARTESIAN_POINT('',(-24.29039192199,-18.3794555664,
    0.397545158863));
#6997 = VECTOR('',#6998,1.);
#6998 = DIRECTION('',(0.,0.,1.));
#6999 = ORIENTED_EDGE('',*,*,#7000,.T.);
#7000 = EDGE_CURVE('',#6993,#6953,#7001,.T.);
#7001 = LINE('',#7002,#7003);
#7002 = CARTESIAN_POINT('',(-24.29039192199,-18.3794555664,
    0.397545158863));
#7003 = VECTOR('',#7004,1.);
#7004 = DIRECTION('',(0.209720073478,0.691385939093,0.691377591483));
#7005 = PLANE('',#7006);
#7006 = AXIS2_PLACEMENT_3D('',#7007,#7008,#7009);
#7007 = CARTESIAN_POINT('',(-24.27656489401,-18.33387188636,
    1.212809660054));
#7008 = DIRECTION('',(0.956944010617,-0.290272562506,0.));
#7009 = DIRECTION('',(0.290272562506,0.956944010617,0.));
#7010 = ADVANCED_FACE('',(#7011),#7036,.T.);
#7011 = FACE_BOUND('',#7012,.T.);
#7012 = EDGE_LOOP('',(#7013,#7014,#7022,#7030));
#7013 = ORIENTED_EDGE('',*,*,#6992,.T.);
#7014 = ORIENTED_EDGE('',*,*,#7015,.T.);
#7015 = EDGE_CURVE('',#6985,#7016,#7018,.T.);
#7016 = VERTEX_POINT('',#7017);
#7017 = CARTESIAN_POINT('',(-24.29999923706,-18.47699928283,2.));
#7018 = LINE('',#7019,#7020);
#7019 = CARTESIAN_POINT('',(-24.29039192199,-18.3794555664,2.));
#7020 = VECTOR('',#7021,1.);
#7021 = DIRECTION('',(-9.801812595134E-02,-0.995184629596,0.));
#7022 = ORIENTED_EDGE('',*,*,#7023,.T.);
#7023 = EDGE_CURVE('',#7016,#7024,#7026,.T.);
#7024 = VERTEX_POINT('',#7025);
#7025 = CARTESIAN_POINT('',(-24.29999923706,-18.47699928283,
    0.300000011921));
#7026 = LINE('',#7027,#7028);
#7027 = CARTESIAN_POINT('',(-24.29999923706,-18.47699928283,2.));
#7028 = VECTOR('',#7029,1.);
#7029 = DIRECTION('',(0.,0.,-1.));
#7030 = ORIENTED_EDGE('',*,*,#7031,.T.);
#7031 = EDGE_CURVE('',#7024,#6993,#7032,.T.);
#7032 = LINE('',#7033,#7034);
#7033 = CARTESIAN_POINT('',(-24.29999923706,-18.47699928283,
    0.300000011921));
#7034 = VECTOR('',#7035,1.);
#7035 = DIRECTION('',(6.947584988839E-02,0.705392979778,0.705403324604)
  );
#7036 = PLANE('',#7037);
#7037 = AXIS2_PLACEMENT_3D('',#7038,#7039,#7040);
#7038 = CARTESIAN_POINT('',(-24.29532799155,-18.42957181278,
    1.164319517246));
#7039 = DIRECTION('',(0.995184629596,-9.801812595134E-02,0.));
#7040 = DIRECTION('',(9.801812595134E-02,0.995184629596,0.));
#7041 = ADVANCED_FACE('',(#7042),#7058,.T.);
#7042 = FACE_BOUND('',#7043,.T.);
#7043 = EDGE_LOOP('',(#7044,#7050,#7051,#7057));
#7044 = ORIENTED_EDGE('',*,*,#7045,.T.);
#7045 = EDGE_CURVE('',#6829,#6861,#7046,.T.);
#7046 = LINE('',#7047,#7048);
#7047 = CARTESIAN_POINT('',(-23.89754486084,-17.9866065979,2.));
#7048 = VECTOR('',#7049,1.);
#7049 = DIRECTION('',(-0.956938605216,-0.290290381939,0.));
#7050 = ORIENTED_EDGE('',*,*,#6860,.F.);
#7051 = ORIENTED_EDGE('',*,*,#7052,.T.);
#7052 = EDGE_CURVE('',#6853,#6820,#7053,.T.);
#7053 = LINE('',#7054,#7055);
#7054 = CARTESIAN_POINT('',(-23.99134254455,-18.0150604248,
    0.761939764023));
#7055 = VECTOR('',#7056,1.);
#7056 = DIRECTION('',(0.919002695221,0.278782402491,0.278773058665));
#7057 = ORIENTED_EDGE('',*,*,#6836,.T.);
#7058 = PLANE('',#7059);
#7059 = AXIS2_PLACEMENT_3D('',#7060,#7061,#7062);
#7060 = CARTESIAN_POINT('',(-23.94494768019,-18.00098639453,
    1.38707156333));
#7061 = DIRECTION('',(0.290290381939,-0.956938605216,-0.));
#7062 = DIRECTION('',(-0.956938605216,-0.290290381939,0.));
#7063 = ADVANCED_FACE('',(#7064),#7089,.T.);
#7064 = FACE_BOUND('',#7065,.T.);
#7065 = EDGE_LOOP('',(#7066,#7067,#7075,#7081,#7082,#7083));
#7066 = ORIENTED_EDGE('',*,*,#7023,.F.);
#7067 = ORIENTED_EDGE('',*,*,#7068,.T.);
#7068 = EDGE_CURVE('',#7016,#7069,#7071,.T.);
#7069 = VERTEX_POINT('',#7070);
#7070 = CARTESIAN_POINT('',(-24.29999923706,-27.,2.));
#7071 = LINE('',#7072,#7073);
#7072 = CARTESIAN_POINT('',(-24.29999923706,-18.47699928283,2.));
#7073 = VECTOR('',#7074,1.);
#7074 = DIRECTION('',(0.,-1.,0.));
#7075 = ORIENTED_EDGE('',*,*,#7076,.T.);
#7076 = EDGE_CURVE('',#7069,#580,#7077,.T.);
#7077 = LINE('',#7078,#7079);
#7078 = CARTESIAN_POINT('',(-24.29999923706,-27.,2.));
#7079 = VECTOR('',#7080,1.);
#7080 = DIRECTION('',(0.,0.,-1.));
#7081 = ORIENTED_EDGE('',*,*,#579,.T.);
#7082 = ORIENTED_EDGE('',*,*,#6210,.T.);
#7083 = ORIENTED_EDGE('',*,*,#7084,.T.);
#7084 = EDGE_CURVE('',#3936,#7024,#7085,.T.);
#7085 = LINE('',#7086,#7087);
#7086 = CARTESIAN_POINT('',(-24.29999923706,-16.12700080871,
    0.300000011921));
#7087 = VECTOR('',#7088,1.);
#7088 = DIRECTION('',(0.,-1.,0.));
#7089 = PLANE('',#7090);
#7090 = AXIS2_PLACEMENT_3D('',#7091,#7092,#7093);
#7091 = CARTESIAN_POINT('',(-24.29999923706,-21.72111887014,
    0.942381535702));
#7092 = DIRECTION('',(1.,0.,0.));
#7093 = DIRECTION('',(-0.,0.,1.));
#7094 = ADVANCED_FACE('',(#7095),#7106,.T.);
#7095 = FACE_BOUND('',#7096,.T.);
#7096 = EDGE_LOOP('',(#7097,#7098,#7099,#7105));
#7097 = ORIENTED_EDGE('',*,*,#7084,.F.);
#7098 = ORIENTED_EDGE('',*,*,#3951,.T.);
#7099 = ORIENTED_EDGE('',*,*,#7100,.T.);
#7100 = EDGE_CURVE('',#3944,#6993,#7101,.T.);
#7101 = LINE('',#7102,#7103);
#7102 = CARTESIAN_POINT('',(-24.29039192199,-16.12700080871,
    0.397545158863));
#7103 = VECTOR('',#7104,1.);
#7104 = DIRECTION('',(0.,-1.,0.));
#7105 = ORIENTED_EDGE('',*,*,#7031,.F.);
#7106 = PLANE('',#7107);
#7107 = AXIS2_PLACEMENT_3D('',#7108,#7109,#7110);
#7108 = CARTESIAN_POINT('',(-24.29529241575,-17.28768053621,
    0.347789386224));
#7109 = DIRECTION('',(0.995184769813,0.,-9.801670231362E-02));
#7110 = DIRECTION('',(9.801670231362E-02,0.,0.995184769813));
#7111 = ADVANCED_FACE('',(#7112),#7123,.T.);
#7112 = FACE_BOUND('',#7113,.T.);
#7113 = EDGE_LOOP('',(#7114,#7115,#7116,#7122));
#7114 = ORIENTED_EDGE('',*,*,#7100,.F.);
#7115 = ORIENTED_EDGE('',*,*,#4066,.T.);
#7116 = ORIENTED_EDGE('',*,*,#7117,.F.);
#7117 = EDGE_CURVE('',#6953,#4059,#7118,.T.);
#7118 = LINE('',#7119,#7120);
#7119 = CARTESIAN_POINT('',(-24.26194000244,-18.28565788269,
    0.491341710091));
#7120 = VECTOR('',#7121,1.);
#7121 = DIRECTION('',(0.,1.,0.));
#7122 = ORIENTED_EDGE('',*,*,#7000,.F.);
#7123 = PLANE('',#7124);
#7124 = AXIS2_PLACEMENT_3D('',#7125,#7126,#7127);
#7125 = CARTESIAN_POINT('',(-24.27645324338,-17.23919109474,
    0.443496363669));
#7126 = DIRECTION('',(0.956943037092,0.,-0.290275771916));
#7127 = DIRECTION('',(0.290275771916,0.,0.956943037092));
#7128 = ADVANCED_FACE('',(#7129),#7140,.T.);
#7129 = FACE_BOUND('',#7130,.T.);
#7130 = EDGE_LOOP('',(#7131,#7132,#7133,#7139));
#7131 = ORIENTED_EDGE('',*,*,#7117,.T.);
#7132 = ORIENTED_EDGE('',*,*,#4353,.T.);
#7133 = ORIENTED_EDGE('',*,*,#7134,.F.);
#7134 = EDGE_CURVE('',#6922,#4346,#7135,.T.);
#7135 = LINE('',#7136,#7137);
#7136 = CARTESIAN_POINT('',(-24.21573448181,-18.1992149353,
    0.577785134315));
#7137 = VECTOR('',#7138,1.);
#7138 = DIRECTION('',(0.,1.,0.));
#7139 = ORIENTED_EDGE('',*,*,#6952,.F.);
#7140 = PLANE('',#7141);
#7141 = AXIS2_PLACEMENT_3D('',#7142,#7143,#7144);
#7142 = CARTESIAN_POINT('',(-24.23928505816,-17.19288667859,
    0.533725627257));
#7143 = DIRECTION('',(0.881918941082,0.,-0.471401083326));
#7144 = DIRECTION('',(0.471401083326,0.,0.881918941082));
#7145 = ADVANCED_FACE('',(#7146),#7157,.T.);
#7146 = FACE_BOUND('',#7147,.T.);
#7147 = EDGE_LOOP('',(#7148,#7149,#7150,#7156));
#7148 = ORIENTED_EDGE('',*,*,#7134,.T.);
#7149 = ORIENTED_EDGE('',*,*,#4477,.T.);
#7150 = ORIENTED_EDGE('',*,*,#7151,.T.);
#7151 = EDGE_CURVE('',#4470,#6891,#7152,.T.);
#7152 = LINE('',#7153,#7154);
#7153 = CARTESIAN_POINT('',(-24.15355300903,-16.12700080871,
    0.653553366661));
#7154 = VECTOR('',#7155,1.);
#7155 = DIRECTION('',(0.,-1.,0.));
#7156 = ORIENTED_EDGE('',*,*,#6921,.F.);
#7157 = PLANE('',#7158);
#7158 = AXIS2_PLACEMENT_3D('',#7159,#7160,#7161);
#7159 = CARTESIAN_POINT('',(-24.18519277982,-17.1506335459,
    0.615000251123));
#7160 = DIRECTION('',(0.773009995707,0.,-0.634393841818));
#7161 = DIRECTION('',(0.634393841818,0.,0.773009995707));
#7162 = ADVANCED_FACE('',(#7163),#7174,.T.);
#7163 = FACE_BOUND('',#7164,.T.);
#7164 = EDGE_LOOP('',(#7165,#7166,#7167,#7173));
#7165 = ORIENTED_EDGE('',*,*,#7151,.F.);
#7166 = ORIENTED_EDGE('',*,*,#5186,.T.);
#7167 = ORIENTED_EDGE('',*,*,#7168,.F.);
#7168 = EDGE_CURVE('',#6851,#5179,#7169,.T.);
#7169 = LINE('',#7170,#7171);
#7170 = CARTESIAN_POINT('',(-24.07778549194,-18.06126594543,
    0.715734779835));
#7171 = VECTOR('',#7172,1.);
#7172 = DIRECTION('',(0.,1.,0.));
#7173 = ORIENTED_EDGE('',*,*,#6890,.F.);
#7174 = PLANE('',#7175);
#7175 = AXIS2_PLACEMENT_3D('',#7176,#7177,#7178);
#7176 = CARTESIAN_POINT('',(-24.11623759277,-17.11419376038,
    0.684177642146));
#7177 = DIRECTION('',(0.634397056982,-0.,-0.773007357076));
#7178 = DIRECTION('',(-0.773007357076,0.,-0.634397056982));
#7179 = ADVANCED_FACE('',(#7180),#7191,.T.);
#7180 = FACE_BOUND('',#7181,.T.);
#7181 = EDGE_LOOP('',(#7182,#7183,#7184,#7190));
#7182 = ORIENTED_EDGE('',*,*,#7168,.T.);
#7183 = ORIENTED_EDGE('',*,*,#5342,.T.);
#7184 = ORIENTED_EDGE('',*,*,#7185,.F.);
#7185 = EDGE_CURVE('',#6853,#5335,#7186,.T.);
#7186 = LINE('',#7187,#7188);
#7187 = CARTESIAN_POINT('',(-23.99134254455,-18.0150604248,
    0.761939764023));
#7188 = VECTOR('',#7189,1.);
#7189 = DIRECTION('',(0.,1.,0.));
#7190 = ORIENTED_EDGE('',*,*,#6850,.F.);
#7191 = PLANE('',#7192);
#7192 = AXIS2_PLACEMENT_3D('',#7193,#7194,#7195);
#7193 = CARTESIAN_POINT('',(-24.03505972881,-17.08516820597,
    0.738572307584));
#7194 = DIRECTION('',(0.471398849062,-0.,-0.881920135331));
#7195 = DIRECTION('',(-0.881920135331,0.,-0.471398849062));
#7196 = ADVANCED_FACE('',(#7197),#7208,.T.);
#7197 = FACE_BOUND('',#7198,.T.);
#7198 = EDGE_LOOP('',(#7199,#7200,#7201,#7207));
#7199 = ORIENTED_EDGE('',*,*,#7185,.T.);
#7200 = ORIENTED_EDGE('',*,*,#5723,.T.);
#7201 = ORIENTED_EDGE('',*,*,#7202,.F.);
#7202 = EDGE_CURVE('',#6820,#5716,#7203,.T.);
#7203 = LINE('',#7204,#7205);
#7204 = CARTESIAN_POINT('',(-23.89754486084,-17.9866065979,
    0.790392637253));
#7205 = VECTOR('',#7206,1.);
#7206 = DIRECTION('',(0.,1.,0.));
#7207 = ORIENTED_EDGE('',*,*,#7052,.F.);
#7208 = PLANE('',#7209);
#7209 = AXIS2_PLACEMENT_3D('',#7210,#7211,#7212);
#7210 = CARTESIAN_POINT('',(-23.94478173122,-17.06492876623,
    0.776063662042));
#7211 = DIRECTION('',(0.29028147226,-0.,-0.956941307951));
#7212 = DIRECTION('',(-0.956941307951,0.,-0.29028147226));
#7213 = ADVANCED_FACE('',(#7214),#7225,.T.);
#7214 = FACE_BOUND('',#7215,.T.);
#7215 = EDGE_LOOP('',(#7216,#7217,#7218,#7224));
#7216 = ORIENTED_EDGE('',*,*,#7202,.T.);
#7217 = ORIENTED_EDGE('',*,*,#5980,.T.);
#7218 = ORIENTED_EDGE('',*,*,#7219,.T.);
#7219 = EDGE_CURVE('',#5973,#6789,#7220,.T.);
#7220 = LINE('',#7221,#7222);
#7221 = CARTESIAN_POINT('',(-23.79999923706,-16.12700080871,
    0.800000011921));
#7222 = VECTOR('',#7223,1.);
#7223 = DIRECTION('',(0.,-1.,0.));
#7224 = ORIENTED_EDGE('',*,*,#6819,.F.);
#7225 = PLANE('',#7226);
#7226 = AXIS2_PLACEMENT_3D('',#7227,#7228,#7229);
#7227 = CARTESIAN_POINT('',(-23.84889200867,-17.05451930227,
    0.795184509623));
#7228 = DIRECTION('',(9.801683003614E-02,-0.,-0.995184757233));
#7229 = DIRECTION('',(-0.995184757233,0.,-9.801683003614E-02));
#7230 = ADVANCED_FACE('',(#7231),#7242,.T.);
#7231 = FACE_BOUND('',#7232,.T.);
#7232 = EDGE_LOOP('',(#7233,#7234,#7235,#7241));
#7233 = ORIENTED_EDGE('',*,*,#507,.T.);
#7234 = ORIENTED_EDGE('',*,*,#3643,.T.);
#7235 = ORIENTED_EDGE('',*,*,#7236,.T.);
#7236 = EDGE_CURVE('',#1530,#3660,#7237,.T.);
#7237 = LINE('',#7238,#7239);
#7238 = CARTESIAN_POINT('',(23.799999237061,-15.62699985504,
    0.300000011921));
#7239 = VECTOR('',#7240,1.);
#7240 = DIRECTION('',(-1.,0.,0.));
#7241 = ORIENTED_EDGE('',*,*,#3659,.F.);
#7242 = PLANE('',#7243);
#7243 = AXIS2_PLACEMENT_3D('',#7244,#7245,#7246);
#7244 = CARTESIAN_POINT('',(-5.958429839468E-16,-15.62699985504,
    0.250000007451));
#7245 = DIRECTION('',(-0.,-1.,-0.));
#7246 = DIRECTION('',(0.,0.,-1.));
#7247 = ADVANCED_FACE('',(#7248),#7259,.T.);
#7248 = FACE_BOUND('',#7249,.T.);
#7249 = EDGE_LOOP('',(#7250,#7256,#7257,#7258));
#7250 = ORIENTED_EDGE('',*,*,#7251,.T.);
#7251 = EDGE_CURVE('',#1538,#3691,#7252,.T.);
#7252 = LINE('',#7253,#7254);
#7253 = CARTESIAN_POINT('',(23.799999237061,-15.6366071701,
    0.397545158863));
#7254 = VECTOR('',#7255,1.);
#7255 = DIRECTION('',(-1.,0.,0.));
#7256 = ORIENTED_EDGE('',*,*,#3690,.F.);
#7257 = ORIENTED_EDGE('',*,*,#7236,.F.);
#7258 = ORIENTED_EDGE('',*,*,#1545,.T.);
#7259 = PLANE('',#7260);
#7260 = AXIS2_PLACEMENT_3D('',#7261,#7262,#7263);
#7261 = CARTESIAN_POINT('',(4.655216829258E-17,-15.63180351257,
    0.348772585392));
#7262 = DIRECTION('',(-0.,-0.995184769813,-9.801670231362E-02));
#7263 = DIRECTION('',(0.,9.801670231362E-02,-0.995184769813));
#7264 = ADVANCED_FACE('',(#7265),#7276,.T.);
#7265 = FACE_BOUND('',#7266,.T.);
#7266 = EDGE_LOOP('',(#7267,#7268,#7269,#7275));
#7267 = ORIENTED_EDGE('',*,*,#7251,.F.);
#7268 = ORIENTED_EDGE('',*,*,#2304,.T.);
#7269 = ORIENTED_EDGE('',*,*,#7270,.F.);
#7270 = EDGE_CURVE('',#4835,#2297,#7271,.T.);
#7271 = LINE('',#7272,#7273);
#7272 = CARTESIAN_POINT('',(-23.79999923706,-15.66506004333,
    0.491341710091));
#7273 = VECTOR('',#7274,1.);
#7274 = DIRECTION('',(1.,0.,0.));
#7275 = ORIENTED_EDGE('',*,*,#4834,.F.);
#7276 = PLANE('',#7277);
#7277 = AXIS2_PLACEMENT_3D('',#7278,#7279,#7280);
#7278 = CARTESIAN_POINT('',(-4.655216827853E-16,-15.65083360672,
    0.444443434477));
#7279 = DIRECTION('',(-0.,-0.956940334368,-0.290284681751));
#7280 = DIRECTION('',(0.,0.290284681751,-0.956940334368));
#7281 = ADVANCED_FACE('',(#7282),#7293,.T.);
#7282 = FACE_BOUND('',#7283,.T.);
#7283 = EDGE_LOOP('',(#7284,#7285,#7286,#7292));
#7284 = ORIENTED_EDGE('',*,*,#7270,.T.);
#7285 = ORIENTED_EDGE('',*,*,#2491,.T.);
#7286 = ORIENTED_EDGE('',*,*,#7287,.F.);
#7287 = EDGE_CURVE('',#4976,#2484,#7288,.T.);
#7288 = LINE('',#7289,#7290);
#7289 = CARTESIAN_POINT('',(-23.79999923706,-15.71126556396,
    0.577785134315));
#7290 = VECTOR('',#7291,1.);
#7291 = DIRECTION('',(1.,0.,0.));
#7292 = ORIENTED_EDGE('',*,*,#4975,.F.);
#7293 = PLANE('',#7294);
#7294 = AXIS2_PLACEMENT_3D('',#7295,#7296,#7297);
#7295 = CARTESIAN_POINT('',(-2.653473575783E-16,-15.68816280365,
    0.534563422203));
#7296 = DIRECTION('',(-0.,-0.881918941082,-0.471401083326));
#7297 = DIRECTION('',(0.,0.471401083326,-0.881918941082));
#7298 = ADVANCED_FACE('',(#7299),#7310,.T.);
#7299 = FACE_BOUND('',#7300,.T.);
#7300 = EDGE_LOOP('',(#7301,#7302,#7303,#7309));
#7301 = ORIENTED_EDGE('',*,*,#7287,.T.);
#7302 = ORIENTED_EDGE('',*,*,#2518,.T.);
#7303 = ORIENTED_EDGE('',*,*,#7304,.T.);
#7304 = EDGE_CURVE('',#2197,#4756,#7305,.T.);
#7305 = LINE('',#7306,#7307);
#7306 = CARTESIAN_POINT('',(23.799999237061,-15.77344703674,
    0.653553366661));
#7307 = VECTOR('',#7308,1.);
#7308 = DIRECTION('',(-1.,0.,0.));
#7309 = ORIENTED_EDGE('',*,*,#4999,.F.);
#7310 = PLANE('',#7311);
#7311 = AXIS2_PLACEMENT_3D('',#7312,#7313,#7314);
#7312 = CARTESIAN_POINT('',(2.700025759701E-16,-15.74235630035,
    0.615669250488));
#7313 = DIRECTION('',(-0.,-0.773009995707,-0.634393841818));
#7314 = DIRECTION('',(0.,0.634393841818,-0.773009995707));
#7315 = ADVANCED_FACE('',(#7316),#7327,.T.);
#7316 = FACE_BOUND('',#7317,.T.);
#7317 = EDGE_LOOP('',(#7318,#7324,#7325,#7326));
#7318 = ORIENTED_EDGE('',*,*,#7319,.T.);
#7319 = EDGE_CURVE('',#2697,#5311,#7320,.T.);
#7320 = LINE('',#7321,#7322);
#7321 = CARTESIAN_POINT('',(23.799999237061,-15.84921455383,
    0.715734779835));
#7322 = VECTOR('',#7323,1.);
#7323 = DIRECTION('',(-1.,0.,0.));
#7324 = ORIENTED_EDGE('',*,*,#5310,.F.);
#7325 = ORIENTED_EDGE('',*,*,#7304,.F.);
#7326 = ORIENTED_EDGE('',*,*,#2704,.T.);
#7327 = PLANE('',#7328);
#7328 = AXIS2_PLACEMENT_3D('',#7329,#7330,#7331);
#7329 = CARTESIAN_POINT('',(2.327608442361E-17,-15.81133079528,
    0.684644073248));
#7330 = DIRECTION('',(-0.,-0.634397056982,-0.773007357076));
#7331 = DIRECTION('',(0.,-0.773007357076,0.634397056982));
#7332 = ADVANCED_FACE('',(#7333),#7344,.T.);
#7333 = FACE_BOUND('',#7334,.T.);
#7334 = EDGE_LOOP('',(#7335,#7336,#7337,#7343));
#7335 = ORIENTED_EDGE('',*,*,#7319,.F.);
#7336 = ORIENTED_EDGE('',*,*,#3069,.T.);
#7337 = ORIENTED_EDGE('',*,*,#7338,.T.);
#7338 = EDGE_CURVE('',#3062,#5630,#7339,.T.);
#7339 = LINE('',#7340,#7341);
#7340 = CARTESIAN_POINT('',(23.799999237061,-15.93565845489,
    0.761939764023));
#7341 = VECTOR('',#7342,1.);
#7342 = DIRECTION('',(-1.,0.,0.));
#7343 = ORIENTED_EDGE('',*,*,#5629,.F.);
#7344 = PLANE('',#7345);
#7345 = AXIS2_PLACEMENT_3D('',#7346,#7347,#7348);
#7346 = CARTESIAN_POINT('',(-1.582773706307E-16,-15.89243650436,
    0.738837271929));
#7347 = DIRECTION('',(-0.,-0.471394804101,-0.881922297409));
#7348 = DIRECTION('',(0.,-0.881922297409,0.471394804101));
#7349 = ADVANCED_FACE('',(#7350),#7382,.T.);
#7350 = FACE_BOUND('',#7351,.T.);
#7351 = EDGE_LOOP('',(#7352,#7353,#7354,#7355,#7356,#7357,#7358,#7359,
    #7360,#7361,#7367,#7373,#7374,#7375,#7376,#7377,#7378,#7379,#7380,
    #7381));
#7352 = ORIENTED_EDGE('',*,*,#6588,.F.);
#7353 = ORIENTED_EDGE('',*,*,#6619,.F.);
#7354 = ORIENTED_EDGE('',*,*,#6633,.F.);
#7355 = ORIENTED_EDGE('',*,*,#6681,.F.);
#7356 = ORIENTED_EDGE('',*,*,#6695,.F.);
#7357 = ORIENTED_EDGE('',*,*,#6726,.F.);
#7358 = ORIENTED_EDGE('',*,*,#6757,.F.);
#7359 = ORIENTED_EDGE('',*,*,#6788,.F.);
#7360 = ORIENTED_EDGE('',*,*,#7219,.F.);
#7361 = ORIENTED_EDGE('',*,*,#7362,.T.);
#7362 = EDGE_CURVE('',#5973,#3490,#7363,.T.);
#7363 = LINE('',#7364,#7365);
#7364 = CARTESIAN_POINT('',(-23.79999923706,-16.12700080871,
    0.800000011921));
#7365 = VECTOR('',#7366,1.);
#7366 = DIRECTION('',(1.,0.,0.));
#7367 = ORIENTED_EDGE('',*,*,#7368,.T.);
#7368 = EDGE_CURVE('',#3490,#6497,#7369,.T.);
#7369 = LINE('',#7370,#7371);
#7370 = CARTESIAN_POINT('',(23.799999237061,-16.12700080871,
    0.800000011921));
#7371 = VECTOR('',#7372,1.);
#7372 = DIRECTION('',(0.,-1.,0.));
#7373 = ORIENTED_EDGE('',*,*,#6518,.F.);
#7374 = ORIENTED_EDGE('',*,*,#225,.F.);
#7375 = ORIENTED_EDGE('',*,*,#21,.F.);
#7376 = ORIENTED_EDGE('',*,*,#61,.F.);
#7377 = ORIENTED_EDGE('',*,*,#92,.F.);
#7378 = ORIENTED_EDGE('',*,*,#123,.F.);
#7379 = ORIENTED_EDGE('',*,*,#154,.F.);
#7380 = ORIENTED_EDGE('',*,*,#185,.F.);
#7381 = ORIENTED_EDGE('',*,*,#6540,.F.);
#7382 = PLANE('',#7383);
#7383 = AXIS2_PLACEMENT_3D('',#7384,#7385,#7386);
#7384 = CARTESIAN_POINT('',(0.,-17.29441097881,0.800000011921));
#7385 = DIRECTION('',(-0.,-0.,-1.));
#7386 = DIRECTION('',(-1.,0.,0.));
#7387 = ADVANCED_FACE('',(#7388),#7639,.T.);
#7388 = FACE_BOUND('',#7389,.T.);
#7389 = EDGE_LOOP('',(#7390,#7391,#7399,#7407,#7415,#7423,#7431,#7439,
    #7447,#7455,#7463,#7471,#7479,#7487,#7495,#7503,#7511,#7519,#7527,
    #7535,#7543,#7551,#7559,#7567,#7575,#7583,#7591,#7599,#7607,#7615,
    #7623,#7631,#7637,#7638));
#7390 = ORIENTED_EDGE('',*,*,#257,.T.);
#7391 = ORIENTED_EDGE('',*,*,#7392,.T.);
#7392 = EDGE_CURVE('',#250,#7393,#7395,.T.);
#7393 = VERTEX_POINT('',#7394);
#7394 = CARTESIAN_POINT('',(-26.33826065063,-26.48628997802,
    0.800000011921));
#7395 = LINE('',#7396,#7397);
#7396 = CARTESIAN_POINT('',(-26.17557144165,-26.61803436279,
    0.800000011921));
#7397 = VECTOR('',#7398,1.);
#7398 = DIRECTION('',(-0.777143015556,0.629324028917,0.));
#7399 = ORIENTED_EDGE('',*,*,#7400,.T.);
#7400 = EDGE_CURVE('',#7393,#7401,#7403,.T.);
#7401 = VERTEX_POINT('',#7402);
#7402 = CARTESIAN_POINT('',(-26.48628997802,-26.33826065063,
    0.800000011921));
#7403 = LINE('',#7404,#7405);
#7404 = CARTESIAN_POINT('',(-26.33826065063,-26.48628997802,
    0.800000011921));
#7405 = VECTOR('',#7406,1.);
#7406 = DIRECTION('',(-0.707106781187,0.707106781187,0.));
#7407 = ORIENTED_EDGE('',*,*,#7408,.T.);
#7408 = EDGE_CURVE('',#7401,#7409,#7411,.T.);
#7409 = VERTEX_POINT('',#7410);
#7410 = CARTESIAN_POINT('',(-26.61803436279,-26.17557144165,
    0.800000011921));
#7411 = LINE('',#7412,#7413);
#7412 = CARTESIAN_POINT('',(-26.48628997802,-26.33826065063,
    0.800000011921));
#7413 = VECTOR('',#7414,1.);
#7414 = DIRECTION('',(-0.629324028917,0.777143015556,0.));
#7415 = ORIENTED_EDGE('',*,*,#7416,.T.);
#7416 = EDGE_CURVE('',#7409,#7417,#7419,.T.);
#7417 = VERTEX_POINT('',#7418);
#7418 = CARTESIAN_POINT('',(-26.73204994201,-26.,0.800000011921));
#7419 = LINE('',#7420,#7421);
#7420 = CARTESIAN_POINT('',(-26.61803436279,-26.17557144165,
    0.800000011921));
#7421 = VECTOR('',#7422,1.);
#7422 = DIRECTION('',(-0.544632825515,0.838674600409,0.));
#7423 = ORIENTED_EDGE('',*,*,#7424,.T.);
#7424 = EDGE_CURVE('',#7417,#7425,#7427,.T.);
#7425 = VERTEX_POINT('',#7426);
#7426 = CARTESIAN_POINT('',(-26.82709121704,-25.8134727478,
    0.800000011921));
#7427 = LINE('',#7428,#7429);
#7428 = CARTESIAN_POINT('',(-26.73204994201,-26.,0.800000011921));
#7429 = VECTOR('',#7430,1.);
#7430 = DIRECTION('',(-0.453993886257,0.891004798664,0.));
#7431 = ORIENTED_EDGE('',*,*,#7432,.T.);
#7432 = EDGE_CURVE('',#7425,#7433,#7435,.T.);
#7433 = VERTEX_POINT('',#7434);
#7434 = CARTESIAN_POINT('',(-26.90211296081,-25.61803436279,
    0.800000011921));
#7435 = LINE('',#7436,#7437);
#7436 = CARTESIAN_POINT('',(-26.82709121704,-25.8134727478,
    0.800000011921));
#7437 = VECTOR('',#7438,1.);
#7438 = DIRECTION('',(-0.358367852554,0.933580463729,0.));
#7439 = ORIENTED_EDGE('',*,*,#7440,.T.);
#7440 = EDGE_CURVE('',#7433,#7441,#7443,.T.);
#7441 = VERTEX_POINT('',#7442);
#7442 = CARTESIAN_POINT('',(-26.95629501342,-25.41582298278,
    0.800000011921));
#7443 = LINE('',#7444,#7445);
#7444 = CARTESIAN_POINT('',(-26.90211296081,-25.61803436279,
    0.800000011921));
#7445 = VECTOR('',#7446,1.);
#7446 = DIRECTION('',(-0.25881760394,0.965926212446,0.));
#7447 = ORIENTED_EDGE('',*,*,#7448,.T.);
#7448 = EDGE_CURVE('',#7441,#7449,#7451,.T.);
#7449 = VERTEX_POINT('',#7450);
#7450 = CARTESIAN_POINT('',(-26.98904418945,-25.20905685424,
    0.800000011921));
#7451 = LINE('',#7452,#7453);
#7452 = CARTESIAN_POINT('',(-26.95629501342,-25.41582298278,
    0.800000011921));
#7453 = VECTOR('',#7454,1.);
#7454 = DIRECTION('',(-0.15643744031,0.987687869354,0.));
#7455 = ORIENTED_EDGE('',*,*,#7456,.T.);
#7456 = EDGE_CURVE('',#7449,#7457,#7459,.T.);
#7457 = VERTEX_POINT('',#7458);
#7458 = CARTESIAN_POINT('',(-27.,-25.,0.800000011921));
#7459 = LINE('',#7460,#7461);
#7460 = CARTESIAN_POINT('',(-26.98904418945,-25.20905685424,
    0.800000011921));
#7461 = VECTOR('',#7462,1.);
#7462 = DIRECTION('',(-5.233407490429E-02,0.99862963335,0.));
#7463 = ORIENTED_EDGE('',*,*,#7464,.T.);
#7464 = EDGE_CURVE('',#7457,#7465,#7467,.T.);
#7465 = VERTEX_POINT('',#7466);
#7466 = CARTESIAN_POINT('',(-27.,-17.02430725097,0.800000011921));
#7467 = LINE('',#7468,#7469);
#7468 = CARTESIAN_POINT('',(-27.,-25.,0.800000011921));
#7469 = VECTOR('',#7470,1.);
#7470 = DIRECTION('',(0.,1.,0.));
#7471 = ORIENTED_EDGE('',*,*,#7472,.F.);
#7472 = EDGE_CURVE('',#7473,#7465,#7475,.T.);
#7473 = VERTEX_POINT('',#7474);
#7474 = CARTESIAN_POINT('',(-26.99239349365,-17.10154533386,
    0.800000011921));
#7475 = LINE('',#7476,#7477);
#7476 = CARTESIAN_POINT('',(-26.99239349365,-17.10154533386,
    0.800000011921));
#7477 = VECTOR('',#7478,1.);
#7478 = DIRECTION('',(-9.800717628063E-02,0.995185707995,0.));
#7479 = ORIENTED_EDGE('',*,*,#7480,.F.);
#7480 = EDGE_CURVE('',#7481,#7473,#7483,.T.);
#7481 = VERTEX_POINT('',#7482);
#7482 = CARTESIAN_POINT('',(-26.96393966674,-17.19534111022,
    0.800000011921));
#7483 = LINE('',#7484,#7485);
#7484 = CARTESIAN_POINT('',(-26.96393966674,-17.19534111022,
    0.800000011921));
#7485 = VECTOR('',#7486,1.);
#7486 = DIRECTION('',(-0.290295787571,0.956936965384,0.));
#7487 = ORIENTED_EDGE('',*,*,#7488,.F.);
#7488 = EDGE_CURVE('',#7489,#7481,#7491,.T.);
#7489 = VERTEX_POINT('',#7490);
#7490 = CARTESIAN_POINT('',(-26.91773414611,-17.28178596496,
    0.800000011921));
#7491 = LINE('',#7492,#7493);
#7492 = CARTESIAN_POINT('',(-26.91773414611,-17.28178596496,
    0.800000011921));
#7493 = VECTOR('',#7494,1.);
#7494 = DIRECTION('',(-0.471395015928,0.881922184185,0.));
#7495 = ORIENTED_EDGE('',*,*,#7496,.F.);
#7496 = EDGE_CURVE('',#7497,#7489,#7499,.T.);
#7497 = VERTEX_POINT('',#7498);
#7498 = CARTESIAN_POINT('',(-26.85555267334,-17.35755348205,
    0.800000011921));
#7499 = LINE('',#7500,#7501);
#7500 = CARTESIAN_POINT('',(-26.85555267334,-17.35755348205,
    0.800000011921));
#7501 = VECTOR('',#7502,1.);
#7502 = DIRECTION('',(-0.634397420351,0.773007058863,0.));
#7503 = ORIENTED_EDGE('',*,*,#7504,.F.);
#7504 = EDGE_CURVE('',#7505,#7497,#7507,.T.);
#7505 = VERTEX_POINT('',#7506);
#7506 = CARTESIAN_POINT('',(-26.77978515625,-17.41973495483,
    0.800000011921));
#7507 = LINE('',#7508,#7509);
#7508 = CARTESIAN_POINT('',(-26.77978515625,-17.41973495483,
    0.800000011921));
#7509 = VECTOR('',#7510,1.);
#7510 = DIRECTION('',(-0.773007058863,0.634397420351,0.));
#7511 = ORIENTED_EDGE('',*,*,#7512,.F.);
#7512 = EDGE_CURVE('',#7513,#7505,#7515,.T.);
#7513 = VERTEX_POINT('',#7514);
#7514 = CARTESIAN_POINT('',(-26.69334220886,-17.46594047546,
    0.800000011921));
#7515 = LINE('',#7516,#7517);
#7516 = CARTESIAN_POINT('',(-26.69334220886,-17.46594047546,
    0.800000011921));
#7517 = VECTOR('',#7518,1.);
#7518 = DIRECTION('',(-0.881917860019,0.471403105822,0.));
#7519 = ORIENTED_EDGE('',*,*,#7520,.F.);
#7520 = EDGE_CURVE('',#7521,#7513,#7523,.T.);
#7521 = VERTEX_POINT('',#7522);
#7522 = CARTESIAN_POINT('',(-26.59954452514,-17.49439239502,
    0.800000011921));
#7523 = LINE('',#7524,#7525);
#7524 = CARTESIAN_POINT('',(-26.59954452514,-17.49439239502,
    0.800000011921));
#7525 = VECTOR('',#7526,1.);
#7526 = DIRECTION('',(-0.956944010617,0.290272562506,0.));
#7527 = ORIENTED_EDGE('',*,*,#7528,.F.);
#7528 = EDGE_CURVE('',#7529,#7521,#7531,.T.);
#7529 = VERTEX_POINT('',#7530);
#7530 = CARTESIAN_POINT('',(-26.52230644226,-17.50200080871,
    0.800000011921));
#7531 = LINE('',#7532,#7533);
#7532 = CARTESIAN_POINT('',(-26.52230644226,-17.50200080871,
    0.800000011921));
#7533 = VECTOR('',#7534,1.);
#7534 = DIRECTION('',(-0.995183310721,9.803151565545E-02,0.));
#7535 = ORIENTED_EDGE('',*,*,#7536,.F.);
#7536 = EDGE_CURVE('',#7537,#7529,#7539,.T.);
#7537 = VERTEX_POINT('',#7538);
#7538 = CARTESIAN_POINT('',(-26.50200080871,-17.50200080871,
    0.800000011921));
#7539 = LINE('',#7540,#7541);
#7540 = CARTESIAN_POINT('',(-26.50200080871,-17.50200080871,
    0.800000011921));
#7541 = VECTOR('',#7542,1.);
#7542 = DIRECTION('',(-1.,0.,0.));
#7543 = ORIENTED_EDGE('',*,*,#7544,.F.);
#7544 = EDGE_CURVE('',#7545,#7537,#7547,.T.);
#7545 = VERTEX_POINT('',#7546);
#7546 = CARTESIAN_POINT('',(-26.40445518493,-17.51160812377,
    0.800000011921));
#7547 = LINE('',#7548,#7549);
#7548 = CARTESIAN_POINT('',(-26.40445518493,-17.51160812377,
    0.800000011921));
#7549 = VECTOR('',#7550,1.);
#7550 = DIRECTION('',(-0.99518481655,9.801622777686E-02,0.));
#7551 = ORIENTED_EDGE('',*,*,#7552,.F.);
#7552 = EDGE_CURVE('',#7553,#7545,#7555,.T.);
#7553 = VERTEX_POINT('',#7554);
#7554 = CARTESIAN_POINT('',(-26.31065750122,-17.54006004333,
    0.800000011921));
#7555 = LINE('',#7556,#7557);
#7556 = CARTESIAN_POINT('',(-26.31065750122,-17.54006004333,
    0.800000011921));
#7557 = VECTOR('',#7558,1.);
#7558 = DIRECTION('',(-0.956944010617,0.290272562506,0.));
#7559 = ORIENTED_EDGE('',*,*,#7560,.F.);
#7560 = EDGE_CURVE('',#7561,#7553,#7563,.T.);
#7561 = VERTEX_POINT('',#7562);
#7562 = CARTESIAN_POINT('',(-26.22421455383,-17.58626556396,
    0.800000011921));
#7563 = LINE('',#7564,#7565);
#7564 = CARTESIAN_POINT('',(-26.22421455383,-17.58626556396,
    0.800000011921));
#7565 = VECTOR('',#7566,1.);
#7566 = DIRECTION('',(-0.881917860019,0.471403105822,0.));
#7567 = ORIENTED_EDGE('',*,*,#7568,.F.);
#7568 = EDGE_CURVE('',#7569,#7561,#7571,.T.);
#7569 = VERTEX_POINT('',#7570);
#7570 = CARTESIAN_POINT('',(-26.14844703674,-17.64844703674,
    0.800000011921));
#7571 = LINE('',#7572,#7573);
#7572 = CARTESIAN_POINT('',(-26.14844703674,-17.64844703674,
    0.800000011921));
#7573 = VECTOR('',#7574,1.);
#7574 = DIRECTION('',(-0.773007058863,0.634397420351,0.));
#7575 = ORIENTED_EDGE('',*,*,#7576,.F.);
#7576 = EDGE_CURVE('',#7577,#7569,#7579,.T.);
#7577 = VERTEX_POINT('',#7578);
#7578 = CARTESIAN_POINT('',(-26.08626556396,-17.72421455383,
    0.800000011921));
#7579 = LINE('',#7580,#7581);
#7580 = CARTESIAN_POINT('',(-26.08626556396,-17.72421455383,
    0.800000011921));
#7581 = VECTOR('',#7582,1.);
#7582 = DIRECTION('',(-0.634397420351,0.773007058863,0.));
#7583 = ORIENTED_EDGE('',*,*,#7584,.F.);
#7584 = EDGE_CURVE('',#7585,#7577,#7587,.T.);
#7585 = VERTEX_POINT('',#7586);
#7586 = CARTESIAN_POINT('',(-26.04006004333,-17.81065750122,
    0.800000011921));
#7587 = LINE('',#7588,#7589);
#7588 = CARTESIAN_POINT('',(-26.04006004333,-17.81065750122,
    0.800000011921));
#7589 = VECTOR('',#7590,1.);
#7590 = DIRECTION('',(-0.471403105822,0.881917860019,0.));
#7591 = ORIENTED_EDGE('',*,*,#7592,.F.);
#7592 = EDGE_CURVE('',#7593,#7585,#7595,.T.);
#7593 = VERTEX_POINT('',#7594);
#7594 = CARTESIAN_POINT('',(-26.01160812377,-17.90445518493,
    0.800000011921));
#7595 = LINE('',#7596,#7597);
#7596 = CARTESIAN_POINT('',(-26.01160812377,-17.90445518493,
    0.800000011921));
#7597 = VECTOR('',#7598,1.);
#7598 = DIRECTION('',(-0.290272562506,0.956944010617,0.));
#7599 = ORIENTED_EDGE('',*,*,#7600,.F.);
#7600 = EDGE_CURVE('',#7601,#7593,#7603,.T.);
#7601 = VERTEX_POINT('',#7602);
#7602 = CARTESIAN_POINT('',(-26.00200080871,-18.00200080871,
    0.800000011921));
#7603 = LINE('',#7604,#7605);
#7604 = CARTESIAN_POINT('',(-26.00200080871,-18.00200080871,
    0.800000011921));
#7605 = VECTOR('',#7606,1.);
#7606 = DIRECTION('',(-9.801622777686E-02,0.99518481655,0.));
#7607 = ORIENTED_EDGE('',*,*,#7608,.F.);
#7608 = EDGE_CURVE('',#7609,#7601,#7611,.T.);
#7609 = VERTEX_POINT('',#7610);
#7610 = CARTESIAN_POINT('',(-26.00200080871,-26.52430725097,
    0.800000011921));
#7611 = LINE('',#7612,#7613);
#7612 = CARTESIAN_POINT('',(-26.00200080871,-26.52430725097,
    0.800000011921));
#7613 = VECTOR('',#7614,1.);
#7614 = DIRECTION('',(0.,1.,0.));
#7615 = ORIENTED_EDGE('',*,*,#7616,.F.);
#7616 = EDGE_CURVE('',#7617,#7609,#7619,.T.);
#7617 = VERTEX_POINT('',#7618);
#7618 = CARTESIAN_POINT('',(-25.99439239502,-26.60154533386,
    0.800000011921));
#7619 = LINE('',#7620,#7621);
#7620 = CARTESIAN_POINT('',(-25.99439239502,-26.60154533386,
    0.800000011921));
#7621 = VECTOR('',#7622,1.);
#7622 = DIRECTION('',(-9.803151565545E-02,0.995183310721,0.));
#7623 = ORIENTED_EDGE('',*,*,#7624,.F.);
#7624 = EDGE_CURVE('',#7625,#7617,#7627,.T.);
#7625 = VERTEX_POINT('',#7626);
#7626 = CARTESIAN_POINT('',(-25.96594047546,-26.69534111022,
    0.800000011921));
#7627 = LINE('',#7628,#7629);
#7628 = CARTESIAN_POINT('',(-25.96594047546,-26.69534111022,
    0.800000011921));
#7629 = VECTOR('',#7630,1.);
#7630 = DIRECTION('',(-0.290277967868,0.956942370977,0.));
#7631 = ORIENTED_EDGE('',*,*,#7632,.F.);
#7632 = EDGE_CURVE('',#327,#7625,#7633,.T.);
#7633 = LINE('',#7634,#7635);
#7634 = CARTESIAN_POINT('',(-25.92622566223,-26.76963996887,
    0.800000011921));
#7635 = VECTOR('',#7636,1.);
#7636 = DIRECTION('',(-0.471408239155,0.881915116129,0.));
#7637 = ORIENTED_EDGE('',*,*,#326,.T.);
#7638 = ORIENTED_EDGE('',*,*,#303,.T.);
#7639 = PLANE('',#7640);
#7640 = AXIS2_PLACEMENT_3D('',#7641,#7642,#7643);
#7641 = CARTESIAN_POINT('',(-26.49388905702,-21.86783172382,
    0.800000011921));
#7642 = DIRECTION('',(-0.,-0.,-1.));
#7643 = DIRECTION('',(-1.,0.,0.));
#7644 = ADVANCED_FACE('',(#7645),#7656,.T.);
#7645 = FACE_BOUND('',#7646,.T.);
#7646 = EDGE_LOOP('',(#7647,#7653,#7654,#7655));
#7647 = ORIENTED_EDGE('',*,*,#7648,.T.);
#7648 = EDGE_CURVE('',#3319,#5879,#7649,.T.);
#7649 = LINE('',#7650,#7651);
#7650 = CARTESIAN_POINT('',(23.799999237061,-16.02945518493,
    0.790392637253));
#7651 = VECTOR('',#7652,1.);
#7652 = DIRECTION('',(-1.,0.,0.));
#7653 = ORIENTED_EDGE('',*,*,#5878,.F.);
#7654 = ORIENTED_EDGE('',*,*,#7338,.F.);
#7655 = ORIENTED_EDGE('',*,*,#3326,.T.);
#7656 = PLANE('',#7657);
#7657 = AXIS2_PLACEMENT_3D('',#7658,#7659,#7660);
#7658 = CARTESIAN_POINT('',(-2.74657791858E-16,-15.98255681991,
    0.776166200638));
#7659 = DIRECTION('',(-0.,-0.290284174985,-0.956940488094));
#7660 = DIRECTION('',(0.,-0.956940488094,0.290284174985));
#7661 = ADVANCED_FACE('',(#7662),#7668,.T.);
#7662 = FACE_BOUND('',#7663,.T.);
#7663 = EDGE_LOOP('',(#7664,#7665,#7666,#7667));
#7664 = ORIENTED_EDGE('',*,*,#6092,.F.);
#7665 = ORIENTED_EDGE('',*,*,#7648,.F.);
#7666 = ORIENTED_EDGE('',*,*,#3528,.T.);
#7667 = ORIENTED_EDGE('',*,*,#7362,.F.);
#7668 = PLANE('',#7669);
#7669 = AXIS2_PLACEMENT_3D('',#7670,#7671,#7672);
#7670 = CARTESIAN_POINT('',(0.,-16.07822799682,0.795196324587));
#7671 = DIRECTION('',(-0.,-9.801683003614E-02,-0.995184757233));
#7672 = DIRECTION('',(0.,-0.995184757233,9.801683003614E-02));
#7673 = ADVANCED_FACE('',(#7674),#7685,.T.);
#7674 = FACE_BOUND('',#7675,.T.);
#7675 = EDGE_LOOP('',(#7676,#7677,#7678,#7684));
#7676 = ORIENTED_EDGE('',*,*,#6256,.F.);
#7677 = ORIENTED_EDGE('',*,*,#1225,.T.);
#7678 = ORIENTED_EDGE('',*,*,#7679,.T.);
#7679 = EDGE_CURVE('',#1218,#444,#7680,.T.);
#7680 = LINE('',#7681,#7682);
#7681 = CARTESIAN_POINT('',(24.290391921997,-16.02945518493,
    0.300000011921));
#7682 = VECTOR('',#7683,1.);
#7683 = DIRECTION('',(0.,0.,-1.));
#7684 = ORIENTED_EDGE('',*,*,#443,.T.);
#7685 = PLANE('',#7686);
#7686 = AXIS2_PLACEMENT_3D('',#7687,#7688,#7689);
#7687 = CARTESIAN_POINT('',(24.295195579529,-16.07822799682,
    0.250000007451));
#7688 = DIRECTION('',(-0.99518481655,-9.801622777686E-02,-0.));
#7689 = DIRECTION('',(9.801622777686E-02,-0.99518481655,0.));
#7690 = ADVANCED_FACE('',(#7691),#7702,.T.);
#7691 = FACE_BOUND('',#7692,.T.);
#7692 = EDGE_LOOP('',(#7693,#7694,#7695,#7701));
#7693 = ORIENTED_EDGE('',*,*,#7679,.F.);
#7694 = ORIENTED_EDGE('',*,*,#1317,.T.);
#7695 = ORIENTED_EDGE('',*,*,#7696,.T.);
#7696 = EDGE_CURVE('',#1286,#452,#7697,.T.);
#7697 = LINE('',#7698,#7699);
#7698 = CARTESIAN_POINT('',(24.261940002441,-15.93565845489,
    0.300000011921));
#7699 = VECTOR('',#7700,1.);
#7700 = DIRECTION('',(0.,0.,-1.));
#7701 = ORIENTED_EDGE('',*,*,#451,.T.);
#7702 = PLANE('',#7703);
#7703 = AXIS2_PLACEMENT_3D('',#7704,#7705,#7706);
#7704 = CARTESIAN_POINT('',(24.276165962219,-15.98255681991,
    0.250000007451));
#7705 = DIRECTION('',(-0.956943190808,-0.290275265163,-0.));
#7706 = DIRECTION('',(0.290275265163,-0.956943190808,0.));
#7707 = ADVANCED_FACE('',(#7708),#7719,.T.);
#7708 = FACE_BOUND('',#7709,.T.);
#7709 = EDGE_LOOP('',(#7710,#7711,#7712,#7718));
#7710 = ORIENTED_EDGE('',*,*,#7696,.F.);
#7711 = ORIENTED_EDGE('',*,*,#1301,.T.);
#7712 = ORIENTED_EDGE('',*,*,#7713,.T.);
#7713 = EDGE_CURVE('',#1294,#460,#7714,.T.);
#7714 = LINE('',#7715,#7716);
#7715 = CARTESIAN_POINT('',(24.215734481812,-15.84921455383,
    0.300000011921));
#7716 = VECTOR('',#7717,1.);
#7717 = DIRECTION('',(0.,0.,-1.));
#7718 = ORIENTED_EDGE('',*,*,#459,.T.);
#7719 = PLANE('',#7720);
#7720 = AXIS2_PLACEMENT_3D('',#7721,#7722,#7723);
#7721 = CARTESIAN_POINT('',(24.238837242126,-15.89243650436,
    0.250000007451));
#7722 = DIRECTION('',(-0.88192002213,-0.471399060845,-0.));
#7723 = DIRECTION('',(0.471399060845,-0.88192002213,0.));
#7724 = ADVANCED_FACE('',(#7725),#7736,.T.);
#7725 = FACE_BOUND('',#7726,.T.);
#7726 = EDGE_LOOP('',(#7727,#7728,#7729,#7735));
#7727 = ORIENTED_EDGE('',*,*,#7713,.F.);
#7728 = ORIENTED_EDGE('',*,*,#1354,.T.);
#7729 = ORIENTED_EDGE('',*,*,#7730,.T.);
#7730 = EDGE_CURVE('',#1355,#468,#7731,.T.);
#7731 = LINE('',#7732,#7733);
#7732 = CARTESIAN_POINT('',(24.153553009033,-15.77344703674,
    0.300000011921));
#7733 = VECTOR('',#7734,1.);
#7734 = DIRECTION('',(0.,0.,-1.));
#7735 = ORIENTED_EDGE('',*,*,#467,.T.);
#7736 = PLANE('',#7737);
#7737 = AXIS2_PLACEMENT_3D('',#7738,#7739,#7740);
#7738 = CARTESIAN_POINT('',(24.184643745422,-15.81133079528,
    0.250000007451));
#7739 = DIRECTION('',(-0.773007058863,-0.634397420351,-0.));
#7740 = DIRECTION('',(0.634397420351,-0.773007058863,0.));
#7741 = ADVANCED_FACE('',(#7742),#7748,.T.);
#7742 = FACE_BOUND('',#7743,.T.);
#7743 = EDGE_LOOP('',(#7744,#7745,#7746,#7747));
#7744 = ORIENTED_EDGE('',*,*,#7730,.F.);
#7745 = ORIENTED_EDGE('',*,*,#1423,.T.);
#7746 = ORIENTED_EDGE('',*,*,#1177,.T.);
#7747 = ORIENTED_EDGE('',*,*,#475,.T.);
#7748 = PLANE('',#7749);
#7749 = AXIS2_PLACEMENT_3D('',#7750,#7751,#7752);
#7750 = CARTESIAN_POINT('',(24.115669250488,-15.74235630035,
    0.250000007451));
#7751 = DIRECTION('',(-0.634397420351,-0.773007058863,-0.));
#7752 = DIRECTION('',(-0.773007058863,0.634397420351,0.));
#7753 = ADVANCED_FACE('',(#7754),#7765,.T.);
#7754 = FACE_BOUND('',#7755,.T.);
#7755 = EDGE_LOOP('',(#7756,#7757,#7763,#7764));
#7756 = ORIENTED_EDGE('',*,*,#6287,.F.);
#7757 = ORIENTED_EDGE('',*,*,#7758,.T.);
#7758 = EDGE_CURVE('',#6280,#1208,#7759,.T.);
#7759 = LINE('',#7760,#7761);
#7760 = CARTESIAN_POINT('',(24.290391921997,-18.3794555664,
    0.397545158863));
#7761 = VECTOR('',#7762,1.);
#7762 = DIRECTION('',(0.,1.,0.));
#7763 = ORIENTED_EDGE('',*,*,#1207,.T.);
#7764 = ORIENTED_EDGE('',*,*,#6250,.F.);
#7765 = PLANE('',#7766);
#7766 = AXIS2_PLACEMENT_3D('',#7767,#7768,#7769);
#7767 = CARTESIAN_POINT('',(24.295292415758,-17.28768053621,
    0.347789386224));
#7768 = DIRECTION('',(-0.995184769813,-0.,-9.801670231362E-02));
#7769 = DIRECTION('',(9.801670231362E-02,0.,-0.995184769813));
#7770 = ADVANCED_FACE('',(#7771),#7782,.T.);
#7771 = FACE_BOUND('',#7772,.T.);
#7772 = EDGE_LOOP('',(#7773,#7774,#7780,#7781));
#7773 = ORIENTED_EDGE('',*,*,#6318,.F.);
#7774 = ORIENTED_EDGE('',*,*,#7775,.T.);
#7775 = EDGE_CURVE('',#6311,#1576,#7776,.T.);
#7776 = LINE('',#7777,#7778);
#7777 = CARTESIAN_POINT('',(24.261940002441,-18.28565788269,
    0.491341710091));
#7778 = VECTOR('',#7779,1.);
#7779 = DIRECTION('',(0.,1.,0.));
#7780 = ORIENTED_EDGE('',*,*,#1575,.T.);
#7781 = ORIENTED_EDGE('',*,*,#7758,.F.);
#7782 = PLANE('',#7783);
#7783 = AXIS2_PLACEMENT_3D('',#7784,#7785,#7786);
#7784 = CARTESIAN_POINT('',(24.276453243383,-17.23919109474,
    0.443496363669));
#7785 = DIRECTION('',(-0.956943037092,-0.,-0.290275771916));
#7786 = DIRECTION('',(0.290275771916,0.,-0.956943037092));
#7787 = ADVANCED_FACE('',(#7788),#7799,.T.);
#7788 = FACE_BOUND('',#7789,.T.);
#7789 = EDGE_LOOP('',(#7790,#7791,#7797,#7798));
#7790 = ORIENTED_EDGE('',*,*,#6349,.F.);
#7791 = ORIENTED_EDGE('',*,*,#7792,.T.);
#7792 = EDGE_CURVE('',#6342,#1863,#7793,.T.);
#7793 = LINE('',#7794,#7795);
#7794 = CARTESIAN_POINT('',(24.215734481812,-18.1992149353,
    0.577785134315));
#7795 = VECTOR('',#7796,1.);
#7796 = DIRECTION('',(0.,1.,0.));
#7797 = ORIENTED_EDGE('',*,*,#1862,.T.);
#7798 = ORIENTED_EDGE('',*,*,#7775,.F.);
#7799 = PLANE('',#7800);
#7800 = AXIS2_PLACEMENT_3D('',#7801,#7802,#7803);
#7801 = CARTESIAN_POINT('',(24.239285058163,-17.19288667859,
    0.533725627257));
#7802 = DIRECTION('',(-0.881918941082,-0.,-0.471401083326));
#7803 = DIRECTION('',(0.471401083326,0.,-0.881918941082));
#7804 = ADVANCED_FACE('',(#7805),#7816,.T.);
#7805 = FACE_BOUND('',#7806,.T.);
#7806 = EDGE_LOOP('',(#7807,#7808,#7814,#7815));
#7807 = ORIENTED_EDGE('',*,*,#6380,.F.);
#7808 = ORIENTED_EDGE('',*,*,#7809,.T.);
#7809 = EDGE_CURVE('',#6373,#2010,#7810,.T.);
#7810 = LINE('',#7811,#7812);
#7811 = CARTESIAN_POINT('',(24.153553009033,-18.12344741821,
    0.653553366661));
#7812 = VECTOR('',#7813,1.);
#7813 = DIRECTION('',(0.,1.,0.));
#7814 = ORIENTED_EDGE('',*,*,#2009,.T.);
#7815 = ORIENTED_EDGE('',*,*,#7792,.F.);
#7816 = PLANE('',#7817);
#7817 = AXIS2_PLACEMENT_3D('',#7818,#7819,#7820);
#7818 = CARTESIAN_POINT('',(24.18519277982,-17.1506335459,0.615000251123
    ));
#7819 = DIRECTION('',(-0.773009995707,-0.,-0.634393841818));
#7820 = DIRECTION('',(0.634393841818,0.,-0.773009995707));
#7821 = ADVANCED_FACE('',(#7822),#7833,.T.);
#7822 = FACE_BOUND('',#7823,.T.);
#7823 = EDGE_LOOP('',(#7824,#7825,#7826,#7832));
#7824 = ORIENTED_EDGE('',*,*,#7809,.F.);
#7825 = ORIENTED_EDGE('',*,*,#6394,.F.);
#7826 = ORIENTED_EDGE('',*,*,#7827,.T.);
#7827 = EDGE_CURVE('',#6395,#2797,#7828,.T.);
#7828 = LINE('',#7829,#7830);
#7829 = CARTESIAN_POINT('',(24.077785491943,-18.06126594543,
    0.715734779835));
#7830 = VECTOR('',#7831,1.);
#7831 = DIRECTION('',(0.,1.,0.));
#7832 = ORIENTED_EDGE('',*,*,#2805,.T.);
#7833 = PLANE('',#7834);
#7834 = AXIS2_PLACEMENT_3D('',#7835,#7836,#7837);
#7835 = CARTESIAN_POINT('',(24.116237592774,-17.11419376038,
    0.684177642146));
#7836 = DIRECTION('',(-0.634397056982,-0.,-0.773007357076));
#7837 = DIRECTION('',(-0.773007357076,0.,0.634397056982));
#7838 = ADVANCED_FACE('',(#7839),#7850,.T.);
#7839 = FACE_BOUND('',#7840,.T.);
#7840 = EDGE_LOOP('',(#7841,#7842,#7848,#7849));
#7841 = ORIENTED_EDGE('',*,*,#6442,.F.);
#7842 = ORIENTED_EDGE('',*,*,#7843,.T.);
#7843 = EDGE_CURVE('',#6435,#2999,#7844,.T.);
#7844 = LINE('',#7845,#7846);
#7845 = CARTESIAN_POINT('',(23.991342544556,-18.0150604248,
    0.761939764023));
#7846 = VECTOR('',#7847,1.);
#7847 = DIRECTION('',(0.,1.,0.));
#7848 = ORIENTED_EDGE('',*,*,#2998,.T.);
#7849 = ORIENTED_EDGE('',*,*,#7827,.F.);
#7850 = PLANE('',#7851);
#7851 = AXIS2_PLACEMENT_3D('',#7852,#7853,#7854);
#7852 = CARTESIAN_POINT('',(24.035059728816,-17.08516820597,
    0.738572307584));
#7853 = DIRECTION('',(-0.471398849062,-0.,-0.881920135331));
#7854 = DIRECTION('',(-0.881920135331,0.,0.471398849062));
#7855 = ADVANCED_FACE('',(#7856),#7867,.T.);
#7856 = FACE_BOUND('',#7857,.T.);
#7857 = EDGE_LOOP('',(#7858,#7859,#7865,#7866));
#7858 = ORIENTED_EDGE('',*,*,#6473,.F.);
#7859 = ORIENTED_EDGE('',*,*,#7860,.T.);
#7860 = EDGE_CURVE('',#6466,#3233,#7861,.T.);
#7861 = LINE('',#7862,#7863);
#7862 = CARTESIAN_POINT('',(23.89754486084,-17.9866065979,0.790392637253
    ));
#7863 = VECTOR('',#7864,1.);
#7864 = DIRECTION('',(0.,1.,0.));
#7865 = ORIENTED_EDGE('',*,*,#3232,.T.);
#7866 = ORIENTED_EDGE('',*,*,#7843,.F.);
#7867 = PLANE('',#7868);
#7868 = AXIS2_PLACEMENT_3D('',#7869,#7870,#7871);
#7869 = CARTESIAN_POINT('',(23.944781731224,-17.06492876623,
    0.776063662042));
#7870 = DIRECTION('',(-0.29028147226,-0.,-0.956941307951));
#7871 = DIRECTION('',(-0.956941307951,0.,0.29028147226));
#7872 = ADVANCED_FACE('',(#7873),#7879,.T.);
#7873 = FACE_BOUND('',#7874,.T.);
#7874 = EDGE_LOOP('',(#7875,#7876,#7877,#7878));
#7875 = ORIENTED_EDGE('',*,*,#6504,.F.);
#7876 = ORIENTED_EDGE('',*,*,#7368,.F.);
#7877 = ORIENTED_EDGE('',*,*,#3544,.T.);
#7878 = ORIENTED_EDGE('',*,*,#7860,.F.);
#7879 = PLANE('',#7880);
#7880 = AXIS2_PLACEMENT_3D('',#7881,#7882,#7883);
#7881 = CARTESIAN_POINT('',(23.848892008672,-17.05451930227,
    0.795184509623));
#7882 = DIRECTION('',(-9.801683003614E-02,-0.,-0.995184757233));
#7883 = DIRECTION('',(-0.995184757233,0.,9.801683003614E-02));
#7884 = ADVANCED_FACE('',(#7885),#7896,.T.);
#7885 = FACE_BOUND('',#7886,.T.);
#7886 = EDGE_LOOP('',(#7887,#7888,#7889,#7890));
#7887 = ORIENTED_EDGE('',*,*,#626,.T.);
#7888 = ORIENTED_EDGE('',*,*,#356,.T.);
#7889 = ORIENTED_EDGE('',*,*,#7632,.T.);
#7890 = ORIENTED_EDGE('',*,*,#7891,.T.);
#7891 = EDGE_CURVE('',#7625,#627,#7892,.T.);
#7892 = LINE('',#7893,#7894);
#7893 = CARTESIAN_POINT('',(-25.96594047546,-26.69534111022,
    0.800000011921));
#7894 = VECTOR('',#7895,1.);
#7895 = DIRECTION('',(0.,0.,-1.));
#7896 = PLANE('',#7897);
#7897 = AXIS2_PLACEMENT_3D('',#7898,#7899,#7900);
#7898 = CARTESIAN_POINT('',(-25.94608306884,-26.73249053955,
    0.500000007451));
#7899 = DIRECTION('',(-0.881915116129,-0.471408239155,-0.));
#7900 = DIRECTION('',(0.471408239155,-0.881915116129,0.));
#7901 = ADVANCED_FACE('',(#7902),#7913,.T.);
#7902 = FACE_BOUND('',#7903,.T.);
#7903 = EDGE_LOOP('',(#7904,#7905,#7906,#7912));
#7904 = ORIENTED_EDGE('',*,*,#7891,.F.);
#7905 = ORIENTED_EDGE('',*,*,#7624,.T.);
#7906 = ORIENTED_EDGE('',*,*,#7907,.T.);
#7907 = EDGE_CURVE('',#7617,#635,#7908,.T.);
#7908 = LINE('',#7909,#7910);
#7909 = CARTESIAN_POINT('',(-25.99439239502,-26.60154533386,
    0.800000011921));
#7910 = VECTOR('',#7911,1.);
#7911 = DIRECTION('',(0.,0.,-1.));
#7912 = ORIENTED_EDGE('',*,*,#634,.T.);
#7913 = PLANE('',#7914);
#7914 = AXIS2_PLACEMENT_3D('',#7915,#7916,#7917);
#7915 = CARTESIAN_POINT('',(-25.98016643524,-26.64844322204,
    0.500000007451));
#7916 = DIRECTION('',(-0.956942370977,-0.290277967868,-0.));
#7917 = DIRECTION('',(0.290277967868,-0.956942370977,0.));
#7918 = ADVANCED_FACE('',(#7919),#7930,.T.);
#7919 = FACE_BOUND('',#7920,.T.);
#7920 = EDGE_LOOP('',(#7921,#7922,#7923,#7929));
#7921 = ORIENTED_EDGE('',*,*,#7907,.F.);
#7922 = ORIENTED_EDGE('',*,*,#7616,.T.);
#7923 = ORIENTED_EDGE('',*,*,#7924,.F.);
#7924 = EDGE_CURVE('',#643,#7609,#7925,.T.);
#7925 = LINE('',#7926,#7927);
#7926 = CARTESIAN_POINT('',(-26.00200080871,-26.52430725097,
    0.20000000298));
#7927 = VECTOR('',#7928,1.);
#7928 = DIRECTION('',(0.,0.,1.));
#7929 = ORIENTED_EDGE('',*,*,#642,.T.);
#7930 = PLANE('',#7931);
#7931 = AXIS2_PLACEMENT_3D('',#7932,#7933,#7934);
#7932 = CARTESIAN_POINT('',(-25.99819660186,-26.56292629241,
    0.500000007451));
#7933 = DIRECTION('',(-0.995183310721,-9.803151565545E-02,-0.));
#7934 = DIRECTION('',(9.803151565545E-02,-0.995183310721,0.));
#7935 = ADVANCED_FACE('',(#7936),#7947,.T.);
#7936 = FACE_BOUND('',#7937,.T.);
#7937 = EDGE_LOOP('',(#7938,#7939,#7940,#7946));
#7938 = ORIENTED_EDGE('',*,*,#7924,.T.);
#7939 = ORIENTED_EDGE('',*,*,#7608,.T.);
#7940 = ORIENTED_EDGE('',*,*,#7941,.T.);
#7941 = EDGE_CURVE('',#7601,#651,#7942,.T.);
#7942 = LINE('',#7943,#7944);
#7943 = CARTESIAN_POINT('',(-26.00200080871,-18.00200080871,
    0.800000011921));
#7944 = VECTOR('',#7945,1.);
#7945 = DIRECTION('',(0.,0.,-1.));
#7946 = ORIENTED_EDGE('',*,*,#650,.T.);
#7947 = PLANE('',#7948);
#7948 = AXIS2_PLACEMENT_3D('',#7949,#7950,#7951);
#7949 = CARTESIAN_POINT('',(-26.00200080871,-22.26315402984,
    0.500000007451));
#7950 = DIRECTION('',(-1.,-0.,-0.));
#7951 = DIRECTION('',(0.,0.,-1.));
#7952 = ADVANCED_FACE('',(#7953),#7964,.T.);
#7953 = FACE_BOUND('',#7954,.T.);
#7954 = EDGE_LOOP('',(#7955,#7956,#7957,#7963));
#7955 = ORIENTED_EDGE('',*,*,#7941,.F.);
#7956 = ORIENTED_EDGE('',*,*,#7600,.T.);
#7957 = ORIENTED_EDGE('',*,*,#7958,.T.);
#7958 = EDGE_CURVE('',#7593,#659,#7959,.T.);
#7959 = LINE('',#7960,#7961);
#7960 = CARTESIAN_POINT('',(-26.01160812377,-17.90445518493,
    0.800000011921));
#7961 = VECTOR('',#7962,1.);
#7962 = DIRECTION('',(0.,0.,-1.));
#7963 = ORIENTED_EDGE('',*,*,#658,.T.);
#7964 = PLANE('',#7965);
#7965 = AXIS2_PLACEMENT_3D('',#7966,#7967,#7968);
#7966 = CARTESIAN_POINT('',(-26.00680446624,-17.95322799682,
    0.500000007451));
#7967 = DIRECTION('',(-0.99518481655,-9.801622777686E-02,-0.));
#7968 = DIRECTION('',(9.801622777686E-02,-0.99518481655,0.));
#7969 = ADVANCED_FACE('',(#7970),#7981,.T.);
#7970 = FACE_BOUND('',#7971,.T.);
#7971 = EDGE_LOOP('',(#7972,#7973,#7974,#7980));
#7972 = ORIENTED_EDGE('',*,*,#7958,.F.);
#7973 = ORIENTED_EDGE('',*,*,#7592,.T.);
#7974 = ORIENTED_EDGE('',*,*,#7975,.T.);
#7975 = EDGE_CURVE('',#7585,#667,#7976,.T.);
#7976 = LINE('',#7977,#7978);
#7977 = CARTESIAN_POINT('',(-26.04006004333,-17.81065750122,
    0.800000011921));
#7978 = VECTOR('',#7979,1.);
#7979 = DIRECTION('',(0.,0.,-1.));
#7980 = ORIENTED_EDGE('',*,*,#666,.T.);
#7981 = PLANE('',#7982);
#7982 = AXIS2_PLACEMENT_3D('',#7983,#7984,#7985);
#7983 = CARTESIAN_POINT('',(-26.02583408355,-17.85755634307,
    0.500000007451));
#7984 = DIRECTION('',(-0.956944010617,-0.290272562506,-0.));
#7985 = DIRECTION('',(0.290272562506,-0.956944010617,0.));
#7986 = ADVANCED_FACE('',(#7987),#7998,.T.);
#7987 = FACE_BOUND('',#7988,.T.);
#7988 = EDGE_LOOP('',(#7989,#7990,#7991,#7997));
#7989 = ORIENTED_EDGE('',*,*,#7975,.F.);
#7990 = ORIENTED_EDGE('',*,*,#7584,.T.);
#7991 = ORIENTED_EDGE('',*,*,#7992,.T.);
#7992 = EDGE_CURVE('',#7577,#675,#7993,.T.);
#7993 = LINE('',#7994,#7995);
#7994 = CARTESIAN_POINT('',(-26.08626556396,-17.72421455383,
    0.800000011921));
#7995 = VECTOR('',#7996,1.);
#7996 = DIRECTION('',(0.,0.,-1.));
#7997 = ORIENTED_EDGE('',*,*,#674,.T.);
#7998 = PLANE('',#7999);
#7999 = AXIS2_PLACEMENT_3D('',#8000,#8001,#8002);
#8000 = CARTESIAN_POINT('',(-26.06316280365,-17.76743602752,
    0.500000007451));
#8001 = DIRECTION('',(-0.881917860019,-0.471403105822,-0.));
#8002 = DIRECTION('',(0.471403105822,-0.881917860019,0.));
#8003 = ADVANCED_FACE('',(#8004),#8015,.T.);
#8004 = FACE_BOUND('',#8005,.T.);
#8005 = EDGE_LOOP('',(#8006,#8007,#8008,#8014));
#8006 = ORIENTED_EDGE('',*,*,#7992,.F.);
#8007 = ORIENTED_EDGE('',*,*,#7576,.T.);
#8008 = ORIENTED_EDGE('',*,*,#8009,.T.);
#8009 = EDGE_CURVE('',#7569,#683,#8010,.T.);
#8010 = LINE('',#8011,#8012);
#8011 = CARTESIAN_POINT('',(-26.14844703674,-17.64844703674,
    0.800000011921));
#8012 = VECTOR('',#8013,1.);
#8013 = DIRECTION('',(0.,0.,-1.));
#8014 = ORIENTED_EDGE('',*,*,#682,.T.);
#8015 = PLANE('',#8016);
#8016 = AXIS2_PLACEMENT_3D('',#8017,#8018,#8019);
#8017 = CARTESIAN_POINT('',(-26.11735630035,-17.68633079528,
    0.500000007451));
#8018 = DIRECTION('',(-0.773007058863,-0.634397420351,-0.));
#8019 = DIRECTION('',(0.634397420351,-0.773007058863,0.));
#8020 = ADVANCED_FACE('',(#8021),#8032,.T.);
#8021 = FACE_BOUND('',#8022,.T.);
#8022 = EDGE_LOOP('',(#8023,#8024,#8025,#8031));
#8023 = ORIENTED_EDGE('',*,*,#8009,.F.);
#8024 = ORIENTED_EDGE('',*,*,#7568,.T.);
#8025 = ORIENTED_EDGE('',*,*,#8026,.T.);
#8026 = EDGE_CURVE('',#7561,#691,#8027,.T.);
#8027 = LINE('',#8028,#8029);
#8028 = CARTESIAN_POINT('',(-26.22421455383,-17.58626556396,
    0.800000011921));
#8029 = VECTOR('',#8030,1.);
#8030 = DIRECTION('',(0.,0.,-1.));
#8031 = ORIENTED_EDGE('',*,*,#690,.T.);
#8032 = PLANE('',#8033);
#8033 = AXIS2_PLACEMENT_3D('',#8034,#8035,#8036);
#8034 = CARTESIAN_POINT('',(-26.18633079528,-17.61735630035,
    0.500000007451));
#8035 = DIRECTION('',(-0.634397420351,-0.773007058863,-0.));
#8036 = DIRECTION('',(-0.773007058863,0.634397420351,0.));
#8037 = ADVANCED_FACE('',(#8038),#8049,.T.);
#8038 = FACE_BOUND('',#8039,.T.);
#8039 = EDGE_LOOP('',(#8040,#8041,#8042,#8048));
#8040 = ORIENTED_EDGE('',*,*,#8026,.F.);
#8041 = ORIENTED_EDGE('',*,*,#7560,.T.);
#8042 = ORIENTED_EDGE('',*,*,#8043,.T.);
#8043 = EDGE_CURVE('',#7553,#699,#8044,.T.);
#8044 = LINE('',#8045,#8046);
#8045 = CARTESIAN_POINT('',(-26.31065750122,-17.54006004333,
    0.800000011921));
#8046 = VECTOR('',#8047,1.);
#8047 = DIRECTION('',(0.,0.,-1.));
#8048 = ORIENTED_EDGE('',*,*,#698,.T.);
#8049 = PLANE('',#8050);
#8050 = AXIS2_PLACEMENT_3D('',#8051,#8052,#8053);
#8051 = CARTESIAN_POINT('',(-26.26743602752,-17.56316280365,
    0.500000007451));
#8052 = DIRECTION('',(-0.471403105822,-0.881917860019,-0.));
#8053 = DIRECTION('',(-0.881917860019,0.471403105822,0.));
#8054 = ADVANCED_FACE('',(#8055),#8066,.T.);
#8055 = FACE_BOUND('',#8056,.T.);
#8056 = EDGE_LOOP('',(#8057,#8058,#8059,#8065));
#8057 = ORIENTED_EDGE('',*,*,#8043,.F.);
#8058 = ORIENTED_EDGE('',*,*,#7552,.T.);
#8059 = ORIENTED_EDGE('',*,*,#8060,.T.);
#8060 = EDGE_CURVE('',#7545,#707,#8061,.T.);
#8061 = LINE('',#8062,#8063);
#8062 = CARTESIAN_POINT('',(-26.40445518493,-17.51160812377,
    0.800000011921));
#8063 = VECTOR('',#8064,1.);
#8064 = DIRECTION('',(0.,0.,-1.));
#8065 = ORIENTED_EDGE('',*,*,#706,.T.);
#8066 = PLANE('',#8067);
#8067 = AXIS2_PLACEMENT_3D('',#8068,#8069,#8070);
#8068 = CARTESIAN_POINT('',(-26.35755634307,-17.52583408355,
    0.500000007451));
#8069 = DIRECTION('',(-0.290272562506,-0.956944010617,-0.));
#8070 = DIRECTION('',(-0.956944010617,0.290272562506,0.));
#8071 = ADVANCED_FACE('',(#8072),#8083,.T.);
#8072 = FACE_BOUND('',#8073,.T.);
#8073 = EDGE_LOOP('',(#8074,#8075,#8076,#8082));
#8074 = ORIENTED_EDGE('',*,*,#8060,.F.);
#8075 = ORIENTED_EDGE('',*,*,#7544,.T.);
#8076 = ORIENTED_EDGE('',*,*,#8077,.T.);
#8077 = EDGE_CURVE('',#7537,#715,#8078,.T.);
#8078 = LINE('',#8079,#8080);
#8079 = CARTESIAN_POINT('',(-26.50200080871,-17.50200080871,
    0.800000011921));
#8080 = VECTOR('',#8081,1.);
#8081 = DIRECTION('',(0.,0.,-1.));
#8082 = ORIENTED_EDGE('',*,*,#714,.T.);
#8083 = PLANE('',#8084);
#8084 = AXIS2_PLACEMENT_3D('',#8085,#8086,#8087);
#8085 = CARTESIAN_POINT('',(-26.45322799682,-17.50680446624,
    0.500000007451));
#8086 = DIRECTION('',(-9.801622777686E-02,-0.99518481655,-0.));
#8087 = DIRECTION('',(-0.99518481655,9.801622777686E-02,0.));
#8088 = ADVANCED_FACE('',(#8089),#8100,.T.);
#8089 = FACE_BOUND('',#8090,.T.);
#8090 = EDGE_LOOP('',(#8091,#8092,#8093,#8099));
#8091 = ORIENTED_EDGE('',*,*,#8077,.F.);
#8092 = ORIENTED_EDGE('',*,*,#7536,.T.);
#8093 = ORIENTED_EDGE('',*,*,#8094,.T.);
#8094 = EDGE_CURVE('',#7529,#723,#8095,.T.);
#8095 = LINE('',#8096,#8097);
#8096 = CARTESIAN_POINT('',(-26.52230644226,-17.50200080871,
    0.800000011921));
#8097 = VECTOR('',#8098,1.);
#8098 = DIRECTION('',(0.,0.,-1.));
#8099 = ORIENTED_EDGE('',*,*,#722,.T.);
#8100 = PLANE('',#8101);
#8101 = AXIS2_PLACEMENT_3D('',#8102,#8103,#8104);
#8102 = CARTESIAN_POINT('',(-26.51215362548,-17.50200080871,
    0.500000007451));
#8103 = DIRECTION('',(-0.,-1.,-0.));
#8104 = DIRECTION('',(0.,0.,-1.));
#8105 = ADVANCED_FACE('',(#8106),#8117,.T.);
#8106 = FACE_BOUND('',#8107,.T.);
#8107 = EDGE_LOOP('',(#8108,#8109,#8110,#8116));
#8108 = ORIENTED_EDGE('',*,*,#8094,.F.);
#8109 = ORIENTED_EDGE('',*,*,#7528,.T.);
#8110 = ORIENTED_EDGE('',*,*,#8111,.T.);
#8111 = EDGE_CURVE('',#7521,#731,#8112,.T.);
#8112 = LINE('',#8113,#8114);
#8113 = CARTESIAN_POINT('',(-26.59954452514,-17.49439239502,
    0.800000011921));
#8114 = VECTOR('',#8115,1.);
#8115 = DIRECTION('',(0.,0.,-1.));
#8116 = ORIENTED_EDGE('',*,*,#730,.T.);
#8117 = PLANE('',#8118);
#8118 = AXIS2_PLACEMENT_3D('',#8119,#8120,#8121);
#8119 = CARTESIAN_POINT('',(-26.5609254837,-17.49819660186,
    0.500000007451));
#8120 = DIRECTION('',(-9.803151565545E-02,-0.995183310721,-0.));
#8121 = DIRECTION('',(-0.995183310721,9.803151565545E-02,0.));
#8122 = ADVANCED_FACE('',(#8123),#8134,.T.);
#8123 = FACE_BOUND('',#8124,.T.);
#8124 = EDGE_LOOP('',(#8125,#8126,#8127,#8133));
#8125 = ORIENTED_EDGE('',*,*,#8111,.F.);
#8126 = ORIENTED_EDGE('',*,*,#7520,.T.);
#8127 = ORIENTED_EDGE('',*,*,#8128,.T.);
#8128 = EDGE_CURVE('',#7513,#739,#8129,.T.);
#8129 = LINE('',#8130,#8131);
#8130 = CARTESIAN_POINT('',(-26.69334220886,-17.46594047546,
    0.800000011921));
#8131 = VECTOR('',#8132,1.);
#8132 = DIRECTION('',(0.,0.,-1.));
#8133 = ORIENTED_EDGE('',*,*,#738,.T.);
#8134 = PLANE('',#8135);
#8135 = AXIS2_PLACEMENT_3D('',#8136,#8137,#8138);
#8136 = CARTESIAN_POINT('',(-26.646443367,-17.48016643524,0.500000007451
    ));
#8137 = DIRECTION('',(-0.290272562506,-0.956944010617,-0.));
#8138 = DIRECTION('',(-0.956944010617,0.290272562506,0.));
#8139 = ADVANCED_FACE('',(#8140),#8151,.T.);
#8140 = FACE_BOUND('',#8141,.T.);
#8141 = EDGE_LOOP('',(#8142,#8143,#8144,#8150));
#8142 = ORIENTED_EDGE('',*,*,#8128,.F.);
#8143 = ORIENTED_EDGE('',*,*,#7512,.T.);
#8144 = ORIENTED_EDGE('',*,*,#8145,.T.);
#8145 = EDGE_CURVE('',#7505,#747,#8146,.T.);
#8146 = LINE('',#8147,#8148);
#8147 = CARTESIAN_POINT('',(-26.77978515625,-17.41973495483,
    0.800000011921));
#8148 = VECTOR('',#8149,1.);
#8149 = DIRECTION('',(0.,0.,-1.));
#8150 = ORIENTED_EDGE('',*,*,#746,.T.);
#8151 = PLANE('',#8152);
#8152 = AXIS2_PLACEMENT_3D('',#8153,#8154,#8155);
#8153 = CARTESIAN_POINT('',(-26.73656368255,-17.44283771514,
    0.500000007451));
#8154 = DIRECTION('',(-0.471403105822,-0.881917860019,-0.));
#8155 = DIRECTION('',(-0.881917860019,0.471403105822,0.));
#8156 = ADVANCED_FACE('',(#8157),#8168,.T.);
#8157 = FACE_BOUND('',#8158,.T.);
#8158 = EDGE_LOOP('',(#8159,#8160,#8161,#8167));
#8159 = ORIENTED_EDGE('',*,*,#8145,.F.);
#8160 = ORIENTED_EDGE('',*,*,#7504,.T.);
#8161 = ORIENTED_EDGE('',*,*,#8162,.T.);
#8162 = EDGE_CURVE('',#7497,#755,#8163,.T.);
#8163 = LINE('',#8164,#8165);
#8164 = CARTESIAN_POINT('',(-26.85555267334,-17.35755348205,
    0.800000011921));
#8165 = VECTOR('',#8166,1.);
#8166 = DIRECTION('',(0.,0.,-1.));
#8167 = ORIENTED_EDGE('',*,*,#754,.T.);
#8168 = PLANE('',#8169);
#8169 = AXIS2_PLACEMENT_3D('',#8170,#8171,#8172);
#8170 = CARTESIAN_POINT('',(-26.81766891479,-17.38864421844,
    0.500000007451));
#8171 = DIRECTION('',(-0.634397420351,-0.773007058863,-0.));
#8172 = DIRECTION('',(-0.773007058863,0.634397420351,0.));
#8173 = ADVANCED_FACE('',(#8174),#8185,.T.);
#8174 = FACE_BOUND('',#8175,.T.);
#8175 = EDGE_LOOP('',(#8176,#8177,#8178,#8184));
#8176 = ORIENTED_EDGE('',*,*,#8162,.F.);
#8177 = ORIENTED_EDGE('',*,*,#7496,.T.);
#8178 = ORIENTED_EDGE('',*,*,#8179,.T.);
#8179 = EDGE_CURVE('',#7489,#763,#8180,.T.);
#8180 = LINE('',#8181,#8182);
#8181 = CARTESIAN_POINT('',(-26.91773414611,-17.28178596496,
    0.800000011921));
#8182 = VECTOR('',#8183,1.);
#8183 = DIRECTION('',(0.,0.,-1.));
#8184 = ORIENTED_EDGE('',*,*,#762,.T.);
#8185 = PLANE('',#8186);
#8186 = AXIS2_PLACEMENT_3D('',#8187,#8188,#8189);
#8187 = CARTESIAN_POINT('',(-26.88664340972,-17.31966972351,
    0.500000007451));
#8188 = DIRECTION('',(-0.773007058863,-0.634397420351,-0.));
#8189 = DIRECTION('',(0.634397420351,-0.773007058863,0.));
#8190 = ADVANCED_FACE('',(#8191),#8202,.T.);
#8191 = FACE_BOUND('',#8192,.T.);
#8192 = EDGE_LOOP('',(#8193,#8194,#8195,#8201));
#8193 = ORIENTED_EDGE('',*,*,#8179,.F.);
#8194 = ORIENTED_EDGE('',*,*,#7488,.T.);
#8195 = ORIENTED_EDGE('',*,*,#8196,.T.);
#8196 = EDGE_CURVE('',#7481,#771,#8197,.T.);
#8197 = LINE('',#8198,#8199);
#8198 = CARTESIAN_POINT('',(-26.96393966674,-17.19534111022,
    0.800000011921));
#8199 = VECTOR('',#8200,1.);
#8200 = DIRECTION('',(0.,0.,-1.));
#8201 = ORIENTED_EDGE('',*,*,#770,.T.);
#8202 = PLANE('',#8203);
#8203 = AXIS2_PLACEMENT_3D('',#8204,#8205,#8206);
#8204 = CARTESIAN_POINT('',(-26.94083690643,-17.23856353759,
    0.500000007451));
#8205 = DIRECTION('',(-0.881922184185,-0.471395015928,-0.));
#8206 = DIRECTION('',(0.471395015928,-0.881922184185,0.));
#8207 = ADVANCED_FACE('',(#8208),#8219,.T.);
#8208 = FACE_BOUND('',#8209,.T.);
#8209 = EDGE_LOOP('',(#8210,#8211,#8212,#8218));
#8210 = ORIENTED_EDGE('',*,*,#8196,.F.);
#8211 = ORIENTED_EDGE('',*,*,#7480,.T.);
#8212 = ORIENTED_EDGE('',*,*,#8213,.T.);
#8213 = EDGE_CURVE('',#7473,#779,#8214,.T.);
#8214 = LINE('',#8215,#8216);
#8215 = CARTESIAN_POINT('',(-26.99239349365,-17.10154533386,
    0.800000011921));
#8216 = VECTOR('',#8217,1.);
#8217 = DIRECTION('',(0.,0.,-1.));
#8218 = ORIENTED_EDGE('',*,*,#778,.T.);
#8219 = PLANE('',#8220);
#8220 = AXIS2_PLACEMENT_3D('',#8221,#8222,#8223);
#8221 = CARTESIAN_POINT('',(-26.9781665802,-17.14844322204,
    0.500000007451));
#8222 = DIRECTION('',(-0.956936965384,-0.290295787571,-0.));
#8223 = DIRECTION('',(0.290295787571,-0.956936965384,0.));
#8224 = ADVANCED_FACE('',(#8225),#8236,.T.);
#8225 = FACE_BOUND('',#8226,.T.);
#8226 = EDGE_LOOP('',(#8227,#8228,#8229,#8235));
#8227 = ORIENTED_EDGE('',*,*,#8213,.F.);
#8228 = ORIENTED_EDGE('',*,*,#7472,.T.);
#8229 = ORIENTED_EDGE('',*,*,#8230,.T.);
#8230 = EDGE_CURVE('',#7465,#787,#8231,.T.);
#8231 = LINE('',#8232,#8233);
#8232 = CARTESIAN_POINT('',(-27.,-17.02430725097,0.800000011921));
#8233 = VECTOR('',#8234,1.);
#8234 = DIRECTION('',(0.,0.,-1.));
#8235 = ORIENTED_EDGE('',*,*,#786,.T.);
#8236 = PLANE('',#8237);
#8237 = AXIS2_PLACEMENT_3D('',#8238,#8239,#8240);
#8238 = CARTESIAN_POINT('',(-26.99619674682,-17.06292629241,
    0.500000007451));
#8239 = DIRECTION('',(-0.995185707995,-9.800717628063E-02,-0.));
#8240 = DIRECTION('',(9.800717628063E-02,-0.995185707995,0.));
#8241 = ADVANCED_FACE('',(#8242),#8260,.T.);
#8242 = FACE_BOUND('',#8243,.T.);
#8243 = EDGE_LOOP('',(#8244,#8245,#8246,#8254));
#8244 = ORIENTED_EDGE('',*,*,#395,.T.);
#8245 = ORIENTED_EDGE('',*,*,#619,.F.);
#8246 = ORIENTED_EDGE('',*,*,#8247,.F.);
#8247 = EDGE_CURVE('',#8248,#612,#8250,.T.);
#8248 = VERTEX_POINT('',#8249);
#8249 = CARTESIAN_POINT('',(-25.61803436279,-26.90211296081,2.));
#8250 = LINE('',#8251,#8252);
#8251 = CARTESIAN_POINT('',(-25.61803436279,-26.90211296081,2.));
#8252 = VECTOR('',#8253,1.);
#8253 = DIRECTION('',(0.,0.,-1.));
#8254 = ORIENTED_EDGE('',*,*,#8255,.T.);
#8255 = EDGE_CURVE('',#8248,#396,#8256,.T.);
#8256 = LINE('',#8257,#8258);
#8257 = CARTESIAN_POINT('',(-25.61803436279,-26.90211296081,2.));
#8258 = VECTOR('',#8259,1.);
#8259 = DIRECTION('',(-0.933580463729,0.358367852554,0.));
#8260 = PLANE('',#8261);
#8261 = AXIS2_PLACEMENT_3D('',#8262,#8263,#8264);
#8262 = CARTESIAN_POINT('',(-25.71575355529,-26.86460208892,
    1.10000000149));
#8263 = DIRECTION('',(-0.358367852554,-0.933580463729,-0.));
#8264 = DIRECTION('',(-0.933580463729,0.358367852554,0.));
#8265 = ADVANCED_FACE('',(#8266),#8284,.T.);
#8266 = FACE_BOUND('',#8267,.T.);
#8267 = EDGE_LOOP('',(#8268,#8269,#8270,#8278));
#8268 = ORIENTED_EDGE('',*,*,#8247,.T.);
#8269 = ORIENTED_EDGE('',*,*,#611,.F.);
#8270 = ORIENTED_EDGE('',*,*,#8271,.F.);
#8271 = EDGE_CURVE('',#8272,#604,#8274,.T.);
#8272 = VERTEX_POINT('',#8273);
#8273 = CARTESIAN_POINT('',(-25.41582298278,-26.95629501342,2.));
#8274 = LINE('',#8275,#8276);
#8275 = CARTESIAN_POINT('',(-25.41582298278,-26.95629501342,2.));
#8276 = VECTOR('',#8277,1.);
#8277 = DIRECTION('',(0.,0.,-1.));
#8278 = ORIENTED_EDGE('',*,*,#8279,.T.);
#8279 = EDGE_CURVE('',#8272,#8248,#8280,.T.);
#8280 = LINE('',#8281,#8282);
#8281 = CARTESIAN_POINT('',(-25.41582298278,-26.95629501342,2.));
#8282 = VECTOR('',#8283,1.);
#8283 = DIRECTION('',(-0.965926212446,0.25881760394,0.));
#8284 = PLANE('',#8285);
#8285 = AXIS2_PLACEMENT_3D('',#8286,#8287,#8288);
#8286 = CARTESIAN_POINT('',(-25.51692867279,-26.92920398712,
    1.10000000149));
#8287 = DIRECTION('',(-0.25881760394,-0.965926212446,-0.));
#8288 = DIRECTION('',(-0.965926212446,0.25881760394,0.));
#8289 = ADVANCED_FACE('',(#8290),#8308,.T.);
#8290 = FACE_BOUND('',#8291,.T.);
#8291 = EDGE_LOOP('',(#8292,#8293,#8294,#8302));
#8292 = ORIENTED_EDGE('',*,*,#8271,.T.);
#8293 = ORIENTED_EDGE('',*,*,#603,.F.);
#8294 = ORIENTED_EDGE('',*,*,#8295,.F.);
#8295 = EDGE_CURVE('',#8296,#596,#8298,.T.);
#8296 = VERTEX_POINT('',#8297);
#8297 = CARTESIAN_POINT('',(-25.20905685424,-26.98904418945,2.));
#8298 = LINE('',#8299,#8300);
#8299 = CARTESIAN_POINT('',(-25.20905685424,-26.98904418945,2.));
#8300 = VECTOR('',#8301,1.);
#8301 = DIRECTION('',(0.,0.,-1.));
#8302 = ORIENTED_EDGE('',*,*,#8303,.T.);
#8303 = EDGE_CURVE('',#8296,#8272,#8304,.T.);
#8304 = LINE('',#8305,#8306);
#8305 = CARTESIAN_POINT('',(-25.20905685424,-26.98904418945,2.));
#8306 = VECTOR('',#8307,1.);
#8307 = DIRECTION('',(-0.987687869354,0.15643744031,0.));
#8308 = PLANE('',#8309);
#8309 = AXIS2_PLACEMENT_3D('',#8310,#8311,#8312);
#8310 = CARTESIAN_POINT('',(-25.31243991851,-26.97266960144,
    1.10000000149));
#8311 = DIRECTION('',(-0.15643744031,-0.987687869354,-0.));
#8312 = DIRECTION('',(-0.987687869354,0.15643744031,0.));
#8313 = ADVANCED_FACE('',(#8314),#8332,.T.);
#8314 = FACE_BOUND('',#8315,.T.);
#8315 = EDGE_LOOP('',(#8316,#8317,#8318,#8326));
#8316 = ORIENTED_EDGE('',*,*,#8295,.T.);
#8317 = ORIENTED_EDGE('',*,*,#595,.F.);
#8318 = ORIENTED_EDGE('',*,*,#8319,.F.);
#8319 = EDGE_CURVE('',#8320,#588,#8322,.T.);
#8320 = VERTEX_POINT('',#8321);
#8321 = CARTESIAN_POINT('',(-25.,-27.,2.));
#8322 = LINE('',#8323,#8324);
#8323 = CARTESIAN_POINT('',(-25.,-27.,2.));
#8324 = VECTOR('',#8325,1.);
#8325 = DIRECTION('',(0.,0.,-1.));
#8326 = ORIENTED_EDGE('',*,*,#8327,.T.);
#8327 = EDGE_CURVE('',#8320,#8296,#8328,.T.);
#8328 = LINE('',#8329,#8330);
#8329 = CARTESIAN_POINT('',(-25.,-27.,2.));
#8330 = VECTOR('',#8331,1.);
#8331 = DIRECTION('',(-0.99862963335,5.233407490429E-02,0.));
#8332 = PLANE('',#8333);
#8333 = AXIS2_PLACEMENT_3D('',#8334,#8335,#8336);
#8334 = CARTESIAN_POINT('',(-25.10452842712,-26.99452209472,
    1.10000000149));
#8335 = DIRECTION('',(-5.233407490429E-02,-0.99862963335,-0.));
#8336 = DIRECTION('',(-0.99862963335,5.233407490429E-02,0.));
#8337 = ADVANCED_FACE('',(#8338),#8349,.T.);
#8338 = FACE_BOUND('',#8339,.T.);
#8339 = EDGE_LOOP('',(#8340,#8341,#8342,#8343));
#8340 = ORIENTED_EDGE('',*,*,#8319,.T.);
#8341 = ORIENTED_EDGE('',*,*,#587,.F.);
#8342 = ORIENTED_EDGE('',*,*,#7076,.F.);
#8343 = ORIENTED_EDGE('',*,*,#8344,.T.);
#8344 = EDGE_CURVE('',#7069,#8320,#8345,.T.);
#8345 = LINE('',#8346,#8347);
#8346 = CARTESIAN_POINT('',(-24.29999923706,-27.,2.));
#8347 = VECTOR('',#8348,1.);
#8348 = DIRECTION('',(-1.,0.,0.));
#8349 = PLANE('',#8350);
#8350 = AXIS2_PLACEMENT_3D('',#8351,#8352,#8353);
#8351 = CARTESIAN_POINT('',(-24.64999961853,-27.,1.10000000149));
#8352 = DIRECTION('',(-0.,-1.,-0.));
#8353 = DIRECTION('',(0.,0.,-1.));
#8354 = ADVANCED_FACE('',(#8355),#8373,.T.);
#8355 = FACE_BOUND('',#8356,.T.);
#8356 = EDGE_LOOP('',(#8357,#8358,#8366,#8372));
#8357 = ORIENTED_EDGE('',*,*,#427,.F.);
#8358 = ORIENTED_EDGE('',*,*,#8359,.T.);
#8359 = EDGE_CURVE('',#420,#8360,#8362,.T.);
#8360 = VERTEX_POINT('',#8361);
#8361 = CARTESIAN_POINT('',(25.,-27.,2.));
#8362 = LINE('',#8363,#8364);
#8363 = CARTESIAN_POINT('',(25.,-27.,0.20000000298));
#8364 = VECTOR('',#8365,1.);
#8365 = DIRECTION('',(0.,0.,1.));
#8366 = ORIENTED_EDGE('',*,*,#8367,.T.);
#8367 = EDGE_CURVE('',#8360,#6227,#8368,.T.);
#8368 = LINE('',#8369,#8370);
#8369 = CARTESIAN_POINT('',(25.,-27.,2.));
#8370 = VECTOR('',#8371,1.);
#8371 = DIRECTION('',(-1.,0.,0.));
#8372 = ORIENTED_EDGE('',*,*,#6226,.F.);
#8373 = PLANE('',#8374);
#8374 = AXIS2_PLACEMENT_3D('',#8375,#8376,#8377);
#8375 = CARTESIAN_POINT('',(24.64999961853,-27.,1.10000000149));
#8376 = DIRECTION('',(-0.,-1.,-0.));
#8377 = DIRECTION('',(0.,0.,-1.));
#8378 = ADVANCED_FACE('',(#8379),#8406,.T.);
#8379 = FACE_BOUND('',#8380,.T.);
#8380 = EDGE_LOOP('',(#8381,#8382,#8383,#8391,#8399,#8405));
#8381 = ORIENTED_EDGE('',*,*,#8230,.F.);
#8382 = ORIENTED_EDGE('',*,*,#7464,.F.);
#8383 = ORIENTED_EDGE('',*,*,#8384,.F.);
#8384 = EDGE_CURVE('',#8385,#7457,#8387,.T.);
#8385 = VERTEX_POINT('',#8386);
#8386 = CARTESIAN_POINT('',(-27.,-25.,2.));
#8387 = LINE('',#8388,#8389);
#8388 = CARTESIAN_POINT('',(-27.,-25.,2.));
#8389 = VECTOR('',#8390,1.);
#8390 = DIRECTION('',(0.,0.,-1.));
#8391 = ORIENTED_EDGE('',*,*,#8392,.T.);
#8392 = EDGE_CURVE('',#8385,#8393,#8395,.T.);
#8393 = VERTEX_POINT('',#8394);
#8394 = CARTESIAN_POINT('',(-27.,7.,2.));
#8395 = LINE('',#8396,#8397);
#8396 = CARTESIAN_POINT('',(-27.,-25.,2.));
#8397 = VECTOR('',#8398,1.);
#8398 = DIRECTION('',(0.,1.,0.));
#8399 = ORIENTED_EDGE('',*,*,#8400,.T.);
#8400 = EDGE_CURVE('',#8393,#795,#8401,.T.);
#8401 = LINE('',#8402,#8403);
#8402 = CARTESIAN_POINT('',(-27.,7.,2.));
#8403 = VECTOR('',#8404,1.);
#8404 = DIRECTION('',(0.,0.,-1.));
#8405 = ORIENTED_EDGE('',*,*,#794,.F.);
#8406 = PLANE('',#8407);
#8407 = AXIS2_PLACEMENT_3D('',#8408,#8409,#8410);
#8408 = CARTESIAN_POINT('',(-27.,-8.92920982661,1.17079017488));
#8409 = DIRECTION('',(-1.,-0.,-0.));
#8410 = DIRECTION('',(0.,0.,-1.));
#8411 = ADVANCED_FACE('',(#8412),#8430,.T.);
#8412 = FACE_BOUND('',#8413,.T.);
#8413 = EDGE_LOOP('',(#8414,#8422,#8423,#8424));
#8414 = ORIENTED_EDGE('',*,*,#8415,.T.);
#8415 = EDGE_CURVE('',#8416,#7393,#8418,.T.);
#8416 = VERTEX_POINT('',#8417);
#8417 = CARTESIAN_POINT('',(-26.33826065063,-26.48628997802,2.));
#8418 = LINE('',#8419,#8420);
#8419 = CARTESIAN_POINT('',(-26.33826065063,-26.48628997802,2.));
#8420 = VECTOR('',#8421,1.);
#8421 = DIRECTION('',(0.,0.,-1.));
#8422 = ORIENTED_EDGE('',*,*,#7392,.F.);
#8423 = ORIENTED_EDGE('',*,*,#247,.F.);
#8424 = ORIENTED_EDGE('',*,*,#8425,.T.);
#8425 = EDGE_CURVE('',#248,#8416,#8426,.T.);
#8426 = LINE('',#8427,#8428);
#8427 = CARTESIAN_POINT('',(-26.17557144165,-26.61803436279,2.));
#8428 = VECTOR('',#8429,1.);
#8429 = DIRECTION('',(-0.777143015556,0.629324028917,0.));
#8430 = PLANE('',#8431);
#8431 = AXIS2_PLACEMENT_3D('',#8432,#8433,#8434);
#8432 = CARTESIAN_POINT('',(-26.25691604614,-26.55216217041,
    1.40000000596));
#8433 = DIRECTION('',(-0.629324028917,-0.777143015556,-0.));
#8434 = DIRECTION('',(-0.777143015556,0.629324028917,0.));
#8435 = ADVANCED_FACE('',(#8436),#8461,.T.);
#8436 = FACE_BOUND('',#8437,.T.);
#8437 = EDGE_LOOP('',(#8438,#8446,#8447,#8455));
#8438 = ORIENTED_EDGE('',*,*,#8439,.T.);
#8439 = EDGE_CURVE('',#8440,#7425,#8442,.T.);
#8440 = VERTEX_POINT('',#8441);
#8441 = CARTESIAN_POINT('',(-26.82709121704,-25.8134727478,2.));
#8442 = LINE('',#8443,#8444);
#8443 = CARTESIAN_POINT('',(-26.82709121704,-25.8134727478,2.));
#8444 = VECTOR('',#8445,1.);
#8445 = DIRECTION('',(0.,0.,-1.));
#8446 = ORIENTED_EDGE('',*,*,#7424,.F.);
#8447 = ORIENTED_EDGE('',*,*,#8448,.F.);
#8448 = EDGE_CURVE('',#8449,#7417,#8451,.T.);
#8449 = VERTEX_POINT('',#8450);
#8450 = CARTESIAN_POINT('',(-26.73204994201,-26.,2.));
#8451 = LINE('',#8452,#8453);
#8452 = CARTESIAN_POINT('',(-26.73204994201,-26.,2.));
#8453 = VECTOR('',#8454,1.);
#8454 = DIRECTION('',(0.,0.,-1.));
#8455 = ORIENTED_EDGE('',*,*,#8456,.T.);
#8456 = EDGE_CURVE('',#8449,#8440,#8457,.T.);
#8457 = LINE('',#8458,#8459);
#8458 = CARTESIAN_POINT('',(-26.73204994201,-26.,2.));
#8459 = VECTOR('',#8460,1.);
#8460 = DIRECTION('',(-0.453993886257,0.891004798664,0.));
#8461 = PLANE('',#8462);
#8462 = AXIS2_PLACEMENT_3D('',#8463,#8464,#8465);
#8463 = CARTESIAN_POINT('',(-26.77957057952,-25.9067363739,1.40000000596
    ));
#8464 = DIRECTION('',(-0.891004798664,-0.453993886257,-0.));
#8465 = DIRECTION('',(0.453993886257,-0.891004798664,0.));
#8466 = ADVANCED_FACE('',(#8467),#8485,.T.);
#8467 = FACE_BOUND('',#8468,.T.);
#8468 = EDGE_LOOP('',(#8469,#8470,#8471,#8479));
#8469 = ORIENTED_EDGE('',*,*,#8448,.T.);
#8470 = ORIENTED_EDGE('',*,*,#7416,.F.);
#8471 = ORIENTED_EDGE('',*,*,#8472,.F.);
#8472 = EDGE_CURVE('',#8473,#7409,#8475,.T.);
#8473 = VERTEX_POINT('',#8474);
#8474 = CARTESIAN_POINT('',(-26.61803436279,-26.17557144165,2.));
#8475 = LINE('',#8476,#8477);
#8476 = CARTESIAN_POINT('',(-26.61803436279,-26.17557144165,2.));
#8477 = VECTOR('',#8478,1.);
#8478 = DIRECTION('',(0.,0.,-1.));
#8479 = ORIENTED_EDGE('',*,*,#8480,.T.);
#8480 = EDGE_CURVE('',#8473,#8449,#8481,.T.);
#8481 = LINE('',#8482,#8483);
#8482 = CARTESIAN_POINT('',(-26.61803436279,-26.17557144165,2.));
#8483 = VECTOR('',#8484,1.);
#8484 = DIRECTION('',(-0.544632825515,0.838674600409,0.));
#8485 = PLANE('',#8486);
#8486 = AXIS2_PLACEMENT_3D('',#8487,#8488,#8489);
#8487 = CARTESIAN_POINT('',(-26.6750421524,-26.08778572082,1.40000000596
    ));
#8488 = DIRECTION('',(-0.838674600409,-0.544632825515,-0.));
#8489 = DIRECTION('',(0.544632825515,-0.838674600409,0.));
#8490 = ADVANCED_FACE('',(#8491),#8509,.T.);
#8491 = FACE_BOUND('',#8492,.T.);
#8492 = EDGE_LOOP('',(#8493,#8501,#8502,#8503));
#8493 = ORIENTED_EDGE('',*,*,#8494,.T.);
#8494 = EDGE_CURVE('',#8495,#7401,#8497,.T.);
#8495 = VERTEX_POINT('',#8496);
#8496 = CARTESIAN_POINT('',(-26.48628997802,-26.33826065063,2.));
#8497 = LINE('',#8498,#8499);
#8498 = CARTESIAN_POINT('',(-26.48628997802,-26.33826065063,2.));
#8499 = VECTOR('',#8500,1.);
#8500 = DIRECTION('',(0.,0.,-1.));
#8501 = ORIENTED_EDGE('',*,*,#7400,.F.);
#8502 = ORIENTED_EDGE('',*,*,#8415,.F.);
#8503 = ORIENTED_EDGE('',*,*,#8504,.T.);
#8504 = EDGE_CURVE('',#8416,#8495,#8505,.T.);
#8505 = LINE('',#8506,#8507);
#8506 = CARTESIAN_POINT('',(-26.33826065063,-26.48628997802,2.));
#8507 = VECTOR('',#8508,1.);
#8508 = DIRECTION('',(-0.707106781187,0.707106781187,0.));
#8509 = PLANE('',#8510);
#8510 = AXIS2_PLACEMENT_3D('',#8511,#8512,#8513);
#8511 = CARTESIAN_POINT('',(-26.41227531433,-26.41227531433,
    1.40000000596));
#8512 = DIRECTION('',(-0.707106781187,-0.707106781187,-0.));
#8513 = DIRECTION('',(-0.707106781187,0.707106781187,0.));
#8514 = ADVANCED_FACE('',(#8515),#8526,.T.);
#8515 = FACE_BOUND('',#8516,.T.);
#8516 = EDGE_LOOP('',(#8517,#8518,#8519,#8520));
#8517 = ORIENTED_EDGE('',*,*,#8472,.T.);
#8518 = ORIENTED_EDGE('',*,*,#7408,.F.);
#8519 = ORIENTED_EDGE('',*,*,#8494,.F.);
#8520 = ORIENTED_EDGE('',*,*,#8521,.T.);
#8521 = EDGE_CURVE('',#8495,#8473,#8522,.T.);
#8522 = LINE('',#8523,#8524);
#8523 = CARTESIAN_POINT('',(-26.48628997802,-26.33826065063,2.));
#8524 = VECTOR('',#8525,1.);
#8525 = DIRECTION('',(-0.629324028917,0.777143015556,0.));
#8526 = PLANE('',#8527);
#8527 = AXIS2_PLACEMENT_3D('',#8528,#8529,#8530);
#8528 = CARTESIAN_POINT('',(-26.55216217041,-26.25691604614,
    1.40000000596));
#8529 = DIRECTION('',(-0.777143015556,-0.629324028917,-0.));
#8530 = DIRECTION('',(0.629324028917,-0.777143015556,0.));
#8531 = ADVANCED_FACE('',(#8532),#8550,.T.);
#8532 = FACE_BOUND('',#8533,.T.);
#8533 = EDGE_LOOP('',(#8534,#8542,#8543,#8544));
#8534 = ORIENTED_EDGE('',*,*,#8535,.T.);
#8535 = EDGE_CURVE('',#8536,#7433,#8538,.T.);
#8536 = VERTEX_POINT('',#8537);
#8537 = CARTESIAN_POINT('',(-26.90211296081,-25.61803436279,2.));
#8538 = LINE('',#8539,#8540);
#8539 = CARTESIAN_POINT('',(-26.90211296081,-25.61803436279,2.));
#8540 = VECTOR('',#8541,1.);
#8541 = DIRECTION('',(0.,0.,-1.));
#8542 = ORIENTED_EDGE('',*,*,#7432,.F.);
#8543 = ORIENTED_EDGE('',*,*,#8439,.F.);
#8544 = ORIENTED_EDGE('',*,*,#8545,.T.);
#8545 = EDGE_CURVE('',#8440,#8536,#8546,.T.);
#8546 = LINE('',#8547,#8548);
#8547 = CARTESIAN_POINT('',(-26.82709121704,-25.8134727478,2.));
#8548 = VECTOR('',#8549,1.);
#8549 = DIRECTION('',(-0.358367852554,0.933580463729,0.));
#8550 = PLANE('',#8551);
#8551 = AXIS2_PLACEMENT_3D('',#8552,#8553,#8554);
#8552 = CARTESIAN_POINT('',(-26.86460208892,-25.71575355529,
    1.40000000596));
#8553 = DIRECTION('',(-0.933580463729,-0.358367852554,-0.));
#8554 = DIRECTION('',(0.358367852554,-0.933580463729,0.));
#8555 = ADVANCED_FACE('',(#8556),#8574,.T.);
#8556 = FACE_BOUND('',#8557,.T.);
#8557 = EDGE_LOOP('',(#8558,#8566,#8567,#8568));
#8558 = ORIENTED_EDGE('',*,*,#8559,.T.);
#8559 = EDGE_CURVE('',#8560,#7441,#8562,.T.);
#8560 = VERTEX_POINT('',#8561);
#8561 = CARTESIAN_POINT('',(-26.95629501342,-25.41582298278,2.));
#8562 = LINE('',#8563,#8564);
#8563 = CARTESIAN_POINT('',(-26.95629501342,-25.41582298278,2.));
#8564 = VECTOR('',#8565,1.);
#8565 = DIRECTION('',(0.,0.,-1.));
#8566 = ORIENTED_EDGE('',*,*,#7440,.F.);
#8567 = ORIENTED_EDGE('',*,*,#8535,.F.);
#8568 = ORIENTED_EDGE('',*,*,#8569,.T.);
#8569 = EDGE_CURVE('',#8536,#8560,#8570,.T.);
#8570 = LINE('',#8571,#8572);
#8571 = CARTESIAN_POINT('',(-26.90211296081,-25.61803436279,2.));
#8572 = VECTOR('',#8573,1.);
#8573 = DIRECTION('',(-0.25881760394,0.965926212446,0.));
#8574 = PLANE('',#8575);
#8575 = AXIS2_PLACEMENT_3D('',#8576,#8577,#8578);
#8576 = CARTESIAN_POINT('',(-26.92920398712,-25.51692867279,
    1.40000000596));
#8577 = DIRECTION('',(-0.965926212446,-0.25881760394,-0.));
#8578 = DIRECTION('',(0.25881760394,-0.965926212446,0.));
#8579 = ADVANCED_FACE('',(#8580),#8598,.T.);
#8580 = FACE_BOUND('',#8581,.T.);
#8581 = EDGE_LOOP('',(#8582,#8590,#8591,#8592));
#8582 = ORIENTED_EDGE('',*,*,#8583,.T.);
#8583 = EDGE_CURVE('',#8584,#7449,#8586,.T.);
#8584 = VERTEX_POINT('',#8585);
#8585 = CARTESIAN_POINT('',(-26.98904418945,-25.20905685424,2.));
#8586 = LINE('',#8587,#8588);
#8587 = CARTESIAN_POINT('',(-26.98904418945,-25.20905685424,2.));
#8588 = VECTOR('',#8589,1.);
#8589 = DIRECTION('',(0.,0.,-1.));
#8590 = ORIENTED_EDGE('',*,*,#7448,.F.);
#8591 = ORIENTED_EDGE('',*,*,#8559,.F.);
#8592 = ORIENTED_EDGE('',*,*,#8593,.T.);
#8593 = EDGE_CURVE('',#8560,#8584,#8594,.T.);
#8594 = LINE('',#8595,#8596);
#8595 = CARTESIAN_POINT('',(-26.95629501342,-25.41582298278,2.));
#8596 = VECTOR('',#8597,1.);
#8597 = DIRECTION('',(-0.15643744031,0.987687869354,0.));
#8598 = PLANE('',#8599);
#8599 = AXIS2_PLACEMENT_3D('',#8600,#8601,#8602);
#8600 = CARTESIAN_POINT('',(-26.97266960144,-25.31243991851,
    1.40000000596));
#8601 = DIRECTION('',(-0.987687869354,-0.15643744031,-0.));
#8602 = DIRECTION('',(0.15643744031,-0.987687869354,0.));
#8603 = ADVANCED_FACE('',(#8604),#8615,.T.);
#8604 = FACE_BOUND('',#8605,.T.);
#8605 = EDGE_LOOP('',(#8606,#8607,#8608,#8609));
#8606 = ORIENTED_EDGE('',*,*,#8384,.T.);
#8607 = ORIENTED_EDGE('',*,*,#7456,.F.);
#8608 = ORIENTED_EDGE('',*,*,#8583,.F.);
#8609 = ORIENTED_EDGE('',*,*,#8610,.T.);
#8610 = EDGE_CURVE('',#8584,#8385,#8611,.T.);
#8611 = LINE('',#8612,#8613);
#8612 = CARTESIAN_POINT('',(-26.98904418945,-25.20905685424,2.));
#8613 = VECTOR('',#8614,1.);
#8614 = DIRECTION('',(-5.233407490429E-02,0.99862963335,0.));
#8615 = PLANE('',#8616);
#8616 = AXIS2_PLACEMENT_3D('',#8617,#8618,#8619);
#8617 = CARTESIAN_POINT('',(-26.99452209472,-25.10452842712,
    1.40000000596));
#8618 = DIRECTION('',(-0.99862963335,-5.233407490429E-02,-0.));
#8619 = DIRECTION('',(5.233407490429E-02,-0.99862963335,0.));
#8620 = ADVANCED_FACE('',(#8621),#9050,.T.);
#8621 = FACE_BOUND('',#8622,.T.);
#8622 = EDGE_LOOP('',(#8623,#8624,#8625,#8626,#8627,#8628,#8629,#8630,
    #8631,#8632,#8633,#8634,#8635,#8636,#8637,#8638,#8639,#8640,#8641,
    #8642,#8643,#8644,#8645,#8646,#8647,#8648,#8649,#8650,#8651,#8652,
    #8653,#8654,#8655,#8656,#8657,#8658,#8659,#8660,#8661,#8662,#8663,
    #8664,#8665,#8666,#8667,#8668,#8669,#8677,#8685,#8693,#8701,#8709,
    #8717,#8725,#8733,#8741,#8749,#8757,#8765,#8773,#8781,#8789,#8797,
    #8805,#8813,#8821,#8829,#8837,#8845,#8853,#8861,#8869,#8877,#8885,
    #8893,#8901,#8909,#8917,#8925,#8933,#8941,#8949,#8957,#8965,#8973,
    #8981,#8989,#8997,#9005,#9013,#9021,#9029,#9037,#9043,#9044,#9045,
    #9046,#9047,#9048,#9049));
#8623 = ORIENTED_EDGE('',*,*,#8521,.F.);
#8624 = ORIENTED_EDGE('',*,*,#8504,.F.);
#8625 = ORIENTED_EDGE('',*,*,#8425,.F.);
#8626 = ORIENTED_EDGE('',*,*,#288,.F.);
#8627 = ORIENTED_EDGE('',*,*,#403,.F.);
#8628 = ORIENTED_EDGE('',*,*,#8255,.F.);
#8629 = ORIENTED_EDGE('',*,*,#8279,.F.);
#8630 = ORIENTED_EDGE('',*,*,#8303,.F.);
#8631 = ORIENTED_EDGE('',*,*,#8327,.F.);
#8632 = ORIENTED_EDGE('',*,*,#8344,.F.);
#8633 = ORIENTED_EDGE('',*,*,#7068,.F.);
#8634 = ORIENTED_EDGE('',*,*,#7015,.F.);
#8635 = ORIENTED_EDGE('',*,*,#6984,.F.);
#8636 = ORIENTED_EDGE('',*,*,#6961,.F.);
#8637 = ORIENTED_EDGE('',*,*,#6930,.F.);
#8638 = ORIENTED_EDGE('',*,*,#6899,.F.);
#8639 = ORIENTED_EDGE('',*,*,#6868,.F.);
#8640 = ORIENTED_EDGE('',*,*,#7045,.F.);
#8641 = ORIENTED_EDGE('',*,*,#6828,.F.);
#8642 = ORIENTED_EDGE('',*,*,#6797,.F.);
#8643 = ORIENTED_EDGE('',*,*,#6766,.F.);
#8644 = ORIENTED_EDGE('',*,*,#6735,.F.);
#8645 = ORIENTED_EDGE('',*,*,#6704,.F.);
#8646 = ORIENTED_EDGE('',*,*,#6665,.F.);
#8647 = ORIENTED_EDGE('',*,*,#6642,.F.);
#8648 = ORIENTED_EDGE('',*,*,#6603,.F.);
#8649 = ORIENTED_EDGE('',*,*,#6572,.F.);
#8650 = ORIENTED_EDGE('',*,*,#6549,.F.);
#8651 = ORIENTED_EDGE('',*,*,#194,.F.);
#8652 = ORIENTED_EDGE('',*,*,#163,.F.);
#8653 = ORIENTED_EDGE('',*,*,#132,.F.);
#8654 = ORIENTED_EDGE('',*,*,#101,.F.);
#8655 = ORIENTED_EDGE('',*,*,#70,.F.);
#8656 = ORIENTED_EDGE('',*,*,#39,.F.);
#8657 = ORIENTED_EDGE('',*,*,#216,.F.);
#8658 = ORIENTED_EDGE('',*,*,#6525,.F.);
#8659 = ORIENTED_EDGE('',*,*,#6488,.F.);
#8660 = ORIENTED_EDGE('',*,*,#6457,.F.);
#8661 = ORIENTED_EDGE('',*,*,#6426,.F.);
#8662 = ORIENTED_EDGE('',*,*,#6403,.F.);
#8663 = ORIENTED_EDGE('',*,*,#6364,.F.);
#8664 = ORIENTED_EDGE('',*,*,#6333,.F.);
#8665 = ORIENTED_EDGE('',*,*,#6302,.F.);
#8666 = ORIENTED_EDGE('',*,*,#6271,.F.);
#8667 = ORIENTED_EDGE('',*,*,#6234,.F.);
#8668 = ORIENTED_EDGE('',*,*,#8367,.F.);
#8669 = ORIENTED_EDGE('',*,*,#8670,.F.);
#8670 = EDGE_CURVE('',#8671,#8360,#8673,.T.);
#8671 = VERTEX_POINT('',#8672);
#8672 = CARTESIAN_POINT('',(25.209056854248,-26.98904418945,2.));
#8673 = LINE('',#8674,#8675);
#8674 = CARTESIAN_POINT('',(25.209056854248,-26.98904418945,2.));
#8675 = VECTOR('',#8676,1.);
#8676 = DIRECTION('',(-0.99862963335,-5.233407490429E-02,0.));
#8677 = ORIENTED_EDGE('',*,*,#8678,.F.);
#8678 = EDGE_CURVE('',#8679,#8671,#8681,.T.);
#8679 = VERTEX_POINT('',#8680);
#8680 = CARTESIAN_POINT('',(25.415822982788,-26.95629501342,2.));
#8681 = LINE('',#8682,#8683);
#8682 = CARTESIAN_POINT('',(25.415822982788,-26.95629501342,2.));
#8683 = VECTOR('',#8684,1.);
#8684 = DIRECTION('',(-0.987687869354,-0.15643744031,0.));
#8685 = ORIENTED_EDGE('',*,*,#8686,.F.);
#8686 = EDGE_CURVE('',#8687,#8679,#8689,.T.);
#8687 = VERTEX_POINT('',#8688);
#8688 = CARTESIAN_POINT('',(25.618034362793,-26.90211296081,2.));
#8689 = LINE('',#8690,#8691);
#8690 = CARTESIAN_POINT('',(25.618034362793,-26.90211296081,2.));
#8691 = VECTOR('',#8692,1.);
#8692 = DIRECTION('',(-0.965926212446,-0.25881760394,0.));
#8693 = ORIENTED_EDGE('',*,*,#8694,.F.);
#8694 = EDGE_CURVE('',#8695,#8687,#8697,.T.);
#8695 = VERTEX_POINT('',#8696);
#8696 = CARTESIAN_POINT('',(25.813472747803,-26.82709121704,2.));
#8697 = LINE('',#8698,#8699);
#8698 = CARTESIAN_POINT('',(25.813472747803,-26.82709121704,2.));
#8699 = VECTOR('',#8700,1.);
#8700 = DIRECTION('',(-0.933580463729,-0.358367852554,0.));
#8701 = ORIENTED_EDGE('',*,*,#8702,.F.);
#8702 = EDGE_CURVE('',#8703,#8695,#8705,.T.);
#8703 = VERTEX_POINT('',#8704);
#8704 = CARTESIAN_POINT('',(26.,-26.73204994201,2.));
#8705 = LINE('',#8706,#8707);
#8706 = CARTESIAN_POINT('',(26.,-26.73204994201,2.));
#8707 = VECTOR('',#8708,1.);
#8708 = DIRECTION('',(-0.891004798664,-0.453993886257,0.));
#8709 = ORIENTED_EDGE('',*,*,#8710,.F.);
#8710 = EDGE_CURVE('',#8711,#8703,#8713,.T.);
#8711 = VERTEX_POINT('',#8712);
#8712 = CARTESIAN_POINT('',(26.17557144165,-26.61803436279,2.));
#8713 = LINE('',#8714,#8715);
#8714 = CARTESIAN_POINT('',(26.17557144165,-26.61803436279,2.));
#8715 = VECTOR('',#8716,1.);
#8716 = DIRECTION('',(-0.838674600409,-0.544632825515,0.));
#8717 = ORIENTED_EDGE('',*,*,#8718,.F.);
#8718 = EDGE_CURVE('',#8719,#8711,#8721,.T.);
#8719 = VERTEX_POINT('',#8720);
#8720 = CARTESIAN_POINT('',(26.338260650635,-26.48628997802,2.));
#8721 = LINE('',#8722,#8723);
#8722 = CARTESIAN_POINT('',(26.338260650635,-26.48628997802,2.));
#8723 = VECTOR('',#8724,1.);
#8724 = DIRECTION('',(-0.777143015556,-0.629324028917,0.));
#8725 = ORIENTED_EDGE('',*,*,#8726,.F.);
#8726 = EDGE_CURVE('',#8727,#8719,#8729,.T.);
#8727 = VERTEX_POINT('',#8728);
#8728 = CARTESIAN_POINT('',(26.486289978027,-26.33826065063,2.));
#8729 = LINE('',#8730,#8731);
#8730 = CARTESIAN_POINT('',(26.486289978027,-26.33826065063,2.));
#8731 = VECTOR('',#8732,1.);
#8732 = DIRECTION('',(-0.707106781187,-0.707106781187,0.));
#8733 = ORIENTED_EDGE('',*,*,#8734,.F.);
#8734 = EDGE_CURVE('',#8735,#8727,#8737,.T.);
#8735 = VERTEX_POINT('',#8736);
#8736 = CARTESIAN_POINT('',(26.618034362793,-26.17557144165,2.));
#8737 = LINE('',#8738,#8739);
#8738 = CARTESIAN_POINT('',(26.618034362793,-26.17557144165,2.));
#8739 = VECTOR('',#8740,1.);
#8740 = DIRECTION('',(-0.629324028917,-0.777143015556,0.));
#8741 = ORIENTED_EDGE('',*,*,#8742,.F.);
#8742 = EDGE_CURVE('',#8743,#8735,#8745,.T.);
#8743 = VERTEX_POINT('',#8744);
#8744 = CARTESIAN_POINT('',(26.732049942017,-26.,2.));
#8745 = LINE('',#8746,#8747);
#8746 = CARTESIAN_POINT('',(26.732049942017,-26.,2.));
#8747 = VECTOR('',#8748,1.);
#8748 = DIRECTION('',(-0.544632825515,-0.838674600409,0.));
#8749 = ORIENTED_EDGE('',*,*,#8750,.F.);
#8750 = EDGE_CURVE('',#8751,#8743,#8753,.T.);
#8751 = VERTEX_POINT('',#8752);
#8752 = CARTESIAN_POINT('',(26.827091217041,-25.8134727478,2.));
#8753 = LINE('',#8754,#8755);
#8754 = CARTESIAN_POINT('',(26.827091217041,-25.8134727478,2.));
#8755 = VECTOR('',#8756,1.);
#8756 = DIRECTION('',(-0.453993886257,-0.891004798664,0.));
#8757 = ORIENTED_EDGE('',*,*,#8758,.F.);
#8758 = EDGE_CURVE('',#8759,#8751,#8761,.T.);
#8759 = VERTEX_POINT('',#8760);
#8760 = CARTESIAN_POINT('',(26.902112960815,-25.61803436279,2.));
#8761 = LINE('',#8762,#8763);
#8762 = CARTESIAN_POINT('',(26.902112960815,-25.61803436279,2.));
#8763 = VECTOR('',#8764,1.);
#8764 = DIRECTION('',(-0.358367852554,-0.933580463729,0.));
#8765 = ORIENTED_EDGE('',*,*,#8766,.F.);
#8766 = EDGE_CURVE('',#8767,#8759,#8769,.T.);
#8767 = VERTEX_POINT('',#8768);
#8768 = CARTESIAN_POINT('',(26.956295013428,-25.41582298278,2.));
#8769 = LINE('',#8770,#8771);
#8770 = CARTESIAN_POINT('',(26.956295013428,-25.41582298278,2.));
#8771 = VECTOR('',#8772,1.);
#8772 = DIRECTION('',(-0.25881760394,-0.965926212446,0.));
#8773 = ORIENTED_EDGE('',*,*,#8774,.F.);
#8774 = EDGE_CURVE('',#8775,#8767,#8777,.T.);
#8775 = VERTEX_POINT('',#8776);
#8776 = CARTESIAN_POINT('',(26.989044189453,-25.20905685424,2.));
#8777 = LINE('',#8778,#8779);
#8778 = CARTESIAN_POINT('',(26.989044189453,-25.20905685424,2.));
#8779 = VECTOR('',#8780,1.);
#8780 = DIRECTION('',(-0.15643744031,-0.987687869354,0.));
#8781 = ORIENTED_EDGE('',*,*,#8782,.F.);
#8782 = EDGE_CURVE('',#8783,#8775,#8785,.T.);
#8783 = VERTEX_POINT('',#8784);
#8784 = CARTESIAN_POINT('',(27.,-25.,2.));
#8785 = LINE('',#8786,#8787);
#8786 = CARTESIAN_POINT('',(27.,-25.,2.));
#8787 = VECTOR('',#8788,1.);
#8788 = DIRECTION('',(-5.233407490429E-02,-0.99862963335,0.));
#8789 = ORIENTED_EDGE('',*,*,#8790,.F.);
#8790 = EDGE_CURVE('',#8791,#8783,#8793,.T.);
#8791 = VERTEX_POINT('',#8792);
#8792 = CARTESIAN_POINT('',(27.,7.,2.));
#8793 = LINE('',#8794,#8795);
#8794 = CARTESIAN_POINT('',(27.,7.,2.));
#8795 = VECTOR('',#8796,1.);
#8796 = DIRECTION('',(0.,-1.,0.));
#8797 = ORIENTED_EDGE('',*,*,#8798,.F.);
#8798 = EDGE_CURVE('',#8799,#8791,#8801,.T.);
#8799 = VERTEX_POINT('',#8800);
#8800 = CARTESIAN_POINT('',(26.989044189453,7.209056854248,2.));
#8801 = LINE('',#8802,#8803);
#8802 = CARTESIAN_POINT('',(26.989044189453,7.209056854248,2.));
#8803 = VECTOR('',#8804,1.);
#8804 = DIRECTION('',(5.233407490429E-02,-0.99862963335,0.));
#8805 = ORIENTED_EDGE('',*,*,#8806,.F.);
#8806 = EDGE_CURVE('',#8807,#8799,#8809,.T.);
#8807 = VERTEX_POINT('',#8808);
#8808 = CARTESIAN_POINT('',(26.956295013428,7.415823459625,2.));
#8809 = LINE('',#8810,#8811);
#8810 = CARTESIAN_POINT('',(26.956295013428,7.415823459625,2.));
#8811 = VECTOR('',#8812,1.);
#8812 = DIRECTION('',(0.156437088369,-0.987687925097,0.));
#8813 = ORIENTED_EDGE('',*,*,#8814,.F.);
#8814 = EDGE_CURVE('',#8815,#8807,#8817,.T.);
#8815 = VERTEX_POINT('',#8816);
#8816 = CARTESIAN_POINT('',(26.902112960815,7.618033885956,2.));
#8817 = LINE('',#8818,#8819);
#8818 = CARTESIAN_POINT('',(26.902112960815,7.618033885956,2.));
#8819 = VECTOR('',#8820,1.);
#8820 = DIRECTION('',(0.258818742821,-0.965925907285,0.));
#8821 = ORIENTED_EDGE('',*,*,#8822,.F.);
#8822 = EDGE_CURVE('',#8823,#8815,#8825,.T.);
#8823 = VERTEX_POINT('',#8824);
#8824 = CARTESIAN_POINT('',(26.827091217041,7.81347322464,2.));
#8825 = LINE('',#8826,#8827);
#8826 = CARTESIAN_POINT('',(26.827091217041,7.81347322464,2.));
#8827 = VECTOR('',#8828,1.);
#8828 = DIRECTION('',(0.358366328428,-0.933581048784,0.));
#8829 = ORIENTED_EDGE('',*,*,#8830,.F.);
#8830 = EDGE_CURVE('',#8831,#8823,#8833,.T.);
#8831 = VERTEX_POINT('',#8832);
#8832 = CARTESIAN_POINT('',(26.732049942017,8.,2.));
#8833 = LINE('',#8834,#8835);
#8834 = CARTESIAN_POINT('',(26.732049942017,8.,2.));
#8835 = VECTOR('',#8836,1.);
#8836 = DIRECTION('',(0.453994807637,-0.891004329192,0.));
#8837 = ORIENTED_EDGE('',*,*,#8838,.F.);
#8838 = EDGE_CURVE('',#8839,#8831,#8841,.T.);
#8839 = VERTEX_POINT('',#8840);
#8840 = CARTESIAN_POINT('',(26.618034362793,8.175570487976,2.));
#8841 = LINE('',#8842,#8843);
#8842 = CARTESIAN_POINT('',(26.618034362793,8.175570487976,2.));
#8843 = VECTOR('',#8844,1.);
#8844 = DIRECTION('',(0.544634906353,-0.838673249115,0.));
#8845 = ORIENTED_EDGE('',*,*,#8846,.F.);
#8846 = EDGE_CURVE('',#8847,#8839,#8849,.T.);
#8847 = VERTEX_POINT('',#8848);
#8848 = CARTESIAN_POINT('',(26.486289978027,8.338261604309,2.));
#8849 = LINE('',#8850,#8851);
#8850 = CARTESIAN_POINT('',(26.486289978027,8.338261604309,2.));
#8851 = VECTOR('',#8852,1.);
#8852 = DIRECTION('',(0.629319572914,-0.77714662397,0.));
#8853 = ORIENTED_EDGE('',*,*,#8854,.F.);
#8854 = EDGE_CURVE('',#8855,#8847,#8857,.T.);
#8855 = VERTEX_POINT('',#8856);
#8856 = CARTESIAN_POINT('',(26.338260650635,8.486289978027,2.));
#8857 = LINE('',#8858,#8859);
#8858 = CARTESIAN_POINT('',(26.338260650635,8.486289978027,2.));
#8859 = VECTOR('',#8860,1.);
#8860 = DIRECTION('',(0.707109058947,-0.707104503419,0.));
#8861 = ORIENTED_EDGE('',*,*,#8862,.F.);
#8862 = EDGE_CURVE('',#8863,#8855,#8865,.T.);
#8863 = VERTEX_POINT('',#8864);
#8864 = CARTESIAN_POINT('',(26.17557144165,8.618034362793,2.));
#8865 = LINE('',#8866,#8867);
#8866 = CARTESIAN_POINT('',(26.17557144165,8.618034362793,2.));
#8867 = VECTOR('',#8868,1.);
#8868 = DIRECTION('',(0.777143015556,-0.629324028917,0.));
#8869 = ORIENTED_EDGE('',*,*,#8870,.F.);
#8870 = EDGE_CURVE('',#8871,#8863,#8873,.T.);
#8871 = VERTEX_POINT('',#8872);
#8872 = CARTESIAN_POINT('',(26.,8.732050895691,2.));
#8873 = LINE('',#8874,#8875);
#8874 = CARTESIAN_POINT('',(26.,8.732050895691,2.));
#8875 = VECTOR('',#8876,1.);
#8876 = DIRECTION('',(0.838672519576,-0.544636029755,0.));
#8877 = ORIENTED_EDGE('',*,*,#8878,.F.);
#8878 = EDGE_CURVE('',#8879,#8871,#8881,.T.);
#8879 = VERTEX_POINT('',#8880);
#8880 = CARTESIAN_POINT('',(25.813472747803,8.827091217041,2.));
#8881 = LINE('',#8882,#8883);
#8882 = CARTESIAN_POINT('',(25.813472747803,8.827091217041,2.));
#8883 = VECTOR('',#8884,1.);
#8884 = DIRECTION('',(0.891006641416,-0.453990269667,0.));
#8885 = ORIENTED_EDGE('',*,*,#8886,.F.);
#8886 = EDGE_CURVE('',#8887,#8879,#8889,.T.);
#8887 = VERTEX_POINT('',#8888);
#8888 = CARTESIAN_POINT('',(25.618034362793,8.902112960815,2.));
#8889 = LINE('',#8890,#8891);
#8890 = CARTESIAN_POINT('',(25.618034362793,8.902112960815,2.));
#8891 = VECTOR('',#8892,1.);
#8892 = DIRECTION('',(0.933580463729,-0.358367852554,0.));
#8893 = ORIENTED_EDGE('',*,*,#8894,.F.);
#8894 = EDGE_CURVE('',#8895,#8887,#8897,.T.);
#8895 = VERTEX_POINT('',#8896);
#8896 = CARTESIAN_POINT('',(25.415822982788,8.956295013428,2.));
#8897 = LINE('',#8898,#8899);
#8898 = CARTESIAN_POINT('',(25.415822982788,8.956295013428,2.));
#8899 = VECTOR('',#8900,1.);
#8900 = DIRECTION('',(0.965926212446,-0.25881760394,0.));
#8901 = ORIENTED_EDGE('',*,*,#8902,.F.);
#8902 = EDGE_CURVE('',#8903,#8895,#8905,.T.);
#8903 = VERTEX_POINT('',#8904);
#8904 = CARTESIAN_POINT('',(25.209056854248,8.989044189453,2.));
#8905 = LINE('',#8906,#8907);
#8906 = CARTESIAN_POINT('',(25.209056854248,8.989044189453,2.));
#8907 = VECTOR('',#8908,1.);
#8908 = DIRECTION('',(0.987687869354,-0.15643744031,0.));
#8909 = ORIENTED_EDGE('',*,*,#8910,.F.);
#8910 = EDGE_CURVE('',#8911,#8903,#8913,.T.);
#8911 = VERTEX_POINT('',#8912);
#8912 = CARTESIAN_POINT('',(25.,9.,2.));
#8913 = LINE('',#8914,#8915);
#8914 = CARTESIAN_POINT('',(25.,9.,2.));
#8915 = VECTOR('',#8916,1.);
#8916 = DIRECTION('',(0.99862963335,-5.233407490429E-02,0.));
#8917 = ORIENTED_EDGE('',*,*,#8918,.F.);
#8918 = EDGE_CURVE('',#8919,#8911,#8921,.T.);
#8919 = VERTEX_POINT('',#8920);
#8920 = CARTESIAN_POINT('',(-25.,9.,2.));
#8921 = LINE('',#8922,#8923);
#8922 = CARTESIAN_POINT('',(-25.,9.,2.));
#8923 = VECTOR('',#8924,1.);
#8924 = DIRECTION('',(1.,0.,0.));
#8925 = ORIENTED_EDGE('',*,*,#8926,.F.);
#8926 = EDGE_CURVE('',#8927,#8919,#8929,.T.);
#8927 = VERTEX_POINT('',#8928);
#8928 = CARTESIAN_POINT('',(-25.20905685424,8.989044189453,2.));
#8929 = LINE('',#8930,#8931);
#8930 = CARTESIAN_POINT('',(-25.20905685424,8.989044189453,2.));
#8931 = VECTOR('',#8932,1.);
#8932 = DIRECTION('',(0.99862963335,5.233407490429E-02,0.));
#8933 = ORIENTED_EDGE('',*,*,#8934,.F.);
#8934 = EDGE_CURVE('',#8935,#8927,#8937,.T.);
#8935 = VERTEX_POINT('',#8936);
#8936 = CARTESIAN_POINT('',(-25.41582298278,8.956295013428,2.));
#8937 = LINE('',#8938,#8939);
#8938 = CARTESIAN_POINT('',(-25.41582298278,8.956295013428,2.));
#8939 = VECTOR('',#8940,1.);
#8940 = DIRECTION('',(0.987687869354,0.15643744031,0.));
#8941 = ORIENTED_EDGE('',*,*,#8942,.F.);
#8942 = EDGE_CURVE('',#8943,#8935,#8945,.T.);
#8943 = VERTEX_POINT('',#8944);
#8944 = CARTESIAN_POINT('',(-25.61803436279,8.902112960815,2.));
#8945 = LINE('',#8946,#8947);
#8946 = CARTESIAN_POINT('',(-25.61803436279,8.902112960815,2.));
#8947 = VECTOR('',#8948,1.);
#8948 = DIRECTION('',(0.965926212446,0.25881760394,0.));
#8949 = ORIENTED_EDGE('',*,*,#8950,.F.);
#8950 = EDGE_CURVE('',#8951,#8943,#8953,.T.);
#8951 = VERTEX_POINT('',#8952);
#8952 = CARTESIAN_POINT('',(-25.8134727478,8.827091217041,2.));
#8953 = LINE('',#8954,#8955);
#8954 = CARTESIAN_POINT('',(-25.8134727478,8.827091217041,2.));
#8955 = VECTOR('',#8956,1.);
#8956 = DIRECTION('',(0.933580463729,0.358367852554,0.));
#8957 = ORIENTED_EDGE('',*,*,#8958,.F.);
#8958 = EDGE_CURVE('',#8959,#8951,#8961,.T.);
#8959 = VERTEX_POINT('',#8960);
#8960 = CARTESIAN_POINT('',(-26.,8.732050895691,2.));
#8961 = LINE('',#8962,#8963);
#8962 = CARTESIAN_POINT('',(-26.,8.732050895691,2.));
#8963 = VECTOR('',#8964,1.);
#8964 = DIRECTION('',(0.891006641416,0.453990269667,0.));
#8965 = ORIENTED_EDGE('',*,*,#8966,.F.);
#8966 = EDGE_CURVE('',#8967,#8959,#8969,.T.);
#8967 = VERTEX_POINT('',#8968);
#8968 = CARTESIAN_POINT('',(-26.17557144165,8.618034362793,2.));
#8969 = LINE('',#8970,#8971);
#8970 = CARTESIAN_POINT('',(-26.17557144165,8.618034362793,2.));
#8971 = VECTOR('',#8972,1.);
#8972 = DIRECTION('',(0.838672519576,0.544636029755,0.));
#8973 = ORIENTED_EDGE('',*,*,#8974,.F.);
#8974 = EDGE_CURVE('',#8975,#8967,#8977,.T.);
#8975 = VERTEX_POINT('',#8976);
#8976 = CARTESIAN_POINT('',(-26.33826065063,8.486289978027,2.));
#8977 = LINE('',#8978,#8979);
#8978 = CARTESIAN_POINT('',(-26.33826065063,8.486289978027,2.));
#8979 = VECTOR('',#8980,1.);
#8980 = DIRECTION('',(0.777143015556,0.629324028917,0.));
#8981 = ORIENTED_EDGE('',*,*,#8982,.F.);
#8982 = EDGE_CURVE('',#8983,#8975,#8985,.T.);
#8983 = VERTEX_POINT('',#8984);
#8984 = CARTESIAN_POINT('',(-26.48628997802,8.338261604309,2.));
#8985 = LINE('',#8986,#8987);
#8986 = CARTESIAN_POINT('',(-26.48628997802,8.338261604309,2.));
#8987 = VECTOR('',#8988,1.);
#8988 = DIRECTION('',(0.707109058947,0.707104503419,0.));
#8989 = ORIENTED_EDGE('',*,*,#8990,.F.);
#8990 = EDGE_CURVE('',#8991,#8983,#8993,.T.);
#8991 = VERTEX_POINT('',#8992);
#8992 = CARTESIAN_POINT('',(-26.61803436279,8.175570487976,2.));
#8993 = LINE('',#8994,#8995);
#8994 = CARTESIAN_POINT('',(-26.61803436279,8.175570487976,2.));
#8995 = VECTOR('',#8996,1.);
#8996 = DIRECTION('',(0.629319572914,0.77714662397,0.));
#8997 = ORIENTED_EDGE('',*,*,#8998,.F.);
#8998 = EDGE_CURVE('',#8999,#8991,#9001,.T.);
#8999 = VERTEX_POINT('',#9000);
#9000 = CARTESIAN_POINT('',(-26.73204994201,8.,2.));
#9001 = LINE('',#9002,#9003);
#9002 = CARTESIAN_POINT('',(-26.73204994201,8.,2.));
#9003 = VECTOR('',#9004,1.);
#9004 = DIRECTION('',(0.544634906353,0.838673249115,0.));
#9005 = ORIENTED_EDGE('',*,*,#9006,.F.);
#9006 = EDGE_CURVE('',#9007,#8999,#9009,.T.);
#9007 = VERTEX_POINT('',#9008);
#9008 = CARTESIAN_POINT('',(-26.82709121704,7.81347322464,2.));
#9009 = LINE('',#9010,#9011);
#9010 = CARTESIAN_POINT('',(-26.82709121704,7.81347322464,2.));
#9011 = VECTOR('',#9012,1.);
#9012 = DIRECTION('',(0.453994807637,0.891004329192,0.));
#9013 = ORIENTED_EDGE('',*,*,#9014,.F.);
#9014 = EDGE_CURVE('',#9015,#9007,#9017,.T.);
#9015 = VERTEX_POINT('',#9016);
#9016 = CARTESIAN_POINT('',(-26.90211296081,7.618033885956,2.));
#9017 = LINE('',#9018,#9019);
#9018 = CARTESIAN_POINT('',(-26.90211296081,7.618033885956,2.));
#9019 = VECTOR('',#9020,1.);
#9020 = DIRECTION('',(0.358366328428,0.933581048784,0.));
#9021 = ORIENTED_EDGE('',*,*,#9022,.F.);
#9022 = EDGE_CURVE('',#9023,#9015,#9025,.T.);
#9023 = VERTEX_POINT('',#9024);
#9024 = CARTESIAN_POINT('',(-26.95629501342,7.415823459625,2.));
#9025 = LINE('',#9026,#9027);
#9026 = CARTESIAN_POINT('',(-26.95629501342,7.415823459625,2.));
#9027 = VECTOR('',#9028,1.);
#9028 = DIRECTION('',(0.258818742821,0.965925907285,0.));
#9029 = ORIENTED_EDGE('',*,*,#9030,.F.);
#9030 = EDGE_CURVE('',#9031,#9023,#9033,.T.);
#9031 = VERTEX_POINT('',#9032);
#9032 = CARTESIAN_POINT('',(-26.98904418945,7.209056854248,2.));
#9033 = LINE('',#9034,#9035);
#9034 = CARTESIAN_POINT('',(-26.98904418945,7.209056854248,2.));
#9035 = VECTOR('',#9036,1.);
#9036 = DIRECTION('',(0.156437088369,0.987687925097,0.));
#9037 = ORIENTED_EDGE('',*,*,#9038,.F.);
#9038 = EDGE_CURVE('',#8393,#9031,#9039,.T.);
#9039 = LINE('',#9040,#9041);
#9040 = CARTESIAN_POINT('',(-27.,7.,2.));
#9041 = VECTOR('',#9042,1.);
#9042 = DIRECTION('',(5.233407490429E-02,0.99862963335,0.));
#9043 = ORIENTED_EDGE('',*,*,#8392,.F.);
#9044 = ORIENTED_EDGE('',*,*,#8610,.F.);
#9045 = ORIENTED_EDGE('',*,*,#8593,.F.);
#9046 = ORIENTED_EDGE('',*,*,#8569,.F.);
#9047 = ORIENTED_EDGE('',*,*,#8545,.F.);
#9048 = ORIENTED_EDGE('',*,*,#8456,.F.);
#9049 = ORIENTED_EDGE('',*,*,#8480,.F.);
#9050 = PLANE('',#9051);
#9051 = AXIS2_PLACEMENT_3D('',#9052,#9053,#9054);
#9052 = CARTESIAN_POINT('',(0.,-8.12574350181,2.));
#9053 = DIRECTION('',(0.,0.,1.));
#9054 = DIRECTION('',(1.,0.,-0.));
#9055 = ADVANCED_FACE('',(#9056),#9067,.T.);
#9056 = FACE_BOUND('',#9057,.T.);
#9057 = EDGE_LOOP('',(#9058,#9064,#9065,#9066));
#9058 = ORIENTED_EDGE('',*,*,#9059,.T.);
#9059 = EDGE_CURVE('',#9031,#803,#9060,.T.);
#9060 = LINE('',#9061,#9062);
#9061 = CARTESIAN_POINT('',(-26.98904418945,7.209056854248,2.));
#9062 = VECTOR('',#9063,1.);
#9063 = DIRECTION('',(0.,0.,-1.));
#9064 = ORIENTED_EDGE('',*,*,#802,.F.);
#9065 = ORIENTED_EDGE('',*,*,#8400,.F.);
#9066 = ORIENTED_EDGE('',*,*,#9038,.T.);
#9067 = PLANE('',#9068);
#9068 = AXIS2_PLACEMENT_3D('',#9069,#9070,#9071);
#9069 = CARTESIAN_POINT('',(-26.99452209472,7.104528427124,1.10000000149
    ));
#9070 = DIRECTION('',(-0.99862963335,5.233407490429E-02,-0.));
#9071 = DIRECTION('',(-5.233407490429E-02,-0.99862963335,0.));
#9072 = ADVANCED_FACE('',(#9073),#9084,.T.);
#9073 = FACE_BOUND('',#9074,.T.);
#9074 = EDGE_LOOP('',(#9075,#9081,#9082,#9083));
#9075 = ORIENTED_EDGE('',*,*,#9076,.T.);
#9076 = EDGE_CURVE('',#9023,#811,#9077,.T.);
#9077 = LINE('',#9078,#9079);
#9078 = CARTESIAN_POINT('',(-26.95629501342,7.415823459625,2.));
#9079 = VECTOR('',#9080,1.);
#9080 = DIRECTION('',(0.,0.,-1.));
#9081 = ORIENTED_EDGE('',*,*,#810,.F.);
#9082 = ORIENTED_EDGE('',*,*,#9059,.F.);
#9083 = ORIENTED_EDGE('',*,*,#9030,.T.);
#9084 = PLANE('',#9085);
#9085 = AXIS2_PLACEMENT_3D('',#9086,#9087,#9088);
#9086 = CARTESIAN_POINT('',(-26.97266960144,7.312440156937,1.10000000149
    ));
#9087 = DIRECTION('',(-0.987687925097,0.156437088369,-0.));
#9088 = DIRECTION('',(-0.156437088369,-0.987687925097,0.));
#9089 = ADVANCED_FACE('',(#9090),#9101,.T.);
#9090 = FACE_BOUND('',#9091,.T.);
#9091 = EDGE_LOOP('',(#9092,#9098,#9099,#9100));
#9092 = ORIENTED_EDGE('',*,*,#9093,.T.);
#9093 = EDGE_CURVE('',#9015,#819,#9094,.T.);
#9094 = LINE('',#9095,#9096);
#9095 = CARTESIAN_POINT('',(-26.90211296081,7.618033885956,2.));
#9096 = VECTOR('',#9097,1.);
#9097 = DIRECTION('',(0.,0.,-1.));
#9098 = ORIENTED_EDGE('',*,*,#818,.F.);
#9099 = ORIENTED_EDGE('',*,*,#9076,.F.);
#9100 = ORIENTED_EDGE('',*,*,#9022,.T.);
#9101 = PLANE('',#9102);
#9102 = AXIS2_PLACEMENT_3D('',#9103,#9104,#9105);
#9103 = CARTESIAN_POINT('',(-26.92920398712,7.516928672791,1.10000000149
    ));
#9104 = DIRECTION('',(-0.965925907285,0.258818742821,-0.));
#9105 = DIRECTION('',(-0.258818742821,-0.965925907285,0.));
#9106 = ADVANCED_FACE('',(#9107),#9118,.T.);
#9107 = FACE_BOUND('',#9108,.T.);
#9108 = EDGE_LOOP('',(#9109,#9115,#9116,#9117));
#9109 = ORIENTED_EDGE('',*,*,#9110,.T.);
#9110 = EDGE_CURVE('',#9007,#827,#9111,.T.);
#9111 = LINE('',#9112,#9113);
#9112 = CARTESIAN_POINT('',(-26.82709121704,7.81347322464,2.));
#9113 = VECTOR('',#9114,1.);
#9114 = DIRECTION('',(0.,0.,-1.));
#9115 = ORIENTED_EDGE('',*,*,#826,.F.);
#9116 = ORIENTED_EDGE('',*,*,#9093,.F.);
#9117 = ORIENTED_EDGE('',*,*,#9014,.T.);
#9118 = PLANE('',#9119);
#9119 = AXIS2_PLACEMENT_3D('',#9120,#9121,#9122);
#9120 = CARTESIAN_POINT('',(-26.86460208892,7.715753555298,1.10000000149
    ));
#9121 = DIRECTION('',(-0.933581048784,0.358366328428,-0.));
#9122 = DIRECTION('',(-0.358366328428,-0.933581048784,0.));
#9123 = ADVANCED_FACE('',(#9124),#9135,.T.);
#9124 = FACE_BOUND('',#9125,.T.);
#9125 = EDGE_LOOP('',(#9126,#9132,#9133,#9134));
#9126 = ORIENTED_EDGE('',*,*,#9127,.T.);
#9127 = EDGE_CURVE('',#8999,#835,#9128,.T.);
#9128 = LINE('',#9129,#9130);
#9129 = CARTESIAN_POINT('',(-26.73204994201,8.,2.));
#9130 = VECTOR('',#9131,1.);
#9131 = DIRECTION('',(0.,0.,-1.));
#9132 = ORIENTED_EDGE('',*,*,#834,.F.);
#9133 = ORIENTED_EDGE('',*,*,#9110,.F.);
#9134 = ORIENTED_EDGE('',*,*,#9006,.T.);
#9135 = PLANE('',#9136);
#9136 = AXIS2_PLACEMENT_3D('',#9137,#9138,#9139);
#9137 = CARTESIAN_POINT('',(-26.77957057952,7.90673661232,1.10000000149)
  );
#9138 = DIRECTION('',(-0.891004329192,0.453994807637,-0.));
#9139 = DIRECTION('',(-0.453994807637,-0.891004329192,0.));
#9140 = ADVANCED_FACE('',(#9141),#9152,.T.);
#9141 = FACE_BOUND('',#9142,.T.);
#9142 = EDGE_LOOP('',(#9143,#9149,#9150,#9151));
#9143 = ORIENTED_EDGE('',*,*,#9144,.T.);
#9144 = EDGE_CURVE('',#8991,#843,#9145,.T.);
#9145 = LINE('',#9146,#9147);
#9146 = CARTESIAN_POINT('',(-26.61803436279,8.175570487976,2.));
#9147 = VECTOR('',#9148,1.);
#9148 = DIRECTION('',(0.,0.,-1.));
#9149 = ORIENTED_EDGE('',*,*,#842,.F.);
#9150 = ORIENTED_EDGE('',*,*,#9127,.F.);
#9151 = ORIENTED_EDGE('',*,*,#8998,.T.);
#9152 = PLANE('',#9153);
#9153 = AXIS2_PLACEMENT_3D('',#9154,#9155,#9156);
#9154 = CARTESIAN_POINT('',(-26.6750421524,8.087785243988,1.10000000149)
  );
#9155 = DIRECTION('',(-0.838673249115,0.544634906353,-0.));
#9156 = DIRECTION('',(-0.544634906353,-0.838673249115,0.));
#9157 = ADVANCED_FACE('',(#9158),#9169,.T.);
#9158 = FACE_BOUND('',#9159,.T.);
#9159 = EDGE_LOOP('',(#9160,#9166,#9167,#9168));
#9160 = ORIENTED_EDGE('',*,*,#9161,.T.);
#9161 = EDGE_CURVE('',#8983,#851,#9162,.T.);
#9162 = LINE('',#9163,#9164);
#9163 = CARTESIAN_POINT('',(-26.48628997802,8.338261604309,2.));
#9164 = VECTOR('',#9165,1.);
#9165 = DIRECTION('',(0.,0.,-1.));
#9166 = ORIENTED_EDGE('',*,*,#850,.F.);
#9167 = ORIENTED_EDGE('',*,*,#9144,.F.);
#9168 = ORIENTED_EDGE('',*,*,#8990,.T.);
#9169 = PLANE('',#9170);
#9170 = AXIS2_PLACEMENT_3D('',#9171,#9172,#9173);
#9171 = CARTESIAN_POINT('',(-26.55216217041,8.256916046143,1.10000000149
    ));
#9172 = DIRECTION('',(-0.77714662397,0.629319572914,-0.));
#9173 = DIRECTION('',(-0.629319572914,-0.77714662397,0.));
#9174 = ADVANCED_FACE('',(#9175),#9186,.T.);
#9175 = FACE_BOUND('',#9176,.T.);
#9176 = EDGE_LOOP('',(#9177,#9183,#9184,#9185));
#9177 = ORIENTED_EDGE('',*,*,#9178,.T.);
#9178 = EDGE_CURVE('',#8975,#859,#9179,.T.);
#9179 = LINE('',#9180,#9181);
#9180 = CARTESIAN_POINT('',(-26.33826065063,8.486289978027,2.));
#9181 = VECTOR('',#9182,1.);
#9182 = DIRECTION('',(0.,0.,-1.));
#9183 = ORIENTED_EDGE('',*,*,#858,.F.);
#9184 = ORIENTED_EDGE('',*,*,#9161,.F.);
#9185 = ORIENTED_EDGE('',*,*,#8982,.T.);
#9186 = PLANE('',#9187);
#9187 = AXIS2_PLACEMENT_3D('',#9188,#9189,#9190);
#9188 = CARTESIAN_POINT('',(-26.41227531433,8.412275791168,1.10000000149
    ));
#9189 = DIRECTION('',(-0.707104503419,0.707109058947,0.));
#9190 = DIRECTION('',(0.707109058947,0.707104503419,0.));
#9191 = ADVANCED_FACE('',(#9192),#9203,.T.);
#9192 = FACE_BOUND('',#9193,.T.);
#9193 = EDGE_LOOP('',(#9194,#9200,#9201,#9202));
#9194 = ORIENTED_EDGE('',*,*,#9195,.T.);
#9195 = EDGE_CURVE('',#8967,#867,#9196,.T.);
#9196 = LINE('',#9197,#9198);
#9197 = CARTESIAN_POINT('',(-26.17557144165,8.618034362793,2.));
#9198 = VECTOR('',#9199,1.);
#9199 = DIRECTION('',(0.,0.,-1.));
#9200 = ORIENTED_EDGE('',*,*,#866,.F.);
#9201 = ORIENTED_EDGE('',*,*,#9178,.F.);
#9202 = ORIENTED_EDGE('',*,*,#8974,.T.);
#9203 = PLANE('',#9204);
#9204 = AXIS2_PLACEMENT_3D('',#9205,#9206,#9207);
#9205 = CARTESIAN_POINT('',(-26.25691604614,8.55216217041,1.10000000149)
  );
#9206 = DIRECTION('',(-0.629324028917,0.777143015556,0.));
#9207 = DIRECTION('',(0.777143015556,0.629324028917,0.));
#9208 = ADVANCED_FACE('',(#9209),#9220,.T.);
#9209 = FACE_BOUND('',#9210,.T.);
#9210 = EDGE_LOOP('',(#9211,#9217,#9218,#9219));
#9211 = ORIENTED_EDGE('',*,*,#9212,.T.);
#9212 = EDGE_CURVE('',#8959,#875,#9213,.T.);
#9213 = LINE('',#9214,#9215);
#9214 = CARTESIAN_POINT('',(-26.,8.732050895691,2.));
#9215 = VECTOR('',#9216,1.);
#9216 = DIRECTION('',(0.,0.,-1.));
#9217 = ORIENTED_EDGE('',*,*,#874,.F.);
#9218 = ORIENTED_EDGE('',*,*,#9195,.F.);
#9219 = ORIENTED_EDGE('',*,*,#8966,.T.);
#9220 = PLANE('',#9221);
#9221 = AXIS2_PLACEMENT_3D('',#9222,#9223,#9224);
#9222 = CARTESIAN_POINT('',(-26.08778572082,8.675042629242,1.10000000149
    ));
#9223 = DIRECTION('',(-0.544636029755,0.838672519576,0.));
#9224 = DIRECTION('',(0.838672519576,0.544636029755,0.));
#9225 = ADVANCED_FACE('',(#9226),#9237,.T.);
#9226 = FACE_BOUND('',#9227,.T.);
#9227 = EDGE_LOOP('',(#9228,#9234,#9235,#9236));
#9228 = ORIENTED_EDGE('',*,*,#9229,.T.);
#9229 = EDGE_CURVE('',#8951,#883,#9230,.T.);
#9230 = LINE('',#9231,#9232);
#9231 = CARTESIAN_POINT('',(-25.8134727478,8.827091217041,2.));
#9232 = VECTOR('',#9233,1.);
#9233 = DIRECTION('',(0.,0.,-1.));
#9234 = ORIENTED_EDGE('',*,*,#882,.F.);
#9235 = ORIENTED_EDGE('',*,*,#9212,.F.);
#9236 = ORIENTED_EDGE('',*,*,#8958,.T.);
#9237 = PLANE('',#9238);
#9238 = AXIS2_PLACEMENT_3D('',#9239,#9240,#9241);
#9239 = CARTESIAN_POINT('',(-25.9067363739,8.779571056366,1.10000000149)
  );
#9240 = DIRECTION('',(-0.453990269667,0.891006641416,0.));
#9241 = DIRECTION('',(0.891006641416,0.453990269667,0.));
#9242 = ADVANCED_FACE('',(#9243),#9254,.T.);
#9243 = FACE_BOUND('',#9244,.T.);
#9244 = EDGE_LOOP('',(#9245,#9251,#9252,#9253));
#9245 = ORIENTED_EDGE('',*,*,#9246,.T.);
#9246 = EDGE_CURVE('',#8943,#891,#9247,.T.);
#9247 = LINE('',#9248,#9249);
#9248 = CARTESIAN_POINT('',(-25.61803436279,8.902112960815,2.));
#9249 = VECTOR('',#9250,1.);
#9250 = DIRECTION('',(0.,0.,-1.));
#9251 = ORIENTED_EDGE('',*,*,#890,.F.);
#9252 = ORIENTED_EDGE('',*,*,#9229,.F.);
#9253 = ORIENTED_EDGE('',*,*,#8950,.T.);
#9254 = PLANE('',#9255);
#9255 = AXIS2_PLACEMENT_3D('',#9256,#9257,#9258);
#9256 = CARTESIAN_POINT('',(-25.71575355529,8.864602088928,1.10000000149
    ));
#9257 = DIRECTION('',(-0.358367852554,0.933580463729,0.));
#9258 = DIRECTION('',(0.933580463729,0.358367852554,0.));
#9259 = ADVANCED_FACE('',(#9260),#9271,.T.);
#9260 = FACE_BOUND('',#9261,.T.);
#9261 = EDGE_LOOP('',(#9262,#9268,#9269,#9270));
#9262 = ORIENTED_EDGE('',*,*,#9263,.T.);
#9263 = EDGE_CURVE('',#8935,#899,#9264,.T.);
#9264 = LINE('',#9265,#9266);
#9265 = CARTESIAN_POINT('',(-25.41582298278,8.956295013428,2.));
#9266 = VECTOR('',#9267,1.);
#9267 = DIRECTION('',(0.,0.,-1.));
#9268 = ORIENTED_EDGE('',*,*,#898,.F.);
#9269 = ORIENTED_EDGE('',*,*,#9246,.F.);
#9270 = ORIENTED_EDGE('',*,*,#8942,.T.);
#9271 = PLANE('',#9272);
#9272 = AXIS2_PLACEMENT_3D('',#9273,#9274,#9275);
#9273 = CARTESIAN_POINT('',(-25.51692867279,8.929203987122,1.10000000149
    ));
#9274 = DIRECTION('',(-0.25881760394,0.965926212446,0.));
#9275 = DIRECTION('',(0.965926212446,0.25881760394,0.));
#9276 = ADVANCED_FACE('',(#9277),#9288,.T.);
#9277 = FACE_BOUND('',#9278,.T.);
#9278 = EDGE_LOOP('',(#9279,#9285,#9286,#9287));
#9279 = ORIENTED_EDGE('',*,*,#9280,.T.);
#9280 = EDGE_CURVE('',#8927,#907,#9281,.T.);
#9281 = LINE('',#9282,#9283);
#9282 = CARTESIAN_POINT('',(-25.20905685424,8.989044189453,2.));
#9283 = VECTOR('',#9284,1.);
#9284 = DIRECTION('',(0.,0.,-1.));
#9285 = ORIENTED_EDGE('',*,*,#906,.F.);
#9286 = ORIENTED_EDGE('',*,*,#9263,.F.);
#9287 = ORIENTED_EDGE('',*,*,#8934,.T.);
#9288 = PLANE('',#9289);
#9289 = AXIS2_PLACEMENT_3D('',#9290,#9291,#9292);
#9290 = CARTESIAN_POINT('',(-25.31243991851,8.97266960144,1.10000000149)
  );
#9291 = DIRECTION('',(-0.15643744031,0.987687869354,0.));
#9292 = DIRECTION('',(0.987687869354,0.15643744031,0.));
#9293 = ADVANCED_FACE('',(#9294),#9305,.T.);
#9294 = FACE_BOUND('',#9295,.T.);
#9295 = EDGE_LOOP('',(#9296,#9302,#9303,#9304));
#9296 = ORIENTED_EDGE('',*,*,#9297,.T.);
#9297 = EDGE_CURVE('',#8919,#915,#9298,.T.);
#9298 = LINE('',#9299,#9300);
#9299 = CARTESIAN_POINT('',(-25.,9.,2.));
#9300 = VECTOR('',#9301,1.);
#9301 = DIRECTION('',(0.,0.,-1.));
#9302 = ORIENTED_EDGE('',*,*,#914,.F.);
#9303 = ORIENTED_EDGE('',*,*,#9280,.F.);
#9304 = ORIENTED_EDGE('',*,*,#8926,.T.);
#9305 = PLANE('',#9306);
#9306 = AXIS2_PLACEMENT_3D('',#9307,#9308,#9309);
#9307 = CARTESIAN_POINT('',(-25.10452842712,8.994522094727,1.10000000149
    ));
#9308 = DIRECTION('',(-5.233407490429E-02,0.99862963335,0.));
#9309 = DIRECTION('',(0.99862963335,5.233407490429E-02,0.));
#9310 = ADVANCED_FACE('',(#9311),#9322,.T.);
#9311 = FACE_BOUND('',#9312,.T.);
#9312 = EDGE_LOOP('',(#9313,#9314,#9320,#9321));
#9313 = ORIENTED_EDGE('',*,*,#8918,.T.);
#9314 = ORIENTED_EDGE('',*,*,#9315,.T.);
#9315 = EDGE_CURVE('',#8911,#923,#9316,.T.);
#9316 = LINE('',#9317,#9318);
#9317 = CARTESIAN_POINT('',(25.,9.,2.));
#9318 = VECTOR('',#9319,1.);
#9319 = DIRECTION('',(0.,0.,-1.));
#9320 = ORIENTED_EDGE('',*,*,#922,.F.);
#9321 = ORIENTED_EDGE('',*,*,#9297,.F.);
#9322 = PLANE('',#9323);
#9323 = AXIS2_PLACEMENT_3D('',#9324,#9325,#9326);
#9324 = CARTESIAN_POINT('',(0.,9.,1.10000000149));
#9325 = DIRECTION('',(0.,1.,0.));
#9326 = DIRECTION('',(0.,-0.,1.));
#9327 = ADVANCED_FACE('',(#9328),#9339,.T.);
#9328 = FACE_BOUND('',#9329,.T.);
#9329 = EDGE_LOOP('',(#9330,#9331,#9332,#9338));
#9330 = ORIENTED_EDGE('',*,*,#8359,.F.);
#9331 = ORIENTED_EDGE('',*,*,#417,.F.);
#9332 = ORIENTED_EDGE('',*,*,#9333,.F.);
#9333 = EDGE_CURVE('',#8671,#418,#9334,.T.);
#9334 = LINE('',#9335,#9336);
#9335 = CARTESIAN_POINT('',(25.209056854248,-26.98904418945,2.));
#9336 = VECTOR('',#9337,1.);
#9337 = DIRECTION('',(0.,0.,-1.));
#9338 = ORIENTED_EDGE('',*,*,#8670,.T.);
#9339 = PLANE('',#9340);
#9340 = AXIS2_PLACEMENT_3D('',#9341,#9342,#9343);
#9341 = CARTESIAN_POINT('',(25.104528427124,-26.99452209472,
    1.10000000149));
#9342 = DIRECTION('',(5.233407490429E-02,-0.99862963335,-0.));
#9343 = DIRECTION('',(-0.99862963335,-5.233407490429E-02,0.));
#9344 = ADVANCED_FACE('',(#9345),#9356,.T.);
#9345 = FACE_BOUND('',#9346,.T.);
#9346 = EDGE_LOOP('',(#9347,#9348,#9349,#9355));
#9347 = ORIENTED_EDGE('',*,*,#9333,.T.);
#9348 = ORIENTED_EDGE('',*,*,#1162,.F.);
#9349 = ORIENTED_EDGE('',*,*,#9350,.F.);
#9350 = EDGE_CURVE('',#8679,#1155,#9351,.T.);
#9351 = LINE('',#9352,#9353);
#9352 = CARTESIAN_POINT('',(25.415822982788,-26.95629501342,2.));
#9353 = VECTOR('',#9354,1.);
#9354 = DIRECTION('',(0.,0.,-1.));
#9355 = ORIENTED_EDGE('',*,*,#8678,.T.);
#9356 = PLANE('',#9357);
#9357 = AXIS2_PLACEMENT_3D('',#9358,#9359,#9360);
#9358 = CARTESIAN_POINT('',(25.312439918518,-26.97266960144,
    1.10000000149));
#9359 = DIRECTION('',(0.15643744031,-0.987687869354,-0.));
#9360 = DIRECTION('',(-0.987687869354,-0.15643744031,0.));
#9361 = ADVANCED_FACE('',(#9362),#9373,.T.);
#9362 = FACE_BOUND('',#9363,.T.);
#9363 = EDGE_LOOP('',(#9364,#9365,#9366,#9372));
#9364 = ORIENTED_EDGE('',*,*,#9350,.T.);
#9365 = ORIENTED_EDGE('',*,*,#1154,.F.);
#9366 = ORIENTED_EDGE('',*,*,#9367,.F.);
#9367 = EDGE_CURVE('',#8687,#1147,#9368,.T.);
#9368 = LINE('',#9369,#9370);
#9369 = CARTESIAN_POINT('',(25.618034362793,-26.90211296081,2.));
#9370 = VECTOR('',#9371,1.);
#9371 = DIRECTION('',(0.,0.,-1.));
#9372 = ORIENTED_EDGE('',*,*,#8686,.T.);
#9373 = PLANE('',#9374);
#9374 = AXIS2_PLACEMENT_3D('',#9375,#9376,#9377);
#9375 = CARTESIAN_POINT('',(25.516928672791,-26.92920398712,
    1.10000000149));
#9376 = DIRECTION('',(0.25881760394,-0.965926212446,-0.));
#9377 = DIRECTION('',(-0.965926212446,-0.25881760394,0.));
#9378 = ADVANCED_FACE('',(#9379),#9390,.T.);
#9379 = FACE_BOUND('',#9380,.T.);
#9380 = EDGE_LOOP('',(#9381,#9382,#9383,#9389));
#9381 = ORIENTED_EDGE('',*,*,#9367,.T.);
#9382 = ORIENTED_EDGE('',*,*,#1146,.F.);
#9383 = ORIENTED_EDGE('',*,*,#9384,.F.);
#9384 = EDGE_CURVE('',#8695,#1139,#9385,.T.);
#9385 = LINE('',#9386,#9387);
#9386 = CARTESIAN_POINT('',(25.813472747803,-26.82709121704,2.));
#9387 = VECTOR('',#9388,1.);
#9388 = DIRECTION('',(0.,0.,-1.));
#9389 = ORIENTED_EDGE('',*,*,#8694,.T.);
#9390 = PLANE('',#9391);
#9391 = AXIS2_PLACEMENT_3D('',#9392,#9393,#9394);
#9392 = CARTESIAN_POINT('',(25.715753555298,-26.86460208892,
    1.10000000149));
#9393 = DIRECTION('',(0.358367852554,-0.933580463729,-0.));
#9394 = DIRECTION('',(-0.933580463729,-0.358367852554,0.));
#9395 = ADVANCED_FACE('',(#9396),#9407,.T.);
#9396 = FACE_BOUND('',#9397,.T.);
#9397 = EDGE_LOOP('',(#9398,#9399,#9400,#9406));
#9398 = ORIENTED_EDGE('',*,*,#9384,.T.);
#9399 = ORIENTED_EDGE('',*,*,#1138,.F.);
#9400 = ORIENTED_EDGE('',*,*,#9401,.F.);
#9401 = EDGE_CURVE('',#8703,#1131,#9402,.T.);
#9402 = LINE('',#9403,#9404);
#9403 = CARTESIAN_POINT('',(26.,-26.73204994201,2.));
#9404 = VECTOR('',#9405,1.);
#9405 = DIRECTION('',(0.,0.,-1.));
#9406 = ORIENTED_EDGE('',*,*,#8702,.T.);
#9407 = PLANE('',#9408);
#9408 = AXIS2_PLACEMENT_3D('',#9409,#9410,#9411);
#9409 = CARTESIAN_POINT('',(25.906736373901,-26.77957057952,
    1.10000000149));
#9410 = DIRECTION('',(0.453993886257,-0.891004798664,-0.));
#9411 = DIRECTION('',(-0.891004798664,-0.453993886257,0.));
#9412 = ADVANCED_FACE('',(#9413),#9424,.T.);
#9413 = FACE_BOUND('',#9414,.T.);
#9414 = EDGE_LOOP('',(#9415,#9416,#9417,#9423));
#9415 = ORIENTED_EDGE('',*,*,#9401,.T.);
#9416 = ORIENTED_EDGE('',*,*,#1130,.F.);
#9417 = ORIENTED_EDGE('',*,*,#9418,.F.);
#9418 = EDGE_CURVE('',#8711,#1123,#9419,.T.);
#9419 = LINE('',#9420,#9421);
#9420 = CARTESIAN_POINT('',(26.17557144165,-26.61803436279,2.));
#9421 = VECTOR('',#9422,1.);
#9422 = DIRECTION('',(0.,0.,-1.));
#9423 = ORIENTED_EDGE('',*,*,#8710,.T.);
#9424 = PLANE('',#9425);
#9425 = AXIS2_PLACEMENT_3D('',#9426,#9427,#9428);
#9426 = CARTESIAN_POINT('',(26.087785720825,-26.6750421524,1.10000000149
    ));
#9427 = DIRECTION('',(0.544632825515,-0.838674600409,-0.));
#9428 = DIRECTION('',(-0.838674600409,-0.544632825515,0.));
#9429 = ADVANCED_FACE('',(#9430),#9441,.T.);
#9430 = FACE_BOUND('',#9431,.T.);
#9431 = EDGE_LOOP('',(#9432,#9433,#9434,#9440));
#9432 = ORIENTED_EDGE('',*,*,#9418,.T.);
#9433 = ORIENTED_EDGE('',*,*,#1122,.F.);
#9434 = ORIENTED_EDGE('',*,*,#9435,.F.);
#9435 = EDGE_CURVE('',#8719,#1115,#9436,.T.);
#9436 = LINE('',#9437,#9438);
#9437 = CARTESIAN_POINT('',(26.338260650635,-26.48628997802,2.));
#9438 = VECTOR('',#9439,1.);
#9439 = DIRECTION('',(0.,0.,-1.));
#9440 = ORIENTED_EDGE('',*,*,#8718,.T.);
#9441 = PLANE('',#9442);
#9442 = AXIS2_PLACEMENT_3D('',#9443,#9444,#9445);
#9443 = CARTESIAN_POINT('',(26.256916046143,-26.55216217041,
    1.10000000149));
#9444 = DIRECTION('',(0.629324028917,-0.777143015556,-0.));
#9445 = DIRECTION('',(-0.777143015556,-0.629324028917,0.));
#9446 = ADVANCED_FACE('',(#9447),#9458,.T.);
#9447 = FACE_BOUND('',#9448,.T.);
#9448 = EDGE_LOOP('',(#9449,#9450,#9451,#9457));
#9449 = ORIENTED_EDGE('',*,*,#9435,.T.);
#9450 = ORIENTED_EDGE('',*,*,#1114,.F.);
#9451 = ORIENTED_EDGE('',*,*,#9452,.F.);
#9452 = EDGE_CURVE('',#8727,#1107,#9453,.T.);
#9453 = LINE('',#9454,#9455);
#9454 = CARTESIAN_POINT('',(26.486289978027,-26.33826065063,2.));
#9455 = VECTOR('',#9456,1.);
#9456 = DIRECTION('',(0.,0.,-1.));
#9457 = ORIENTED_EDGE('',*,*,#8726,.T.);
#9458 = PLANE('',#9459);
#9459 = AXIS2_PLACEMENT_3D('',#9460,#9461,#9462);
#9460 = CARTESIAN_POINT('',(26.412275314331,-26.41227531433,
    1.10000000149));
#9461 = DIRECTION('',(0.707106781187,-0.707106781187,0.));
#9462 = DIRECTION('',(0.707106781187,0.707106781187,0.));
#9463 = ADVANCED_FACE('',(#9464),#9475,.T.);
#9464 = FACE_BOUND('',#9465,.T.);
#9465 = EDGE_LOOP('',(#9466,#9467,#9468,#9474));
#9466 = ORIENTED_EDGE('',*,*,#9452,.T.);
#9467 = ORIENTED_EDGE('',*,*,#1106,.F.);
#9468 = ORIENTED_EDGE('',*,*,#9469,.F.);
#9469 = EDGE_CURVE('',#8735,#1099,#9470,.T.);
#9470 = LINE('',#9471,#9472);
#9471 = CARTESIAN_POINT('',(26.618034362793,-26.17557144165,2.));
#9472 = VECTOR('',#9473,1.);
#9473 = DIRECTION('',(0.,0.,-1.));
#9474 = ORIENTED_EDGE('',*,*,#8734,.T.);
#9475 = PLANE('',#9476);
#9476 = AXIS2_PLACEMENT_3D('',#9477,#9478,#9479);
#9477 = CARTESIAN_POINT('',(26.55216217041,-26.25691604614,1.10000000149
    ));
#9478 = DIRECTION('',(0.777143015556,-0.629324028917,0.));
#9479 = DIRECTION('',(0.629324028917,0.777143015556,0.));
#9480 = ADVANCED_FACE('',(#9481),#9492,.T.);
#9481 = FACE_BOUND('',#9482,.T.);
#9482 = EDGE_LOOP('',(#9483,#9484,#9485,#9491));
#9483 = ORIENTED_EDGE('',*,*,#9469,.T.);
#9484 = ORIENTED_EDGE('',*,*,#1098,.F.);
#9485 = ORIENTED_EDGE('',*,*,#9486,.F.);
#9486 = EDGE_CURVE('',#8743,#1091,#9487,.T.);
#9487 = LINE('',#9488,#9489);
#9488 = CARTESIAN_POINT('',(26.732049942017,-26.,2.));
#9489 = VECTOR('',#9490,1.);
#9490 = DIRECTION('',(0.,0.,-1.));
#9491 = ORIENTED_EDGE('',*,*,#8742,.T.);
#9492 = PLANE('',#9493);
#9493 = AXIS2_PLACEMENT_3D('',#9494,#9495,#9496);
#9494 = CARTESIAN_POINT('',(26.675042152405,-26.08778572082,
    1.10000000149));
#9495 = DIRECTION('',(0.838674600409,-0.544632825515,0.));
#9496 = DIRECTION('',(0.544632825515,0.838674600409,0.));
#9497 = ADVANCED_FACE('',(#9498),#9509,.T.);
#9498 = FACE_BOUND('',#9499,.T.);
#9499 = EDGE_LOOP('',(#9500,#9501,#9502,#9508));
#9500 = ORIENTED_EDGE('',*,*,#9486,.T.);
#9501 = ORIENTED_EDGE('',*,*,#1090,.F.);
#9502 = ORIENTED_EDGE('',*,*,#9503,.F.);
#9503 = EDGE_CURVE('',#8751,#1083,#9504,.T.);
#9504 = LINE('',#9505,#9506);
#9505 = CARTESIAN_POINT('',(26.827091217041,-25.8134727478,2.));
#9506 = VECTOR('',#9507,1.);
#9507 = DIRECTION('',(0.,0.,-1.));
#9508 = ORIENTED_EDGE('',*,*,#8750,.T.);
#9509 = PLANE('',#9510);
#9510 = AXIS2_PLACEMENT_3D('',#9511,#9512,#9513);
#9511 = CARTESIAN_POINT('',(26.779570579529,-25.9067363739,1.10000000149
    ));
#9512 = DIRECTION('',(0.891004798664,-0.453993886257,0.));
#9513 = DIRECTION('',(0.453993886257,0.891004798664,0.));
#9514 = ADVANCED_FACE('',(#9515),#9526,.T.);
#9515 = FACE_BOUND('',#9516,.T.);
#9516 = EDGE_LOOP('',(#9517,#9518,#9519,#9525));
#9517 = ORIENTED_EDGE('',*,*,#9503,.T.);
#9518 = ORIENTED_EDGE('',*,*,#1082,.F.);
#9519 = ORIENTED_EDGE('',*,*,#9520,.F.);
#9520 = EDGE_CURVE('',#8759,#1075,#9521,.T.);
#9521 = LINE('',#9522,#9523);
#9522 = CARTESIAN_POINT('',(26.902112960815,-25.61803436279,2.));
#9523 = VECTOR('',#9524,1.);
#9524 = DIRECTION('',(0.,0.,-1.));
#9525 = ORIENTED_EDGE('',*,*,#8758,.T.);
#9526 = PLANE('',#9527);
#9527 = AXIS2_PLACEMENT_3D('',#9528,#9529,#9530);
#9528 = CARTESIAN_POINT('',(26.864602088928,-25.71575355529,
    1.10000000149));
#9529 = DIRECTION('',(0.933580463729,-0.358367852554,0.));
#9530 = DIRECTION('',(0.358367852554,0.933580463729,0.));
#9531 = ADVANCED_FACE('',(#9532),#9543,.T.);
#9532 = FACE_BOUND('',#9533,.T.);
#9533 = EDGE_LOOP('',(#9534,#9535,#9536,#9542));
#9534 = ORIENTED_EDGE('',*,*,#9520,.T.);
#9535 = ORIENTED_EDGE('',*,*,#1074,.F.);
#9536 = ORIENTED_EDGE('',*,*,#9537,.F.);
#9537 = EDGE_CURVE('',#8767,#1067,#9538,.T.);
#9538 = LINE('',#9539,#9540);
#9539 = CARTESIAN_POINT('',(26.956295013428,-25.41582298278,2.));
#9540 = VECTOR('',#9541,1.);
#9541 = DIRECTION('',(0.,0.,-1.));
#9542 = ORIENTED_EDGE('',*,*,#8766,.T.);
#9543 = PLANE('',#9544);
#9544 = AXIS2_PLACEMENT_3D('',#9545,#9546,#9547);
#9545 = CARTESIAN_POINT('',(26.929203987122,-25.51692867279,
    1.10000000149));
#9546 = DIRECTION('',(0.965926212446,-0.25881760394,0.));
#9547 = DIRECTION('',(0.25881760394,0.965926212446,0.));
#9548 = ADVANCED_FACE('',(#9549),#9560,.T.);
#9549 = FACE_BOUND('',#9550,.T.);
#9550 = EDGE_LOOP('',(#9551,#9552,#9553,#9559));
#9551 = ORIENTED_EDGE('',*,*,#9537,.T.);
#9552 = ORIENTED_EDGE('',*,*,#1066,.F.);
#9553 = ORIENTED_EDGE('',*,*,#9554,.F.);
#9554 = EDGE_CURVE('',#8775,#1059,#9555,.T.);
#9555 = LINE('',#9556,#9557);
#9556 = CARTESIAN_POINT('',(26.989044189453,-25.20905685424,2.));
#9557 = VECTOR('',#9558,1.);
#9558 = DIRECTION('',(0.,0.,-1.));
#9559 = ORIENTED_EDGE('',*,*,#8774,.T.);
#9560 = PLANE('',#9561);
#9561 = AXIS2_PLACEMENT_3D('',#9562,#9563,#9564);
#9562 = CARTESIAN_POINT('',(26.97266960144,-25.31243991851,1.10000000149
    ));
#9563 = DIRECTION('',(0.987687869354,-0.15643744031,0.));
#9564 = DIRECTION('',(0.15643744031,0.987687869354,0.));
#9565 = ADVANCED_FACE('',(#9566),#9577,.T.);
#9566 = FACE_BOUND('',#9567,.T.);
#9567 = EDGE_LOOP('',(#9568,#9569,#9570,#9576));
#9568 = ORIENTED_EDGE('',*,*,#9554,.T.);
#9569 = ORIENTED_EDGE('',*,*,#1058,.F.);
#9570 = ORIENTED_EDGE('',*,*,#9571,.F.);
#9571 = EDGE_CURVE('',#8783,#1051,#9572,.T.);
#9572 = LINE('',#9573,#9574);
#9573 = CARTESIAN_POINT('',(27.,-25.,2.));
#9574 = VECTOR('',#9575,1.);
#9575 = DIRECTION('',(0.,0.,-1.));
#9576 = ORIENTED_EDGE('',*,*,#8782,.T.);
#9577 = PLANE('',#9578);
#9578 = AXIS2_PLACEMENT_3D('',#9579,#9580,#9581);
#9579 = CARTESIAN_POINT('',(26.994522094727,-25.10452842712,
    1.10000000149));
#9580 = DIRECTION('',(0.99862963335,-5.233407490429E-02,0.));
#9581 = DIRECTION('',(5.233407490429E-02,0.99862963335,0.));
#9582 = ADVANCED_FACE('',(#9583),#9594,.T.);
#9583 = FACE_BOUND('',#9584,.T.);
#9584 = EDGE_LOOP('',(#9585,#9586,#9587,#9593));
#9585 = ORIENTED_EDGE('',*,*,#9571,.T.);
#9586 = ORIENTED_EDGE('',*,*,#1050,.F.);
#9587 = ORIENTED_EDGE('',*,*,#9588,.F.);
#9588 = EDGE_CURVE('',#8791,#1043,#9589,.T.);
#9589 = LINE('',#9590,#9591);
#9590 = CARTESIAN_POINT('',(27.,7.,2.));
#9591 = VECTOR('',#9592,1.);
#9592 = DIRECTION('',(0.,0.,-1.));
#9593 = ORIENTED_EDGE('',*,*,#8790,.T.);
#9594 = PLANE('',#9595);
#9595 = AXIS2_PLACEMENT_3D('',#9596,#9597,#9598);
#9596 = CARTESIAN_POINT('',(27.,-9.,1.10000000149));
#9597 = DIRECTION('',(1.,0.,0.));
#9598 = DIRECTION('',(-0.,0.,1.));
#9599 = ADVANCED_FACE('',(#9600),#9611,.T.);
#9600 = FACE_BOUND('',#9601,.T.);
#9601 = EDGE_LOOP('',(#9602,#9608,#9609,#9610));
#9602 = ORIENTED_EDGE('',*,*,#9603,.T.);
#9603 = EDGE_CURVE('',#8903,#931,#9604,.T.);
#9604 = LINE('',#9605,#9606);
#9605 = CARTESIAN_POINT('',(25.209056854248,8.989044189453,2.));
#9606 = VECTOR('',#9607,1.);
#9607 = DIRECTION('',(0.,0.,-1.));
#9608 = ORIENTED_EDGE('',*,*,#930,.F.);
#9609 = ORIENTED_EDGE('',*,*,#9315,.F.);
#9610 = ORIENTED_EDGE('',*,*,#8910,.T.);
#9611 = PLANE('',#9612);
#9612 = AXIS2_PLACEMENT_3D('',#9613,#9614,#9615);
#9613 = CARTESIAN_POINT('',(25.104528427124,8.994522094727,1.10000000149
    ));
#9614 = DIRECTION('',(5.233407490429E-02,0.99862963335,0.));
#9615 = DIRECTION('',(0.99862963335,-5.233407490429E-02,0.));
#9616 = ADVANCED_FACE('',(#9617),#9628,.T.);
#9617 = FACE_BOUND('',#9618,.T.);
#9618 = EDGE_LOOP('',(#9619,#9620,#9621,#9627));
#9619 = ORIENTED_EDGE('',*,*,#9588,.T.);
#9620 = ORIENTED_EDGE('',*,*,#1042,.F.);
#9621 = ORIENTED_EDGE('',*,*,#9622,.F.);
#9622 = EDGE_CURVE('',#8799,#1035,#9623,.T.);
#9623 = LINE('',#9624,#9625);
#9624 = CARTESIAN_POINT('',(26.989044189453,7.209056854248,2.));
#9625 = VECTOR('',#9626,1.);
#9626 = DIRECTION('',(0.,0.,-1.));
#9627 = ORIENTED_EDGE('',*,*,#8798,.T.);
#9628 = PLANE('',#9629);
#9629 = AXIS2_PLACEMENT_3D('',#9630,#9631,#9632);
#9630 = CARTESIAN_POINT('',(26.994522094727,7.104528427124,1.10000000149
    ));
#9631 = DIRECTION('',(0.99862963335,5.233407490429E-02,0.));
#9632 = DIRECTION('',(-5.233407490429E-02,0.99862963335,0.));
#9633 = ADVANCED_FACE('',(#9634),#9645,.T.);
#9634 = FACE_BOUND('',#9635,.T.);
#9635 = EDGE_LOOP('',(#9636,#9637,#9638,#9644));
#9636 = ORIENTED_EDGE('',*,*,#9622,.T.);
#9637 = ORIENTED_EDGE('',*,*,#1034,.F.);
#9638 = ORIENTED_EDGE('',*,*,#9639,.F.);
#9639 = EDGE_CURVE('',#8807,#1027,#9640,.T.);
#9640 = LINE('',#9641,#9642);
#9641 = CARTESIAN_POINT('',(26.956295013428,7.415823459625,2.));
#9642 = VECTOR('',#9643,1.);
#9643 = DIRECTION('',(0.,0.,-1.));
#9644 = ORIENTED_EDGE('',*,*,#8806,.T.);
#9645 = PLANE('',#9646);
#9646 = AXIS2_PLACEMENT_3D('',#9647,#9648,#9649);
#9647 = CARTESIAN_POINT('',(26.97266960144,7.312440156937,1.10000000149)
  );
#9648 = DIRECTION('',(0.987687925097,0.156437088369,0.));
#9649 = DIRECTION('',(-0.156437088369,0.987687925097,0.));
#9650 = ADVANCED_FACE('',(#9651),#9662,.T.);
#9651 = FACE_BOUND('',#9652,.T.);
#9652 = EDGE_LOOP('',(#9653,#9654,#9655,#9661));
#9653 = ORIENTED_EDGE('',*,*,#9639,.T.);
#9654 = ORIENTED_EDGE('',*,*,#1026,.F.);
#9655 = ORIENTED_EDGE('',*,*,#9656,.F.);
#9656 = EDGE_CURVE('',#8815,#1019,#9657,.T.);
#9657 = LINE('',#9658,#9659);
#9658 = CARTESIAN_POINT('',(26.902112960815,7.618033885956,2.));
#9659 = VECTOR('',#9660,1.);
#9660 = DIRECTION('',(0.,0.,-1.));
#9661 = ORIENTED_EDGE('',*,*,#8814,.T.);
#9662 = PLANE('',#9663);
#9663 = AXIS2_PLACEMENT_3D('',#9664,#9665,#9666);
#9664 = CARTESIAN_POINT('',(26.929203987122,7.516928672791,1.10000000149
    ));
#9665 = DIRECTION('',(0.965925907285,0.258818742821,0.));
#9666 = DIRECTION('',(-0.258818742821,0.965925907285,0.));
#9667 = ADVANCED_FACE('',(#9668),#9679,.T.);
#9668 = FACE_BOUND('',#9669,.T.);
#9669 = EDGE_LOOP('',(#9670,#9671,#9672,#9678));
#9670 = ORIENTED_EDGE('',*,*,#9656,.T.);
#9671 = ORIENTED_EDGE('',*,*,#1018,.F.);
#9672 = ORIENTED_EDGE('',*,*,#9673,.F.);
#9673 = EDGE_CURVE('',#8823,#1011,#9674,.T.);
#9674 = LINE('',#9675,#9676);
#9675 = CARTESIAN_POINT('',(26.827091217041,7.81347322464,2.));
#9676 = VECTOR('',#9677,1.);
#9677 = DIRECTION('',(0.,0.,-1.));
#9678 = ORIENTED_EDGE('',*,*,#8822,.T.);
#9679 = PLANE('',#9680);
#9680 = AXIS2_PLACEMENT_3D('',#9681,#9682,#9683);
#9681 = CARTESIAN_POINT('',(26.864602088928,7.715753555298,1.10000000149
    ));
#9682 = DIRECTION('',(0.933581048784,0.358366328428,0.));
#9683 = DIRECTION('',(-0.358366328428,0.933581048784,0.));
#9684 = ADVANCED_FACE('',(#9685),#9696,.T.);
#9685 = FACE_BOUND('',#9686,.T.);
#9686 = EDGE_LOOP('',(#9687,#9693,#9694,#9695));
#9687 = ORIENTED_EDGE('',*,*,#9688,.T.);
#9688 = EDGE_CURVE('',#8895,#939,#9689,.T.);
#9689 = LINE('',#9690,#9691);
#9690 = CARTESIAN_POINT('',(25.415822982788,8.956295013428,2.));
#9691 = VECTOR('',#9692,1.);
#9692 = DIRECTION('',(0.,0.,-1.));
#9693 = ORIENTED_EDGE('',*,*,#938,.F.);
#9694 = ORIENTED_EDGE('',*,*,#9603,.F.);
#9695 = ORIENTED_EDGE('',*,*,#8902,.T.);
#9696 = PLANE('',#9697);
#9697 = AXIS2_PLACEMENT_3D('',#9698,#9699,#9700);
#9698 = CARTESIAN_POINT('',(25.312439918518,8.97266960144,1.10000000149)
  );
#9699 = DIRECTION('',(0.15643744031,0.987687869354,0.));
#9700 = DIRECTION('',(0.987687869354,-0.15643744031,0.));
#9701 = ADVANCED_FACE('',(#9702),#9713,.T.);
#9702 = FACE_BOUND('',#9703,.T.);
#9703 = EDGE_LOOP('',(#9704,#9710,#9711,#9712));
#9704 = ORIENTED_EDGE('',*,*,#9705,.T.);
#9705 = EDGE_CURVE('',#8887,#947,#9706,.T.);
#9706 = LINE('',#9707,#9708);
#9707 = CARTESIAN_POINT('',(25.618034362793,8.902112960815,2.));
#9708 = VECTOR('',#9709,1.);
#9709 = DIRECTION('',(0.,0.,-1.));
#9710 = ORIENTED_EDGE('',*,*,#946,.F.);
#9711 = ORIENTED_EDGE('',*,*,#9688,.F.);
#9712 = ORIENTED_EDGE('',*,*,#8894,.T.);
#9713 = PLANE('',#9714);
#9714 = AXIS2_PLACEMENT_3D('',#9715,#9716,#9717);
#9715 = CARTESIAN_POINT('',(25.516928672791,8.929203987122,1.10000000149
    ));
#9716 = DIRECTION('',(0.25881760394,0.965926212446,0.));
#9717 = DIRECTION('',(0.965926212446,-0.25881760394,0.));
#9718 = ADVANCED_FACE('',(#9719),#9735,.T.);
#9719 = FACE_BOUND('',#9720,.T.);
#9720 = EDGE_LOOP('',(#9721,#9727,#9728,#9734));
#9721 = ORIENTED_EDGE('',*,*,#9722,.T.);
#9722 = EDGE_CURVE('',#8863,#971,#9723,.T.);
#9723 = LINE('',#9724,#9725);
#9724 = CARTESIAN_POINT('',(26.17557144165,8.618034362793,2.));
#9725 = VECTOR('',#9726,1.);
#9726 = DIRECTION('',(0.,0.,-1.));
#9727 = ORIENTED_EDGE('',*,*,#970,.F.);
#9728 = ORIENTED_EDGE('',*,*,#9729,.F.);
#9729 = EDGE_CURVE('',#8871,#963,#9730,.T.);
#9730 = LINE('',#9731,#9732);
#9731 = CARTESIAN_POINT('',(26.,8.732050895691,2.));
#9732 = VECTOR('',#9733,1.);
#9733 = DIRECTION('',(0.,0.,-1.));
#9734 = ORIENTED_EDGE('',*,*,#8870,.T.);
#9735 = PLANE('',#9736);
#9736 = AXIS2_PLACEMENT_3D('',#9737,#9738,#9739);
#9737 = CARTESIAN_POINT('',(26.087785720825,8.675042629242,1.10000000149
    ));
#9738 = DIRECTION('',(0.544636029755,0.838672519576,0.));
#9739 = DIRECTION('',(0.838672519576,-0.544636029755,0.));
#9740 = ADVANCED_FACE('',(#9741),#9752,.T.);
#9741 = FACE_BOUND('',#9742,.T.);
#9742 = EDGE_LOOP('',(#9743,#9749,#9750,#9751));
#9743 = ORIENTED_EDGE('',*,*,#9744,.T.);
#9744 = EDGE_CURVE('',#8879,#955,#9745,.T.);
#9745 = LINE('',#9746,#9747);
#9746 = CARTESIAN_POINT('',(25.813472747803,8.827091217041,2.));
#9747 = VECTOR('',#9748,1.);
#9748 = DIRECTION('',(0.,0.,-1.));
#9749 = ORIENTED_EDGE('',*,*,#954,.F.);
#9750 = ORIENTED_EDGE('',*,*,#9705,.F.);
#9751 = ORIENTED_EDGE('',*,*,#8886,.T.);
#9752 = PLANE('',#9753);
#9753 = AXIS2_PLACEMENT_3D('',#9754,#9755,#9756);
#9754 = CARTESIAN_POINT('',(25.715753555298,8.864602088928,1.10000000149
    ));
#9755 = DIRECTION('',(0.358367852554,0.933580463729,0.));
#9756 = DIRECTION('',(0.933580463729,-0.358367852554,0.));
#9757 = ADVANCED_FACE('',(#9758),#9764,.T.);
#9758 = FACE_BOUND('',#9759,.T.);
#9759 = EDGE_LOOP('',(#9760,#9761,#9762,#9763));
#9760 = ORIENTED_EDGE('',*,*,#9729,.T.);
#9761 = ORIENTED_EDGE('',*,*,#962,.F.);
#9762 = ORIENTED_EDGE('',*,*,#9744,.F.);
#9763 = ORIENTED_EDGE('',*,*,#8878,.T.);
#9764 = PLANE('',#9765);
#9765 = AXIS2_PLACEMENT_3D('',#9766,#9767,#9768);
#9766 = CARTESIAN_POINT('',(25.906736373901,8.779571056366,1.10000000149
    ));
#9767 = DIRECTION('',(0.453990269667,0.891006641416,0.));
#9768 = DIRECTION('',(0.891006641416,-0.453990269667,0.));
#9769 = ADVANCED_FACE('',(#9770),#9786,.T.);
#9770 = FACE_BOUND('',#9771,.T.);
#9771 = EDGE_LOOP('',(#9772,#9778,#9779,#9785));
#9772 = ORIENTED_EDGE('',*,*,#9773,.T.);
#9773 = EDGE_CURVE('',#8839,#995,#9774,.T.);
#9774 = LINE('',#9775,#9776);
#9775 = CARTESIAN_POINT('',(26.618034362793,8.175570487976,2.));
#9776 = VECTOR('',#9777,1.);
#9777 = DIRECTION('',(0.,0.,-1.));
#9778 = ORIENTED_EDGE('',*,*,#994,.F.);
#9779 = ORIENTED_EDGE('',*,*,#9780,.F.);
#9780 = EDGE_CURVE('',#8847,#987,#9781,.T.);
#9781 = LINE('',#9782,#9783);
#9782 = CARTESIAN_POINT('',(26.486289978027,8.338261604309,2.));
#9783 = VECTOR('',#9784,1.);
#9784 = DIRECTION('',(0.,0.,-1.));
#9785 = ORIENTED_EDGE('',*,*,#8846,.T.);
#9786 = PLANE('',#9787);
#9787 = AXIS2_PLACEMENT_3D('',#9788,#9789,#9790);
#9788 = CARTESIAN_POINT('',(26.55216217041,8.256916046143,1.10000000149)
  );
#9789 = DIRECTION('',(0.77714662397,0.629319572914,0.));
#9790 = DIRECTION('',(-0.629319572914,0.77714662397,0.));
#9791 = ADVANCED_FACE('',(#9792),#9803,.T.);
#9792 = FACE_BOUND('',#9793,.T.);
#9793 = EDGE_LOOP('',(#9794,#9795,#9796,#9802));
#9794 = ORIENTED_EDGE('',*,*,#9780,.T.);
#9795 = ORIENTED_EDGE('',*,*,#986,.F.);
#9796 = ORIENTED_EDGE('',*,*,#9797,.F.);
#9797 = EDGE_CURVE('',#8855,#979,#9798,.T.);
#9798 = LINE('',#9799,#9800);
#9799 = CARTESIAN_POINT('',(26.338260650635,8.486289978027,2.));
#9800 = VECTOR('',#9801,1.);
#9801 = DIRECTION('',(0.,0.,-1.));
#9802 = ORIENTED_EDGE('',*,*,#8854,.T.);
#9803 = PLANE('',#9804);
#9804 = AXIS2_PLACEMENT_3D('',#9805,#9806,#9807);
#9805 = CARTESIAN_POINT('',(26.412275314331,8.412275791168,1.10000000149
    ));
#9806 = DIRECTION('',(0.707104503419,0.707109058947,0.));
#9807 = DIRECTION('',(0.707109058947,-0.707104503419,0.));
#9808 = ADVANCED_FACE('',(#9809),#9820,.T.);
#9809 = FACE_BOUND('',#9810,.T.);
#9810 = EDGE_LOOP('',(#9811,#9817,#9818,#9819));
#9811 = ORIENTED_EDGE('',*,*,#9812,.T.);
#9812 = EDGE_CURVE('',#8831,#1003,#9813,.T.);
#9813 = LINE('',#9814,#9815);
#9814 = CARTESIAN_POINT('',(26.732049942017,8.,2.));
#9815 = VECTOR('',#9816,1.);
#9816 = DIRECTION('',(0.,0.,-1.));
#9817 = ORIENTED_EDGE('',*,*,#1002,.F.);
#9818 = ORIENTED_EDGE('',*,*,#9773,.F.);
#9819 = ORIENTED_EDGE('',*,*,#8838,.T.);
#9820 = PLANE('',#9821);
#9821 = AXIS2_PLACEMENT_3D('',#9822,#9823,#9824);
#9822 = CARTESIAN_POINT('',(26.675042152405,8.087785243988,1.10000000149
    ));
#9823 = DIRECTION('',(0.838673249115,0.544634906353,0.));
#9824 = DIRECTION('',(-0.544634906353,0.838673249115,0.));
#9825 = ADVANCED_FACE('',(#9826),#9832,.T.);
#9826 = FACE_BOUND('',#9827,.T.);
#9827 = EDGE_LOOP('',(#9828,#9829,#9830,#9831));
#9828 = ORIENTED_EDGE('',*,*,#9673,.T.);
#9829 = ORIENTED_EDGE('',*,*,#1010,.F.);
#9830 = ORIENTED_EDGE('',*,*,#9812,.F.);
#9831 = ORIENTED_EDGE('',*,*,#8830,.T.);
#9832 = PLANE('',#9833);
#9833 = AXIS2_PLACEMENT_3D('',#9834,#9835,#9836);
#9834 = CARTESIAN_POINT('',(26.779570579529,7.90673661232,1.10000000149)
  );
#9835 = DIRECTION('',(0.891004329192,0.453994807637,0.));
#9836 = DIRECTION('',(-0.453994807637,0.891004329192,0.));
#9837 = ADVANCED_FACE('',(#9838),#9844,.T.);
#9838 = FACE_BOUND('',#9839,.T.);
#9839 = EDGE_LOOP('',(#9840,#9841,#9842,#9843));
#9840 = ORIENTED_EDGE('',*,*,#9797,.T.);
#9841 = ORIENTED_EDGE('',*,*,#978,.F.);
#9842 = ORIENTED_EDGE('',*,*,#9722,.F.);
#9843 = ORIENTED_EDGE('',*,*,#8862,.T.);
#9844 = PLANE('',#9845);
#9845 = AXIS2_PLACEMENT_3D('',#9846,#9847,#9848);
#9846 = CARTESIAN_POINT('',(26.256916046143,8.55216217041,1.10000000149)
  );
#9847 = DIRECTION('',(0.629324028917,0.777143015556,0.));
#9848 = DIRECTION('',(0.777143015556,-0.629324028917,0.));
#9849 = ( GEOMETRIC_REPRESENTATION_CONTEXT(3) 
GLOBAL_UNCERTAINTY_ASSIGNED_CONTEXT((#9853)) 
GLOBAL_UNIT_ASSIGNED_CONTEXT((#9850,#9851,#9852)) REPRESENTATION_CONTEXT
('Context #1','3D Context with UNIT and UNCERTAINTY') );
#9850 = ( LENGTH_UNIT() NAMED_UNIT(*) SI_UNIT(.MILLI.,.METRE.) );
#9851 = ( NAMED_UNIT(*) PLANE_ANGLE_UNIT() SI_UNIT($,.RADIAN.) );
#9852 = ( NAMED_UNIT(*) SI_UNIT($,.STERADIAN.) SOLID_ANGLE_UNIT() );
#9853 = UNCERTAINTY_MEASURE_WITH_UNIT(LENGTH_MEASURE(1.E-07),#9850,
  'distance_accuracy_value','confusion accuracy');
#9854 = PRODUCT_RELATED_PRODUCT_CATEGORY('part',$,(#7));
#9855 = MECHANICAL_DESIGN_GEOMETRIC_PRESENTATION_REPRESENTATION('',(
    #9856),#9849);
#9856 = STYLED_ITEM('color',(#9857),#15);
#9857 = PRESENTATION_STYLE_ASSIGNMENT((#9858,#9864));
#9858 = SURFACE_STYLE_USAGE(.BOTH.,#9859);
#9859 = SURFACE_SIDE_STYLE('',(#9860));
#9860 = SURFACE_STYLE_FILL_AREA(#9861);
#9861 = FILL_AREA_STYLE('',(#9862));
#9862 = FILL_AREA_STYLE_COLOUR('',#9863);
#9863 = COLOUR_RGB('',0.800000010877,0.800000010877,0.90196104065);
#9864 = CURVE_STYLE('',#9865,POSITIVE_LENGTH_MEASURE(0.1),#9866);
#9865 = DRAUGHTING_PRE_DEFINED_CURVE_FONT('continuous');
#9866 = COLOUR_RGB('',9.803921802644E-02,9.803921802644E-02,
  9.803921802644E-02);
ENDSEC;
END-ISO-10303-21;
